Destination Port,Flow Duration,Total Fwd Packets,Total Length of Fwd Packets,Fwd Packet Length Max,Fwd Packet Length Min,Fwd Packet Length Mean,Fwd Packet Length Std,Bwd Packet Length Max,Bwd Packet Length Min,Bwd Packet Length Mean,Bwd Packet Length Std,Flow Bytes/s,Flow Packets/s,Flow IAT Mean,Flow IAT Std,Flow IAT Max,Flow IAT Min,Fwd IAT Total,Fwd IAT Mean,Fwd IAT Std,Fwd IAT Max,Fwd IAT Min,Bwd IAT Total,Bwd IAT Mean,Bwd IAT Std,Bwd IAT Max,Bwd IAT Min,Fwd Header Length,Bwd Header Length,Fwd Packets/s,Bwd Packets/s,Min Packet Length,Max Packet Length,Packet Length Mean,Packet Length Std,Packet Length Variance,FIN Flag Count,PSH Flag Count,ACK Flag Count,Average Packet Size,Subflow Fwd Bytes,Init_Win_bytes_forward,Init_Win_bytes_backward,act_data_pkt_fwd,min_seg_size_forward,Active Mean,Active Max,Active Min,Idle Mean,Idle Max,Idle Min,Attack Type
49167,60,1,0,0,0,0.0,0.0,6,6,6.0,0.0,100000.0,33333.33333,60.0,0.0,60,60,0,0.0,0.0,0,0,0,0.0,0.0,0,0,40,20,16666.66667,16666.66667,0,6,2.0,3.464101615,12.0,0,1,0,3.0,0,29200,0,0,40,0.0,0,0,0.0,0,0,Port Scanning
80,325222,3,26,20,0,8.666666667,10.26320288,7300,0,2320.2,3022.508098,35750.96396,24.59858189,46460.28571,116349.0138,310065,103,14457,7228.5,9630.087253,14038,419,325031,81257.75,152682.3319,310065,197,72,112,9.224468209,15.37411368,0,7300,1291.888889,2460.652985,6054813.111,0,1,0,1453.375,26,8192,229,2,20,0.0,0,0,0.0,0,0,DDoS
443,115890239,54,5120,517,0,94.81481481,185.8185435,2896,0,1281.218182,959.4718781,652.2292184,0.940545131,1073057.769,3035691.366,10000000,0,116000000,2186164.377,4071165.486,10000000,3,116000000,2145680.5,4045448.808,10000000,2,1736,1768,0.465958138,0.474586993,0,2896,687.1545455,910.5436141,829089.6731,0,1,0,693.4587156,5120,29200,1274,12,32,509797.4545,5370169,23532,10000000.0,10000000,10000000,Normal Traffic
80,116147442,11,354,354,0,32.18181818,106.735016,4344,0,1932.5,1754.831473,102.8778576,0.146365686,7259215.125,25000000.0,100000000,1,116000000,11600000.0,31500000.0,100000000,1,146602,29320.4,59997.22138,136373,16,368,200,0.094707208,0.051658477,0,4344,663.8333333,1328.370884,1764569.206,0,0,1,702.8823529,354,274,235,1,32,2063.0,2063,2063,58000000.0,100000000,16000000,DoS
53,31512,2,82,41,41,41.0,0.0,88,88,88.0,0.0,8187.357197,126.9357705,10504.0,18151.90703,31464,1,1,1.0,0.0,1,1,47,47.0,0.0,47,47,40,40,63.46788525,63.46788525,41,88,59.8,25.7429602,662.7,0,0,0,74.75,82,-1,-1,1,20,0.0,0,0,0.0,0,0,Normal Traffic
53,61700,2,54,27,27,27.0,0.0,75,75,75.0,0.0,3306.3209076175,64.829821718,20566.6666666667,35616.449434683,61693,3,4,4.0,0.0,4,4,3,3.0,0.0,3,3,64,80,32.414910859,32.414910859,27,75,46.2,26.2906827602,691.2,0,0,0,57.75,54,-1,-1,1,32,0.0,0,0,0.0,0,0,Normal Traffic
80,1083230,3,26,20,0,8.666666667,10.26320288,5840,0,2321.4,3173.373883,10739.1782,7.385319831,154747.1429,408863.8079,1081963,7,888,444.0,296.9848481,654,234,1083183,270795.75,540778.3464,1081963,7,72,112,2.769494936,4.615824894,0,5840,1292.555556,2554.159212,6523729.278,0,1,0,1454.125,26,8192,229,2,20,0.0,0,0,0.0,0,0,DDoS
443,4615395,4,92,46,0,23.0,26.55811238,46,0,30.75,21.68524844,46.58322852,1.733329433,659342.1429,1725045.173,4571306,1,4615394,1538464.667,2626517.642,4571306,21938,4593460,1531153.333,2652018.913,4593441,3,128,128,0.866664717,0.866664717,0,46,29.0,22.28227996,496.5,0,0,1,32.625,92,328,122,1,32,0.0,0,0,0.0,0,0,Normal Traffic
53,32740,1,45,45,45,45.0,0.0,101,101,101.0,0.0,4459.376909,61.08735492,32740.0,0.0,32740,32740,0,0.0,0.0,0,0,0,0.0,0.0,0,0,20,20,30.54367746,30.54367746,45,101,63.66666667,32.33161507,1045.333333,0,0,0,95.5,45,-1,-1,0,20,0.0,0,0,0.0,0,0,Normal Traffic
53,31498,2,68,34,34,34.0,0.0,75,75,75.0,0.0,6921.074354,126.99219,10499.33333,18181.9147,31494,1,1,1.0,0.0,1,1,3,3.0,0.0,3,3,80,64,63.49609499,63.49609499,34,75,50.4,22.45662486,504.3,0,0,0,63.0,68,-1,-1,1,40,0.0,0,0,0.0,0,0,Normal Traffic
443,5231885,7,342,228,0,48.85714286,81.88697204,85,2,30.4,37.04456775,94.42103563,2.293628396,475625.9091,1475327.779,4921736,3,5231885,871980.8333,1996407.006,4945701,3,286152,71538.0,84030.00909,165805,3,152,104,1.337949898,0.955678498,0,228,38.0,63.42975117,4023.333333,0,1,0,41.16666667,342,8192,35173,6,20,0.0,0,0,0.0,0,0,Normal Traffic
53,30698,2,94,47,47,47.0,0.0,113,113,113.0,0.0,10424.13187,130.3016483,10232.66667,17677.61354,30645,4,49,49.0,0.0,49,49,4,4.0,0.0,4,4,64,64,65.15082416,65.15082416,47,113,73.4,36.1496888,1306.8,0,0,0,91.75,94,-1,-1,1,32,0.0,0,0,0.0,0,0,Normal Traffic
80,95353,3,26,20,0,8.666666667,10.26320288,2920,0,1657.285714,1299.172136,121936.3838,104.8734702,10594.77778,28148.57838,85182,12,9834,4917.0,6815.095157,9736,98,95258,15876.33333,34173.44066,85182,12,72,152,31.46204105,73.41142911,0,2920,1057.0,1306.290856,1706395.8,0,1,0,1162.7,26,8192,229,2,20,0.0,0,0,0.0,0,0,DDoS
123,94260,1,48,48,48,48.0,0.0,48,48,48.0,0.0,1018.45958,21.21790791,94260.0,0.0,94260,94260,0,0.0,0.0,0,0,0,0.0,0.0,0,0,20,32,10.60895396,10.60895396,48,48,48.0,0.0,0.0,0,0,0,72.0,48,-1,-1,0,20,0.0,0,0,0.0,0,0,Normal Traffic
53,59637,1,44,44,44,44.0,0.0,108,108,108.0,0.0,2548.753291,33.53622751,59637.0,0.0,59637,59637,0,0.0,0.0,0,0,0,0.0,0.0,0,0,20,20,16.76811375,16.76811375,44,108,65.33333333,36.95041723,1365.333333,0,0,0,98.0,44,-1,-1,0,20,0.0,0,0,0.0,0,0,Normal Traffic
80,989,4,0,0,0,0.0,0.0,0,0,0.0,0.0,0.0,4044.489383,329.6666667,567.5361956,985,1,989,329.6666667,567.5361956,985,1,0,0.0,0.0,0,0,128,0,4044.489383,0.0,0,0,0.0,0.0,0.0,0,0,1,0.0,0,251,-1,0,32,0.0,0,0,0.0,0,0,DoS
443,117973234,22,1388,477,0,63.09090909,115.3276529,1418,0,253.5238095,442.3538876,56.89426129,0.364489457,2808886.524,12600000.0,58900000,1,118000000,5617773.048,17600000.0,58900000,4,118000000,5896839.65,18000000.0,59000000,1,724,680,0.186482978,0.178006479,0,1418,152.5454545,327.2967116,107123.1374,0,1,0,156.0930233,1388,29200,365,10,32,537092.0,996666,77518,58400000.0,58900000,57900000,Normal Traffic
53,23416,1,57,57,57,57.0,0.0,118,118,118.0,0.0,7473.522378,85.41168432,23416.0,0.0,23416,23416,0,0.0,0.0,0,0,0,0.0,0.0,0,0,20,32,42.70584216,42.70584216,57,118,77.33333333,35.21836642,1240.333333,0,0,0,116.0,57,-1,-1,0,20,0.0,0,0,0.0,0,0,Normal Traffic
53,241,2,64,32,32,32.0,0.0,79,79,79.0,0.0,921161.8257,16597.51037,80.33333333,98.79946019,191,1,1,1.0,0.0,1,1,49,49.0,0.0,49,49,64,64,8298.755187,8298.755187,32,79,50.8,25.7429602,662.7,0,0,0,63.5,64,-1,-1,1,32,0.0,0,0,0.0,0,0,Normal Traffic
22,12608701,21,2008,640,0,95.61904762,140.0451628,976,0,85.78125,220.240592,376.9619091,4.203446493,242475.0192,655917.4771,2281423,4,10300000,514278.25,904807.4734,2311594,572,12600000,406728.1935,813907.6552,2281423,4,680,1032,1.665516535,2.537929958,0,976,88.01851852,189.5902723,35944.47135,0,1,0,89.67924528,2008,29200,247,16,32,0.0,0,0,0.0,0,0,Brute Force
7402,64,2,4,2,2,2.0,0.0,6,6,6.0,0.0,250000.0,62500.0,21.33333333,24.82606158,49,1,1,1.0,0.0,1,1,49,49.0,0.0,49,49,48,40,31250.0,31250.0,2,6,3.6,2.19089023,4.8,0,1,0,4.5,4,1024,0,1,24,0.0,0,0,0.0,0,0,Normal Traffic
56288,3,2,0,0,0,0.0,0.0,0,0,0.0,0.0,0.0,666666.6667,3.0,0.0,3,3,3,3.0,0.0,3,3,0,0.0,0.0,0,0,64,0,666666.6667,0.0,0,0,0.0,0.0,0.0,0,0,1,0.0,0,340,-1,0,32,0.0,0,0,0.0,0,0,Normal Traffic
53,173,2,106,53,53,53.0,0.0,101,101,101.0,0.0,1780346.821,23121.38728,57.66666667,93.82075108,166,3,3,3.0,0.0,3,3,4,4.0,0.0,4,4,64,64,11560.69364,11560.69364,53,101,72.2,26.29068276,691.2,0,0,0,90.25,106,-1,-1,1,32,0.0,0,0,0.0,0,0,Normal Traffic
34156,110,1,0,0,0,0.0,0.0,0,0,0.0,0.0,0.0,18181.8181818182,110.0,0.0,110,110,0,0.0,0.0,0,0,0,0.0,0.0,0,0,32,32,9090.9090909091,9090.9090909091,0,0,0.0,0.0,0.0,0,0,1,0.0,0,135,953,0,32,0.0,0,0,0.0,0,0,Normal Traffic
53,86233501,2,91,47,44,45.5,2.121320344,143,60,101.5,58.68986284,3.409347836,0.046385685,28700000.0,49700000.0,86100000,37600,86200000,86200000.0,0.0,86200000,86200000,86200000,86200000.0,0.0,86200000,86200000,60,40,0.023192842,0.023192842,44,143,67.6,42.66497392,1820.3,0,0,0,84.5,91,-1,-1,1,20,37600.0,37600,37600,86100000.0,86100000,86100000,Normal Traffic
443,5368144,9,348,191,0,38.66666667,70.58859681,1839,0,998.6,814.8440342,994.9435038,2.607977729,412934.1538,1447302.229,5229582,3,5368144,671018.0,1842086.995,5229582,3,65960,16490.0,19000.99204,35456,50,296,168,1.676557112,0.931420618,0,1839,356.0666667,643.2872572,413818.4952,0,1,0,381.5,348,29200,59,3,32,138559.0,138559,138559,5229582.0,5229582,5229582,Normal Traffic
80,99056785,8,676,335,0,84.5,154.6258156,8688,0,1932.5,3384.303045,123.87844,0.141333075,7619752.692,27400000.0,98700000,2,98900000,14100000.0,37300000.0,98700000,2,352561,70512.2,100459.5437,216089,48,252,200,0.080761757,0.060571318,0,8688,818.0666667,2233.844587,4990061.638,0,0,1,876.5,676,251,235,3,20,962.0,962,962,98700000.0,98700000,98700000,DoS
80,6135877,4,24,6,6,6.0,0.0,0,0,0.0,0.0,3.911421301,0.65190355,2045292.333,3542545.908,6135872,1,6135877,2045292.333,3542545.908,6135872,1,0,0.0,0.0,0,0,80,0,0.65190355,0.0,6,6,6.0,0.0,0.0,0,0,1,7.5,24,256,-1,3,20,5.0,5,5,6135872.0,6135872,6135872,DDoS
80,5572508,3,0,0,0,0.0,0.0,0,0,0.0,0.0,0.0,0.717809647,1857502.667,3173378.206,5521687,31,5572508,2786254.0,3868486.448,5521687,50821,0,0.0,0.0,0,0,104,40,0.538357235,0.179452412,0,0,0.0,0.0,0.0,0,1,0,0.0,0,29200,26847,0,32,0.0,0,0,0.0,0,0,Normal Traffic
53,30699,1,56,56,56,56.0,0.0,122,122,122.0,0.0,5798.2344701782,65.1487019121,30699.0,0.0,30699,30699,0,0.0,0.0,0,0,0,0.0,0.0,0,0,20,20,32.5743509561,32.5743509561,56,122,78.0,38.1051177665,1452.0,0,0,0,117.0,56,-1,-1,0,20,0.0,0,0,0.0,0,0,Normal Traffic
443,31167,3,121,115,0,40.33333333,64.73278407,7,0,4.75,3.201562119,4491.930568,224.5965284,5194.5,7663.0592,15088,3,15668,7834.0,10500.5357,15259,409,16084,5361.333333,8932.460934,15673,3,84,92,96.25565502,128.3408734,0,115,17.5,39.51853092,1561.714286,0,1,0,20.0,121,65535,29,2,20,0.0,0,0,0.0,0,0,Normal Traffic
53,367,2,96,48,48,48.0,0.0,90,90,90.0,0.0,752043.596730245,10899.1825613079,122.3333333333,204.9593455623,359,4,4,4.0,0.0,4,4,4,4.0,0.0,4,4,64,64,5449.591280654,5449.591280654,48,90,64.8,23.0043474152,529.2,0,0,0,81.0,96,-1,-1,1,32,0.0,0,0,0.0,0,0,Normal Traffic
53,30686,1,52,52,52,52.0,0.0,68,68,68.0,0.0,3910.578114,65.1763019,30686.0,0.0,30686,30686,0,0.0,0.0,0,0,0,0.0,0.0,0,0,20,20,32.58815095,32.58815095,52,68,57.33333333,9.237604307,85.33333333,0,0,0,86.0,52,-1,-1,0,20,0.0,0,0,0.0,0,0,Normal Traffic
53,211,2,90,45,45,45.0,0.0,61,61,61.0,0.0,1004739.336,18957.34597,70.33333333,37.81974793,114,48,49,49.0,0.0,49,49,48,48.0,0.0,48,48,40,40,9478.672986,9478.672986,45,61,51.4,8.76356092,76.8,0,0,0,64.25,90,-1,-1,1,20,0.0,0,0,0.0,0,0,Normal Traffic
53,24919,1,46,46,46,46.0,0.0,74,74,74.0,0.0,4815.602552,80.26004254,24919.0,0.0,24919,24919,0,0.0,0.0,0,0,0,0.0,0.0,0,0,32,20,40.13002127,40.13002127,46,74,55.33333333,16.16580754,261.3333333,0,0,0,83.0,46,-1,-1,0,32,0.0,0,0,0.0,0,0,Normal Traffic
53,31389,2,74,37,37,37.0,0.0,165,165,165.0,0.0,12870.7509,127.4331772,10463.0,18079.16096,31339,2,48,48.0,0.0,48,48,2,2.0,0.0,2,2,40,40,63.71658861,63.71658861,37,165,88.2,70.10848736,4915.2,0,0,0,110.25,74,-1,-1,1,20,0.0,0,0,0.0,0,0,Normal Traffic
38967,66219,16,20514,2920,0,1282.125,1118.388893,0,0,0.0,0.0,309790.2415,332.2309307,3153.285714,10939.44483,47857,1,66219,4414.6,12849.05395,47857,2,48255,9651.0,21506.00947,48122,1,344,144,241.6224951,90.60843565,0,2920,891.9130435,1103.027112,1216668.81,0,1,0,932.4545455,20514,8192,357,11,20,0.0,0,0,0.0,0,0,Normal Traffic
49224,9,1,0,0,0,0.0,0.0,0,0,0.0,0.0,0.0,222222.2222,9.0,0.0,9,9,0,0.0,0.0,0,0,0,0.0,0.0,0,0,32,32,111111.1111,111111.1111,0,0,0.0,0.0,0.0,0,0,1,0.0,0,357,634,0,32,0.0,0,0,0.0,0,0,Normal Traffic
80,1843363,3,26,20,0,8.666666667,10.26320288,7215,0,2321.4,3327.769794,6310.748344,4.339893987,263337.5714,696381.8003,1842583,4,618,309.0,369.1097398,570,48,1843316,460829.0,921169.3699,1842583,4,72,112,1.627460245,2.712433742,0,7215,1292.555556,2650.585648,7025604.278,0,1,0,1454.125,26,8192,229,2,20,0.0,0,0,0.0,0,0,DDoS
45312,30,3,31,31,0,10.33333333,17.89785834,0,0,0.0,0.0,1033333.333,133333.3333,10.0,15.58845727,28,1,2,1.0,0.0,1,1,0,0.0,0.0,0,0,96,20,100000.0,33333.33333,0,31,6.2,13.86362146,192.2,0,0,1,7.75,31,1391,0,1,32,0.0,0,0,0.0,0,0,Normal Traffic
53,24249,1,41,41,41,41.0,0.0,73,73,73.0,0.0,4701.224793,82.47762794,24249.0,0.0,24249,24249,0,0.0,0.0,0,0,0,0.0,0.0,0,0,40,32,41.23881397,41.23881397,41,73,51.66666667,18.47520861,341.3333333,0,0,0,77.5,41,-1,-1,0,40,0.0,0,0,0.0,0,0,Normal Traffic
80,66905704,8,351,351,0,43.875,124.0972401,4344,0,1932.5,1754.831473,178.549799,0.209249723,5146592.615,18500000.0,66700000,1,66700000,9532592.286,25200000.0,66700000,1,194554,38910.8,77663.71387,177218,48,264,200,0.11957127,0.089678453,0,4344,796.4,1424.628062,2029565.114,0,0,1,853.2857143,351,274,235,1,32,1017.0,1017,1017,66700000.0,66700000,66700000,DoS
443,115312148,21,2580,1945,0,122.8571428571,432.5432100628,1823,0,221.1176470588,594.0431257864,54.9725255313,0.3295403013,3116544.54054054,4608306.93661631,10011182,4,115312148,5765607.4,4956669.80329267,10048032,4,110614125,6913382.8125,4799980.79100489,10048164,205,680,552,0.1821143771,0.1474259243,0,1945,162.5384615385,500.1549678878,250154.991902834,0,1,0,166.8157894737,2580,29200,383,4,32,46076.1818181818,136679,36813,10009737.0909091,10011182,9997270,Normal Traffic
80,115655273,19,864,762,0,45.4736842105,173.5202096526,2920,0,450.0526315789,811.8768703637,81.4057133392,0.3285626242,3125818.18918919,4613095.77170503,10018805,25,115655273,6425292.94444445,4786083.85419676,10042232,65,110340235,6130013.05555556,5025582.4601701,10042196,48,392,524,0.1642813121,0.1642813121,0,2920,241.4102564103,607.4400866253,368983.458839406,0,1,0,247.7631578947,864,8192,61,18,20,32718.8181818182,126847,23214,9998207.0,10018805,9949596,Normal Traffic
53,90530,1,47,47,47,47.0,0.0,128,128,128.0,0.0,1933.060864,22.09212416,90530.0,0.0,90530,90530,0,0.0,0.0,0,0,0,0.0,0.0,0,0,32,32,11.04606208,11.04606208,47,128,74.0,46.7653718,2187.0,0,0,0,111.0,47,-1,-1,0,32,0.0,0,0,0.0,0,0,Normal Traffic
53,77526,2,66,33,33,33.0,0.0,120,120,120.0,0.0,3947.062921,51.59559374,25842.0,44755.32687,77521,1,1,1.0,0.0,1,1,4,4.0,0.0,4,4,80,64,25.79779687,25.79779687,33,120,67.8,47.6518625,2270.7,0,0,0,84.75,66,-1,-1,1,40,0.0,0,0,0.0,0,0,Normal Traffic
80,1784,5,0,0,0,0.0,0.0,0,0,0.0,0.0,0.0,2802.690583,446.0,380.7658948,1011,193,1784,446.0,380.7658948,1011,193,0,0.0,0.0,0,0,160,0,2802.690583,0.0,0,0,0.0,0.0,0.0,0,0,1,0.0,0,251,-1,0,32,0.0,0,0,0.0,0,0,DoS
65014,65,1,6,6,6,6.0,0.0,6,6,6.0,0.0,184615.384615385,30769.2307692308,65.0,0.0,65,65,0,0.0,0.0,0,0,0,0.0,0.0,0,0,20,20,15384.6153846154,15384.6153846154,6,6,6.0,0.0,0.0,0,0,1,9.0,6,913,256,0,20,0.0,0,0,0.0,0,0,Normal Traffic
4004,51,2,4,2,2,2.0,0.0,6,6,6.0,0.0,313725.4902,78431.37255,17.0,27.71281292,49,1,49,49.0,0.0,49,49,1,1.0,0.0,1,1,48,40,39215.68627,39215.68627,2,6,3.6,2.19089023,4.8,0,1,0,4.5,4,1024,0,1,24,0.0,0,0,0.0,0,0,Normal Traffic
80,32986025,25,2290,573,0,91.6,214.2099826,2896,0,1458.625,877.4796294,1484.446823,1.728004511,589036.1607,2269813.837,10000000,1,31400000,1308617.875,3410907.658,10200000,44,32800000,1057743.419,3054104.183,10200000,1,808,1032,0.757896715,0.970107796,0,2896,844.2413793,954.4335017,910943.3091,0,1,0,859.0526316,2290,29200,263,4,32,459432.6667,986721,195753,10000000.0,10000000,9996085,Normal Traffic
80,5972874,5,30,6,6,6.0,0.0,0,0,0.0,0.0,5.022707661,0.837117944,1493218.5,2985086.371,5970848,2,5972874,1493218.5,2985086.371,5970848,2,0,0.0,0.0,0,0,100,0,0.837117944,0.0,6,6,6.0,0.0,0.0,0,0,1,7.2,30,256,-1,4,20,2026.0,2026,2026,5970848.0,5970848,5970848,DDoS
53,532,1,51,51,51,51.0,0.0,67,67,67.0,0.0,221804.5113,3759.398496,532.0,0.0,532,532,0,0.0,0.0,0,0,0,0.0,0.0,0,0,20,20,1879.699248,1879.699248,51,67,56.33333333,9.237604307,85.33333333,0,0,0,84.5,51,-1,-1,0,20,0.0,0,0,0.0,0,0,Normal Traffic
80,88229,5,0,0,0,0.0,0.0,0,0,0.0,0.0,0.0,56.67070918,22057.25,43939.92737,87967,1,88229,22057.25,43939.92737,87967,1,0,0.0,0.0,0,0,160,0,56.67070918,0.0,0,0,0.0,0.0,0.0,0,0,1,0.0,0,274,-1,0,32,0.0,0,0,0.0,0,0,DoS
53,37442,1,55,55,55,55.0,0.0,118,118,118.0,0.0,4620.479675,53.41595,37442.0,0.0,37442,37442,0,0.0,0.0,0,0,0,0.0,0.0,0,0,20,20,26.707975,26.707975,55,118,76.0,36.37306696,1323.0,0,0,0,114.0,55,-1,-1,0,20,0.0,0,0,0.0,0,0,Normal Traffic
443,198739,6,121,121,0,20.16666667,49.39804315,1448,0,762.4,729.0739332,19789.77453,55.34897529,19873.9,35497.66838,85906,1,198739,39747.8,53496.62061,109271,1,109558,27389.5,40754.89856,86354,48,204,168,30.19035016,25.15862513,0,1448,327.75,584.501672,341642.2045,0,1,0,357.5454545,121,65535,29,1,32,0.0,0,0,0.0,0,0,Normal Traffic
443,5237723,9,385,192,0,42.77777778,77.13588299,2648,0,875.0,1149.998261,908.7918548,2.67291722,402901.7692,1379855.444,4993729,3,5237723,654715.375,1753736.583,4993729,3,206773,51693.25,78643.27926,166348,190,296,168,1.718303927,0.954613293,0,2648,317.3333333,740.2543643,547976.5238,0,1,0,340.0,385,29200,349,3,32,0.0,0,0,0.0,0,0,Normal Traffic
443,749219,17,873,496,0,51.35294118,128.0248712,2836,0,1279.263158,620.1954748,33606.99609,48.0500361,21406.25714,88939.92284,527825,1,749219,46826.1875,129263.5561,527825,3,146315,8128.611111,16471.26883,54483,1,552,616,22.69029483,25.35974128,0,2836,680.5135135,767.2056302,588604.479,0,1,0,699.4166667,873,29200,357,4,32,0.0,0,0,0.0,0,0,Normal Traffic
50242,66,1,0,0,0,0.0,0.0,0,0,0.0,0.0,0.0,30303.0303030303,66.0,0.0,66,66,0,0.0,0.0,0,0,0,0.0,0.0,0,0,32,32,15151.5151515152,15151.5151515152,0,0,0.0,0.0,0.0,0,0,1,0.0,0,357,32832,0,32,0.0,0,0,0.0,0,0,Normal Traffic
3007,44,1,0,0,0,0.0,0.0,6,6,6.0,0.0,136363.6364,45454.54545,44.0,0.0,44,44,0,0.0,0.0,0,0,0,0.0,0.0,0,0,40,20,22727.27273,22727.27273,0,6,2.0,3.464101615,12.0,0,1,0,3.0,0,29200,0,0,40,0.0,0,0,0.0,0,0,Port Scanning
53,298910,4,140,35,35,35.0,0.0,134,134,134.0,0.0,1364.959352,20.07293165,59782.0,117392.5663,268452,3,30454,10151.33333,17576.56293,30447,3,4,4.0,0.0,4,4,128,64,13.38195443,6.690977217,35,134,63.28571429,48.30705361,2333.571429,0,0,0,73.83333333,140,-1,-1,3,32,0.0,0,0,0.0,0,0,Normal Traffic
56380,3,1,6,6,6,6.0,0.0,6,6,6.0,0.0,4000000.0,666666.666666667,3.0,0.0,3,3,0,0.0,0.0,0,0,0,0.0,0.0,0,0,20,20,333333.333333333,333333.333333333,6,6,6.0,0.0,0.0,0,0,1,9.0,6,32,32850,0,20,0.0,0,0,0.0,0,0,Normal Traffic
53,241,2,70,35,35,35.0,0.0,51,51,51.0,0.0,713692.9461,16597.51037,80.33333333,127.0800273,227,3,3,3.0,0.0,3,3,11,11.0,0.0,11,11,40,40,8298.755187,8298.755187,35,51,41.4,8.76356092,76.8,0,0,0,51.75,70,-1,-1,1,20,0.0,0,0,0.0,0,0,Normal Traffic
80,6258404,9,1004,502,0,111.5555556,221.361193,1460,0,759.2857143,732.7015569,1009.682341,2.556562344,417226.9333,763840.4009,2361001,2,6258230,782278.75,936815.4255,2415958,52182,3204318,534053.0,908072.2492,2361001,2,312,232,1.438066319,1.118496026,0,1460,371.7058824,581.5878872,338244.4706,0,1,0,394.9375,1004,29200,4882,2,32,0.0,0,0,0.0,0,0,Normal Traffic
80,1725326,4,24,6,6,6.0,0.0,0,0,0.0,0.0,13.91041461,2.318402435,575108.6667,996113.9664,1725322,1,1725326,575108.6667,996113.9664,1725322,1,0,0.0,0.0,0,0,80,0,2.318402435,0.0,6,6,6.0,0.0,0.0,0,0,1,7.5,24,256,-1,3,20,0.0,0,0,0.0,0,0,DDoS
80,96759141,8,56,20,0,7.0,5.656854249,7215,0,2321.4,3327.769794,120.5364153,0.134354231,8063261.75,24600000.0,85700000,0,95000000,13600000.0,32000000.0,85700000,0,1793968,448492.0,896268.0878,1792894,4,172,112,0.082679527,0.051674704,0,7215,833.5,2175.302587,4731941.346,0,0,1,897.6153846,56,256,229,6,20,978.0,978,978,47500000.0,85700000,9218783,DDoS
34572,53,1,2,2,2,2.0,0.0,6,6,6.0,0.0,150943.3962,37735.84906,53.0,0.0,53,53,0,0.0,0.0,0,0,0,0.0,0.0,0,0,24,20,18867.92453,18867.92453,2,6,3.333333333,2.309401077,5.333333333,0,1,0,5.0,2,1024,0,0,24,0.0,0,0,0.0,0,0,Port Scanning
443,10526993,9,2603,2259,0,289.2222222222,741.7576723192,1685,2,655.0833333333,721.6809239966,994.0160499774,1.9948716599,526349.65,2230322.59174417,9998889,18,527875,65984.375,88804.4868508303,246196,1143,10494673,954061.181818182,3001018.8271632,9999000,50,192,244,0.8549449971,1.1399266628,0,2259,475.6363636364,725.5897138883,526480.432900433,0,1,0,498.2857142857,2603,8192,35040,8,20,527875.0,527875,527875,9998889.0,9998889,9998889,Normal Traffic
53,23502,1,46,46,46,46.0,0.0,62,62,62.0,0.0,4595.3535869288,85.0991404987,23502.0,0.0,23502,23502,0,0.0,0.0,0,0,0,0.0,0.0,0,0,32,20,42.5495702493,42.5495702493,46,62,51.3333333333,9.237604307,85.3333333333,0,0,0,77.0,46,-1,-1,0,32,0.0,0,0,0.0,0,0,Normal Traffic
80,996,6,0,0,0,0.0,0.0,0,0,0.0,0.0,0.0,6024.096386,199.2,441.5140994,989,0,996,199.2,441.5140994,989,0,0,0.0,0.0,0,0,192,0,6024.096386,0.0,0,0,0.0,0.0,0.0,0,0,1,0.0,0,251,-1,0,32,0.0,0,0,0.0,0,0,DoS
80,33752368,7,434,434,0,62.0,164.0365813,1963,0,280.4285714,741.9442605,71.01723944,0.414785712,2596336.0,4382983.227,10200000,15,30600000,5091969.333,5551330.13,10200000,111,33700000,5619232.833,5117585.334,10200000,949,232,232,0.207392856,0.207392856,0,1963,159.8,511.2089592,261334.6,0,1,0,171.2142857,434,29200,939,1,32,49581.0,74955,36873,10100000.0,10200000,9996840,Normal Traffic
80,144713,3,323,323,0,107.6666667,186.4841369,7240,0,1932.5,2695.639126,82356.11175,62.19206291,18089.125,42141.39729,121344,5,23012,11506.0,7778.174593,17006,6006,144693,28938.6,52597.68438,121344,65,104,200,20.73068764,41.46137527,0,7240,1191.8,2227.109377,4960016.178,0,1,0,1324.222222,323,29200,235,1,32,0.0,0,0,0.0,0,0,DoS
443,3,1,37,37,37,37.0,0.0,6,6,6.0,0.0,14333333.3333333,666666.666666667,3.0,0.0,3,3,0,0.0,0.0,0,0,0,0.0,0.0,0,0,20,20,333333.333333333,333333.333333333,6,37,26.6666666667,17.8978583449,320.3333333333,0,0,1,40.0,37,37,37,0,20,0.0,0,0,0.0,0,0,Normal Traffic
443,165406,2,0,0,0,0.0,0.0,0,0,0.0,0.0,0.0,12.0914598,165406.0,0.0,165406,165406,165406,165406.0,0.0,165406,165406,0,0.0,0.0,0,0,40,0,12.0914598,0.0,0,0,0.0,0.0,0.0,0,0,1,0.0,0,16559,-1,0,20,0.0,0,0,0.0,0,0,Normal Traffic
80,98517836,6,371,353,0,61.83333333,142.6722351,4344,0,1656.428571,1760.597234,121.46024,0.131955801,8209819.667,28400000.0,98300000,1,98400000,19700000.0,44000000.0,98300000,2,98500000,16400000.0,40100000.0,98400000,15,164,232,0.060902678,0.071053124,0,4344,855.1428571,1459.491158,2130114.44,1,0,0,920.9230769,371,0,235,3,20,17988.0,17988,17988,98300000.0,98300000,98300000,DoS
50498,1,2,37,31,6,18.5,17.67766953,0,0,0.0,0.0,37000000.0,2000000.0,1.0,0.0,1,1,1,1.0,0.0,1,1,0,0.0,0.0,0,0,40,0,2000000.0,0.0,6,31,22.66666667,14.43375673,208.3333333,0,0,1,34.0,37,110,-1,1,20,0.0,0,0,0.0,0,0,Normal Traffic
443,33647,2,0,0,0,0.0,0.0,0,0,0.0,0.0,0.0,59.44066336,33647.0,0.0,33647,33647,33647,33647.0,0.0,33647,33647,0,0.0,0.0,0,0,40,0,59.44066336,0.0,0,0,0.0,0.0,0.0,0,0,1,0.0,0,254,-1,0,20,0.0,0,0,0.0,0,0,Normal Traffic
443,50102889,4,27,27,0,6.75,13.5,0,0,0.0,0.0,0.538891081,0.079835716,16700000.0,28900000.0,50100000,49,50100000,16700000.0,28900000.0,50100000,49,0,0.0,0.0,0,0,128,0,0.079835716,0.0,0,27,5.4,12.07476708,145.8,0,0,1,6.75,27,33290,-1,1,32,49.0,49,49,50100000.0,50100000,50100000,Normal Traffic
443,72949,11,1174,901,0,106.7272727273,266.9281142589,1397,0,389.3333333333,580.3039433492,48115.8069336112,233.0395207611,4559.3125,6506.3771969635,15062,23,72949,7294.9,10274.8628695905,28938,48,48301,9660.2,7455.9454598327,15568,197,244,132,150.7902781395,82.2492426216,0,1397,195.0,401.9511237481,161564.705882353,0,1,0,206.4705882353,1174,65535,32,10,20,0.0,0,0,0.0,0,0,Normal Traffic
53,146253,1,47,47,47,47.0,0.0,196,196,196.0,0.0,1661.504379,13.67493316,146253.0,0.0,146253,146253,0,0.0,0.0,0,0,0,0.0,0.0,0,0,32,32,6.837466582,6.837466582,47,196,96.66666667,86.02519011,7400.333333,0,0,0,145.0,47,-1,-1,0,32,0.0,0,0,0.0,0,0,Normal Traffic
53,482,2,58,29,29,29.0,0.0,113,113,113.0,0.0,589211.6183,8298.755187,160.6666667,236.2040079,432,1,1,1.0,0.0,1,1,49,49.0,0.0,49,49,64,80,4149.377593,4149.377593,29,113,62.6,46.00869483,2116.8,0,0,0,78.25,58,-1,-1,1,32,0.0,0,0,0.0,0,0,Normal Traffic
49155,96,2,4,2,2,2.0,0.0,6,6,6.0,0.0,166666.6667,41666.66667,32.0,27.71281292,48,0,48,48.0,0.0,48,48,48,48.0,0.0,48,48,48,40,20833.33333,20833.33333,2,6,3.6,2.19089023,4.8,0,1,0,4.5,4,1024,0,1,24,0.0,0,0,0.0,0,0,Normal Traffic
443,5041287,7,617,517,0,88.1428571429,189.988972111,152,0,41.0,74.0540343263,154.9207573384,2.1819824977,504128.7,1559394.52736475,4941922,4,5041287,840214.5,2038370.05258601,5000973,4,79594,26531.3333333333,30081.3141390687,59380,329,160,92,1.3885343167,0.793448181,0,517,65.0833333333,148.7233296692,22118.6287878788,0,1,0,71.0,617,29200,30,6,20,0.0,0,0,0.0,0,0,Normal Traffic
53766,70931,2,280,274,6,140.0,189.5046174,6,6,6.0,0.0,4032.087522,42.29462435,35465.5,50059.62457,70863,68,70931,70931.0,0.0,70931,70931,0,0.0,0.0,0,0,40,20,28.19641624,14.09820812,6,274,140.0,154.7298721,23941.33333,0,0,1,186.6666667,280,60,0,1,20,0.0,0,0,0.0,0,0,Normal Traffic
53814,80,1,6,6,6,6.0,0.0,6,6,6.0,0.0,150000.0,25000.0,80.0,0.0,80,80,0,0.0,0.0,0,0,0,0.0,0.0,0,0,20,20,12500.0,12500.0,6,6,6.0,0.0,0.0,0,0,1,9.0,6,946,255,0,20,0.0,0,0,0.0,0,0,Normal Traffic
53,73090,4,128,32,32,32.0,0.0,90,90,90.0,0.0,6676.699959,109.4540977,10441.42857,17911.20174,41197,3,72683,24227.66667,41956.62141,72675,4,41611,13870.33333,24018.05988,41604,3,80,80,54.72704884,54.72704884,32,90,57.77777778,30.56868405,934.4444444,0,0,0,65.0,128,-1,-1,3,20,0.0,0,0,0.0,0,0,Normal Traffic
443,549348,8,382,201,0,47.75,74.77728838,1460,0,541.1428571,661.7178222,7590.81675,27.30509622,39239.14286,50168.54769,154211,50,501873,71696.14286,57159.41617,154211,1906,499970,83328.33333,91319.5252,196081,54,172,152,14.56271799,12.74237824,0,1460,260.625,493.1293103,243176.5167,0,1,0,278.0,382,8192,60,7,20,0.0,0,0,0.0,0,0,Normal Traffic
53,24192,2,64,32,32,32.0,0.0,138,138,138.0,0.0,14054.2328,165.3439153,8064.0,13922.24177,24140,4,48,48.0,0.0,48,48,4,4.0,0.0,4,4,64,64,82.67195767,82.67195767,32,138,74.4,58.0585911,3370.8,0,0,0,93.0,64,-1,-1,1,32,0.0,0,0,0.0,0,0,Normal Traffic
60582,12939,2,38,38,0,19.0,26.87005769,0,0,0.0,0.0,2936.857562,231.857176,6469.5,8989.448509,12826,113,12939,12939.0,0.0,12939,12939,0,0.0,0.0,0,0,40,20,154.5714507,77.28572533,0,38,19.0,21.93931023,481.3333333,0,0,1,25.33333333,38,31,0,0,20,0.0,0,0,0.0,0,0,Normal Traffic
53,230,2,84,42,42,42.0,0.0,114,114,114.0,0.0,1356521.739,17391.30435,76.66666667,92.65167744,180,1,1,1.0,0.0,1,1,49,49.0,0.0,49,49,40,40,8695.652174,8695.652174,42,114,70.8,39.43602414,1555.2,0,0,0,88.5,84,-1,-1,1,20,0.0,0,0,0.0,0,0,Normal Traffic
80,3042610,4,24,6,6,6.0,0.0,0,0,0.0,0.0,7.887964609,1.314660768,1014203.333,1755901.727,3041744,345,3042610,1014203.333,1755901.727,3041744,345,0,0.0,0.0,0,0,80,0,1.314660768,0.0,6,6,6.0,0.0,0.0,0,0,1,7.5,24,256,-1,3,20,0.0,0,0,0.0,0,0,DDoS
443,61328934,17,1116,795,0,65.64705882,195.6821214,1448,0,404.5,601.1150856,110.5351024,0.505471039,2044297.8,4103415.445,10200000,2,61300000,3833058.375,5059891.259,10200000,149,61300000,4713689.692,5246266.668,10300000,190,552,456,0.277193796,0.228277243,0,1448,211.84375,448.5795581,201223.62,0,1,0,218.6774194,1116,29200,81,3,32,108691.3333,384236,50458,10100000.0,10200000,10000000,Normal Traffic
8200,4,2,4,2,2,2.0,0.0,0,0,0.0,0.0,1000000.0,500000.0,4.0,0.0,4,4,4,4.0,0.0,4,4,0,0.0,0.0,0,0,48,0,500000.0,0.0,2,2,2.0,0.0,0.0,0,1,0,3.0,4,1024,-1,1,24,0.0,0,0,0.0,0,0,Normal Traffic
60713,1,2,0,0,0,0.0,0.0,0,0,0.0,0.0,0.0,2000000.0,1.0,0.0,1,1,1,1.0,0.0,1,1,0,0.0,0.0,0,0,64,0,2000000.0,0.0,0,0,0.0,0.0,0.0,0,0,1,0.0,0,5785,-1,0,32,0.0,0,0,0.0,0,0,Normal Traffic
80,5556774,3,12,6,0,4.0,3.464101615,0,0,0.0,0.0,2.159526373,0.719842124,1852258.0,3037405.148,5357671,104,5556774,2778387.0,3647658.414,5357671,199103,0,0.0,0.0,0,0,72,32,0.539881593,0.179960531,0,6,2.4,3.286335345,10.8,0,1,0,3.0,12,8192,14600,2,20,0.0,0,0,0.0,0,0,Normal Traffic
51141,102,1,0,0,0,0.0,0.0,0,0,0.0,0.0,0.0,29411.76471,51.0,2.828427125,53,49,0,0.0,0.0,0,0,49,49.0,0.0,49,49,20,40,9803.921569,19607.84314,0,0,0.0,0.0,0.0,0,0,1,0.0,0,389,256,0,20,0.0,0,0,0.0,0,0,Normal Traffic
80,1767020,3,26,20,0,8.666666667,10.26320288,11595,0,2901.75,5795.50069,6583.400301,3.961471857,294503.3333,720919.4892,1766074,6,888,444.0,343.6538957,687,201,1766974,588991.3333,1019383.588,1766074,6,72,92,1.697773653,2.263698204,0,11595,1454.125,4097.537534,16800000.0,0,1,0,1661.857143,26,8192,229,2,20,0.0,0,0,0.0,0,0,DDoS
443,115252683,26,1161,336,0,44.65384615,97.20162234,2738,0,711.8461538,840.9693308,170.6598015,0.451182555,2259856.529,4145204.749,9998602,2,115000000,4610107.32,4971685.82,10000000,48,110000000,4412239.08,5073115.87,10000000,88,532,664,0.225591278,0.225591278,0,2738,371.1132075,677.1575961,458542.41,0,1,0,378.25,1161,8192,127,25,20,49405.72727,306221,21989,9978420.182,9998602,9800636,Normal Traffic
1007,9,1,0,0,0,0.0,0.0,6,6,6.0,0.0,666666.6667,222222.2222,9.0,0.0,9,9,0,0.0,0.0,0,0,0,0.0,0.0,0,0,40,20,111111.1111,111111.1111,0,6,2.0,3.464101615,12.0,0,1,0,3.0,0,29200,0,0,40,0.0,0,0,0.0,0,0,Port Scanning
64110,47,1,0,0,0,0.0,0.0,0,0,0.0,0.0,0.0,42553.19149,47.0,0.0,47,47,0,0.0,0.0,0,0,0,0.0,0.0,0,0,32,32,21276.59574,21276.59574,0,0,0.0,0.0,0.0,0,0,1,0.0,0,122,33304,0,32,0.0,0,0,0.0,0,0,Normal Traffic
443,211,2,12,6,6,6.0,0.0,0,0,0.0,0.0,56872.03791,9478.672986,211.0,0.0,211,211,211,211.0,0.0,211,211,0,0.0,0.0,0,0,40,0,9478.672986,0.0,6,6,6.0,0.0,0.0,0,0,1,9.0,12,252,-1,1,20,0.0,0,0,0.0,0,0,Normal Traffic
53,263,2,74,37,37,37.0,0.0,176,176,176.0,0.0,1619771.86311787,15209.1254752852,87.6666666667,111.1635431845,213,1,1,1.0,0.0,1,1,49,49.0,0.0,49,49,80,80,7604.5627376426,7604.5627376426,37,176,92.6,76.1334354932,5796.3,0,0,0,115.75,74,-1,-1,1,40,0.0,0,0,0.0,0,0,Normal Traffic
443,23904062,4,37,37,0,9.25,18.5,0,0,0.0,0.0,1.5478540844,0.1673355767,7968020.66666667,13800872.0041857,23903895,75,23904062,7968020.66666667,13800872.0041857,23903895,75,0,0.0,0.0,0,0,128,0,0.1673355767,0.0,0,37,7.4,16.5469030335,273.8,0,0,1,9.25,37,617,-1,1,32,92.0,92,92,23903895.0,23903895,23903895,Normal Traffic
80,98378477,8,56,20,0,7.0,5.656854249,5840,0,1933.5,2201.078258,118.4913647,0.14230755,7567575.154,25900000.0,93700000,1,98400000,14100000.0,35200000.0,93700000,1,30244,6048.8,10060.1176,23448,181,172,132,0.0813186,0.06098895,0,5840,777.5333333,1638.521584,2684752.981,0,0,1,833.0714286,56,256,229,6,20,4659337.0,4659337,4659337,93700000.0,93700000,93700000,DDoS
54141,143455,2,12,6,6,6.0,0.0,6,6,6.0,0.0,125.4748876,20.91248127,71727.5,101411.1332,143436,19,143455,143455.0,0.0,143455,143455,0,0.0,0.0,0,0,40,20,13.94165418,6.970827089,6,6,6.0,0.0,0.0,0,0,1,8.0,12,60,255,1,20,0.0,0,0,0.0,0,0,Normal Traffic
53,30928,2,92,46,46,46.0,0.0,174,174,174.0,0.0,14226.5907915158,129.3326435592,10309.3333333333,17851.092973074,30922,3,3,3.0,0.0,3,3,3,3.0,0.0,3,3,64,88,64.6663217796,64.6663217796,46,174,97.2,70.1084873607,4915.2,0,0,0,121.5,92,-1,-1,1,32,0.0,0,0,0.0,0,0,Normal Traffic
56740,90,1,0,0,0,0.0,0.0,0,0,0.0,0.0,0.0,33333.33333,45.0,5.656854249,49,41,0,0.0,0.0,0,0,49,49.0,0.0,49,49,32,64,11111.11111,22222.22222,0,0,0.0,0.0,0.0,0,0,1,0.0,0,243,290,0,32,0.0,0,0,0.0,0,0,Normal Traffic
443,281924,10,801,549,0,80.1,171.8497082,901,0,173.1666667,360.811539,6526.581632,56.75288376,18794.93333,27458.34361,77059,4,281924,31324.88889,32429.92007,82657,4,168022,33604.4,31953.93809,79932,742,332,200,35.47055235,21.28233141,0,901,108.2352941,245.1585022,60102.69118,0,1,0,115.0,801,65535,349,5,32,0.0,0,0,0.0,0,0,Normal Traffic
443,64066033,2,74,37,37,37.0,0.0,0,0,0.0,0.0,1.1550582506,0.0312177906,64066033.0,0.0,64066033,64066033,64066033,64066033.0,0.0,64066033,64066033,0,0.0,0.0,0,0,64,0,0.0312177906,0.0,37,37,37.0,0.0,0.0,0,0,1,55.5,74,33304,-1,1,32,0.0,0,0,0.0,0,0,Normal Traffic
80,14947,1,6,6,6,6.0,0.0,6,6,6.0,0.0,802.8366896367,133.8061149395,14947.0,0.0,14947,14947,0,0.0,0.0,0,0,0,0.0,0.0,0,0,20,20,66.9030574697,66.9030574697,6,6,6.0,0.0,0.0,0,0,1,9.0,6,255,30,0,20,0.0,0,0,0.0,0,0,Normal Traffic
80,80,2,12,6,6,6.0,0.0,0,0,0.0,0.0,150000.0,25000.0,80.0,0.0,80,80,80,80.0,0.0,80,80,0,0.0,0.0,0,0,40,0,25000.0,0.0,6,6,6.0,0.0,0.0,0,0,1,9.0,12,63811,-1,1,20,0.0,0,0,0.0,0,0,Normal Traffic
80,7493833,6,36,6,6,6.0,0.0,0,0,0.0,0.0,4.803950128,0.800658355,1498766.6,3350781.098,7492826,1,7493833,1498766.6,3350781.098,7492826,1,0,0.0,0.0,0,0,120,0,0.800658355,0.0,6,6,6.0,0.0,0.0,0,0,1,7.0,36,256,-1,5,20,1007.0,1007,1007,7492826.0,7492826,7492826,DDoS
80,85116073,5,335,323,0,67.0,143.1397918,8688,0,1932.5,3506.021777,140.1615415,0.129235286,8511607.3,26900000.0,85000000,6,85000000,21200000.0,42500000.0,85000000,6,85100000,17000000.0,38000000.0,85000000,84,144,200,0.058743312,0.070491974,0,8688,994.6666667,2560.19134,6554579.697,1,0,0,1085.090909,335,0,235,2,20,2982.0,2982,2982,85000000.0,85000000,85000000,DoS
53,60717,1,41,41,41,41.0,0.0,129,129,129.0,0.0,2799.874829,32.93970387,60717.0,0.0,60717,60717,0,0.0,0.0,0,0,0,0.0,0.0,0,0,20,20,16.46985194,16.46985194,41,129,70.33333333,50.80682369,2581.333333,0,0,0,105.5,41,-1,-1,0,20,0.0,0,0,0.0,0,0,Normal Traffic
53,317,2,78,39,39,39.0,0.0,118,118,118.0,0.0,990536.2776,12618.29653,105.6666667,181.2879845,315,1,1,1.0,0.0,1,1,1,1.0,0.0,1,1,64,64,6309.148265,6309.148265,39,118,70.6,43.27008204,1872.3,0,0,0,88.25,78,-1,-1,1,32,0.0,0,0,0.0,0,0,Normal Traffic
80,70,2,0,0,0,0.0,0.0,0,0,0.0,0.0,0.0,28571.42857,70.0,0.0,70,70,70,70.0,0.0,70,70,0,0.0,0.0,0,0,64,0,28571.42857,0.0,0,0,0.0,0.0,0.0,0,0,1,0.0,0,274,-1,0,32,0.0,0,0,0.0,0,0,DoS
80,5416466,6,4536,4512,0,756.0,1840.05826,1439,0,406.2857143,685.8752837,1362.512014,2.400088914,451372.1667,1481815.392,5154785,1,5416466,1083293.2,2277139.734,5154785,183,226441,37740.16667,62736.72719,149749,1,140,148,1.107733345,1.292355569,0,4512,527.1428571,1254.100956,1572769.209,0,1,0,567.6923077,4536,29200,16060,5,20,0.0,0,0,0.0,0,0,Normal Traffic
59368,3,2,0,0,0,0.0,0.0,0,0,0.0,0.0,0.0,666666.6667,3.0,0.0,3,3,3,3.0,0.0,3,3,0,0.0,0.0,0,0,64,0,666666.6667,0.0,0,0,0.0,0.0,0.0,0,0,1,0.0,0,370,-1,0,32,0.0,0,0,0.0,0,0,Normal Traffic
53,227,2,60,30,30,30.0,0.0,132,132,132.0,0.0,1427312.775,17621.14537,75.66666667,88.08140174,174,4,49,49.0,0.0,49,49,4,4.0,0.0,4,4,64,64,8810.572687,8810.572687,30,132,70.8,55.86770087,3121.2,0,0,0,88.5,60,-1,-1,1,32,0.0,0,0,0.0,0,0,Normal Traffic
80,8070732,6,36,6,6,6.0,0.0,0,0,0.0,0.0,4.460561942,0.74342699,1614146.4,3607126.658,8066770,0,8070732,1614146.4,3607126.658,8066770,0,0,0.0,0.0,0,0,120,0,0.74342699,0.0,6,6,6.0,0.0,0.0,0,0,1,7.0,36,256,-1,5,20,3962.0,3962,3962,8066770.0,8066770,8066770,DDoS
53,140,2,98,49,49,49.0,0.0,65,65,65.0,0.0,1628571.429,28571.42857,46.66666667,73.90083446,132,4,4,4.0,0.0,4,4,4,4.0,0.0,4,4,40,40,14285.71429,14285.71429,49,65,55.4,8.76356092,76.8,0,0,0,69.25,98,-1,-1,1,20,0.0,0,0,0.0,0,0,Normal Traffic
32768,59,1,0,0,0,0.0,0.0,6,6,6.0,0.0,101694.9153,33898.30508,59.0,0.0,59,59,0,0.0,0.0,0,0,0,0.0,0.0,0,0,40,20,16949.15254,16949.15254,0,6,2.0,3.464101615,12.0,0,1,0,3.0,0,29200,0,0,40,0.0,0,0,0.0,0,0,Port Scanning
80,117586121,6,6,6,0,1.0,2.449489743,0,0,0.0,0.0,0.05102643,0.05102643,23500000.0,44200000.0,102000000,6,118000000,23500000.0,44200000.0,102000000,6,0,0.0,0.0,0,0,196,0,0.05102643,0.0,0,6,0.857142857,2.267786838,5.142857143,0,0,1,1.0,6,251,-1,1,20,2010.0,2010,2010,58800000.0,102000000,16000000,DoS
53,363031,1,41,41,41,41.0,0.0,136,136,136.0,0.0,487.5616683,5.509171393,363031.0,0.0,363031,363031,0,0.0,0.0,0,0,0,0.0,0.0,0,0,20,20,2.754585697,2.754585697,41,136,72.66666667,54.84827557,3008.333333,0,0,0,109.0,41,-1,-1,0,20,0.0,0,0,0.0,0,0,Normal Traffic
443,5288434,6,611,517,0,101.8333333333,204.305082332,152,0,41.0,74.0540343263,146.5462176516,1.8909189374,587603.777777778,1720937.86380659,5176429,3,5288434,1057686.8,2337710.88734796,5239456,3,88216,29405.3333333333,31882.6037884821,63517,358,132,92,1.1345513625,0.756367575,0,517,70.4545454545,154.7568180316,23949.6727272727,0,1,0,77.5,611,8192,946,5,20,112002.0,112002,112002,5176429.0,5176429,5176429,Normal Traffic
80,98997475,7,344,338,0,49.14285714,127.3936531,4344,0,1932.5,1977.812908,120.5990355,0.131316481,8249789.583,28600000.0,99000000,1,99000000,16500000.0,40400000.0,99000000,1,24231,4846.2,6557.584784,12970,14,220,200,0.070708874,0.060607606,0,4344,852.7857143,1566.449399,2453763.72,0,0,1,918.3846154,344,251,235,2,20,1004.0,1004,1004,99000000.0,99000000,99000000,DoS
53,198,2,70,35,35,35.0,0.0,67,67,67.0,0.0,1030303.03030303,20202.0202020202,66.0,30.3150127824,101,48,48,48.0,0.0,48,48,49,49.0,0.0,49,49,40,40,10101.0101010101,10101.0101010101,35,67,47.8,17.5271218402,307.2,0,0,0,59.75,70,-1,-1,1,20,0.0,0,0,0.0,0,0,Normal Traffic
53,79864,2,90,45,45,45.0,0.0,66,66,66.0,0.0,2779.725533,50.08514475,26621.33333,46106.03781,79860,1,1,1.0,0.0,1,1,3,3.0,0.0,3,3,80,64,25.04257237,25.04257237,45,66,53.4,11.50217371,132.3,0,0,0,66.75,90,-1,-1,1,40,0.0,0,0,0.0,0,0,Normal Traffic
80,11908114,5,362,362,0,72.4,161.8913216,3525,0,881.25,1762.5,326.4160891,0.755787188,1488514.25,2802263.536,6905679,31,6907538,1726884.5,3453193.667,6906675,219,11900000,3969361.0,3566374.603,6905679,691,168,136,0.419881771,0.335905417,0,3525,388.7,1107.840347,1227310.233,0,1,0,431.8888889,362,29200,235,1,32,722.0,722,722,6905679.0,6905679,6905679,DoS
53,86472,4,172,43,43,43.0,0.0,99,99,99.0,0.0,4278.841706,69.38662226,17294.4,25949.75096,58294,4,28130,9376.666667,16233.93487,28122,4,48,48.0,0.0,48,48,80,64,46.25774817,23.12887409,43,99,59.0,27.32520204,746.6666667,0,0,0,68.83333333,172,-1,-1,3,20,0.0,0,0,0.0,0,0,Normal Traffic
80,23988,1,0,0,0,0.0,0.0,0,0,0.0,0.0,0.0,83.37502084,23988.0,0.0,23988,23988,0,0.0,0.0,0,0,0,0.0,0.0,0,0,32,32,41.68751042,41.68751042,0,0,0.0,0.0,0.0,0,0,1,0.0,0,1083,31,0,32,0.0,0,0,0.0,0,0,Normal Traffic
80,84619176,6,322,322,0,53.66666667,131.4559495,5792,0,1932.5,2181.008184,140.8309625,0.141811828,7692652.364,25500000.0,84500000,1,84500000,16900000.0,37800000.0,84500000,1,150518,30103.6,59624.82529,136214,14,200,200,0.070905914,0.070905914,0,5792,916.6923077,1716.847469,2947565.231,0,0,1,993.0833333,322,274,235,1,32,4.0,4,4,84500000.0,84500000,84500000,DoS
53,30457,1,60,60,60,60.0,0.0,92,92,92.0,0.0,4990.6425452277,65.6663492793,30457.0,0.0,30457,30457,0,0.0,0.0,0,0,0,0.0,0.0,0,0,20,20,32.8331746397,32.8331746397,60,92,70.6666666667,18.4752086141,341.3333333333,0,0,0,106.0,60,-1,-1,0,20,0.0,0,0,0.0,0,0,Normal Traffic
53,120674,1,43,43,43,43.0,0.0,136,136,136.0,0.0,1483.335267,16.5735784,120674.0,0.0,120674,120674,0,0.0,0.0,0,0,0,0.0,0.0,0,0,32,32,8.286789201,8.286789201,43,136,74.0,53.69357503,2883.0,0,0,0,111.0,43,-1,-1,0,32,0.0,0,0,0.0,0,0,Normal Traffic
53,263,2,66,33,33,33.0,0.0,225,225,225.0,0.0,1961977.186,15209.12548,87.66666667,68.70468203,167,48,48,48.0,0.0,48,48,48,48.0,0.0,48,48,40,40,7604.562738,7604.562738,33,225,109.8,105.162731,11059.2,0,0,0,137.25,66,-1,-1,1,20,0.0,0,0,0.0,0,0,Normal Traffic
50421,25,1,6,6,6,6.0,0.0,6,6,6.0,0.0,480000.0,80000.0,25.0,0.0,25,25,0,0.0,0.0,0,0,0,0.0,0.0,0,0,20,20,40000.0,40000.0,6,6,6.0,0.0,0.0,0,0,1,9.0,6,35,251,0,20,0.0,0,0,0.0,0,0,Normal Traffic
443,4270424,5,135,46,6,27.0,20.1246118,46,46,46.0,0.0,42.38455011,1.405012711,854084.8,1779094.118,4033506,4,4270424,1067606.0,1980143.497,4033506,4,0,0.0,0.0,0,0,100,20,1.170843926,0.234168785,6,46,32.42857143,18.86670032,355.952381,0,0,1,37.83333333,135,257,430,4,20,0.0,0,0,0.0,0,0,Normal Traffic
80,21174,2,12,6,6,6.0,0.0,0,0,0.0,0.0,566.7327855,94.45546425,21174.0,0.0,21174,21174,21174,21174.0,0.0,21174,21174,0,0.0,0.0,0,0,40,0,94.45546425,0.0,6,6,6.0,0.0,0.0,0,0,1,9.0,12,255,-1,1,20,0.0,0,0,0.0,0,0,Normal Traffic
44300,65,1,6,6,6,6.0,0.0,6,6,6.0,0.0,184615.3846,30769.23077,65.0,0.0,65,65,0,0.0,0.0,0,0,0,0.0,0.0,0,0,20,20,15384.61538,15384.61538,6,6,6.0,0.0,0.0,0,0,1,9.0,6,21900,43530,0,20,0.0,0,0,0.0,0,0,Normal Traffic
53,61353,2,90,45,45,45.0,0.0,98,98,98.0,0.0,4661.548743,65.19648591,20451.0,35418.70698,61349,1,1,1.0,0.0,1,1,3,3.0,0.0,3,3,64,64,32.59824295,32.59824295,45,98,66.2,29.02929555,842.7,0,0,0,82.75,90,-1,-1,1,32,0.0,0,0,0.0,0,0,Normal Traffic
80,115643663,20,580,580,0,29.0,129.6919427,5306,0,823.1764706,1695.36059,126.0250637,0.319948357,3212323.972,4652778.478,10000000,2,116000000,6086508.579,4897125.389,10100000,3,111000000,6910758.688,4804824.63,10100000,5,648,552,0.172945058,0.147003299,0,5306,383.5263158,1188.394096,1412280.526,0,1,0,393.8918919,580,29200,59,1,32,35233.72727,84447,23268,10000000.0,10000000,9996381,Normal Traffic
443,50979142,87,3422,1039,0,39.33333333,189.0842477,4344,0,1942.557143,910.7440809,5401.81708,4.452801501,225571.4248,1462204.567,10000000,2,51000000,592780.7209,2336939.635,10000000,48,41400000,297656.5755,1681858.546,10000000,2,2804,4488,1.706580311,2.74622119,0,4344,1207.807018,1176.479512,1384104.042,0,1,0,1213.127753,3422,29200,1167,5,32,338619.0,1284313,23322,10000000.0,10000000,9969742,Normal Traffic
64074,82706953,8,11607,2920,0,1450.875,1337.000421,20,0,6.8,5.006662228,141.161046,0.217635874,4865114.882,18600000.0,76900000,1,82700000,11800000.0,30500000.0,80900000,47,80900000,8987948.333,25500000.0,76900000,1,172,212,0.096727055,0.120908819,0,2920,614.7894737,1109.871493,1231814.731,0,0,1,648.9444444,11607,229,256,6,20,4046466.0,4046466,4046466,76900000.0,76900000,76900000,Normal Traffic
443,63466644,25,6806,1324,0,272.24,461.1465132327,1460,0,328.05,496.7379352494,210.6145710178,0.7090338667,1442423.72727273,3447217.46024242,10040256,36,63466644,2644443.5,4372639.10215678,10052643,1472,63415785,3337672.89473684,4701464.91979678,10118437,48,512,484,0.3939077037,0.315126163,0,1460,290.5869565217,469.3469494278,220286.558937198,0,1,0,297.0444444444,6806,8192,164,24,20,551914.166666667,3059369,50268,10007580.6666667,10040256,10000204,Normal Traffic
54609,4,2,37,37,0,18.5,26.1629509039,0,0,0.0,0.0,9250000.0,500000.0,4.0,0.0,4,4,4,4.0,0.0,4,4,0,0.0,0.0,0,0,64,0,500000.0,0.0,0,37,24.6666666667,21.36195996,456.3333333333,0,0,1,37.0,37,114,-1,0,32,0.0,0,0,0.0,0,0,Normal Traffic
53,31254,2,68,34,34,34.0,0.0,139,139,139.0,0.0,11070.58297,127.9836181,10418.0,18041.04124,31250,1,1,1.0,0.0,1,1,3,3.0,0.0,3,3,64,64,63.99180905,63.99180905,34,139,76.0,57.51086854,3307.5,0,0,0,95.0,68,-1,-1,1,32,0.0,0,0,0.0,0,0,Normal Traffic
443,19704,1,6,6,6,6.0,0.0,6,6,6.0,0.0,609.0133982948,101.5022330491,19704.0,0.0,19704,19704,0,0.0,0.0,0,0,0,0.0,0.0,0,0,20,20,50.7511165246,50.7511165246,6,6,6.0,0.0,0.0,0,0,1,9.0,6,347,32,0,20,0.0,0,0,0.0,0,0,Normal Traffic
53,46981,2,60,30,30,30.0,0.0,132,132,132.0,0.0,6896.4049296524,85.1408016006,15660.3333333333,27119.2968443751,46975,3,3,3.0,0.0,3,3,3,3.0,0.0,3,3,40,40,42.5704008003,42.5704008003,30,132,70.8,55.8677008655,3121.2,0,0,0,88.5,60,-1,-1,1,20,0.0,0,0,0.0,0,0,Normal Traffic
443,3,2,31,31,0,15.5,21.92031022,0,0,0.0,0.0,10300000.0,666666.6667,3.0,0.0,3,3,3,3.0,0.0,3,3,0,0.0,0.0,0,0,64,0,666666.6667,0.0,0,31,20.66666667,17.89785834,320.3333333,0,0,1,31.0,31,349,-1,0,32,0.0,0,0,0.0,0,0,Normal Traffic
443,36562,1,0,0,0,0.0,0.0,0,0,0.0,0.0,0.0,54.70160276,36562.0,0.0,36562,36562,0,0.0,0.0,0,0,0,0.0,0.0,0,0,32,32,27.35080138,27.35080138,0,0,0.0,0.0,0.0,0,0,1,0.0,0,362,365,0,32,0.0,0,0,0.0,0,0,Normal Traffic
53,180,2,78,39,39,39.0,0.0,55,55,55.0,0.0,1044444.444,22222.22222,60.0,63.85138996,129,3,48,48.0,0.0,48,48,3,3.0,0.0,3,3,40,40,11111.11111,11111.11111,39,55,45.4,8.76356092,76.8,0,0,0,56.75,78,-1,-1,1,20,0.0,0,0,0.0,0,0,Normal Traffic
80,54875,2,0,0,0,0.0,0.0,0,0,0.0,0.0,0.0,36.44646925,54875.0,0.0,54875,54875,54875,54875.0,0.0,54875,54875,0,0.0,0.0,0,0,40,0,36.44646925,0.0,0,0,0.0,0.0,0.0,0,0,1,0.0,0,256,-1,0,20,0.0,0,0,0.0,0,0,Normal Traffic
443,385,3,77,46,0,25.6666666667,23.4591844132,0,0,0.0,0.0,200000.0,7792.2077922078,192.5,267.9934700697,382,3,385,192.5,267.9934700697,382,3,0,0.0,0.0,0,0,96,0,7792.2077922078,0.0,0,46,30.75,21.6852484422,470.25,0,0,1,41.0,77,495,-1,1,32,0.0,0,0,0.0,0,0,Normal Traffic
55478,65,2,0,0,0,0.0,0.0,0,0,0.0,0.0,0.0,46153.8461538462,32.5,41.71930009,62,3,3,3.0,0.0,3,3,0,0.0,0.0,0,0,64,32,30769.2307692308,15384.6153846154,0,0,0.0,0.0,0.0,0,0,1,0.0,0,362,32832,0,32,0.0,0,0,0.0,0,0,Normal Traffic
53,63406,1,47,47,47,47.0,0.0,63,63,63.0,0.0,1734.851591,31.54275621,63406.0,0.0,63406,63406,0,0.0,0.0,0,0,0,0.0,0.0,0,0,32,20,15.7713781,15.7713781,47,63,52.33333333,9.237604307,85.33333333,0,0,0,78.5,47,-1,-1,0,32,0.0,0,0,0.0,0,0,Normal Traffic
443,203861,20,934,453,0,46.7,114.9412207,2796,0,1169.95,882.035354,119360.7409,196.2121249,5227.205128,12237.54365,61782,0,203861,10729.52632,20295.52297,84283,0,181372,9545.894737,20283.85188,82123,3,652,648,98.10606246,98.10606246,0,2796,593.4878049,836.8198469,700267.4561,0,1,0,608.325,934,65535,118,6,32,0.0,0,0,0.0,0,0,Normal Traffic
53,48968,1,50,50,50,50.0,0.0,159,159,159.0,0.0,4268.093449,40.84299951,48968.0,0.0,48968,48968,0,0.0,0.0,0,0,0,0.0,0.0,0,0,40,20,20.42149975,20.42149975,50,159,86.33333333,62.93117934,3960.333333,0,0,0,129.5,50,-1,-1,0,40,0.0,0,0,0.0,0,0,Normal Traffic
45014,226,3,31,31,0,10.3333333333,17.8978583449,0,0,0.0,0.0,137168.14159292,13274.3362831858,113.0,158.3919189858,225,1,226,113.0,158.3919189858,225,1,0,0.0,0.0,0,0,96,0,13274.3362831858,0.0,0,31,7.75,15.5,240.25,0,0,1,10.3333333333,31,939,-1,1,32,0.0,0,0,0.0,0,0,Normal Traffic
80,322,2,12,6,6,6.0,0.0,0,0,0.0,0.0,37267.08075,6211.180124,322.0,0.0,322,322,322,322.0,0.0,322,322,0,0.0,0.0,0,0,40,0,6211.180124,0.0,6,6,6.0,0.0,0.0,0,0,1,9.0,12,255,-1,1,20,0.0,0,0,0.0,0,0,Normal Traffic
53591,65,1,0,0,0,0.0,0.0,0,0,0.0,0.0,0.0,30769.23077,65.0,0.0,65,65,0,0.0,0.0,0,0,0,0.0,0.0,0,0,20,20,15384.61538,15384.61538,0,0,0.0,0.0,0.0,0,0,1,0.0,0,946,256,0,20,0.0,0,0,0.0,0,0,Normal Traffic
443,65888465,19,1011,453,0,53.21052632,134.4009668,2693,0,678.7647059,851.5161867,190.4734008,0.546377883,1882527.571,3807055.125,10000000,30,65900000,3660470.278,4812245.686,10200000,90,65700000,4107561.25,4946166.816,10200000,46,616,552,0.288366105,0.258011778,0,2693,339.1891892,657.3443981,432101.6577,0,1,0,348.6111111,1011,29200,57,3,32,287450.0,890082,166503,10000000.0,10000000,9998839,Normal Traffic
13934,88,1,6,6,6,6.0,0.0,6,6,6.0,0.0,136363.6364,22727.27273,88.0,0.0,88,88,0,0.0,0.0,0,0,0,0.0,0.0,0,0,20,20,11363.63636,11363.63636,6,6,6.0,0.0,0.0,0,0,1,9.0,6,1095,256,0,20,0.0,0,0,0.0,0,0,Normal Traffic
53,121627,2,84,42,42,42.0,0.0,71,71,71.0,0.0,1858.140051,32.88743453,40542.33333,70217.9171,121623,1,1,1.0,0.0,1,1,3,3.0,0.0,3,3,40,64,16.44371727,16.44371727,42,71,53.6,15.88395417,252.3,0,0,0,67.0,84,-1,-1,1,20,0.0,0,0,0.0,0,0,Normal Traffic
80,34832394,19,1762,612,0,92.73684211,220.1998693,2896,0,1077.0,765.8728079,668.9749777,1.119647418,916641.9474,2731379.405,10000000,7,25000000,1388189.5,3265659.677,10100000,46,34700000,1826689.737,3731442.349,10100000,48,616,648,0.545469255,0.574178163,0,2896,582.55,747.7290045,559098.6641,0,1,0,597.4871795,1762,29200,142,3,32,2478586.5,4831976,125197,10000000.0,10000000,10000000,Normal Traffic
80,115142602,16,501,417,0,31.3125,102.8608891,1767,0,126.6428571,472.1299702,19.74942341,0.260546483,3970434.552,4874802.819,10100000,82,115000000,7676173.467,4195368.587,10100000,27793,111000000,8505341.769,3760252.367,10100000,905,332,424,0.138958124,0.121588359,0,1767,73.35483871,323.0020174,104330.3032,0,1,0,75.8,501,8192,946,15,20,42932.18182,103022,36773,10000000.0,10100000,9997143,Normal Traffic
32770,66,1,2,2,2,2.0,0.0,6,6,6.0,0.0,121212.1212,30303.0303,66.0,0.0,66,66,0,0.0,0.0,0,0,0,0.0,0.0,0,0,24,20,15151.51515,15151.51515,2,6,3.333333333,2.309401077,5.333333333,0,1,0,5.0,2,1024,0,0,24,0.0,0,0,0.0,0,0,Port Scanning
50636,22,1,0,0,0,0.0,0.0,6,6,6.0,0.0,272727.2727,90909.09091,22.0,0.0,22,22,0,0.0,0.0,0,0,0,0.0,0.0,0,0,40,20,45454.54545,45454.54545,0,6,2.0,3.464101615,12.0,0,1,0,3.0,0,29200,0,0,40,0.0,0,0,0.0,0,0,Port Scanning
53,99328,1,47,47,47,47.0,0.0,143,143,143.0,0.0,1912.854381,20.13530928,99328.0,0.0,99328,99328,0,0.0,0.0,0,0,0,0.0,0.0,0,0,20,32,10.06765464,10.06765464,47,143,79.0,55.42562584,3072.0,0,0,0,118.5,47,-1,-1,0,20,0.0,0,0,0.0,0,0,Normal Traffic
53,92741,1,39,39,39,39.0,0.0,163,163,163.0,0.0,2178.108927,21.56543492,92741.0,0.0,92741,92741,0,0.0,0.0,0,0,0,0.0,0.0,0,0,32,32,10.78271746,10.78271746,39,163,80.33333333,71.59143338,5125.333333,0,0,0,120.5,39,-1,-1,0,32,0.0,0,0,0.0,0,0,Normal Traffic
443,4052760,5,135,46,6,27.0,20.1246118,46,46,46.0,0.0,44.66092243,1.480472567,810552.0,1757121.864,3953517,3,4052760,1013190.0,1960682.632,3953517,3,0,0.0,0.0,0,0,100,20,1.233727139,0.246745428,6,46,32.42857143,18.86670032,355.952381,0,0,1,37.83333333,135,257,438,4,20,0.0,0,0,0.0,0,0,Normal Traffic
443,115284914,20,737,363,0,36.85,92.87641761,2021,0,311.8333333,634.0940967,55.08092759,0.329618149,3115808.486,4611553.066,10000000,3,115000000,6067627.053,4887229.684,10000000,3,110000000,6490948.706,4932283.435,10000000,50,412,504,0.173483236,0.156134913,0,2021,162.8205128,451.3938572,203756.4143,0,1,0,167.1052632,737,8192,123,15,20,28691.54545,94525,21960,10000000.0,10000000,9999490,Normal Traffic
53,65159,2,82,41,41,41.0,0.0,102,102,102.0,0.0,4389.263187,61.38829632,21719.66667,37613.50402,65152,3,3,3.0,0.0,3,3,4,4.0,0.0,4,4,40,64,30.69414816,30.69414816,41,102,65.4,33.41107601,1116.3,0,0,0,81.75,82,-1,-1,1,20,0.0,0,0,0.0,0,0,Normal Traffic
53,191537,1,48,48,48,48.0,0.0,204,204,204.0,0.0,1315.67269,10.44184675,191537.0,0.0,191537,191537,0,0.0,0.0,0,0,0,0.0,0.0,0,0,20,32,5.220923373,5.220923373,48,204,100.0,90.06664199,8112.0,0,0,0,150.0,48,-1,-1,0,20,0.0,0,0,0.0,0,0,Normal Traffic
443,5424565,6,611,517,0,101.8333333,204.3050823,141,0,38.25,68.55836929,140.8407863,1.843465789,602729.4444,1752665.835,5276018,4,5424565,1084913.0,2384481.521,5350307,48,116149,38716.33333,37497.63172,74868,4,132,92,1.106079474,0.737386316,0,517,69.45454545,154.2117788,23781.27273,0,1,0,76.4,611,8192,55,5,20,148499.0,148499,148499,5276018.0,5276018,5276018,Normal Traffic
443,4,1,6,6,6,6.0,0.0,6,6,6.0,0.0,3000000.0,500000.0,4.0,0.0,4,4,0,0.0,0.0,0,0,0,0.0,0.0,0,0,20,20,250000.0,250000.0,6,6,6.0,0.0,0.0,0,0,1,9.0,6,253,126,0,20,0.0,0,0,0.0,0,0,Normal Traffic
80,1308872,3,26,20,0,8.666666667,10.26320288,7215,0,2321.4,3327.769794,8887.805683,6.112133196,186981.7143,494203.1525,1307729,3,917,458.5,430.6280297,763,154,1308794,327198.5,653687.1176,1307729,3,72,112,2.292049948,3.820083247,0,7215,1292.555556,2650.585648,7025604.278,0,1,0,1454.125,26,8192,229,2,20,0.0,0,0,0.0,0,0,DDoS
53,31133,1,51,51,51,51.0,0.0,125,125,125.0,0.0,5653.165451,64.24051649,31133.0,0.0,31133,31133,0,0.0,0.0,0,0,0,0.0,0.0,0,0,20,20,32.12025825,32.12025825,51,125,75.66666667,42.72391992,1825.333333,0,0,0,113.5,51,-1,-1,0,20,0.0,0,0,0.0,0,0,Normal Traffic
80,999781,3,26,20,0,8.666666667,10.26320288,4380,0,1933.5,1757.789948,11629.54687,9.001971432,124972.625,347887.9824,985878,16,13578,6789.0,8978.841908,13138,440,999755,199951.0,439385.6555,985878,16,72,132,3.000657144,6.001314288,0,4380,1162.7,1645.241762,2706820.456,0,1,0,1291.888889,26,8192,229,2,20,0.0,0,0,0.0,0,0,DDoS
80,113972893,17,950,433,0,55.88235294,141.949323,746,0,94.0,254.5228215,21.53143555,0.289542532,3561652.906,4731932.199,10000000,107,114000000,7121001.563,4438122.86,10100000,36865,114000000,7595742.333,4235241.227,10100000,20366,352,464,0.149158274,0.140384258,0,746,72.17647059,199.352356,39741.36185,0,1,0,74.36363636,950,8192,351,16,20,394410.9091,3043801,36647,9963409.545,10000000,9781560,Normal Traffic
80,1193779,3,26,20,0,8.666666667,10.26320288,5840,0,2320.2,2436.833027,9739.658681,6.701407882,170539.8571,449146.6863,1189103,38,4253,2126.5,2938.028676,4204,49,1193741,298435.25,593781.636,1189103,156,72,112,2.513027956,4.188379926,0,5840,1291.888889,2110.95076,4456113.111,0,1,0,1453.375,26,8192,229,2,20,0.0,0,0,0.0,0,0,DDoS
53,170,2,90,45,45,45.0,0.0,83,83,83.0,0.0,1505882.35294118,23529.4117647059,56.6666666667,92.0887253323,163,3,3,3.0,0.0,3,3,4,4.0,0.0,4,4,40,40,11764.7058823529,11764.7058823529,45,83,60.2,20.8134571852,433.2,0,0,0,75.25,90,-1,-1,1,20,0.0,0,0,0.0,0,0,Normal Traffic
80,99327825,7,324,318,0,46.28571429,119.8356017,4344,0,1932.5,1977.812908,119.9965871,0.130879741,8277318.75,28700000.0,99300000,1,99300000,16600000.0,40500000.0,99300000,1,17603,3520.6,4747.141645,10122,88,220,200,0.070473707,0.060406034,0,4344,851.3571429,1566.964022,2455376.247,0,0,1,916.8461538,324,251,235,2,20,3.0,3,3,99300000.0,99300000,99300000,DoS
50957,5,3,53,53,0,17.66666667,30.59956427,0,0,0.0,0.0,10600000.0,600000.0,2.5,2.121320344,4,1,5,2.5,2.121320344,4,1,0,0.0,0.0,0,0,60,0,600000.0,0.0,0,53,13.25,26.5,702.25,0,0,1,17.66666667,53,1025,-1,1,20,0.0,0,0,0.0,0,0,Normal Traffic
53,60901,2,66,33,33,33.0,0.0,65,65,65.0,0.0,3218.337958,65.6803665,20300.33333,35155.14657,60894,3,3,3.0,0.0,3,3,4,4.0,0.0,4,4,64,64,32.84018325,32.84018325,33,65,45.8,17.52712184,307.2,0,0,0,57.25,66,-1,-1,1,32,0.0,0,0,0.0,0,0,Normal Traffic
22,1333970,41,2664,456,0,64.97560976,109.864573,976,0,165.5714286,320.4037958,7210.057198,62.22028981,16267.92683,105806.9064,951360,1,1333970,33349.25,159265.3306,994167,1,382495,9329.146341,23528.31491,120205,1,1328,1360,30.73532388,31.48496593,0,976,114.5,243.3458791,59217.21687,0,1,0,115.8795181,2664,29200,243,24,32,0.0,0,0,0.0,0,0,Normal Traffic
53,126001,1,78,78,78,78.0,0.0,160,160,160.0,0.0,1888.873898,15.8728899,126001.0,0.0,126001,126001,0,0.0,0.0,0,0,0,0.0,0.0,0,0,20,32,7.936444949,7.936444949,78,160,105.3333333,47.34272207,2241.333333,0,0,0,158.0,78,-1,-1,0,20,0.0,0,0,0.0,0,0,Normal Traffic
443,14964,2,12,6,6,6.0,0.0,0,0,0.0,0.0,801.9246190858,200.4811547715,7482.0,10579.7316601131,14963,1,1,1.0,0.0,1,1,0,0.0,0.0,0,0,40,32,133.654103181,66.8270515905,0,6,4.5,3.0,9.0,0,0,1,6.0,12,32850,31,1,20,0.0,0,0,0.0,0,0,Normal Traffic
53,266984,1,48,48,48,48.0,0.0,143,143,143.0,0.0,715.3986755761,7.4910856081,266984.0,0.0,266984,266984,0,0.0,0.0,0,0,0,0.0,0.0,0,0,32,20,3.7455428041,3.7455428041,48,143,79.6666666667,54.848275573,3008.3333333333,0,0,0,119.5,48,-1,-1,0,32,0.0,0,0,0.0,0,0,Normal Traffic
53,31152,2,54,27,27,27.0,0.0,43,43,43.0,0.0,4494.093477,128.4026708,10384.0,17931.93007,31090,14,48,48.0,0.0,48,48,14,14.0,0.0,14,14,80,40,64.20133539,64.20133539,27,43,33.4,8.76356092,76.8,0,0,0,41.75,54,-1,-1,1,40,0.0,0,0,0.0,0,0,Normal Traffic
80,5347155,6,298,298,0,49.66666667,121.6579906,2896,0,1009.625,1015.786527,1566.253456,2.618214733,411319.6154,1396641.987,5057262,0,289728,57945.6,59497.72701,119771,219,5228997,746999.5714,1901706.071,5057262,49,200,264,1.122092028,1.496122705,0,2896,558.3333333,877.9138964,770732.8095,0,1,0,598.2142857,298,29200,31,1,32,0.0,0,0,0.0,0,0,Normal Traffic
53,30977,2,84,42,42,42.0,0.0,122,122,122.0,0.0,10588.50115,129.1280628,10325.66667,17800.57483,30880,48,49,49.0,0.0,49,49,48,48.0,0.0,48,48,64,80,64.56403138,64.56403138,42,122,74.0,43.8178046,1920.0,0,0,0,92.5,84,-1,-1,1,32,0.0,0,0,0.0,0,0,Normal Traffic
53,31206,2,62,31,31,31.0,0.0,79,79,79.0,0.0,7049.9262962251,128.1804781132,10402.0,18011.5963479088,31200,3,3,3.0,0.0,3,3,3,3.0,0.0,3,3,40,40,64.0902390566,64.0902390566,31,79,50.2,26.2906827602,691.2,0,0,0,62.75,62,-1,-1,1,20,0.0,0,0,0.0,0,0,Normal Traffic
443,161503,24,887,405,0,36.95833333,98.00331812,2896,0,1311.666667,582.5411238,249140.8828,334.3591141,3047.226415,8700.77599,36485,1,161503,7021.869565,12840.0545,36815,1,129194,4454.965517,11745.32012,45366,48,780,968,148.6040507,185.7550634,0,2896,731.5818182,773.0697034,597636.7663,0,1,0,745.1296296,887,65535,122,6,32,0.0,0,0,0.0,0,0,Normal Traffic
443,336937,6,1452,848,0,242.0,358.4907251,579,0,108.5714286,214.5490287,6565.025509,38.58288048,28078.08333,48134.71839,107740,1,216504,43300.8,58966.26985,108002,158,229220,38203.33333,54346.79936,108145,1,200,232,17.8074833,20.77539718,0,848,158.0,277.7890733,77166.76923,0,1,0,170.1538462,1452,29200,248,3,32,0.0,0,0,0.0,0,0,Normal Traffic
80,67130,3,26,20,0,8.666666667,10.26320288,4380,0,1933.5,1757.789948,173201.2513,134.0682258,8391.25,15912.12056,41414,5,25017,12508.5,17682.61928,25012,5,67024,13404.8,19020.9324,41414,16,72,132,44.68940861,89.37881722,0,4380,1162.7,1645.241762,2706820.456,0,1,0,1291.888889,26,8192,229,2,20,0.0,0,0,0.0,0,0,DDoS
211,74,1,2,2,2,2.0,0.0,6,6,6.0,0.0,108108.1081,27027.02703,74.0,0.0,74,74,0,0.0,0.0,0,0,0,0.0,0.0,0,0,24,20,13513.51351,13513.51351,2,6,3.333333333,2.309401077,5.333333333,0,1,0,5.0,2,1024,0,0,24,0.0,0,0,0.0,0,0,Port Scanning
443,63129856,7,187,46,6,26.71428571,20.0890873,46,46,46.0,0.0,4.419462005,0.14256329,7891232.0,20700000.0,58900000,3,63100000,10500000.0,23800000.0,58900000,3,59000000,59000000.0,0.0,59000000,59000000,140,40,0.110882559,0.031680731,6,46,32.5,18.86354509,355.8333333,0,0,1,36.11111111,187,258,368,6,20,88272.0,88272,88272,58900000.0,58900000,58900000,Normal Traffic
443,2148508,19,3513,786,0,184.8947368421,255.7817851948,165,0,79.1428571429,76.5283830131,2150.7948771892,15.3594959851,67140.875,176853.001360753,738548,1,2148508,119361.555555556,238836.798850848,795286,1,1952489,150191.461538462,286713.914937177,818270,3,392,288,8.8433461733,6.5161498119,0,786,135.9117647059,203.2277969008,41301.5374331551,0,1,0,140.0303030303,3513,8192,8192,18,20,0.0,0,0,0.0,0,0,Normal Traffic
53,60937,2,84,42,42,42.0,0.0,74,74,74.0,0.0,3807.210726,65.64156424,20312.33333,35175.93118,60930,3,3,3.0,0.0,3,3,4,4.0,0.0,4,4,64,64,32.82078212,32.82078212,42,74,54.8,17.52712184,307.2,0,0,0,68.5,84,-1,-1,1,32,0.0,0,0,0.0,0,0,Normal Traffic
80,5313270,3,0,0,0,0.0,0.0,0,0,0.0,0.0,0.0,0.75283206,1771090.0,3023525.643,5262233,68,5313270,2656635.0,3684872.03,5262233,51037,0,0.0,0.0,0,0,72,32,0.564624045,0.188208015,0,0,0.0,0.0,0.0,0,1,0,0.0,0,8192,26883,0,20,0.0,0,0,0.0,0,0,Normal Traffic
53,30428,1,51,51,51,51.0,0.0,67,67,67.0,0.0,3878.0070987249,65.7289338767,30428.0,0.0,30428,30428,0,0.0,0.0,0,0,0,0.0,0.0,0,0,20,20,32.8644669383,32.8644669383,51,67,56.3333333333,9.237604307,85.3333333333,0,0,0,84.5,51,-1,-1,0,20,0.0,0,0,0.0,0,0,Normal Traffic
443,5472962,11,387,188,0,35.18181818,62.30380114,1432,0,335.0,541.6472561,621.6012463,3.654328314,288050.6316,1138745.171,4979881,1,5472962,547296.2,1560715.935,4979881,1,442227,55278.375,134560.599,384700,1,240,192,2.009880573,1.644447741,0,1432,162.0,378.0468225,142919.4,0,1,0,170.1,387,29200,62,10,20,0.0,0,0,0.0,0,0,Normal Traffic
53,31319,2,62,31,31,31.0,0.0,159,159,159.0,0.0,12133.20987,127.7179987,10439.66667,18072.50697,31308,3,3,3.0,0.0,3,3,8,8.0,0.0,8,8,64,64,63.85899933,63.85899933,31,159,82.2,70.10848736,4915.2,0,0,0,102.75,62,-1,-1,1,32,0.0,0,0,0.0,0,0,Normal Traffic
443,62981409,26,3143,481,0,120.8846154,166.1450756,2860,0,168.5625,515.938227,135.5479361,0.920906676,1104937.0,7716375.646,58300000,1,63000000,2519256.36,11600000.0,58400000,358,62900000,2028900.903,10500000.0,58300000,1,532,652,0.412820234,0.508086442,0,2860,144.6949153,393.8311057,155102.9398,0,1,0,147.1896552,3143,8192,402,25,20,4598406.0,4598406,4598406,58300000.0,58300000,58300000,Normal Traffic
53,23329,1,49,49,49,49.0,0.0,112,112,112.0,0.0,6901.281667,85.73020704,23329.0,0.0,23329,23329,0,0.0,0.0,0,0,0,0.0,0.0,0,0,32,32,42.86510352,42.86510352,49,112,70.0,36.37306696,1323.0,0,0,0,105.0,49,-1,-1,0,32,0.0,0,0,0.0,0,0,Normal Traffic
64824,4,2,37,37,0,18.5,26.1629509039,0,0,0.0,0.0,9250000.0,500000.0,4.0,0.0,4,4,4,4.0,0.0,4,4,0,0.0,0.0,0,0,64,0,500000.0,0.0,0,37,24.6666666667,21.36195996,456.3333333333,0,0,1,37.0,37,65,-1,0,32,0.0,0,0,0.0,0,0,Normal Traffic
80,115772605,135,9073,856,0,67.20740741,226.5560158,4344,0,1900.982857,943.7831762,2951.864131,2.67766282,374668.6246,1875177.783,10000000,1,116000000,863974.6642,2784664.731,10000000,22,111000000,638349.8506,2450468.616,10000000,1,4328,5608,1.16607897,1.51158385,0,4344,1098.858521,1163.072241,1352737.038,0,1,0,1102.403226,9073,29200,1479,11,32,77136.18182,612153,23037,10000000.0,10000000,9997906,Normal Traffic
443,115675582,20,1179,501,0,58.95,133.5863509,1460,0,200.6842105,459.3162857,43.15517513,0.337149806,3044094.263,4574198.095,10000000,1,116000000,6088188.526,4876228.211,10000000,3,110000000,6134937.0,5022346.223,10000000,1,412,392,0.172897336,0.164252469,0,1460,124.8,333.9068041,111493.7538,0,1,0,128.0,1179,8192,5120,19,20,42101.91667,193777,28195,9597529.667,10000000,5218330,Normal Traffic
53,149,2,90,45,45,45.0,0.0,61,61,61.0,0.0,1422818.792,26845.63758,49.66666667,79.15385861,141,1,1,1.0,0.0,1,1,7,7.0,0.0,7,7,40,40,13422.81879,13422.81879,45,61,51.4,8.76356092,76.8,0,0,0,64.25,90,-1,-1,1,20,0.0,0,0,0.0,0,0,Normal Traffic
53,78199,1,47,47,47,47.0,0.0,115,115,115.0,0.0,2071.637745,25.57577463,78199.0,0.0,78199,78199,0,0.0,0.0,0,0,0,0.0,0.0,0,0,32,32,12.78788731,12.78788731,47,115,69.66666667,39.2598183,1541.333333,0,0,0,104.5,47,-1,-1,0,32,0.0,0,0,0.0,0,0,Normal Traffic
53,170,2,90,45,45,45.0,0.0,109,109,109.0,0.0,1811764.706,23529.41176,56.66666667,92.95339334,164,3,3,3.0,0.0,3,3,3,3.0,0.0,3,3,40,40,11764.70588,11764.70588,45,109,70.6,35.05424368,1228.8,0,0,0,88.25,90,-1,-1,1,20,0.0,0,0,0.0,0,0,Normal Traffic
2090,68,3,31,31,0,10.33333333,17.89785834,0,0,0.0,0.0,455882.3529,58823.52941,22.66666667,34.96188401,63,1,5,2.5,2.121320344,4,1,0,0.0,0.0,0,0,60,20,44117.64706,14705.88235,0,31,6.2,13.86362146,192.2,0,0,1,7.75,31,980,0,1,20,0.0,0,0,0.0,0,0,Normal Traffic
80,18514296,2,0,0,0,0.0,0.0,0,0,0.0,0.0,0.0,0.108024631,18500000.0,0.0,18500000,18500000,18500000,18500000.0,0.0,18500000,18500000,0,0.0,0.0,0,0,64,0,0.108024631,0.0,0,0,0.0,0.0,0.0,0,0,1,0.0,0,410,-1,0,32,0.0,0,0,18500000.0,18500000,18500000,DoS
53,49894,1,51,51,51,51.0,0.0,112,112,112.0,0.0,3266.925883,40.08498016,49894.0,0.0,49894,49894,0,0.0,0.0,0,0,0,0.0,0.0,0,0,20,20,20.04249008,20.04249008,51,112,71.33333333,35.21836642,1240.333333,0,0,0,107.0,51,-1,-1,0,20,0.0,0,0,0.0,0,0,Normal Traffic
443,11414199,14,2298,1082,0,164.1428571,328.2088587,1113,0,113.8,283.6618208,350.8787607,2.540695146,407649.9643,1883139.162,9999843,1,1414353,108796.3846,144649.0546,341222,1,11100000,790928.8571,2653920.355,9999875,1,336,320,1.226542484,1.314152662,0,1113,133.5,297.3248253,88402.05172,0,1,0,138.1034483,2298,29200,352,10,20,1414353.0,1414353,1414353,9999843.0,9999843,9999843,Normal Traffic
53,99167270,2,103,55,48,51.5,4.949747468,110,98,104.0,8.485281374,3.136115374,0.040335889,33100000.0,57100000.0,98900000,31029,99000000,99000000.0,0.0,99000000,99000000,99100000,99100000.0,0.0,99100000,99100000,52,52,0.020167945,0.020167945,48,110,73.2,28.57796354,816.7,0,0,0,91.5,103,-1,-1,1,20,31029.0,31029,31029,98900000.0,98900000,98900000,Normal Traffic
80,2951695,5,30,6,6,6.0,0.0,0,0,0.0,0.0,10.16365173,1.693941955,737923.75,1475736.167,2951528,1,2951695,737923.75,1475736.167,2951528,1,0,0.0,0.0,0,0,100,0,1.693941955,0.0,6,6,6.0,0.0,0.0,0,0,1,7.2,30,256,-1,4,20,0.0,0,0,0.0,0,0,DDoS
80,115567119,18,339,339,0,18.8333333333,79.9030662741,1569,0,279.0625,600.5083922533,41.5689171935,0.294201329,3502033.90909091,4762136.38179949,10025930,36,115567119,6798065.82352941,4673362.92610752,10047929,63,110530695,7368713.0,4595721.86865928,10048169,212,584,520,0.1557536448,0.1384476842,0,1569,137.2571428571,423.9418205684,179726.667226891,0,1,0,141.2941176471,339,29200,118,1,32,24340.5454545455,46277,21985,10023905.0,10025930,10005281,Normal Traffic
53,599,1,71,71,71,71.0,0.0,151,151,151.0,0.0,370617.6962,3338.898164,599.0,0.0,599,599,0,0.0,0.0,0,0,0,0.0,0.0,0,0,20,20,1669.449082,1669.449082,71,151,97.66666667,46.18802154,2133.333333,0,0,0,146.5,71,-1,-1,0,20,0.0,0,0,0.0,0,0,Normal Traffic
443,413974,6,715,383,0,119.1666666667,151.7028894473,1460,0,546.375,672.541222847,12285.7957263017,33.818548991,31844.1538461538,47201.3356093627,122131,4,290837,58167.4,61088.0362984439,123792,354,291869,41695.5714285714,58809.8677061856,127619,4,132,172,14.4936638533,19.3248851377,0,1460,339.0666666667,536.534310801,287869.066666667,0,1,0,363.2857142857,715,8192,62,5,20,0.0,0,0,0.0,0,0,Normal Traffic
19283,56,2,4,2,2,2.0,0.0,6,6,6.0,0.0,285714.2857,71428.57143,18.66666667,26.2741952,49,3,4,4.0,0.0,4,4,3,3.0,0.0,3,3,48,40,35714.28571,35714.28571,2,6,3.6,2.19089023,4.8,0,1,0,4.5,4,1024,0,1,24,0.0,0,0,0.0,0,0,Normal Traffic
49972,178,1,0,0,0,0.0,0.0,0,0,0.0,0.0,0.0,16853.93258,89.0,56.56854249,129,49,0,0.0,0.0,0,0,49,49.0,0.0,49,49,32,64,5617.977528,11235.95506,0,0,0.0,0.0,0.0,0,0,1,0.0,0,269,65535,0,32,0.0,0,0,0.0,0,0,Normal Traffic
1071,18,1,2,2,2,2.0,0.0,6,6,6.0,0.0,444444.4444,111111.1111,18.0,0.0,18,18,0,0.0,0.0,0,0,0,0.0,0.0,0,0,24,20,55555.55556,55555.55556,2,6,3.333333333,2.309401077,5.333333333,0,1,0,5.0,2,1024,0,0,24,0.0,0,0,0.0,0,0,Port Scanning
53,182887,2,76,38,38,38.0,0.0,119,119,119.0,0.0,1716.907161,21.87142881,60962.33333,105544.8277,182835,4,48,48.0,0.0,48,48,4,4.0,0.0,4,4,64,64,10.9357144,10.9357144,38,119,70.4,44.36552716,1968.3,0,0,0,88.0,76,-1,-1,1,32,0.0,0,0,0.0,0,0,Normal Traffic
80,5301052,3,12,6,0,4.0,3.4641016151,0,0,0.0,0.0,2.26370162,0.7545672067,1767017.33333333,3035818.40302765,5272440,82,5301052,2650526.0,3707946.33817589,5272440,28612,0,0.0,0.0,0,0,72,32,0.565925405,0.1886418017,0,6,2.4,3.286335345,10.8,0,1,0,3.0,12,8192,8190,2,20,0.0,0,0,0.0,0,0,Normal Traffic
443,4119993,5,135,46,6,27.0,20.1246118,46,46,46.0,0.0,43.93211348,1.456313154,823998.6,1801296.435,4046056,49,4119993,1029998.25,2010996.892,4046056,49,0,0.0,0.0,0,0,100,20,1.213594295,0.242718859,6,46,32.42857143,18.86670032,355.952381,0,0,1,37.83333333,135,258,180,4,20,0.0,0,0,0.0,0,0,Normal Traffic
53,88869,4,136,34,34,34.0,0.0,211,211,211.0,0.0,6278.904905,67.51510651,17773.8,24833.60181,51560,3,37261,12420.33333,21507.45223,37255,3,48,48.0,0.0,48,48,80,40,45.010071,22.5050355,34,211,84.57142857,86.36715646,7459.285714,0,0,0,98.66666667,136,-1,-1,3,20,0.0,0,0,0.0,0,0,Normal Traffic
19842,53,1,0,0,0,0.0,0.0,6,6,6.0,0.0,113207.5472,37735.84906,53.0,0.0,53,53,0,0.0,0.0,0,0,0,0.0,0.0,0,0,40,20,18867.92453,18867.92453,0,6,2.0,3.464101615,12.0,0,1,0,3.0,0,29200,0,0,40,0.0,0,0,0.0,0,0,Port Scanning
80,9961311,7,50,20,0,7.142857143,6.094494002,5755,0,1934.5,2529.124572,1170.227493,1.305049104,830109.25,2386507.345,8283974,3,8455614,1409269.0,3368555.179,8283974,3,1506505,301301.0,673164.4694,1505494,3,152,132,0.702718749,0.602330356,0,5755,833.0714286,1854.736161,3440046.225,0,0,1,897.1538462,50,256,229,5,20,170784.0,170784,170784,8283974.0,8283974,8283974,DDoS
443,12886,3,43,31,6,14.3333333333,14.4337567297,0,0,0.0,0.0,3336.9548347043,232.8108024212,6443.0,9107.5353416827,12883,3,12886,6443.0,9107.5353416827,12883,3,0,0.0,0.0,0,0,60,0,232.8108024212,0.0,6,31,12.25,12.5,156.25,0,0,1,16.3333333333,43,254,-1,2,20,0.0,0,0,0.0,0,0,Normal Traffic
53,291,2,70,35,35,35.0,0.0,230,230,230.0,0.0,1821305.842,13745.70447,97.0,158.5023659,280,3,3,3.0,0.0,3,3,8,8.0,0.0,8,8,40,40,6872.852234,6872.852234,35,230,113.0,106.8058987,11407.5,0,0,0,141.25,70,-1,-1,1,20,0.0,0,0,0.0,0,0,Normal Traffic
53,61080,1,36,36,36,36.0,0.0,128,128,128.0,0.0,2685.003274,32.74394237,61080.0,0.0,61080,61080,0,0.0,0.0,0,0,0,0.0,0.0,0,0,32,32,16.37197119,16.37197119,36,128,66.66666667,53.11622477,2821.333333,0,0,0,100.0,36,-1,-1,0,32,0.0,0,0,0.0,0,0,Normal Traffic
80,7985770,8,56,20,0,7.0,5.656854249,10135,0,2321.4,4413.201989,1460.472816,1.627895619,665480.8333,1779241.923,6048334,5,7934928,1133561.143,2278150.246,6048334,49,51680,12920.0,25118.19306,50593,5,172,112,1.00178192,0.6261137,0,10135,833.5,2705.044255,7317264.423,0,0,1,897.6153846,56,256,229,6,20,1885705.0,1885705,1885705,6048334.0,6048334,6048334,DDoS
443,117405121,14,858,206,0,61.28571429,76.96095771,1460,0,294.1333333,504.4372914,44.88730947,0.247007965,4193040.036,15300000.0,58500000,3,117000000,9031163.154,22000000.0,58500000,25,117000000,8380025.357,21300000.0,58600000,3,292,312,0.119245224,0.12776274,0,1460,175.6666667,374.3469102,140135.6092,0,1,0,181.7241379,858,8192,127,13,20,173841.0,234085,113597,58500000.0,58500000,58500000,Normal Traffic
443,782870,29,782,210,0,26.96551724,60.69624768,1418,0,919.4615385,633.6097998,31535.24851,70.25432064,14497.59259,51445.1831,370424,1,782870,27959.64286,71286.79507,370424,1,692474,27698.96,82418.84607,407577,2,948,840,37.04318725,33.21113339,0,1418,440.8571429,621.6918391,386500.7429,0,1,0,448.8727273,782,29200,357,7,32,0.0,0,0,0.0,0,0,Normal Traffic
53,208,2,88,44,44,44.0,0.0,94,94,94.0,0.0,1326923.077,19230.76923,69.33333333,76.27144507,154,6,6,6.0,0.0,6,6,48,48.0,0.0,48,48,64,64,9615.384615,9615.384615,44,94,64.0,27.38612788,750.0,0,0,0,80.0,88,-1,-1,1,32,0.0,0,0,0.0,0,0,Normal Traffic
52096,451,3,43,31,6,14.3333333333,14.4337567297,6,6,6.0,0.0,108647.450110865,8869.1796008869,150.3333333333,244.0170759052,432,3,451,225.5,314.662517628,448,3,0,0.0,0.0,0,0,60,20,6651.8847006652,2217.2949002217,6,31,11.0,11.1803398875,125.0,0,0,1,13.75,43,1013,0,2,20,0.0,0,0,0.0,0,0,Normal Traffic
3306,16,1,0,0,0,0.0,0.0,6,6,6.0,0.0,375000.0,125000.0,16.0,0.0,16,16,0,0.0,0.0,0,0,0,0.0,0.0,0,0,40,20,62500.0,62500.0,0,6,2.0,3.464101615,12.0,0,1,0,3.0,0,29200,0,0,40,0.0,0,0,0.0,0,0,Port Scanning
2013,5,2,4,2,2,2.0,0.0,6,6,6.0,0.0,3200000.0,800000.0,1.666666667,1.154700538,3,1,3,3.0,0.0,3,3,1,1.0,0.0,1,1,48,40,400000.0,400000.0,2,6,3.6,2.19089023,4.8,0,1,0,4.5,4,1024,0,1,24,0.0,0,0,0.0,0,0,Normal Traffic
53,77224,2,158,79,79,79.0,0.0,207,207,207.0,0.0,7407.023723,51.79736869,25741.33333,44541.13558,77173,3,3,3.0,0.0,3,3,48,48.0,0.0,48,48,64,64,25.89868435,25.89868435,79,207,130.2,70.10848736,4915.2,0,0,0,162.75,158,-1,-1,1,32,0.0,0,0,0.0,0,0,Normal Traffic
53,46763,2,60,30,30,30.0,0.0,122,122,122.0,0.0,6500.866069,85.53771144,15587.66667,26838.57191,46578,1,1,1.0,0.0,1,1,184,184.0,0.0,184,184,64,64,42.76885572,42.76885572,30,122,66.8,50.39047529,2539.2,0,0,0,83.5,60,-1,-1,1,32,0.0,0,0,0.0,0,0,Normal Traffic
80,84831216,10,306,306,0,30.6,96.7656964,5792,0,1932.5,2179.547086,140.2903384,0.188609816,5655414.4,21600000.0,83700000,1,84700000,9413620.444,27900000.0,83700000,1,126595,25319.0,46954.43432,108169,89,336,200,0.117881135,0.070728681,0,5792,700.0588235,1539.514959,2370106.309,0,0,1,743.8125,306,251,235,1,32,1989.0,1989,1989,83700000.0,83700000,83700000,DoS
443,201374,11,1745,1368,0,158.6363636364,404.8182981851,549,0,114.5,219.9015688894,12077.0307984149,84.4200343639,12585.875,15711.8118958317,36893,33,201374,20137.4,21214.847071489,61614,48,149876,29975.2,18940.4703399889,50822,387,364,200,54.6247281178,29.7953062461,0,1368,135.1111111111,334.9674064722,112203.163398693,0,1,0,143.0588235294,1745,65535,362,6,32,0.0,0,0,0.0,0,0,Normal Traffic
53,30487,1,52,52,52,52.0,0.0,116,116,116.0,0.0,5510.545478,65.60173189,30487.0,0.0,30487,30487,0,0.0,0.0,0,0,0,0.0,0.0,0,0,20,20,32.80086594,32.80086594,52,116,73.33333333,36.95041723,1365.333333,0,0,0,110.0,52,-1,-1,0,20,0.0,0,0,0.0,0,0,Normal Traffic
443,344582,5,1125,551,0,225.0,283.0203173,665,0,140.8333333,261.9247347,5717.071698,31.92273537,34458.2,53441.20346,112204,4,229345,57336.25,66031.08938,117167,170,232836,46567.2,60085.45308,112466,4,112,132,14.51033426,17.41240111,0,665,164.1666667,254.4415751,64740.51515,0,1,0,179.0909091,1125,8192,246,4,20,0.0,0,0,0.0,0,0,Normal Traffic
53,31314,2,82,41,41,41.0,0.0,212,212,212.0,0.0,16158.90656,127.7383918,10438.0,18073.95018,31308,3,3,3.0,0.0,3,3,3,3.0,0.0,3,3,64,64,63.86919589,63.86919589,41,212,109.4,93.66055733,8772.3,0,0,0,136.75,82,-1,-1,1,32,0.0,0,0,0.0,0,0,Normal Traffic
80,242976,5,30,6,6,6.0,0.0,0,0,0.0,0.0,123.4689846,20.5781641,60744.0,120826.8931,241983,1,242976,60744.0,120826.8931,241983,1,0,0.0,0.0,0,0,100,0,20.5781641,0.0,6,6,6.0,0.0,0.0,0,0,1,7.2,30,256,-1,4,20,0.0,0,0,0.0,0,0,DDoS
53,105328,2,90,45,45,45.0,0.0,188,188,188.0,0.0,4424.274647,37.97660641,35109.33333,60807.68506,105324,1,1,1.0,0.0,1,1,3,3.0,0.0,3,3,80,80,18.98830321,18.98830321,45,188,102.2,78.32432572,6134.7,0,0,0,127.75,90,-1,-1,1,40,0.0,0,0,0.0,0,0,Normal Traffic
36603,3,2,0,0,0,0.0,0.0,0,0,0.0,0.0,0.0,666666.6667,3.0,0.0,3,3,3,3.0,0.0,3,3,0,0.0,0.0,0,0,64,0,666666.6667,0.0,0,0,0.0,0.0,0.0,0,0,1,0.0,0,340,-1,0,32,0.0,0,0,0.0,0,0,Normal Traffic
443,6745,1,0,0,0,0.0,0.0,31,31,31.0,0.0,4595.997035,296.5159377,6745.0,0.0,6745,6745,0,0.0,0.0,0,0,0,0.0,0.0,0,0,32,32,148.2579689,148.2579689,0,31,10.33333333,17.89785834,320.3333333,0,0,1,15.5,0,319,63,0,32,0.0,0,0,0.0,0,0,Normal Traffic
443,500521,8,1996,1655,0,249.5,573.1252668,2896,0,1056.555556,1084.878001,22986.04854,33.96460888,31282.5625,64430.06594,164444,9,340446,48635.14286,79012.27065,165482,221,337741,42217.625,76402.48661,167186,51,264,296,15.98334535,17.98126352,0,2896,639.1666667,936.3937866,876833.3235,0,1,0,676.7647059,1996,29200,68,3,32,0.0,0,0,0.0,0,0,Normal Traffic
51059,182,1,0,0,0,0.0,0.0,0,0,0.0,0.0,0.0,16483.51648,91.0,59.39696962,133,49,0,0.0,0.0,0,0,49,49.0,0.0,49,49,32,64,5494.505495,10989.01099,0,0,0.0,0.0,0.0,0,0,1,0.0,0,269,65535,0,32,0.0,0,0,0.0,0,0,Normal Traffic
50434,3,2,12,6,6,6.0,0.0,0,0,0.0,0.0,4000000.0,666666.666666667,3.0,0.0,3,3,3,3.0,0.0,3,3,0,0.0,0.0,0,0,40,0,666666.666666667,0.0,6,6,6.0,0.0,0.0,0,0,1,9.0,12,30,-1,1,20,0.0,0,0,0.0,0,0,Normal Traffic
55469,50,1,0,0,0,0.0,0.0,0,0,0.0,0.0,0.0,40000.0,50.0,0.0,50,50,0,0.0,0.0,0,0,0,0.0,0.0,0,0,32,32,20000.0,20000.0,0,0,0.0,0.0,0.0,0,0,1,0.0,0,122,33304,0,32,0.0,0,0,0.0,0,0,Normal Traffic
53,23597,1,52,52,52,52.0,0.0,117,117,117.0,0.0,7161.927364,84.75653685,23597.0,0.0,23597,23597,0,0.0,0.0,0,0,0,0.0,0.0,0,0,20,20,42.37826842,42.37826842,52,117,73.66666667,37.5277675,1408.333333,0,0,0,110.5,52,-1,-1,0,20,0.0,0,0,0.0,0,0,Normal Traffic
80,2849,2,0,0,0,0.0,0.0,0,0,0.0,0.0,0.0,702.000702,2849.0,0.0,2849,2849,2849,2849.0,0.0,2849,2849,0,0.0,0.0,0,0,40,0,702.000702,0.0,0,0,0.0,0.0,0.0,0,0,1,0.0,0,16425,-1,0,20,0.0,0,0,0.0,0,0,Normal Traffic
443,696395,6,1232,897,0,205.3333333,348.2514417,1590,0,607.1666667,724.6263635,7000.337452,17.23159988,63308.63636,101837.6172,343442,58,665427,133085.4,128829.9322,343442,30496,665957,133191.4,154915.1555,378393,215,132,132,8.615799941,8.615799941,0,1590,375.0,567.7856109,322380.5,0,1,0,406.25,1232,8192,137,5,20,0.0,0,0,0.0,0,0,Normal Traffic
53,4001466,2,111,61,50,55.5,7.778174593,128,77,102.5,36.06244584,78.97105711,0.999633634,1333822.0,2283140.857,3970109,668,3970777,3970777.0,0.0,3970777,3970777,4000798,4000798.0,0.0,4000798,4000798,52,64,0.499816817,0.499816817,50,128,73.2,32.56838958,1060.7,0,0,0,91.5,111,-1,-1,1,20,0.0,0,0,0.0,0,0,Normal Traffic
21,9432521,9,115,26,0,12.77777778,10.62753238,34,0,12.53333333,14.54975045,32.12290755,2.544388716,410109.6087,1047332.134,3308718,26,6600473,825059.125,1479210.927,3352715,293,9432468,673747.7143,1290364.787,3308718,48,296,488,0.954145769,1.590242948,0,34,12.12,12.94320929,167.5266667,0,1,0,12.625,115,29200,227,6,32,0.0,0,0,0.0,0,0,Brute Force
53,181,2,82,41,41,41.0,0.0,57,57,57.0,0.0,1082872.9281768,22099.4475138122,60.3333333333,20.5020324196,84,48,49,49.0,0.0,49,49,48,48.0,0.0,48,48,40,40,11049.7237569061,11049.7237569061,41,57,47.4,8.7635609201,76.8,0,0,0,59.25,82,-1,-1,1,20,0.0,0,0,0.0,0,0,Normal Traffic
53,241,2,76,38,38,38.0,0.0,197,197,197.0,0.0,1950207.469,16597.51037,80.33333333,137.4093641,239,1,1,1.0,0.0,1,1,1,1.0,0.0,1,1,40,40,8298.755187,8298.755187,38,197,101.6,87.08788664,7584.3,0,0,0,127.0,76,-1,-1,1,20,0.0,0,0,0.0,0,0,Normal Traffic
443,20150444,20,3869,914,0,193.45,355.3652643,1460,0,398.8125,524.5165671,508.673655,1.78656113,575726.9714,1861739.175,9517755,1,20200000,1060549.684,2451773.95,9517755,48,19700000,1313250.733,2742796.233,9569858,48,472,332,0.992533961,0.794027169,0,1460,277.027027,440.3257309,193886.7492,0,1,0,284.7222222,3869,8192,138,7,20,2115797.5,3018409,1213186,7607489.5,9517755,5697224,Normal Traffic
54592,3,2,12,6,6,6.0,0.0,0,0,0.0,0.0,4000000.0,666666.6667,3.0,0.0,3,3,3,3.0,0.0,3,3,0,0.0,0.0,0,0,40,0,666666.6667,0.0,6,6,6.0,0.0,0.0,0,0,1,9.0,12,40921,-1,1,20,0.0,0,0,0.0,0,0,Normal Traffic
57615,25,1,0,0,0,0.0,0.0,0,0,0.0,0.0,0.0,80000.0,25.0,0.0,25,25,0,0.0,0.0,0,0,0,0.0,0.0,0,0,20,20,40000.0,40000.0,0,0,0.0,0.0,0.0,0,0,1,0.0,0,115,256,0,20,0.0,0,0,0.0,0,0,Normal Traffic
80,67536673,5,376,364,0,75.2,161.471979,4344,0,1656.428571,1947.638216,177.2518466,0.177681243,6139697.545,20300000.0,67400000,41,67400000,16900000.0,33700000.0,67400000,1993,67500000,11300000.0,27500000.0,67400000,47,144,232,0.074033851,0.103647392,0,4344,921.3076923,1608.937506,2588679.897,1,0,0,998.0833333,376,0,235,2,20,2279.0,2279,2279,67400000.0,67400000,67400000,DoS
1248,4,2,4,2,2,2.0,0.0,0,0,0.0,0.0,1000000.0,500000.0,4.0,0.0,4,4,4,4.0,0.0,4,4,0,0.0,0.0,0,0,48,0,500000.0,0.0,2,2,2.0,0.0,0.0,0,1,0,3.0,4,1024,-1,1,24,0.0,0,0,0.0,0,0,Normal Traffic
38792,3,2,12,6,6,6.0,0.0,0,0,0.0,0.0,4000000.0,666666.666666667,3.0,0.0,3,3,3,3.0,0.0,3,3,0,0.0,0.0,0,0,40,0,666666.666666667,0.0,6,6,6.0,0.0,0.0,0,0,1,9.0,12,5114,-1,1,20,0.0,0,0,0.0,0,0,Normal Traffic
52024,34,1,6,6,6,6.0,0.0,6,6,6.0,0.0,352941.176470588,58823.5294117647,34.0,0.0,34,34,0,0.0,0.0,0,0,0,0.0,0.0,0,0,20,20,29411.7647058824,29411.7647058824,6,6,6.0,0.0,0.0,0,0,1,9.0,6,114,253,0,20,0.0,0,0,0.0,0,0,Normal Traffic
443,231,3,58,46,6,19.33333333,23.09401077,0,0,0.0,0.0,251082.2511,12987.01299,115.5,36.06244584,141,90,231,115.5,36.06244584,141,90,0,0.0,0.0,0,0,60,0,12987.01299,0.0,6,46,16.0,20.0,400.0,0,0,1,21.33333333,58,16366,-1,2,20,0.0,0,0,0.0,0,0,Normal Traffic
80,98966901,6,373,373,0,62.16666667,152.2766123,5792,0,1932.5,2537.820147,120.9293196,0.12125266,8996991.0,29800000.0,99000000,1,99000000,19800000.0,44300000.0,99000000,1,1370,274.0,494.5760811,1156,3,200,200,0.06062633,0.06062633,0,5792,920.6153846,1908.996182,3644266.423,0,0,1,997.3333333,373,251,235,1,32,4.0,4,4,99000000.0,99000000,99000000,DoS
53,296,2,152,76,76,76.0,0.0,124,124,124.0,0.0,1351351.351,13513.51351,98.66666667,86.02519011,198,49,49,49.0,0.0,49,49,49,49.0,0.0,49,49,64,64,6756.756757,6756.756757,76,124,95.2,26.29068276,691.2,0,0,0,119.0,152,-1,-1,1,32,0.0,0,0,0.0,0,0,Normal Traffic
80,6036334,3,12,6,0,4.0,3.464101615,0,0,0.0,0.0,1.987961567,0.662653856,2012111.333,3453614.736,5999947,34,6036334,3018167.0,4216873.716,5999947,36387,0,0.0,0.0,0,0,72,32,0.496990392,0.165663464,0,6,2.4,3.286335345,10.8,0,1,0,3.0,12,8192,42780,2,20,0.0,0,0,0.0,0,0,Normal Traffic
80,134372,3,26,20,0,8.666666667,10.26320288,5840,0,2321.4,3173.373883,86573.09559,59.5362129,19196.0,50313.56954,133295,3,858,429.0,503.4600282,785,73,134325,33581.25,66476.92059,133295,3,72,112,22.32607984,37.21013306,0,5840,1292.555556,2554.159212,6523729.278,0,1,0,1454.125,26,8192,229,2,20,0.0,0,0,0.0,0,0,DDoS
53,31075,2,80,40,40,40.0,0.0,101,101,101.0,0.0,9074.818986,128.7208367,10358.33333,17897.87187,31025,3,3,3.0,0.0,3,3,47,47.0,0.0,47,47,64,40,64.36041834,64.36041834,40,101,64.4,33.41107601,1116.3,0,0,0,80.5,80,-1,-1,1,32,0.0,0,0,0.0,0,0,Normal Traffic
80,4559628,4,24,6,6,6.0,0.0,0,0,0.0,0.0,5.263587293,0.877264549,1519876.0,2631840.81,4558864,348,4559628,1519876.0,2631840.81,4558864,348,0,0.0,0.0,0,0,80,0,0.877264549,0.0,6,6,6.0,0.0,0.0,0,0,1,7.5,24,256,-1,3,20,0.0,0,0,0.0,0,0,DDoS
53,226,2,80,40,40,40.0,0.0,56,56,56.0,0.0,849557.522123894,17699.1150442478,75.3333333333,89.4557618789,175,2,49,49.0,0.0,49,49,2,2.0,0.0,2,2,40,40,8849.5575221239,8849.5575221239,40,56,46.4,8.7635609201,76.8,0,0,0,58.0,80,-1,-1,1,20,0.0,0,0,0.0,0,0,Normal Traffic
443,1968984,9,703,267,0,78.11111111,103.3022803,1448,0,359.0909091,569.9183195,2363.147694,10.15752286,103630.7368,172482.1854,611981,4,1566874,195859.25,276393.5249,707229,212,1873705,187370.5,210882.0649,611981,4,296,360,4.570885289,5.586637576,0,1448,221.5714286,434.4990876,188789.4571,0,1,0,232.65,703,29200,254,4,32,0.0,0,0,0.0,0,0,Normal Traffic
65226,49,2,12,6,6,6.0,0.0,2,2,2.0,0.0,326530.6122,81632.65306,16.33333333,15.011107,31,1,49,49.0,0.0,49,49,1,1.0,0.0,1,1,40,48,40816.32653,40816.32653,2,6,4.4,2.19089023,4.8,1,0,1,5.5,12,0,1024,1,20,0.0,0,0,0.0,0,0,Normal Traffic
53,167,2,60,30,30,30.0,0.0,101,101,101.0,0.0,1568862.275,23952.09581,55.66666667,94.68544415,165,1,1,1.0,0.0,1,1,1,1.0,0.0,1,1,64,64,11976.0479,11976.0479,30,101,58.4,38.88830158,1512.3,0,0,0,73.0,60,-1,-1,1,32,0.0,0,0,0.0,0,0,Normal Traffic
53,60877,4,132,33,33,33.0,0.0,120,120,120.0,0.0,6110.6821952462,98.5593902459,12175.4,16839.6361688725,33828,3,27046,9015.3333333333,15609.8192280799,27040,3,3,3.0,0.0,3,3,104,40,65.7062601639,32.853130082,33,120,57.8571428571,42.4516531733,1802.1428571429,0,0,0,67.5,132,-1,-1,3,20,0.0,0,0,0.0,0,0,Normal Traffic
53,31271,4,112,28,28,28.0,0.0,199,199,199.0,0.0,16309.04032,191.8710626,6254.2,12433.87054,28385,3,28392,9464.0,16386.06667,28385,3,3,3.0,0.0,3,3,128,64,127.9140418,63.95702088,28,199,76.85714286,83.43945624,6962.142857,0,0,0,89.66666667,112,-1,-1,3,32,0.0,0,0,0.0,0,0,Normal Traffic
80,13010,2,12,6,6,6.0,0.0,0,0,0.0,0.0,922.3674097,230.5918524,6505.0,9198.04501,13009,1,13010,13010.0,0.0,13010,13010,0,0.0,0.0,0,0,40,32,153.7279016,76.86395081,0,6,4.5,3.0,9.0,1,0,0,6.0,12,0,235,1,20,0.0,0,0,0.0,0,0,DoS
53,31246,2,72,36,36,36.0,0.0,164,164,164.0,0.0,12801.638609742,128.0163860974,10415.3333333333,18034.6903586763,31240,3,3,3.0,0.0,3,3,3,3.0,0.0,3,3,40,64,64.0081930487,64.0081930487,36,164,87.2,70.1084873607,4915.2,0,0,0,109.0,72,-1,-1,1,20,0.0,0,0,0.0,0,0,Normal Traffic
53,183202,1,45,45,45,45.0,0.0,109,109,109.0,0.0,840.6021768,10.91691139,183202.0,0.0,183202,183202,0,0.0,0.0,0,0,0,0.0,0.0,0,0,32,20,5.458455694,5.458455694,45,109,66.33333333,36.95041723,1365.333333,0,0,0,99.5,45,-1,-1,0,32,0.0,0,0,0.0,0,0,Normal Traffic
49388,277,1,0,0,0,0.0,0.0,0,0,0.0,0.0,0.0,7220.216606,277.0,0.0,277,277,0,0.0,0.0,0,0,0,0.0,0.0,0,0,32,32,3610.108303,3610.108303,0,0,0.0,0.0,0.0,0,0,1,0.0,0,118,33304,0,32,0.0,0,0,0.0,0,0,Normal Traffic
53,47988,1,56,56,56,56.0,0.0,121,121,121.0,0.0,3688.4221055264,41.6770859382,47988.0,0.0,47988,47988,0,0.0,0.0,0,0,0,0.0,0.0,0,0,32,20,20.8385429691,20.8385429691,56,121,77.6666666667,37.5277674973,1408.3333333333,0,0,0,116.5,56,-1,-1,0,32,0.0,0,0,0.0,0,0,Normal Traffic
443,3248029,3,31,31,0,10.33333333,17.89785834,0,0,0.0,0.0,9.544249759,1.231516098,1082676.333,1855193.75,3224828,45,3248029,1624014.5,2296639.692,3247984,45,0,0.0,0.0,0,0,96,32,0.923637073,0.307879024,0,31,6.2,13.86362146,192.2,0,0,1,7.75,31,2672,1372,1,32,0.0,0,0,0.0,0,0,Normal Traffic
53,117843,4,148,37,37,37.0,0.0,136,136,136.0,0.0,3564.0640513225,50.9152007332,23568.6,37811.9571141193,86789,1,31051,10350.3333333333,17925.5711577995,31049,1,3,3.0,0.0,3,3,104,40,33.9434671555,16.9717335777,37,136,65.2857142857,48.307053611,2333.5714285714,0,0,0,76.1666666667,148,-1,-1,3,20,0.0,0,0,0.0,0,0,Normal Traffic
80,5310518,3,12,6,0,4.0,3.464101615,0,0,0.0,0.0,2.259666571,0.75322219,1770172.667,3023365.224,5261139,137,5310518,2655259.0,3685270.838,5261139,49379,0,0.0,0.0,0,0,72,32,0.564916643,0.188305548,0,6,2.4,3.286335345,10.8,0,1,0,3.0,12,8192,29200,2,20,0.0,0,0,0.0,0,0,Normal Traffic
53,31370,2,70,35,35,35.0,0.0,79,79,79.0,0.0,7268.090532,127.5103602,10456.66667,18026.60745,31272,49,49,49.0,0.0,49,49,49,49.0,0.0,49,49,64,64,63.75518011,63.75518011,35,79,52.6,24.09979253,580.8,0,0,0,65.75,70,-1,-1,1,32,0.0,0,0,0.0,0,0,Normal Traffic
53,30829,1,56,56,56,56.0,0.0,72,72,72.0,0.0,4151.9348665218,64.8739822894,30829.0,0.0,30829,30829,0,0.0,0.0,0,0,0,0.0,0.0,0,0,32,20,32.4369911447,32.4369911447,56,72,61.3333333333,9.237604307,85.3333333333,0,0,0,92.0,56,-1,-1,0,32,0.0,0,0,0.0,0,0,Normal Traffic
53,162404,4,144,36,36,36.0,0.0,143,143,143.0,0.0,4408.758405,49.25987045,23200.57143,48990.79317,131165,3,162226,54075.33333,93655.16259,162219,3,131350,43783.33333,75829.76171,131344,3,80,80,24.62993522,24.62993522,36,143,83.55555556,56.39395161,3180.277778,0,0,0,94.0,144,-1,-1,3,20,0.0,0,0,0.0,0,0,Normal Traffic
45236,81,1,0,0,0,0.0,0.0,0,0,0.0,0.0,0.0,24691.35802,81.0,0.0,81,81,0,0.0,0.0,0,0,0,0.0,0.0,0,0,32,32,12345.67901,12345.67901,0,0,0.0,0.0,0.0,0,0,1,0.0,0,230,303,0,32,0.0,0,0,0.0,0,0,Normal Traffic
443,11132544,36,916,215,0,25.44444444,54.9084664,4380,0,1691.155556,991.8342272,6918.274924,7.275964955,139156.8,1222196.391,10900000,2,11100000,318072.6857,1847238.161,10900000,3,178874,4065.318182,13352.75619,82956,2,732,912,3.233762202,4.042202753,0,4380,939.2439024,1109.859346,1231787.767,0,1,0,950.8395062,916,8192,32,35,20,198604.0,198604,198604,10900000.0,10900000,10900000,Normal Traffic
88,91,1,0,0,0,0.0,0.0,6,0,3.0,3.4641016151,131868.131868132,54945.0549450549,22.75,33.149912016,71,1,0,0.0,0.0,0,0,73,24.3333333333,40.4145188433,71,1,32,104,10989.010989011,43956.043956044,0,6,2.0,3.098386677,9.6,0,0,1,2.4,0,253,0,0,32,0.0,0,0,0.0,0,0,Normal Traffic
53,24014,2,68,34,34,34.0,0.0,79,79,79.0,0.0,9411.176814,166.5695011,8004.666667,13857.56116,24006,4,4,4.0,0.0,4,4,4,4.0,0.0,4,4,64,64,83.28475056,83.28475056,34,79,52.0,24.64751509,607.5,0,0,0,65.0,68,-1,-1,1,32,0.0,0,0,0.0,0,0,Normal Traffic
80,368734,1,0,0,0,0.0,0.0,0,0,0.0,0.0,0.0,5.423964158,368734.0,0.0,368734,368734,0,0.0,0.0,0,0,0,0.0,0.0,0,0,32,32,2.711982079,2.711982079,0,0,0.0,0.0,0.0,0,0,1,0.0,0,1324,147,0,32,0.0,0,0,0.0,0,0,Normal Traffic
80,98729709,5,316,304,0,63.2,134.6447177,4344,0,1656.428571,1760.597234,120.642511,0.121543962,8975428.091,29700000.0,98600000,4,98700000,24700000.0,49300000.0,98600000,4,98700000,16500000.0,40300000.0,98700000,47,144,232,0.050643318,0.070900645,0,4344,916.6923077,1499.244442,2247733.897,1,0,0,993.0833333,316,0,235,2,20,5987.0,5987,5987,98600000.0,98600000,98600000,DoS
22,11350348,21,2008,640,0,95.61904762,140.0451628,976,0,85.78125,220.240592,418.7536805,4.669460355,218275.9231,591861.5521,2199185,4,9543773,477188.65,849331.1102,2268519,496,11400000,366136.2258,734613.3713,2199185,4,680,1032,1.850163537,2.819296818,0,976,88.01851852,189.5902723,35944.47135,0,1,0,89.67924528,2008,29200,247,16,32,0.0,0,0,0.0,0,0,Brute Force
53,63174,1,49,49,49,49.0,0.0,49,49,49.0,0.0,1551.271093,31.65859373,63174.0,0.0,63174,63174,0,0.0,0.0,0,0,0,0.0,0.0,0,0,32,20,15.82929686,15.82929686,49,49,49.0,0.0,0.0,0,0,0,73.5,49,-1,-1,0,32,0.0,0,0,0.0,0,0,Normal Traffic
60581,662,1,0,0,0,0.0,0.0,0,0,0.0,0.0,0.0,3021.148036,662.0,0.0,662,662,0,0.0,0.0,0,0,0,0.0,0.0,0,0,32,32,1510.574018,1510.574018,0,0,0.0,0.0,0.0,0,0,1,0.0,0,122,33304,0,32,0.0,0,0,0.0,0,0,Normal Traffic
53,183,2,70,35,35,35.0,0.0,131,131,131.0,0.0,1814207.65027322,21857.9234972678,61.0,99.5941765366,176,3,3,3.0,0.0,3,3,4,4.0,0.0,4,4,64,64,10928.9617486339,10928.9617486339,35,131,73.4,52.5813655205,2764.8,0,0,0,91.75,70,-1,-1,1,32,0.0,0,0,0.0,0,0,Normal Traffic
53,31012,1,53,53,53,53.0,0.0,116,116,116.0,0.0,5449.5034180317,64.4911647104,31012.0,0.0,31012,31012,0,0.0,0.0,0,0,0,0.0,0.0,0,0,32,20,32.2455823552,32.2455823552,53,116,74.0,36.3730669589,1323.0,0,0,0,111.0,53,-1,-1,0,32,0.0,0,0,0.0,0,0,Normal Traffic
80,99165457,6,389,371,0,64.83333333,150.019221,11595,0,2319.0,5185.44164,120.848533,0.110925723,9916545.7,31400000.0,99100000,42,99200000,19800000.0,44300000.0,99100000,306,99200000,24800000.0,49600000.0,99200000,293,164,168,0.06050494,0.050420783,0,11595,999.1666667,3338.505404,11100000.0,1,0,0,1090.0,389,0,235,3,20,12034.0,12034,12034,99100000.0,99100000,99100000,DoS
443,6032930,5,123,46,0,24.6,23.27659769,46,46,46.0,0.0,28.01292241,0.994541624,1206586.0,2653615.665,5953356,3,6032930,1508232.5,2963639.091,5953356,3,0,0.0,0.0,0,0,100,20,0.828784687,0.165756937,0,46,30.71428571,21.68497395,470.2380952,0,0,1,35.83333333,123,255,980,2,20,77980.0,77980,77980,5953356.0,5953356,5953356,Normal Traffic
51425,53,1,6,6,6,6.0,0.0,6,6,6.0,0.0,339622.641509434,56603.7735849057,26.5,30.405591591,48,5,0,0.0,0.0,0,0,48,48.0,0.0,48,48,20,40,18867.9245283019,37735.8490566038,6,6,6.0,0.0,0.0,0,0,1,8.0,6,245,250,0,20,0.0,0,0,0.0,0,0,Normal Traffic
443,117627859,24,1613,421,0,67.20833333,97.55220639,2048,0,378.44,624.3520695,94.14436422,0.416567983,2450580.396,11800000.0,58800000,2,118000000,5114254.739,16800000.0,58800000,16,117000000,4892426.167,16500000.0,59000000,2,492,512,0.204033298,0.212534685,0,2048,221.48,469.7069968,220624.6629,0,1,0,226.0,1613,8192,140,14,20,238725.5,254653,222798,58500000.0,58800000,58100000,Normal Traffic
80,154751,3,26,20,0,8.666666667,10.26320288,7215,0,2321.4,3327.769794,75172.37368,51.69595027,22107.28571,58115.49963,153900,4,630,315.0,422.8498551,614,16,154731,38682.75,76812.02144,153900,4,72,112,19.38598135,32.30996892,0,7215,1292.555556,2650.585648,7025604.278,0,1,0,1454.125,26,8192,229,2,20,0.0,0,0,0.0,0,0,DDoS
48505,58,1,0,0,0,0.0,0.0,0,0,0.0,0.0,0.0,34482.7586206897,58.0,0.0,58,58,0,0.0,0.0,0,0,0,0.0,0.0,0,0,32,32,17241.3793103448,17241.3793103448,0,0,0.0,0.0,0.0,0,0,1,0.0,0,290,266,0,32,0.0,0,0,0.0,0,0,Normal Traffic
80,459787,3,503,497,0,167.6666667,285.2268103,1155,0,291.75,575.5069504,3632.116611,15.22444088,76631.16667,116187.5489,227541,2,226011,113005.5,159511.269,225797,214,234137,78045.66667,129816.7817,227902,2,72,92,6.524760378,8.699680504,0,1155,208.75,419.6136829,176075.6429,0,1,0,238.5714286,503,8192,4877,2,20,0.0,0,0,0.0,0,0,Normal Traffic
80,851,2,12,6,6,6.0,0.0,0,0,0.0,0.0,14101.05758,2350.176263,851.0,0.0,851,851,851,851.0,0.0,851,851,0,0.0,0.0,0,0,40,0,2350.176263,0.0,6,6,6.0,0.0,0.0,0,0,1,9.0,12,252,-1,1,20,0.0,0,0,0.0,0,0,Normal Traffic
52239,2,2,37,37,0,18.5,26.1629509,0,0,0.0,0.0,18500000.0,1000000.0,2.0,0.0,2,2,2,2.0,0.0,2,2,0,0.0,0.0,0,0,64,0,1000000.0,0.0,0,37,24.66666667,21.36195996,456.3333333,0,0,1,37.0,37,972,-1,0,32,0.0,0,0,0.0,0,0,Normal Traffic
443,348991,9,816,476,0,90.66666667,159.1005971,1460,0,627.375,693.7360423,16719.62887,48.7118579,21811.9375,29056.79759,76815,1,272172,34021.5,27079.33069,56622,201,297920,42560.0,57536.70721,133488,1,200,172,25.78863065,22.92322725,0,1460,324.1666667,537.0211136,288391.6765,0,1,0,343.2352941,816,29200,40,8,20,0.0,0,0,0.0,0,0,Normal Traffic
80,3269911,5,30,6,6,6.0,0.0,0,0,0.0,0.0,9.174561632,1.529093605,817477.75,1630300.156,3262923,1,3269911,817477.75,1630300.156,3262923,1,0,0.0,0.0,0,0,100,0,1.529093605,0.0,6,6,6.0,0.0,0.0,0,0,1,7.2,30,256,-1,4,20,0.0,0,0,0.0,0,0,DDoS
80,85325097,9,363,363,0,40.33333333,121.0,5792,0,1932.5,2181.008184,140.1463394,0.175798218,6094649.786,22800000.0,85100000,0,85200000,10600000.0,30100000.0,85100000,0,184431,36886.2,75259.0848,171142,45,296,200,0.105478931,0.070319287,0,5792,747.375,1578.733242,2492398.65,0,0,1,797.2,363,251,235,1,32,1027.0,1027,1027,85100000.0,85100000,85100000,DoS
443,6990886,12,2896,1122,0,241.3333333,388.5098181,1955,2,815.1,732.4600027,1580.200278,3.146954478,332899.3333,1099856.081,4999263,1,1991622,181056.5455,342170.2007,960920,203,6957709,773078.7778,1633069.926,4999351,1,260,204,1.716520624,1.430433853,0,1955,480.3043478,622.5196919,387530.7668,0,1,0,502.1363636,2896,29200,34782,11,20,0.0,0,0,0.0,0,0,Normal Traffic
53,87077,1,46,46,46,46.0,0.0,149,149,149.0,0.0,2239.39731502,22.9681775899,87077.0,0.0,87077,87077,0,0.0,0.0,0,0,0,0.0,0.0,0,0,20,20,11.484088795,11.484088795,46,149,80.3333333333,59.4670777265,3536.3333333333,0,0,0,120.5,46,-1,-1,0,20,0.0,0,0,0.0,0,0,Normal Traffic
53,23554,1,53,53,53,53.0,0.0,192,192,192.0,0.0,10401.6303,84.91126773,23554.0,0.0,23554,23554,0,0.0,0.0,0,0,0,0.0,0.0,0,0,32,32,42.45563386,42.45563386,53,192,99.33333333,80.25168742,6440.333333,0,0,0,149.0,53,-1,-1,0,32,0.0,0,0,0.0,0,0,Normal Traffic
52640,45997,2,0,0,0,0.0,0.0,6,6,6.0,0.0,260.8865796,86.96219319,15332.33333,26502.70155,45935,3,45997,45997.0,0.0,45997,45997,3,3.0,0.0,3,3,64,40,43.48109659,43.48109659,0,6,2.4,3.286335345,10.8,0,0,1,3.0,0,349,0,0,32,0.0,0,0,0.0,0,0,Normal Traffic
57394,27,1,0,0,0,0.0,0.0,0,0,0.0,0.0,0.0,74074.07407,27.0,0.0,27,27,0,0.0,0.0,0,0,0,0.0,0.0,0,0,20,20,37037.03704,37037.03704,0,0,0.0,0.0,0.0,0,0,1,0.0,0,946,256,0,20,0.0,0,0,0.0,0,0,Normal Traffic
53,211,2,74,37,37,37.0,0.0,89,89,89.0,0.0,1194312.796,18957.34597,70.33333333,120.088856,209,1,1,1.0,0.0,1,1,1,1.0,0.0,1,1,64,64,9478.672986,9478.672986,37,89,57.8,28.48157299,811.2,0,0,0,72.25,74,-1,-1,1,32,0.0,0,0,0.0,0,0,Normal Traffic
53,174,2,62,31,31,31.0,0.0,114,114,114.0,0.0,1666666.667,22988.50575,58.0,94.3980932,167,3,4,4.0,0.0,4,4,3,3.0,0.0,3,3,64,64,11494.25287,11494.25287,31,114,64.2,45.46097227,2066.7,0,0,0,80.25,62,-1,-1,1,32,0.0,0,0,0.0,0,0,Normal Traffic
57955,319,3,31,31,0,10.33333333,17.89785834,0,0,0.0,0.0,97178.68339,12539.18495,106.3333333,125.3687893,245,1,246,123.0,172.5340546,245,1,0,0.0,0.0,0,0,60,20,9404.388715,3134.796238,0,31,6.2,13.86362146,192.2,0,0,1,7.75,31,1127,0,1,20,0.0,0,0,0.0,0,0,Normal Traffic
53,24513,2,72,36,36,36.0,0.0,143,143,143.0,0.0,14604.49557,163.1787215,8171.0,14107.57258,24461,3,49,49.0,0.0,49,49,3,3.0,0.0,3,3,40,40,81.58936075,81.58936075,36,143,78.8,58.60631365,3434.7,0,0,0,98.5,72,-1,-1,1,20,0.0,0,0,0.0,0,0,Normal Traffic
443,5842758,8,350,193,0,43.75,74.42493822,1911,0,719.4,890.2228934,675.537135,2.224976629,486896.5,1571738.549,5476361,48,5842758,834679.7143,2047344.192,5476361,48,236805,59201.25,71774.53509,147700,274,172,112,1.369216387,0.855760242,0,1911,281.9285714,601.2156229,361460.2253,0,1,0,303.6153846,350,8192,232,3,20,366349.0,366349,366349,5476361.0,5476361,5476361,Normal Traffic
63086,336,3,37,37,0,12.3333333333,21.36195996,0,0,0.0,0.0,110119.047619048,8928.5714285714,168.0,233.3452377916,333,3,336,168.0,233.3452377916,333,3,0,0.0,0.0,0,0,96,0,8928.5714285714,0.0,0,37,9.25,18.5,342.25,0,0,1,12.3333333333,37,114,-1,1,32,0.0,0,0,0.0,0,0,Normal Traffic
7937,4,1,0,0,0,0.0,0.0,6,6,6.0,0.0,1500000.0,500000.0,4.0,0.0,4,4,0,0.0,0.0,0,0,0,0.0,0.0,0,0,40,20,250000.0,250000.0,0,6,2.0,3.464101615,12.0,0,1,0,3.0,0,29200,0,0,40,0.0,0,0,0.0,0,0,Port Scanning
80,115536199,16,514,430,0,32.125,106.1105556,1460,0,131.2666667,389.7051022,21.49109995,0.268314176,3851206.633,4842157.612,10000000,5,116000000,7702413.267,4164210.483,10000000,401,110000000,7884183.143,4265854.923,10000000,48,332,444,0.138484736,0.12982944,0,1460,77.59375,276.9292281,76689.79738,0,1,0,80.09677419,514,8192,946,15,20,40491.09091,75300,36664,9993909.273,10000000,9983698,Normal Traffic
60478,1511,2,280,274,6,140.0,189.5046174,6,6,6.0,0.0,189278.6234,1985.440106,755.5,990.6566004,1456,55,1511,1511.0,0.0,1511,1511,0,0.0,0.0,0,0,40,20,1323.626737,661.8133686,6,274,140.0,154.7298721,23941.33333,0,0,1,186.6666667,280,60,0,1,20,0.0,0,0,0.0,0,0,Normal Traffic
443,170008,11,1738,1368,0,158.0,404.8283586904,325,0,77.1666666667,133.3722859768,12946.4495788433,99.9952943391,10625.5,15935.514939907,36562,8,170008,17000.8,21290.4800937466,54506,49,128714,25742.8,16337.1345927002,37151,432,364,200,64.7028375135,35.2924568256,0,1368,122.2777777778,322.5814635927,104058.800653595,0,1,0,129.4705882353,1738,65535,362,6,32,0.0,0,0,0.0,0,0,Normal Traffic
53,90895,1,55,55,55,55.0,0.0,342,342,342.0,0.0,4367.6769899334,22.0034105286,90895.0,0.0,90895,90895,0,0.0,0.0,0,0,0,0.0,0.0,0,0,20,32,11.0017052643,11.0017052643,55,342,150.6666666667,165.6995272574,27456.3333333333,0,0,0,226.0,55,-1,-1,0,20,0.0,0,0,0.0,0,0,Normal Traffic
53,47069,1,44,44,44,44.0,0.0,125,125,125.0,0.0,3590.47356,42.49081136,47069.0,0.0,47069,47069,0,0.0,0.0,0,0,0,0.0,0.0,0,0,20,20,21.24540568,21.24540568,44,125,71.0,46.7653718,2187.0,0,0,0,106.5,44,-1,-1,0,20,0.0,0,0,0.0,0,0,Normal Traffic
53,39147,2,74,37,37,37.0,0.0,53,53,53.0,0.0,4598.053491,102.1789665,13049.0,22556.50939,39095,3,49,49.0,0.0,49,49,3,3.0,0.0,3,3,64,40,51.08948323,51.08948323,37,53,43.4,8.76356092,76.8,0,0,0,54.25,74,-1,-1,1,32,0.0,0,0,0.0,0,0,Normal Traffic
53,48146,1,56,56,56,56.0,0.0,117,117,117.0,0.0,3593.237237,41.54031488,48146.0,0.0,48146,48146,0,0.0,0.0,0,0,0,0.0,0.0,0,0,20,20,20.77015744,20.77015744,56,117,76.33333333,35.21836642,1240.333333,0,0,0,114.5,56,-1,-1,0,20,0.0,0,0,0.0,0,0,Normal Traffic
123,94057316,9,432,48,48,48.0,0.0,48,48,48.0,0.0,9.1858883152,0.1913726732,5532783.29411765,14796166.6071168,58942584,57352,93999929,11749991.125,20457338.7410478,59000135,1999830,93999882,11749985.25,20457195.1550665,58999971,1997891,252,240,0.0956863366,0.0956863366,48,48,48.0,0.0,0.0,0,0,0,50.6666666667,432,-1,-1,8,20,6057689.5,10057463,2057916,40942275.0,58942584,22941966,Normal Traffic
9071,13,1,0,0,0,0.0,0.0,6,6,6.0,0.0,461538.4615,153846.1538,13.0,0.0,13,13,0,0.0,0.0,0,0,0,0.0,0.0,0,0,40,20,76923.07692,76923.07692,0,6,2.0,3.464101615,12.0,0,1,0,3.0,0,29200,0,0,40,0.0,0,0,0.0,0,0,Port Scanning
2968,24,1,2,2,2,2.0,0.0,6,6,6.0,0.0,333333.3333,83333.33333,24.0,0.0,24,24,0,0.0,0.0,0,0,0,0.0,0.0,0,0,24,20,41666.66667,41666.66667,2,6,3.333333333,2.309401077,5.333333333,0,1,0,5.0,2,1024,0,0,24,0.0,0,0,0.0,0,0,Port Scanning
5875,3,2,12,6,6,6.0,0.0,0,0,0.0,0.0,4000000.0,666666.666666667,3.0,0.0,3,3,3,3.0,0.0,3,3,0,0.0,0.0,0,0,40,0,666666.666666667,0.0,6,6,6.0,0.0,0.0,0,0,1,9.0,12,377,-1,1,20,0.0,0,0,0.0,0,0,Normal Traffic
80,32249,1,0,0,0,0.0,0.0,0,0,0.0,0.0,0.0,62.0174269,32249.0,0.0,32249,32249,0,0.0,0.0,0,0,0,0.0,0.0,0,0,32,32,31.00871345,31.00871345,0,0,0.0,0.0,0.0,0,0,1,0.0,0,790,115,0,32,0.0,0,0,0.0,0,0,Normal Traffic
80,96771482,9,62,20,0,6.888888889,5.30199124,7300,0,2320.2,3022.508098,120.5210436,0.14467072,7443960.154,23700000.0,85700000,2,95000000,11900000.0,30000000.0,85700000,2,1821074,455268.5,896673.3787,1800202,189,192,112,0.093002606,0.051668114,0,7300,777.9333333,1970.892563,3884417.495,0,0,1,833.5,62,256,229,7,20,2001.0,2001,2001,47500000.0,85700000,9233886,DDoS
53,49610,2,88,44,44,44.0,0.0,102,102,102.0,0.0,5885.910099,80.62890546,16536.66667,28636.28468,49603,3,3,3.0,0.0,3,3,4,4.0,0.0,4,4,40,64,40.31445273,40.31445273,44,102,67.2,31.76790834,1009.2,0,0,0,84.0,88,-1,-1,1,20,0.0,0,0,0.0,0,0,Normal Traffic
80,2054908,5,30,6,6,6.0,0.0,0,0,0.0,0.0,14.59919374,2.433198956,513727.0,1026412.719,2053346,225,2054908,513727.0,1026412.719,2053346,225,0,0.0,0.0,0,0,100,0,2.433198956,0.0,6,6,6.0,0.0,0.0,0,0,1,7.2,30,256,-1,4,20,0.0,0,0,0.0,0,0,DDoS
80,14508,2,12,6,6,6.0,0.0,0,0,0.0,0.0,827.1298594,275.7099531,4836.0,7959.952512,14026,104,482,482.0,0.0,482,482,14404,14404.0,0.0,14404,14404,40,64,137.8549766,137.8549766,0,6,3.6,3.286335345,10.8,1,0,0,4.5,12,0,235,1,20,0.0,0,0,0.0,0,0,DoS
80,84705061,5,361,349,0,72.2,154.7649831,5792,0,1932.5,2989.558881,141.1485909,0.12986237,8470506.1,26700000.0,84500000,7,84600000,21100000.0,42300000.0,84500000,7,84700000,16900000.0,37800000.0,84600000,65,144,200,0.05902835,0.07083402,0,5792,996.8333333,2242.004737,5026585.242,1,0,0,1087.454545,361,0,235,2,20,10004.0,10004,10004,84500000.0,84500000,84500000,DoS
443,4118798,5,123,46,0,24.6,23.27659769,46,46,46.0,0.0,41.03138828,1.456735679,823759.6,1813714.824,4068002,17,4118798,1029699.5,2025670.794,4068002,17,0,0.0,0.0,0,0,160,32,1.213946399,0.24278928,0,46,30.71428571,21.68497395,470.2380952,0,0,1,35.83333333,123,306,118,2,32,0.0,0,0,0.0,0,0,Normal Traffic
80,85332016,10,1504,370,0,150.4,189.015696,4344,0,1656.428571,1760.597234,153.506276,0.199221825,5333251.0,21100000.0,84500000,4,85300000,9480305.333,28100000.0,84500000,4,85300000,14200000.0,34400000.0,84500000,16,280,232,0.117189309,0.082032516,0,4344,728.0555556,1301.833931,1694771.585,1,0,0,770.8823529,1504,0,235,7,20,9992.0,9992,9992,84500000.0,84500000,84500000,DoS
53,47741,2,76,38,38,38.0,0.0,188,188,188.0,0.0,9467.753084351,83.7854255252,15913.6666666667,27556.3509981516,47733,4,4,4.0,0.0,4,4,4,4.0,0.0,4,4,80,64,41.8927127626,41.8927127626,38,188,98.0,82.1583836258,6750.0,0,0,0,122.5,76,-1,-1,1,40,0.0,0,0,0.0,0,0,Normal Traffic
56564,40,1,0,0,0,0.0,0.0,0,0,0.0,0.0,0.0,50000.0,40.0,0.0,40,40,0,0.0,0.0,0,0,0,0.0,0.0,0,0,32,32,25000.0,25000.0,0,0,0.0,0.0,0.0,0,0,1,0.0,0,332,229,0,32,0.0,0,0,0.0,0,0,Normal Traffic
1889,130,3,43,31,6,14.33333333,14.43375673,6,6,6.0,0.0,376923.0769,30769.23077,43.33333333,40.20364826,81,1,49,24.5,33.23401872,48,1,0,0.0,0.0,0,0,60,20,23076.92308,7692.307692,6,31,11.0,11.18033989,125.0,0,0,1,13.75,43,980,0,2,20,0.0,0,0,0.0,0,0,Normal Traffic
49582,59,1,0,0,0,0.0,0.0,0,0,0.0,0.0,0.0,33898.30508,59.0,0.0,59,59,0,0.0,0.0,0,0,0,0.0,0.0,0,0,20,20,16949.15254,16949.15254,0,0,0.0,0.0,0.0,0,0,1,0.0,0,513,256,0,20,0.0,0,0,0.0,0,0,Normal Traffic
55960,409,2,12,6,6,6.0,0.0,0,0,0.0,0.0,29339.8533,4889.97555,409.0,0.0,409,409,409,409.0,0.0,409,409,0,0.0,0.0,0,0,40,0,4889.97555,0.0,6,6,6.0,0.0,0.0,0,0,1,9.0,12,37,-1,1,20,0.0,0,0,0.0,0,0,Normal Traffic
53,61882234,3,153,56,42,51.0,7.810249676,120,103,113.0,8.888194417,7.950585624,0.096958361,12400000.0,24600000.0,56200000,471,61900000,30900000.0,36200000.0,56500000,5345618,61900000,30900000.0,35800000.0,56300000,5621826,72,72,0.048479181,0.048479181,42,120,78.28571429,33.23007817,1104.238095,0,0,0,91.33333333,153,-1,-1,2,20,138575.0,276679,471,30800000.0,56200000,5345147,Normal Traffic
53,77818,2,60,30,30,30.0,0.0,81,81,81.0,0.0,2852.810404,51.40198926,25939.33333,44882.34954,77765,4,4,4.0,0.0,4,4,49,49.0,0.0,49,49,40,40,25.70099463,25.70099463,30,81,50.4,27.93385043,780.3,0,0,0,63.0,60,-1,-1,1,20,0.0,0,0,0.0,0,0,Normal Traffic
123,68344,1,48,48,48,48.0,0.0,48,48,48.0,0.0,1404.658785,29.26372469,68344.0,0.0,68344,68344,0,0.0,0.0,0,0,0,0.0,0.0,0,0,20,20,14.63186234,14.63186234,48,48,48.0,0.0,0.0,0,0,0,72.0,48,-1,-1,0,20,0.0,0,0,0.0,0,0,Normal Traffic
53,47400,2,64,32,32,32.0,0.0,156,156,156.0,0.0,7932.489451,84.38818565,15800.0,27283.26432,47304,48,48,48.0,0.0,48,48,48,48.0,0.0,48,48,64,40,42.19409283,42.19409283,32,156,81.6,67.91759713,4612.8,0,0,0,102.0,64,-1,-1,1,32,0.0,0,0,0.0,0,0,Normal Traffic
80,1788748,3,26,20,0,8.666666667,10.26320288,4380,0,1933.5,1757.789948,6500.077149,5.031452167,223593.5,626885.6573,1775019,39,13168,6584.0,9046.724159,12981,187,1788376,357675.2,792359.7856,1775058,49,72,132,1.677150722,3.354301444,0,4380,1162.7,1645.241762,2706820.456,0,1,0,1291.888889,26,8192,229,2,20,0.0,0,0,0.0,0,0,DDoS
443,4022560,5,135,46,6,27.0,20.1246118,46,46,46.0,0.0,44.99622131,1.491587447,804512.0,1719460.579,3880098,3,4022560,1005640.0,1916618.485,3880098,3,0,0.0,0.0,0,0,100,20,1.242989539,0.248597908,6,46,32.42857143,18.86670032,355.952381,0,0,1,37.83333333,135,251,123,4,20,0.0,0,0,0.0,0,0,Normal Traffic
53,315,2,70,35,35,35.0,0.0,135,135,135.0,0.0,1079365.079,12698.4127,105.0,142.334114,267,0,48,48.0,0.0,48,48,0,0.0,0.0,0,0,40,40,6349.206349,6349.206349,35,135,75.0,54.77225575,3000.0,0,0,0,93.75,70,-1,-1,1,20,0.0,0,0,0.0,0,0,Normal Traffic
443,115591923,22,822,451,0,37.36363636,105.0118113,1506,0,347.6,588.0858691,67.25383399,0.363347186,2819315.195,4481940.337,10000000,1,116000000,5504377.286,4990996.107,10000000,1,111000000,5819069.158,5089559.318,10100000,57,712,648,0.190324717,0.17302247,0,1506,180.7906977,432.1704116,186771.2647,0,1,0,185.0952381,822,29200,1006,4,32,30795.91667,105414,23353,9601864.25,10000000,5005972,Normal Traffic
21,198748,18,200,43,0,11.11111111,12.18914121,50,0,19.12,14.01879691,3411.355083,216.3543784,4732.095238,14693.0375,71227,1,198659,11685.82353,29349.07996,114947,3,198637,8276.541667,18967.34495,71227,1,384,524,90.5669491,125.7874293,0,50,15.40909091,13.77277088,189.6892178,0,1,0,15.76744186,200,8192,229,16,20,0.0,0,0,0.0,0,0,Normal Traffic
53,61534,2,112,56,56,56.0,0.0,112,112,112.0,0.0,5460.395879,65.00471284,20511.33333,35522.34137,61529,1,1,1.0,0.0,1,1,4,4.0,0.0,4,4,64,64,32.50235642,32.50235642,56,112,78.4,30.67246322,940.8,0,0,0,98.0,112,-1,-1,1,32,0.0,0,0,0.0,0,0,Normal Traffic
53,91259,2,70,35,35,35.0,0.0,127,127,127.0,0.0,3550.334762,43.83129335,30419.66667,52643.37949,91207,4,48,48.0,0.0,48,48,4,4.0,0.0,4,4,64,40,21.91564668,21.91564668,35,127,71.8,50.39047529,2539.2,0,0,0,89.75,70,-1,-1,1,32,0.0,0,0,0.0,0,0,Normal Traffic
45144,23,1,0,0,0,0.0,0.0,0,0,0.0,0.0,0.0,86956.52174,23.0,0.0,23,23,0,0.0,0.0,0,0,0,0.0,0.0,0,0,32,32,43478.26087,43478.26087,0,0,0.0,0.0,0.0,0,0,1,0.0,0,905,229,0,32,0.0,0,0,0.0,0,0,Normal Traffic
53,31540,2,94,47,47,47.0,0.0,115,115,115.0,0.0,10272.66963,126.8230818,10513.33333,18206.16342,31536,1,1,1.0,0.0,1,1,3,3.0,0.0,3,3,64,64,63.4115409,63.4115409,47,115,74.2,37.24513391,1387.2,0,0,0,92.75,94,-1,-1,1,32,0.0,0,0,0.0,0,0,Normal Traffic
80,97738158,6,412,394,0,68.66666667,159.4072353,4355,0,1656.428571,2121.983652,122.8486422,0.133008441,8144846.5,28200000.0,97700000,2,97700000,19500000.0,43700000.0,97700000,2,97700000,16300000.0,39900000.0,97700000,17,164,232,0.061388511,0.07161993,0,4355,858.0714286,1665.730261,2774657.302,1,0,0,924.0769231,412,0,235,3,20,12999.0,12999,12999,97700000.0,97700000,97700000,DoS
53,60221,2,68,34,34,34.0,0.0,125,125,125.0,0.0,5280.5499742615,66.4220122549,20073.6666666667,34762.5483866378,60214,3,4,4.0,0.0,4,4,3,3.0,0.0,3,3,40,40,33.2110061274,33.2110061274,34,125,70.4,49.842752733,2484.3,0,0,0,88.0,68,-1,-1,1,20,0.0,0,0,0.0,0,0,Normal Traffic
53,114464288,2,112,64,48,56.0,11.3137085,176,157,166.5,13.43502884,3.887675429,0.034945397,38200000.0,66000000.0,114000000,30782,114000000,114000000.0,0.0,114000000,114000000,114000000,114000000.0,0.0,114000000,114000000,52,60,0.017472699,0.017472699,48,176,98.6,62.6881169,3929.8,0,0,0,123.25,112,-1,-1,1,20,30782.0,30782,30782,114000000.0,114000000,114000000,Normal Traffic
53,60735,2,78,39,39,39.0,0.0,55,55,55.0,0.0,3095.414506,65.8598831,20245.0,35021.20853,60684,3,48,48.0,0.0,48,48,3,3.0,0.0,3,3,64,64,32.92994155,32.92994155,39,55,45.4,8.76356092,76.8,0,0,0,56.75,78,-1,-1,1,32,0.0,0,0,0.0,0,0,Normal Traffic
443,11681,3,0,0,0,0.0,0.0,0,0,0.0,0.0,0.0,256.8273264275,5840.5,8254.0574567906,11677,4,11681,5840.5,8254.0574567906,11677,4,0,0.0,0.0,0,0,96,0,256.8273264275,0.0,0,0,0.0,0.0,0.0,0,0,1,0.0,0,33300,-1,0,32,0.0,0,0,0.0,0,0,Normal Traffic
53,59870019,4,138,41,28,34.5,7.505553499,109,57,83.0,30.022214,7.850339917,0.133622807,8552859.857,22600000.0,59800000,4,59900000,20000000.0,34600000.0,59900000,4,59800000,19900000.0,34500000.0,59800000,4,80,80,0.066811404,0.066811404,28,109,55.33333333,32.43840317,1052.25,0,0,0,62.25,138,-1,-1,3,20,30865.0,30865,30865,59800000.0,59800000,59800000,Normal Traffic
80,6011405,3,12,6,0,4.0,3.464101615,0,0,0.0,0.0,1.996205546,0.665401849,2003801.667,3438602.32,5974300,28,6011405,3005702.5,4198230.846,5974300,37105,0,0.0,0.0,0,0,72,32,0.499051386,0.166350462,0,6,2.4,3.286335345,10.8,0,1,0,3.0,12,8192,29200,2,20,0.0,0,0,0.0,0,0,Normal Traffic
53,30822,2,62,31,31,31.0,0.0,114,114,114.0,0.0,9408.8637985854,129.7774317046,10274.0,17789.027826163,30815,3,3,3.0,0.0,3,3,4,4.0,0.0,4,4,40,40,64.8887158523,64.8887158523,31,114,64.2,45.4609722729,2066.7,0,0,0,80.25,62,-1,-1,1,20,0.0,0,0,0.0,0,0,Normal Traffic
443,5133754,8,373,198,0,46.625,74.40994077,1590,0,590.0,733.2481163,762.2102656,2.727049251,394904.1538,1323856.997,4796119,3,5133754,733393.4286,1793861.113,4796119,48,307690,61538.0,95749.5007,229306,206,184,132,1.558313858,1.168735393,0,1590,260.8666667,521.8265813,272302.981,0,1,0,279.5,373,8192,123,6,20,0.0,0,0,0.0,0,0,Normal Traffic
48723,3,2,0,0,0,0.0,0.0,0,0,0.0,0.0,0.0,666666.666666667,3.0,0.0,3,3,3,3.0,0.0,3,3,0,0.0,0.0,0,0,64,0,666666.666666667,0.0,0,0,0.0,0.0,0.0,0,0,1,0.0,0,6211,-1,0,32,0.0,0,0,0.0,0,0,Normal Traffic
80,83867222,9,379,379,0,42.11111111,126.3333333,7240,0,2319.0,3331.638186,142.7732994,0.166930532,6451324.769,23200000.0,83700000,1,83700000,10500000.0,29600000.0,83700000,1,144501,36125.25,64372.11389,132321,85,296,168,0.107312485,0.059618047,0,7240,798.2666667,2102.264985,4419518.067,0,0,1,855.2857143,379,251,235,1,32,1993.0,1993,1993,83700000.0,83700000,83700000,DoS
443,116666517,85,3321,1536,0,39.07058824,200.0946674,1418,0,1126.487805,558.0681458,820.2267665,1.431430408,702810.3434,2515735.931,10000000,0,117000000,1388887.107,3422113.609,10100000,1,112000000,1380067.543,3458152.022,10100000,2,2728,2632,0.728572363,0.702858045,0,1536,569.6011905,684.5981569,468674.6364,0,1,0,573.011976,3321,29200,421,6,32,150904.2727,1292279,36685,10000000.0,10000000,10000000,Normal Traffic
80,4000961,4,24,6,6,6.0,0.0,0,0,0.0,0.0,5.998558846,0.999759808,1333653.667,2309536.754,4000477,230,4000961,1333653.667,2309536.754,4000477,230,0,0.0,0.0,0,0,80,0,0.999759808,0.0,6,6,6.0,0.0,0.0,0,0,1,7.5,24,256,-1,3,20,0.0,0,0,0.0,0,0,DDoS
80,13529,2,12,6,6,6.0,0.0,0,0,0.0,0.0,886.9835169,295.6611723,4509.666667,7415.217416,13069,33,460,460.0,0.0,460,460,13496,13496.0,0.0,13496,13496,40,64,147.8305861,147.8305861,0,6,3.6,3.286335345,10.8,1,0,0,4.5,12,0,235,1,20,0.0,0,0,0.0,0,0,DoS
80,99237260,5,358,346,0,71.6,153.4235966,7240,0,1932.5,3129.737609,120.4487105,0.110845463,9923726.0,31400000.0,99200000,3,99200000,24800000.0,49600000.0,99200000,66,99200000,19800000.0,44400000.0,99200000,3,144,200,0.050384301,0.060461161,0,7240,996.5833333,2327.411924,5416846.265,1,0,0,1087.181818,358,0,235,2,20,13037.0,13037,13037,99200000.0,99200000,99200000,DoS
80,1884996,3,442,442,0,147.3333333,255.188819,944,0,236.0,472.0,735.2800749,3.713535732,314166.0,559872.7058,1434729,3,1646565,823282.5,864715.933,1434729,211836,1673186,557728.6667,964788.3531,1671770,3,104,136,1.591515314,2.122020418,0,944,173.25,347.7222825,120910.7857,0,1,0,198.0,442,29200,4822,1,32,0.0,0,0,0.0,0,0,Normal Traffic
53,31066,2,72,36,36,36.0,0.0,97,97,97.0,0.0,8562.415502,128.7581279,10355.33333,17930.76731,31060,3,3,3.0,0.0,3,3,3,3.0,0.0,3,3,64,64,64.37906393,64.37906393,36,97,60.4,33.41107601,1116.3,0,0,0,75.5,72,-1,-1,1,32,0.0,0,0,0.0,0,0,Normal Traffic
443,2604674,53,1649,517,0,31.11320755,109.315468,5792,0,2324.0,1360.325777,74689.19335,52.21382791,19293.88148,171695.5655,1953797,0,650877,12516.86538,58646.94901,408176,0,2604419,31761.20732,224277.6587,1993844,2,1704,2664,20.34803588,31.86579203,0,5792,1420.007299,1544.544329,2385617.184,0,1,0,1430.448529,1649,29200,8,5,32,0.0,0,0,0.0,0,0,Normal Traffic
33208,20,1,0,0,0,0.0,0.0,0,0,0.0,0.0,0.0,100000.0,20.0,0.0,20,20,0,0.0,0.0,0,0,0,0.0,0.0,0,0,32,32,50000.0,50000.0,0,0,0.0,0.0,0.0,0,0,1,0.0,0,122,296,0,32,0.0,0,0,0.0,0,0,Normal Traffic
3878,50,2,4,2,2,2.0,0.0,6,6,6.0,0.0,320000.0,80000.0,16.66666667,27.13546265,48,1,1,1.0,0.0,1,1,1,1.0,0.0,1,1,48,40,40000.0,40000.0,2,6,3.6,2.19089023,4.8,0,1,0,4.5,4,1024,0,1,24,0.0,0,0,0.0,0,0,Normal Traffic
42624,21,1,0,0,0,0.0,0.0,0,0,0.0,0.0,0.0,95238.09524,21.0,0.0,21,21,0,0.0,0.0,0,0,0,0.0,0.0,0,0,32,32,47619.04762,47619.04762,0,0,0.0,0.0,0.0,0,0,1,0.0,0,65,307,0,32,0.0,0,0,0.0,0,0,Normal Traffic
80,1153386,3,26,20,0,8.666666667,10.26320288,10135,0,2321.4,4413.201989,10085.95561,6.93609945,164769.4286,435433.6672,1152240,5,864,432.0,530.3300859,807,57,1153323,288330.75,575939.6235,1152240,5,72,112,2.601037294,4.335062156,0,10135,1292.555556,3350.634907,11200000.0,0,1,0,1454.125,26,8192,229,2,20,0.0,0,0,0.0,0,0,DDoS
32779,60,2,4,2,2,2.0,0.0,6,6,6.0,0.0,266666.6667,66666.66667,20.0,25.23885893,49,3,49,49.0,0.0,49,49,3,3.0,0.0,3,3,48,40,33333.33333,33333.33333,2,6,3.6,2.19089023,4.8,0,1,0,4.5,4,1024,0,1,24,0.0,0,0,0.0,0,0,Normal Traffic
80,248,2,12,6,6,6.0,0.0,0,0,0.0,0.0,48387.0967741936,8064.5161290323,248.0,0.0,248,248,248,248.0,0.0,248,248,0,0.0,0.0,0,0,40,0,8064.5161290323,0.0,6,6,6.0,0.0,0.0,0,0,1,9.0,12,63819,-1,1,20,0.0,0,0,0.0,0,0,Normal Traffic
80,5224991,3,0,0,0,0.0,0.0,0,0,0.0,0.0,0.0,0.765551558,1741663.667,3015880.081,5224102,125,5224991,2612495.5,3693369.332,5224102,889,0,0.0,0.0,0,0,104,40,0.574163668,0.191387889,0,0,0.0,0.0,0.0,0,1,0,0.0,0,29200,28960,0,32,0.0,0,0,0.0,0,0,Web Attacks
53,24143,2,68,34,34,34.0,0.0,190,190,190.0,0.0,18556.10322,165.679493,8047.666667,13896.54894,24094,3,3,3.0,0.0,3,3,46,46.0,0.0,46,46,64,64,82.83974651,82.83974651,34,190,96.4,85.44471897,7300.8,0,0,0,120.5,68,-1,-1,1,32,0.0,0,0,0.0,0,0,Normal Traffic
80,34730497,6,358,340,0,59.66666667,137.3661773,5792,0,1656.428571,2120.732252,344.1643809,0.374310797,2894208.083,9958123.516,34500000,1,34500000,6908812.0,15400000.0,34500000,1,34700000,5788415.833,14100000.0,34500000,14,164,232,0.172758829,0.201551967,0,5792,854.2142857,1666.214419,2776270.489,1,0,0,919.9230769,358,0,235,3,20,11005.0,11005,11005,34500000.0,34500000,34500000,DoS
80,115875163,16,558,558,0,34.875,139.5,512,0,36.5714285714,136.8377558592,9.2340754679,0.2588993122,3995695.27586207,4878942.81917629,10022996,45,115875163,7725010.86666667,4159539.65861012,10060040,47,110632224,8510171.07692308,3754031.8220122,10060249,37314,520,456,0.1380796332,0.120819679,0,558,34.5161290323,133.7380202654,17885.8580645161,0,1,0,35.6666666667,558,29200,341,1,32,46608.2727272727,140422,37044,10010874.7272727,10022996,9999653,Normal Traffic
50864,6929858,1,6,6,6,6.0,0.0,6,6,6.0,0.0,5.194911642,0.865818607,1385971.6,3085263.826,6905038,1,0,0.0,0.0,0,0,6925821,1731455.25,3449069.075,6905038,1,20,100,0.144303101,0.721515506,6,6,6.0,0.0,0.0,0,0,1,7.0,6,229,0,0,20,24820.0,24820,24820,6905038.0,6905038,6905038,Normal Traffic
6666,104,2,4,2,2,2.0,0.0,6,6,6.0,0.0,153846.1538,38461.53846,34.66666667,29.36551265,55,1,1,1.0,0.0,1,1,48,48.0,0.0,48,48,48,40,19230.76923,19230.76923,2,6,3.6,2.19089023,4.8,0,1,0,4.5,4,1024,0,1,24,0.0,0,0,0.0,0,0,Normal Traffic
53,32927,2,60,30,30,30.0,0.0,144,144,144.0,0.0,10568.83409,121.4808516,10975.66667,19006.08225,32922,1,1,1.0,0.0,1,1,4,4.0,0.0,4,4,64,80,60.74042579,60.74042579,30,144,75.6,62.44037156,3898.8,0,0,0,94.5,60,-1,-1,1,32,0.0,0,0,0.0,0,0,Normal Traffic
80,109023,5,30,6,6,6.0,0.0,0,0,0.0,0.0,275.1712941,45.86188236,27255.75,53795.99501,107949,34,109023,27255.75,53795.99501,107949,34,0,0.0,0.0,0,0,100,0,45.86188236,0.0,6,6,6.0,0.0,0.0,0,0,1,7.2,30,256,-1,4,20,0.0,0,0,0.0,0,0,DDoS
80,1775999,3,26,20,0,8.666666667,10.26320288,5840,0,1934.5,2538.919278,6550.116301,5.067570421,221999.875,627604.2122,1775241,2,610,305.0,362.038672,561,49,1775954,355190.8,793832.2346,1775241,2,72,132,1.68919014,3.378380281,0,5840,1163.3,2138.329153,4572451.567,0,1,0,1292.555556,26,8192,229,2,20,0.0,0,0,0.0,0,0,DDoS
80,99448844,6,352,334,0,58.66666667,134.9172586,8688,0,1932.5,3385.244201,120.1321154,0.120665053,9040804.0,29900000.0,99300000,3,99300000,19900000.0,44400000.0,99300000,3,99400000,19900000.0,44400000.0,99300000,94,164,200,0.060332526,0.060332526,0,8688,919.4615385,2394.927021,5735675.436,1,0,0,996.0833333,352,0,235,3,20,17000.0,17000,17000,99300000.0,99300000,99300000,DoS
53,94298859,2,105,64,41,52.5,16.26345597,157,119,138.0,26.87005769,4.040345812,0.042418329,31400000.0,53900000.0,93700000,120442,93800000,93800000.0,0.0,93800000,93800000,94200000,94200000.0,0.0,94200000,94200000,64,52,0.021209164,0.021209164,41,157,89.0,47.63926952,2269.5,0,0,0,111.25,105,-1,-1,1,32,120442.0,120442,120442,93700000.0,93700000,93700000,Normal Traffic
53,60715,1,58,58,58,58.0,0.0,117,117,117.0,0.0,2882.319032,32.94078893,60715.0,0.0,60715,60715,0,0.0,0.0,0,0,0,0.0,0.0,0,0,32,32,16.47039447,16.47039447,58,117,77.66666667,34.06366588,1160.333333,0,0,0,116.5,58,-1,-1,0,32,0.0,0,0,0.0,0,0,Normal Traffic
54519,101,1,6,6,6,6.0,0.0,6,6,6.0,0.0,118811.8812,19801.9802,101.0,0.0,101,101,0,0.0,0.0,0,0,0,0.0,0.0,0,0,20,20,9900.990099,9900.990099,6,6,6.0,0.0,0.0,0,0,1,9.0,6,360,255,0,20,0.0,0,0,0.0,0,0,Normal Traffic
80,36050801,7,434,434,0,62.0,164.0365813,1770,0,252.8571429,668.9971172,61.1359509,0.388340886,2773138.538,4347058.602,10200000,43,31400000,5237681.5,5546956.753,10500000,217,35800000,5964300.5,5085492.648,10500000,801,232,232,0.194170443,0.194170443,0,1770,146.9333333,462.7105647,214101.0667,0,1,0,157.4285714,434,29200,939,1,32,353607.3333,531104,264726,10100000.0,10200000,10000000,Normal Traffic
80,98459878,6,372,354,0,62.0,143.080397,5792,0,1656.428571,2119.480114,121.5418934,0.132033477,8204989.833,28400000.0,98400000,3,98500000,19700000.0,44000000.0,98400000,3,98500000,16400000.0,40200000.0,98500000,49,164,232,0.060938528,0.071094949,0,5792,855.2142857,1665.15059,2772726.489,1,0,0,921.0,372,0,235,3,20,13985.0,13985,13985,98400000.0,98400000,98400000,DoS
80,71465609,8,56,20,0,7.0,5.656854249,7215,0,2900.25,3540.00286,163.1134215,0.167912933,6496873.545,18800000.0,62700000,8,71500000,10200000.0,23400000.0,62700000,8,45494,15164.66667,24280.2886,43179,193,172,92,0.111941955,0.055970978,0,7215,897.1538462,2250.514898,5064817.308,0,0,1,971.9166667,56,256,229,6,20,1802.0,1802,1802,35700000.0,62700000,8690003,DDoS
80,65590,3,358,358,0,119.3333333,206.6913964,5792,0,1932.5,2181.008184,182238.1461,137.216039,8198.75,18992.63869,54246,4,10990,5495.0,7765.446671,10986,4,65564,13112.8,23476.02648,54246,35,104,200,45.73867968,91.47735935,0,5792,1195.3,1886.562544,3559118.233,0,1,0,1328.111111,358,29200,235,1,32,0.0,0,0,0.0,0,0,DoS
41530,57,1,0,0,0,0.0,0.0,0,0,0.0,0.0,0.0,35087.7193,57.0,0.0,57,57,0,0.0,0.0,0,0,0,0.0,0.0,0,0,32,32,17543.85965,17543.85965,0,0,0.0,0.0,0.0,0,0,1,0.0,0,972,245,0,32,0.0,0,0,0.0,0,0,Normal Traffic
53,47245,1,42,42,42,42.0,0.0,129,129,129.0,0.0,3619.430628,42.33252196,47245.0,0.0,47245,47245,0,0.0,0.0,0,0,0,0.0,0.0,0,0,20,20,21.16626098,21.16626098,42,129,71.0,50.22947342,2523.0,0,0,0,106.5,42,-1,-1,0,20,0.0,0,0,0.0,0,0,Normal Traffic
443,64333809,15,1134,501,0,75.6,154.2853571,1460,0,231.125,489.6477475,75.10825296,0.481861722,2144460.3,4113332.144,10200000,2,61300000,4380521.0,5221579.601,10200000,48,64300000,4286748.8,5055311.729,10200000,2,320,332,0.233158898,0.248702824,0,1460,151.0,365.4594104,133560.5806,0,1,0,155.8709677,1134,29200,5120,14,20,58212.5,187328,32284,10200000.0,10200000,9959982,Normal Traffic
53,144334,2,58,29,29,29.0,0.0,117,117,117.0,0.0,2023.085344,27.71349786,48111.33333,83326.94364,144329,1,1,1.0,0.0,1,1,4,4.0,0.0,4,4,64,64,13.85674893,13.85674893,29,117,64.2,48.19958506,2323.2,0,0,0,80.25,58,-1,-1,1,32,0.0,0,0,0.0,0,0,Normal Traffic
1098,48,2,4,2,2,2.0,0.0,0,0,0.0,0.0,83333.33333,41666.66667,48.0,0.0,48,48,48,48.0,0.0,48,48,0,0.0,0.0,0,0,48,0,41666.66667,0.0,2,2,2.0,0.0,0.0,0,1,0,3.0,4,1024,-1,1,24,0.0,0,0,0.0,0,0,Normal Traffic
35425,400,3,31,31,0,10.33333333,17.89785834,0,0,0.0,0.0,77500.0,7500.0,200.0,278.6000718,397,3,400,200.0,278.6000718,397,3,0,0.0,0.0,0,0,96,0,7500.0,0.0,0,31,7.75,15.5,240.25,0,0,1,10.33333333,31,68,-1,1,32,0.0,0,0,0.0,0,0,Normal Traffic
53,23241,1,51,51,51,51.0,0.0,133,133,133.0,0.0,7917.043156,86.05481692,23241.0,0.0,23241,23241,0,0.0,0.0,0,0,0,0.0,0.0,0,0,20,20,43.02740846,43.02740846,51,133,78.33333333,47.34272207,2241.333333,0,0,0,117.5,51,-1,-1,0,20,0.0,0,0,0.0,0,0,Normal Traffic
683,110,1,0,0,0,0.0,0.0,6,6,6.0,0.0,54545.45455,18181.81818,110.0,0.0,110,110,0,0.0,0.0,0,0,0,0.0,0.0,0,0,40,20,9090.909091,9090.909091,0,6,2.0,3.464101615,12.0,0,1,0,3.0,0,29200,0,0,40,0.0,0,0,0.0,0,0,Port Scanning
80,100965658,6,341,323,0,56.83333333,130.42763,5792,0,1656.428571,2119.480114,118.2184144,0.128756651,8413804.833,29100000.0,101000000,6,101000000,20200000.0,45100000.0,101000000,6,101000000,16800000.0,41200000.0,101000000,46,164,232,0.059426147,0.069330504,0,5792,853.0,1665.888813,2775185.538,1,0,0,918.6153846,341,0,235,3,20,10988.0,10988,10988,101000000.0,101000000,101000000,DoS
55600,64,1,0,0,0,0.0,0.0,6,6,6.0,0.0,93750.0,31250.0,64.0,0.0,64,64,0,0.0,0.0,0,0,0,0.0,0.0,0,0,40,20,15625.0,15625.0,0,6,2.0,3.464101615,12.0,0,1,0,3.0,0,29200,0,0,40,0.0,0,0,0.0,0,0,Port Scanning
53,252851,1,38,38,38,38.0,0.0,72,72,72.0,0.0,435.0388173272,7.9097966787,252851.0,0.0,252851,252851,0,0.0,0.0,0,0,0,0.0,0.0,0,0,32,20,3.9548983393,3.9548983393,38,72,49.3333333333,19.6299091524,385.3333333333,0,0,0,74.0,38,-1,-1,0,32,0.0,0,0,0.0,0,0,Normal Traffic
53,106665,1,51,51,51,51.0,0.0,128,128,128.0,0.0,1678.151221,18.75029297,106665.0,0.0,106665,106665,0,0.0,0.0,0,0,0,0.0,0.0,0,0,20,32,9.375146487,9.375146487,51,128,76.66666667,44.45597073,1976.333333,0,0,0,115.0,51,-1,-1,0,20,0.0,0,0,0.0,0,0,Normal Traffic
53,199,2,64,32,32,32.0,0.0,102,102,102.0,0.0,1346733.66834171,20100.5025125628,66.3333333333,73.2416093033,147,4,4,4.0,0.0,4,4,48,48.0,0.0,48,48,64,64,10050.2512562814,10050.2512562814,32,102,60.0,38.3405790254,1470.0,0,0,0,75.0,64,-1,-1,1,32,0.0,0,0,0.0,0,0,Normal Traffic
80,86029087,8,300,294,0,37.5,103.6629153,4344,0,1932.5,1754.831473,138.2671886,0.162735657,6617622.077,23800000.0,85900000,1,85900000,12300000.0,32500000.0,85900000,1,142497,28499.4,56043.74448,128170,47,252,200,0.092991804,0.069743853,0,4344,793.0,1425.738956,2032731.571,0,0,1,849.6428571,300,251,235,2,20,2008.0,2008,2008,85900000.0,85900000,85900000,DoS
80,66903071,8,388,382,0,48.5,134.7707047,5792,0,1932.5,2537.820147,179.1098648,0.209257958,5146390.077,18300000.0,65900000,2,66900000,9557510.286,24800000.0,65900000,2,1328,265.6,354.2715061,890,49,260,200,0.119575976,0.089681982,0,5792,798.8666667,1796.487321,3227366.695,0,0,1,855.9285714,388,251,235,2,20,1996.0,1996,1996,65900000.0,65900000,65900000,DoS
443,6104530,12,1367,839,0,113.9166667,252.6911368,1448,0,722.8,674.6098132,1407.970802,3.603881052,290691.9048,1088079.66,5000662,1,1103865,100351.3636,183168.614,634756,1,6014003,668222.5556,1641846.15,5000699,2,392,328,1.965753301,1.638127751,0,1448,373.6956522,562.7236876,316657.9486,0,1,0,390.6818182,1367,29200,18,3,32,1103865.0,1103865,1103865,5000662.0,5000662,5000662,Normal Traffic
80,98806885,5,337,325,0,67.4,144.0340238,7240,0,1656.428571,2698.609263,120.7608154,0.121449027,8982444.091,29800000.0,98800000,17,98800000,24700000.0,49400000.0,98800000,1006,98800000,16500000.0,40300000.0,98800000,60,144,232,0.050603761,0.070845265,0,7240,918.3076923,2082.550855,4337018.064,1,0,0,994.8333333,337,0,235,2,20,13987.0,13987,13987,98800000.0,98800000,98800000,DoS
53,139463,1,43,43,43,43.0,0.0,136,136,136.0,0.0,1283.494547,14.34072119,139463.0,0.0,139463,139463,0,0.0,0.0,0,0,0,0.0,0.0,0,0,20,20,7.170360597,7.170360597,43,136,74.0,53.69357503,2883.0,0,0,0,111.0,43,-1,-1,0,20,0.0,0,0,0.0,0,0,Normal Traffic
53,30809,1,48,48,48,48.0,0.0,64,64,64.0,0.0,3635.3013729754,64.916095946,30809.0,0.0,30809,30809,0,0.0,0.0,0,0,0,0.0,0.0,0,0,32,32,32.458047973,32.458047973,48,64,53.3333333333,9.237604307,85.3333333333,0,0,0,80.0,48,-1,-1,0,32,0.0,0,0,0.0,0,0,Normal Traffic
53,46278,1,45,45,45,45.0,0.0,356,356,356.0,0.0,8665.0244176499,43.2170793898,46278.0,0.0,46278,46278,0,0.0,0.0,0,0,0,0.0,0.0,0,0,32,20,21.6085396949,21.6085396949,45,356,148.6666666667,179.555933718,32240.3333333333,0,0,0,223.0,45,-1,-1,0,32,0.0,0,0,0.0,0,0,Normal Traffic
53,114469,1,52,52,52,52.0,0.0,117,117,117.0,0.0,1476.382252,17.47197931,114469.0,0.0,114469,114469,0,0.0,0.0,0,0,0,0.0,0.0,0,0,32,20,8.735989657,8.735989657,52,117,73.66666667,37.5277675,1408.333333,0,0,0,110.5,52,-1,-1,0,32,0.0,0,0,0.0,0,0,Normal Traffic
80,902315,3,26,20,0,8.666666667,10.26320288,5840,0,1933.5,2189.772933,12885.74389,9.974343771,112789.375,310798.8955,881797,13,19816,9908.0,13488.76896,19446,370,902280,180456.0,392153.6932,881797,13,72,132,3.324781257,6.649562514,0,5840,1162.7,1911.59573,3654198.233,0,1,0,1291.888889,26,8192,229,2,20,0.0,0,0,0.0,0,0,DDoS
53,212,2,92,46,46,46.0,0.0,142,142,142.0,0.0,1773584.906,18867.92453,70.66666667,80.43216604,160,4,48,48.0,0.0,48,48,4,4.0,0.0,4,4,64,64,9433.962264,9433.962264,46,142,84.4,52.58136552,2764.8,0,0,0,105.5,92,-1,-1,1,32,0.0,0,0,0.0,0,0,Normal Traffic
80,512525,3,26,20,0,8.666666667,10.26320288,7300,0,2321.4,3346.363967,22697.42939,15.60899468,73217.85714,193139.6229,511217,3,984,492.0,500.6316011,846,138,512429,128107.25,255406.8763,511217,3,72,112,5.853373006,9.755621677,0,7300,1292.555556,2662.264877,7087654.278,0,1,0,1454.125,26,8192,229,2,20,0.0,0,0,0.0,0,0,DDoS
443,1821193,9,703,267,0,78.11111111,103.3022803,1448,0,359.0909091,569.9183195,2554.918671,10.98181247,95852.26316,170326.3053,585408,1,1140614,142576.75,208993.1145,629852,368,1726132,172613.2,213781.8534,585408,4,296,360,4.941815612,6.039996859,0,1448,221.5714286,434.4990876,188789.4571,0,1,0,232.65,703,29200,254,4,32,0.0,0,0,0.0,0,0,Normal Traffic
49469,93,1,6,6,6,6.0,0.0,6,6,6.0,0.0,129032.258064516,21505.376344086,93.0,0.0,93,93,0,0.0,0.0,0,0,0,0.0,0.0,0,0,20,20,10752.688172043,10752.688172043,6,6,6.0,0.0,0.0,0,0,1,9.0,6,66,254,0,20,0.0,0,0,0.0,0,0,Normal Traffic
9943,66,2,4,2,2,2.0,0.0,6,6,6.0,0.0,242424.2424,60606.06061,22.0,8.660254038,32,17,49,49.0,0.0,49,49,49,49.0,0.0,49,49,48,40,30303.0303,30303.0303,2,6,3.6,2.19089023,4.8,0,1,0,4.5,4,1024,0,1,24,0.0,0,0,0.0,0,0,Normal Traffic
53,60321,2,70,35,35,35.0,0.0,83,83,83.0,0.0,3912.401983,66.31189801,20107.0,34780.45352,60268,4,4,4.0,0.0,4,4,49,49.0,0.0,49,49,40,64,33.15594901,33.15594901,35,83,54.2,26.29068276,691.2,0,0,0,67.75,70,-1,-1,1,20,0.0,0,0,0.0,0,0,Normal Traffic
80,5855893,3,12,6,0,4.0,3.464101615,2,2,2.0,0.0,2.390754066,0.68307259,1951964.333,3305916.374,5768979,71,5855893,2927946.5,4017826.693,5768979,86914,0,0.0,0.0,0,0,80,24,0.512304443,0.170768148,0,6,2.8,3.033150178,9.2,0,1,0,3.5,12,29200,8190,2,20,0.0,0,0,0.0,0,0,Normal Traffic
53,31096,2,72,36,36,36.0,0.0,142,142,142.0,0.0,11448.4178,128.6339079,10365.33333,17946.35577,31088,4,4,4.0,0.0,4,4,4,4.0,0.0,4,4,64,64,64.31695395,64.31695395,36,142,78.4,58.0585911,3370.8,0,0,0,98.0,72,-1,-1,1,32,0.0,0,0,0.0,0,0,Normal Traffic
53,46598,2,60,30,30,30.0,0.0,107,107,107.0,0.0,5880.0806901584,85.8405940169,15532.6666666667,26897.305670519,46591,3,3,3.0,0.0,3,3,4,4.0,0.0,4,4,64,40,42.9202970085,42.9202970085,30,107,60.8,42.1746369279,1778.7,0,0,0,76.0,60,-1,-1,1,32,0.0,0,0,0.0,0,0,Normal Traffic
443,199941,11,886,437,0,80.5454545455,144.5229141945,1448,0,706.375,740.8055340545,32694.6449202515,95.0280332698,11107.8333333333,18168.8434066479,55524,1,199941,19994.1,21543.0757808629,55634,1,168804,24114.8571428571,32862.0471995105,86653,174,364,264,55.0162297878,40.011803482,0,1448,326.85,560.868149906,314573.081578947,0,1,0,344.0526315789,886,65535,122,5,32,0.0,0,0,0.0,0,0,Normal Traffic
80,100430794,10,978,324,0,97.8,156.1038116,4344,0,1656.428571,1547.737688,125.190686,0.169270792,6276924.625,25000000.0,99900000,1,100000000,11100000.0,33300000.0,99900000,1,562591,93765.16667,170949.1865,424017,14,316,232,0.099571054,0.069699738,0,4344,698.5,1215.39063,1477174.382,0,0,1,739.5882353,978,251,235,4,20,984.0,984,984,99900000.0,99900000,99900000,DoS
443,265274,6,356,212,0,59.3333333333,89.2248097037,2042,0,756.4,937.5194931307,15598.9655978347,41.4665591049,26527.4,40210.9860809207,85041,25,265274,53054.8,45783.7354057093,89376,40,180492,45123.0,49409.1145302834,90962,192,132,112,22.6181231481,18.8484359568,0,2042,344.8333333333,674.9063010163,455498.515151515,0,1,0,376.1818181818,356,8192,60,5,20,0.0,0,0,0.0,0,0,Normal Traffic
39738,16,1,0,0,0,0.0,0.0,0,0,0.0,0.0,0.0,125000.0,16.0,0.0,16,16,0,0.0,0.0,0,0,0,0.0,0.0,0,0,32,32,62500.0,62500.0,0,0,0.0,0.0,0.0,0,0,1,0.0,0,383,372,0,32,0.0,0,0,0.0,0,0,Normal Traffic
53,61252,2,60,30,30,30.0,0.0,234,234,234.0,0.0,8620.12669,65.30399007,20417.33333,35359.52859,61247,1,4,4.0,0.0,4,4,1,1.0,0.0,1,1,40,64,32.65199504,32.65199504,30,234,111.6,111.7354017,12484.8,0,0,0,139.5,60,-1,-1,1,20,0.0,0,0,0.0,0,0,Normal Traffic
80,115293064,20,432,324,0,21.6,71.19018265,2292,0,635.3636364,799.5530624,124.9858361,0.364289043,2812025.951,4468192.479,10000000,3,115000000,6068056.0,4893914.079,10000000,3,110000000,5258782.0,5133748.535,10000000,48,412,584,0.173470973,0.19081807,0,2292,335.1162791,647.0206153,418635.6766,0,1,0,343.0952381,432,8192,946,19,20,41603.27273,80147,37586,9997899.091,10000000,9991395,Normal Traffic
54123,48,1,0,0,0,0.0,0.0,0,0,0.0,0.0,0.0,41666.66667,48.0,0.0,48,48,0,0.0,0.0,0,0,0,0.0,0.0,0,0,32,32,20833.33333,20833.33333,0,0,0.0,0.0,0.0,0,0,1,0.0,0,122,33304,0,32,0.0,0,0,0.0,0,0,Normal Traffic
3268,51,1,0,0,0,0.0,0.0,6,6,6.0,0.0,117647.0588,39215.68627,51.0,0.0,51,51,0,0.0,0.0,0,0,0,0.0,0.0,0,0,40,20,19607.84314,19607.84314,0,6,2.0,3.464101615,12.0,0,1,0,3.0,0,29200,0,0,40,0.0,0,0,0.0,0,0,Port Scanning
53,30542,1,85,85,85,85.0,0.0,167,167,167.0,0.0,8250.933141,65.48359636,30542.0,0.0,30542,30542,0,0.0,0.0,0,0,0,0.0,0.0,0,0,20,20,32.74179818,32.74179818,85,167,112.3333333,47.34272207,2241.333333,0,0,0,168.5,85,-1,-1,0,20,0.0,0,0,0.0,0,0,Normal Traffic
80,6096888,4,24,6,6,6.0,0.0,0,0,0.0,0.0,3.936434456,0.656072409,2032296.0,3512235.6,6087873,1,6096888,2032296.0,3512235.6,6087873,1,0,0.0,0.0,0,0,80,0,0.656072409,0.0,6,6,6.0,0.0,0.0,0,0,1,7.5,24,256,-1,3,20,9015.0,9015,9015,6087873.0,6087873,6087873,DDoS
53,109009686,2,91,49,42,45.5,4.949747468,92,65,78.5,19.09188309,2.275027193,0.036693987,36300000.0,62700000.0,109000000,23633,109000000,109000000.0,0.0,109000000,109000000,109000000,109000000.0,0.0,109000000,109000000,40,60,0.018346993,0.018346993,42,92,59.4,20.08233054,403.3,0,0,0,74.25,91,-1,-1,1,20,23633.0,23633,23633,109000000.0,109000000,109000000,Normal Traffic
80,98713637,9,370,370,0,41.11111111,123.3333333,5792,0,1932.5,2181.008184,121.2091902,0.151954689,7050974.071,26400000.0,98700000,1,98700000,12300000.0,34900000.0,98700000,1,42339,8467.8,13878.44124,32088,46,296,200,0.091172813,0.060781876,0,5792,747.8125,1578.620589,2492042.963,0,0,1,797.6666667,370,251,235,1,32,1003.0,1003,1003,98700000.0,98700000,98700000,DoS
80,47,2,0,0,0,0.0,0.0,0,0,0.0,0.0,0.0,42553.19149,47.0,0.0,47,47,47,47.0,0.0,47,47,0,0.0,0.0,0,0,40,0,42553.19149,0.0,0,0,0.0,0.0,0.0,0,0,1,0.0,0,64240,-1,0,20,0.0,0,0,0.0,0,0,Normal Traffic
80,323956,3,26,20,0,8.666666667,10.26320288,7215,0,2321.4,3327.769794,35909.19755,24.69471163,46279.42857,121775.9649,322440,4,1257,628.5,819.5367594,1208,49,323848,80962.0,160986.2779,322440,4,72,112,9.26051686,15.43419477,0,7215,1292.555556,2650.585648,7025604.278,0,1,0,1454.125,26,8192,229,2,20,0.0,0,0,0.0,0,0,DDoS
1761,99,2,4,2,2,2.0,0.0,6,6,6.0,0.0,161616.1616,40404.0404,33.0,27.71281292,49,1,49,49.0,0.0,49,49,49,49.0,0.0,49,49,48,40,20202.0202,20202.0202,2,6,3.6,2.19089023,4.8,0,1,0,4.5,4,1024,0,1,24,0.0,0,0,0.0,0,0,Normal Traffic
53,31113,2,74,37,37,37.0,0.0,77,77,77.0,0.0,7328.126507,128.5636229,10371.0,17959.63485,31109,1,3,3.0,0.0,3,3,1,1.0,0.0,1,1,64,64,64.28181146,64.28181146,37,77,53.0,21.9089023,480.0,0,0,0,66.25,74,-1,-1,1,32,0.0,0,0,0.0,0,0,Normal Traffic
443,116504067,18,1761,705,0,97.83333333,179.5482075,2313,0,384.6666667,639.8725057,74.54675381,0.309002088,3328687.629,13700000.0,58100000,0,117000000,6853180.412,19300000.0,58100000,62,116000000,6847722.882,19300000.0,58200000,0,372,372,0.154501044,0.154501044,0,2313,234.7297297,480.3226143,230709.8138,0,1,0,241.25,1761,8192,373,17,20,171513.0,249670,93356,58000000.0,58100000,58000000,Normal Traffic
53,181,2,102,51,51,51.0,0.0,79,79,79.0,0.0,1436464.088,22099.44751,60.33333333,21.36195996,85,48,48,48.0,0.0,48,48,48,48.0,0.0,48,48,64,64,11049.72376,11049.72376,51,79,62.2,15.33623161,235.2,0,0,0,77.75,102,-1,-1,1,32,0.0,0,0,0.0,0,0,Normal Traffic
80,172234,3,26,20,0,8.666666667,10.26320288,5840,0,2321.4,3173.373883,67541.83262,46.44843643,24604.85714,64438.73711,170737,19,654,327.0,435.5777772,635,19,172198,43049.5,85125.35478,170737,142,72,112,17.41816366,29.03027277,0,5840,1292.555556,2554.159212,6523729.278,0,1,0,1454.125,26,8192,229,2,20,0.0,0,0,0.0,0,0,DDoS
443,149976,6,1230,575,0,205.0,268.9654252873,1590,0,603.8333333333,726.1180115289,32358.5106950445,80.0128020483,13634.1818181818,15235.9545077962,33870,79,119452,23890.4,22264.9670401732,52522,718,119943,23988.6,22858.5249589732,52263,212,132,132,40.0064010242,40.0064010242,0,1590,373.3076923077,549.7063435168,302177.064102564,0,1,0,404.4166666667,1230,8192,132,5,20,0.0,0,0,0.0,0,0,Normal Traffic
53,31317,2,62,31,31,31.0,0.0,63,63,63.0,0.0,6003.129291,127.7261551,10439.0,18075.68223,31311,3,3,3.0,0.0,3,3,3,3.0,0.0,3,3,40,40,63.86307756,63.86307756,31,63,43.8,17.52712184,307.2,0,0,0,54.75,62,-1,-1,1,20,0.0,0,0,0.0,0,0,Normal Traffic
443,15524178,11,699,377,0,63.54545455,123.2893861,2896,0,648.0,978.9023331,462.4399437,1.352728628,776208.9,2423345.321,10000000,38,10700000,1065922.7,3146275.07,10000000,139,15500000,1719253.778,3502084.857,10100000,149,360,328,0.708572138,0.644156489,0,2896,326.3181818,713.0441372,508431.9416,0,1,0,341.8571429,699,29200,114,3,32,644946.0,644946,644946,10000000.0,10000000,10000000,Normal Traffic
80,12970,2,12,6,6,6.0,0.0,0,0,0.0,0.0,925.2120278,231.3030069,6485.0,9110.363769,12927,43,12970,12970.0,0.0,12970,12970,0,0.0,0.0,0,0,40,32,154.2020046,77.10100231,0,6,4.5,3.0,9.0,1,0,0,6.0,12,0,235,1,20,0.0,0,0,0.0,0,0,DoS
443,119199186,26,1862,475,0,71.61538462,132.0657645,2860,0,650.7575758,793.9005775,195.7815383,0.494969823,2055158.379,10800000.0,58600000,1,119000000,4767967.44,16200000.0,58600000,134,119000000,3717674.313,14400000.0,58900000,1,532,672,0.218122295,0.276847528,0,2860,388.95,659.1773873,434514.828,0,1,0,395.5423729,1862,8192,377,12,20,984621.0,1731641,237601,58500000.0,58600000,58400000,Normal Traffic
57869,4,2,12,6,6,6.0,0.0,0,0,0.0,0.0,3000000.0,500000.0,4.0,0.0,4,4,4,4.0,0.0,4,4,0,0.0,0.0,0,0,40,0,500000.0,0.0,6,6,6.0,0.0,0.0,0,0,1,9.0,12,5563,-1,1,20,0.0,0,0,0.0,0,0,Normal Traffic
443,5912944,8,384,203,0,48.0,75.36387918,1511,0,748.0,798.9911138,823.9550383,2.367686892,454841.8462,1483486.677,5388699,4,5912944,844706.2857,2004638.305,5388699,4,393301,78660.2,119929.6998,272672,50,172,132,1.352963938,1.014722954,0,1511,324.8,599.0899289,358908.7429,0,1,0,348.0,384,8192,110,7,20,524241.0,524241,524241,5388699.0,5388699,5388699,Normal Traffic
53,23441,1,44,44,44,44.0,0.0,108,108,108.0,0.0,6484.365001,85.32059212,23441.0,0.0,23441,23441,0,0.0,0.0,0,0,0,0.0,0.0,0,0,40,32,42.66029606,42.66029606,44,108,65.33333333,36.95041723,1365.333333,0,0,0,98.0,44,-1,-1,0,40,0.0,0,0,0.0,0,0,Normal Traffic
21,66,1,0,0,0,0.0,0.0,0,0,0.0,0.0,0.0,45454.54545,33.0,22.627417,49,17,0,0.0,0.0,0,0,49,49.0,0.0,49,49,20,40,15151.51515,30303.0303,0,0,0.0,0.0,0.0,0,0,1,0.0,0,16370,229,0,20,0.0,0,0,0.0,0,0,Normal Traffic
53,257,2,74,37,37,37.0,0.0,222,222,222.0,0.0,2015564.20233463,15564.2023346303,85.6666666667,143.1863587544,251,2,2,2.0,0.0,2,2,4,4.0,0.0,4,4,64,64,7782.1011673152,7782.1011673152,37,222,111.0,101.3286731385,10267.5,0,0,0,138.75,74,-1,-1,1,32,0.0,0,0,0.0,0,0,Normal Traffic
51145,50332,2,280,274,6,140.0,189.5046174,6,6,6.0,0.0,5682.269729,59.60422793,25166.0,35465.64772,50244,88,50332,50332.0,0.0,50332,50332,0,0.0,0.0,0,0,40,20,39.73615195,19.86807598,6,274,140.0,154.7298721,23941.33333,0,0,1,186.6666667,280,60,0,1,20,0.0,0,0,0.0,0,0,Normal Traffic
80,258454,3,26,20,0,8.666666667,10.26320288,8675,0,2320.2,3626.369424,44986.72878,30.95328376,36922.0,90702.69076,242217,81,15764,7882.0,10657.51341,15418,346,258373,64593.25,118643.2462,242217,189,72,112,11.60748141,19.34580235,0,8675,1291.888889,2839.421263,8062313.111,0,1,0,1453.375,26,8192,229,2,20,0.0,0,0,0.0,0,0,DDoS
53,25999,2,92,46,46,46.0,0.0,131,131,131.0,0.0,13615.9083,153.8520712,8666.333333,15003.60145,25991,4,4,4.0,0.0,4,4,4,4.0,0.0,4,4,64,64,76.92603562,76.92603562,46,131,80.0,46.55641739,2167.5,0,0,0,100.0,92,-1,-1,1,32,0.0,0,0,0.0,0,0,Normal Traffic
55283,122,1,6,6,6,6.0,0.0,6,6,6.0,0.0,98360.65574,16393.44262,122.0,0.0,122,122,0,0.0,0.0,0,0,0,0.0,0.0,0,0,20,20,8196.721311,8196.721311,6,6,6.0,0.0,0.0,0,0,1,9.0,6,913,256,0,20,0.0,0,0,0.0,0,0,Normal Traffic
80,71098374,8,56,20,0,7.0,5.656854249,10135,0,2321.4,4413.201989,164.0403197,0.18284525,5924864.5,17300000.0,60300000,0,70100000,10000000.0,22500000.0,60300000,0,1006292,251573.0,502502.1148,1005326,5,172,112,0.112520154,0.070325096,0,10135,833.5,2705.044255,7317264.423,0,0,1,897.6153846,56,256,229,6,20,4010.0,4010,4010,35000000.0,60300000,9802743,DDoS
123,65021650,2,96,48,48,48.0,0.0,48,48,48.0,0.0,2.952862623,0.061517971,21700000.0,37500000.0,65000000,23793,65000000,65000000.0,0.0,65000000,65000000,65000000,65000000.0,0.0,65000000,65000000,64,64,0.030758986,0.030758986,48,48,48.0,0.0,0.0,0,0,0,60.0,96,-1,-1,1,32,23943.0,23943,23943,65000000.0,65000000,65000000,Normal Traffic
80,85958977,9,366,354,0,40.66666667,117.5287199,11584,0,2898.75,5790.168989,139.1477705,0.151234932,7163248.083,24500000.0,85000000,2,86000000,10700000.0,30000000.0,85000000,2,4925,1641.666667,2385.346166,4394,174,280,136,0.104701106,0.046533825,0,11584,854.3571429,3089.630289,9545815.324,0,0,1,920.0769231,366,251,235,3,20,1986.0,1986,1986,85000000.0,85000000,85000000,DoS
53,1902360,2,88,44,44,44.0,0.0,72,60,66.0,8.485281374,115.6458294,2.102651443,634120.0,1044809.435,1840562,30723,1871285,1871285.0,0.0,1871285,1871285,1871637,1871637.0,0.0,1871637,1871637,72,52,1.051325722,1.051325722,44,72,52.8,12.77497554,163.2,0,0,0,66.0,88,-1,-1,1,32,0.0,0,0,0.0,0,0,Normal Traffic
53,23452,2,84,42,42,42.0,0.0,141,141,141.0,0.0,15606.3448746376,170.5611461709,7817.3333333333,13534.8223606124,23446,3,3,3.0,0.0,3,3,3,3.0,0.0,3,3,40,40,85.2805730855,85.2805730855,42,141,81.6,54.224533193,2940.3,0,0,0,102.0,84,-1,-1,1,20,0.0,0,0,0.0,0,0,Normal Traffic
53,91465,1,49,49,49,49.0,0.0,174,174,174.0,0.0,2438.091073,21.86628765,91465.0,0.0,91465,91465,0,0.0,0.0,0,0,0,0.0,0.0,0,0,40,32,10.93314383,10.93314383,49,174,90.66666667,72.16878365,5208.333333,0,0,0,136.0,49,-1,-1,0,40,0.0,0,0,0.0,0,0,Normal Traffic
53,65791,1,42,42,42,42.0,0.0,58,58,58.0,0.0,1519.964737,30.39929474,65791.0,0.0,65791,65791,0,0.0,0.0,0,0,0,0.0,0.0,0,0,20,20,15.19964737,15.19964737,42,58,47.33333333,9.237604307,85.33333333,0,0,0,71.0,42,-1,-1,0,20,0.0,0,0,0.0,0,0,Normal Traffic
1056,74,1,0,0,0,0.0,0.0,6,6,6.0,0.0,81081.08108,27027.02703,74.0,0.0,74,74,0,0.0,0.0,0,0,0,0.0,0.0,0,0,40,20,13513.51351,13513.51351,0,6,2.0,3.464101615,12.0,0,1,0,3.0,0,29200,0,0,40,0.0,0,0,0.0,0,0,Port Scanning
52175,113,2,12,6,6,6.0,0.0,6,6,6.0,0.0,159292.0354,26548.67257,56.5,77.07463915,111,2,2,2.0,0.0,2,2,0,0.0,0.0,0,0,40,20,17699.11504,8849.557522,6,6,6.0,0.0,0.0,0,0,1,8.0,12,68,65535,1,20,0.0,0,0,0.0,0,0,Normal Traffic
443,105518353,44,84027,4644,0,1909.704545,1735.214906,1460,0,152.8163265,323.129339,867.2898827,0.881363264,1146938.62,6977750.864,60000000,3,106000000,2453915.186,10100000.0,60000000,3,45500000,947108.0833,4430916.026,23200000,3,892,992,0.416989071,0.464374193,0,4644,973.5638298,1491.90967,2225794.464,0,1,0,984.0322581,84027,8192,513,43,20,824972.5,1181645,468300,21800000.0,23100000,20600000,Normal Traffic
51362,14706,2,0,0,0,0.0,0.0,6,6,6.0,0.0,815.9934721,271.997824,4902.0,8280.085326,14463,105,14706,14706.0,0.0,14706,14706,105,105.0,0.0,105,105,64,40,135.998912,135.998912,0,6,2.4,3.286335345,10.8,0,0,1,3.0,0,235,0,0,32,0.0,0,0,0.0,0,0,Normal Traffic
50289,4793,28,57598,3578,0,2057.071429,862.4530874,0,0,0.0,0.0,12000000.0,6050.490298,171.1785714,62.0824145,237,1,4793,177.5185185,58.99046231,237,1,0,0.0,0.0,0,0,560,20,5841.852702,208.6375965,0,3578,1968.6,917.953218,842638.1103,0,0,1,2036.482759,57598,66,0,26,20,0.0,0,0,0.0,0,0,Normal Traffic
53,30601,1,51,51,51,51.0,0.0,112,112,112.0,0.0,5326.623313,65.35734126,30601.0,0.0,30601,30601,0,0.0,0.0,0,0,0,0.0,0.0,0,0,32,20,32.67867063,32.67867063,51,112,71.33333333,35.21836642,1240.333333,0,0,0,107.0,51,-1,-1,0,32,0.0,0,0,0.0,0,0,Normal Traffic
51832,83,1,0,0,0,0.0,0.0,0,0,0.0,0.0,0.0,24096.3855421687,83.0,0.0,83,83,0,0.0,0.0,0,0,0,0.0,0.0,0,0,32,32,12048.1927710843,12048.1927710843,0,0,0.0,0.0,0.0,0,0,1,0.0,0,939,256,0,32,0.0,0,0,0.0,0,0,Normal Traffic
31038,16,1,2,2,2,2.0,0.0,6,6,6.0,0.0,500000.0,125000.0,16.0,0.0,16,16,0,0.0,0.0,0,0,0,0.0,0.0,0,0,24,20,62500.0,62500.0,2,6,3.333333333,2.309401077,5.333333333,0,1,0,5.0,2,1024,0,0,24,0.0,0,0,0.0,0,0,Port Scanning
443,1952240,12,969,429,0,80.75,129.5349198,1430,0,386.1538462,527.858069,3067.758063,12.80580257,81343.33333,353732.8608,1739839,1,1952240,177476.3636,534791.1,1788560,41,163411,13617.58333,23955.61941,58070,1,252,272,6.146785231,6.659017334,0,1430,230.3461538,408.1851484,166615.1154,0,1,0,239.56,969,8192,180,6,20,0.0,0,0,0.0,0,0,Normal Traffic
58077,54,1,0,0,0,0.0,0.0,0,0,0.0,0.0,0.0,37037.03704,54.0,0.0,54,54,0,0.0,0.0,0,0,0,0.0,0.0,0,0,32,32,18518.51852,18518.51852,0,0,0.0,0.0,0.0,0,0,1,0.0,0,4680,29200,0,32,0.0,0,0,0.0,0,0,Normal Traffic
23079,68,3,43,31,6,14.33333333,14.43375673,6,6,6.0,0.0,720588.2353,58823.52941,22.66666667,23.11565126,47,1,48,24.0,32.52691193,47,1,0,0.0,0.0,0,0,60,20,44117.64706,14705.88235,6,31,11.0,11.18033989,125.0,0,0,1,13.75,43,3027,0,2,20,0.0,0,0,0.0,0,0,Normal Traffic
53,198,2,102,51,51,51.0,0.0,67,67,67.0,0.0,1191919.192,20202.0202,66.0,32.04684072,103,47,47,47.0,0.0,47,47,48,48.0,0.0,48,48,64,64,10101.0101,10101.0101,51,67,57.4,8.76356092,76.8,0,0,0,71.75,102,-1,-1,1,32,0.0,0,0,0.0,0,0,Normal Traffic
35872,448,2,0,0,0,0.0,0.0,0,0,0.0,0.0,0.0,4464.2857142857,448.0,0.0,448,448,448,448.0,0.0,448,448,0,0.0,0.0,0,0,64,0,4464.2857142857,0.0,0,0,0.0,0.0,0.0,0,0,1,0.0,0,905,-1,0,32,0.0,0,0,0.0,0,0,Normal Traffic
53,9119004,8,300,42,33,37.5,4.810702354,109,92,100.5,9.814954576,76.98209147,1.315933187,829000.3636,2703703.031,8980807,1,9088910,1298415.714,3403003.787,9015600,1,9041982,3013994.0,5220377.751,9041967,4,160,80,0.877288792,0.438644396,33,109,57.23076923,30.6679905,940.525641,0,0,0,62.0,300,-1,-1,7,20,77033.0,77033,77033,8980807.0,8980807,8980807,Normal Traffic
53,47643,2,62,31,31,31.0,0.0,374,374,374.0,0.0,17001.44827,83.95776924,15881.0,27500.6367,47636,3,3,3.0,0.0,3,3,4,4.0,0.0,4,4,64,80,41.97888462,41.97888462,31,374,168.2,187.8688372,35294.7,0,0,0,210.25,62,-1,-1,1,32,0.0,0,0,0.0,0,0,Normal Traffic
443,61037639,15,833,454,0,55.53333333,122.7941754,1492,0,284.0,558.1097562,74.1345844,0.45873334,2260653.296,4214077.788,10000000,43,61000000,4359831.357,5103944.898,10100000,9416,61000000,5082220.417,5190692.494,10100000,223,312,344,0.245750004,0.212983336,0,1492,156.0344828,393.5945596,154916.6773,0,1,0,161.6071429,833,8192,123,14,20,153790.8333,670344,50355,9996098.333,10000000,9975008,Normal Traffic
59008,51,1,0,0,0,0.0,0.0,0,0,0.0,0.0,0.0,39215.6862745098,51.0,0.0,51,51,0,0.0,0.0,0,0,0,0.0,0.0,0,0,32,32,19607.8431372549,19607.8431372549,0,0,0.0,0.0,0.0,0,0,1,0.0,0,122,315,0,32,0.0,0,0,0.0,0,0,Normal Traffic
443,211571,23,887,405,0,38.56521739,99.8821242,2896,0,1599.363636,889.5570112,253654.8015,264.6865591,3846.745455,9397.699715,50410,1,211571,9616.863636,13367.80911,50410,3,173919,5434.96875,17771.89901,96246,1,748,1064,108.7105511,155.9760081,0,2896,941.5087719,1030.442573,1061811.897,0,1,0,958.3214286,887,65535,122,6,32,0.0,0,0,0.0,0,0,Normal Traffic
32870,51,1,0,0,0,0.0,0.0,0,0,0.0,0.0,0.0,39215.6862745098,51.0,0.0,51,51,0,0.0,0.0,0,0,0,0.0,0.0,0,0,32,32,19607.8431372549,19607.8431372549,0,0,0.0,0.0,0.0,0,0,1,0.0,0,357,332,0,32,0.0,0,0,0.0,0,0,Normal Traffic
53,109,2,60,30,30,30.0,0.0,58,58,58.0,0.0,1614678.899,36697.24771,36.33333333,59.47548515,105,1,3,3.0,0.0,3,3,1,1.0,0.0,1,1,64,64,18348.62385,18348.62385,30,58,41.2,15.33623161,235.2,0,0,0,51.5,60,-1,-1,1,32,0.0,0,0,0.0,0,0,Normal Traffic
53,45267,2,60,30,30,30.0,0.0,132,132,132.0,0.0,7157.5319769368,88.3645923079,15089.0,26091.6226402269,45217,3,47,47.0,0.0,47,47,3,3.0,0.0,3,3,64,40,44.1822961539,44.1822961539,30,132,70.8,55.8677008655,3121.2,0,0,0,88.5,60,-1,-1,1,32,0.0,0,0,0.0,0,0,Normal Traffic
53,59920,1,52,52,52,52.0,0.0,92,92,92.0,0.0,2403.204272,33.37783712,59920.0,0.0,59920,59920,0,0.0,0.0,0,0,0,0.0,0.0,0,0,40,20,16.68891856,16.68891856,52,92,65.33333333,23.09401077,533.3333333,0,0,0,98.0,52,-1,-1,0,40,0.0,0,0,0.0,0,0,Normal Traffic
80,117058317,10,608,304,0,60.8,128.1776545,8688,0,2319.0,3633.79705,104.2471848,0.128141258,8361308.357,31200000.0,117000000,1,117000000,13000000.0,38900000.0,117000000,1,325574,81393.5,106394.5856,224104,103,328,168,0.085427505,0.042713753,0,8688,762.6875,2169.246957,4705632.363,0,0,1,813.5333333,608,251,235,2,32,1004.0,1004,1004,117000000.0,117000000,117000000,DoS
80,47684,3,0,0,0,0.0,0.0,0,0,0.0,0.0,0.0,62.9141850516,23842.0,26382.1540060701,42497,5187,47684,23842.0,26382.1540060701,42497,5187,0,0.0,0.0,0,0,96,0,62.9141850516,0.0,0,0,0.0,0.0,0.0,0,0,1,0.0,0,30016,-1,0,32,0.0,0,0,0.0,0,0,Normal Traffic
80,81834228,8,56,20,0,7.0,5.656854249,5840,0,1934.5,2538.919278,142.5198268,0.171077559,6294940.615,20800000.0,75400000,1,80400000,11500000.0,28300000.0,75400000,1,1444976,288995.2,645661.8278,1443990,2,172,132,0.097758605,0.073318954,0,5840,777.9333333,1804.898987,3257660.352,0,0,1,833.5,56,256,229,6,20,4966891.0,4966891,4966891,75400000.0,75400000,75400000,DDoS
59082,1238,3,0,0,0,0.0,0.0,0,0,0.0,0.0,0.0,2423.263328,619.0,561.4427843,1016,222,1238,619.0,561.4427843,1016,222,0,0.0,0.0,0,0,96,0,2423.263328,0.0,0,0,0.0,0.0,0.0,0,0,1,0.0,0,357,-1,0,32,0.0,0,0,0.0,0,0,Normal Traffic
53,232,2,138,69,69,69.0,0.0,197,197,197.0,0.0,2293103.448,17241.37931,77.33333333,91.59330398,180,4,4,4.0,0.0,4,4,48,48.0,0.0,48,48,40,40,8620.689655,8620.689655,69,197,120.2,70.10848736,4915.2,0,0,0,150.25,138,-1,-1,1,20,0.0,0,0,0.0,0,0,Normal Traffic
443,5201470,8,624,342,0,78.0,127.2062442313,1460,0,546.8333333333,714.5769144512,750.7493074073,2.6915468127,400113.076923077,1295695.72422466,4707224,1,5201470,743067.142857143,1751278.73673205,4707224,3,193896,38779.2,52332.2202347655,97229,1,172,132,1.5380267501,1.1535200626,0,1460,260.3333333333,499.4712442269,249471.523809524,0,1,0,278.9285714286,624,8192,4368,7,20,0.0,0,0,0.0,0,0,Normal Traffic
443,848259,8,782,444,0,97.75,156.779873,1472,0,907.25,730.2936298,9478.237189,18.86216356,56550.6,91600.89236,313856,4,814220,116317.1429,117760.9703,313856,180,815662,116523.1429,152586.2638,350374,4,172,168,9.43108178,9.43108178,0,1472,472.9411765,650.2006873,422760.9338,0,1,0,502.5,782,8192,31088,7,20,0.0,0,0,0.0,0,0,Normal Traffic
9666,32,1,0,0,0,0.0,0.0,6,6,6.0,0.0,187500.0,62500.0,32.0,0.0,32,32,0,0.0,0.0,0,0,0,0.0,0.0,0,0,40,20,31250.0,31250.0,0,6,2.0,3.464101615,12.0,0,1,0,3.0,0,29200,0,0,40,0.0,0,0,0.0,0,0,Port Scanning
55441,25,1,6,6,6,6.0,0.0,6,6,6.0,0.0,480000.0,80000.0,25.0,0.0,25,25,0,0.0,0.0,0,0,0,0.0,0.0,0,0,20,20,40000.0,40000.0,6,6,6.0,0.0,0.0,0,0,1,9.0,6,32,256,0,20,0.0,0,0,0.0,0,0,Normal Traffic
80,5832552,3,0,0,0,0.0,0.0,0,0,0.0,0.0,0.0,0.6858061445,1944184.0,3335605.28848319,5795751,60,5832552,2916276.0,4072192.59751427,5795751,36801,0,0.0,0.0,0,0,104,40,0.5143546084,0.1714515361,0,0,0.0,0.0,0.0,0,1,0,0.0,0,29200,42408,0,32,0.0,0,0,0.0,0,0,Normal Traffic
53,23589,1,44,44,44,44.0,0.0,60,60,60.0,0.0,4408.834626,84.78528128,23589.0,0.0,23589,23589,0,0.0,0.0,0,0,0,0.0,0.0,0,0,40,32,42.39264064,42.39264064,44,60,49.33333333,9.237604307,85.33333333,0,0,0,74.0,44,-1,-1,0,40,0.0,0,0,0.0,0,0,Normal Traffic
53,47010,2,68,34,34,34.0,0.0,214,214,214.0,0.0,10550.94661,85.08827909,15670.0,27095.34615,46957,4,4,4.0,0.0,4,4,49,49.0,0.0,49,49,40,64,42.54413954,42.54413954,34,214,106.0,98.59006035,9720.0,0,0,0,132.5,68,-1,-1,1,20,0.0,0,0,0.0,0,0,Normal Traffic
80,5985846,5,30,6,6,6.0,0.0,0,0,0.0,0.0,5.01182289,0.835303815,1496461.5,2990268.592,5981864,5,5985846,1496461.5,2990268.592,5981864,5,0,0.0,0.0,0,0,100,0,0.835303815,0.0,6,6,6.0,0.0,0.0,0,0,1,7.2,30,256,-1,4,20,3982.0,3982,3982,5981864.0,5981864,5981864,DDoS
443,286506,10,1120,869,0,112.0,270.3824451895,981,0,223.8,427.4847365696,7814.8450643268,52.3549245042,20464.7142857143,36244.2640054492,88013,3,286506,31834.0,45692.888013344,101982,4,192760,48190.0,46649.3529287027,88780,3,332,168,34.9032830028,17.4516415014,0,981,139.9375,311.0717963751,96765.6625,0,1,0,149.2666666667,1120,65535,116,5,32,0.0,0,0,0.0,0,0,Normal Traffic
80,85786071,7,348,348,0,49.71428571,131.5316366,5792,0,1932.5,2181.008184,139.2184053,0.151539753,7148839.25,24700000.0,85600000,1,85700000,14300000.0,35000000.0,85600000,1,146467,29293.4,57826.92318,132175,46,232,200,0.081598328,0.069941424,0,5792,853.0714286,1666.968527,2778784.071,0,0,1,918.6923077,348,274,235,1,32,5.0,5,5,85600000.0,85600000,85600000,DoS
443,60596147,15,1070,685,0,71.33333333,178.5695809,1460,2,463.8125,625.7329802,140.1244208,0.511583682,2019871.567,4059185.206,10000000,4,60600000,4328296.214,5137345.229,10100000,932,60500000,4036306.067,5085139.962,10100000,49,312,324,0.247540491,0.264043191,0,1460,265.34375,494.6419761,244670.6845,0,1,0,273.9032258,1070,8192,31510,14,20,74119.16667,187840,51225,10000000.0,10000000,9997636,Normal Traffic
443,3232670,5,123,46,0,24.6,23.2765976895,46,46,46.0,0.0,52.2787664686,1.8560508805,646534.0,1417107.1208125,3181392,3,3232670,808167.5,1582220.41755092,3181392,3,0,0.0,0.0,0,0,160,32,1.5467090671,0.3093418134,0,46,30.7142857143,21.6849739506,470.2380952381,0,0,1,35.8333333333,123,383,357,2,32,0.0,0,0,0.0,0,0,Normal Traffic
80,104429,3,814,814,0,271.3333333,469.9631191,151,0,37.75,75.5,9240.72815,67.03118865,17404.83333,26449.85727,51846,3,52174,26087.0,36531.96474,51919,255,52583,17527.66667,29491.82642,51577,3,104,136,28.72765228,38.30353637,0,814,120.625,285.1049619,81284.83929,0,1,0,137.8571429,814,29200,58,1,32,0.0,0,0,0.0,0,0,Normal Traffic
53,66043,2,70,35,35,35.0,0.0,131,131,131.0,0.0,5027.027845,60.56660055,22014.33333,38126.47974,66039,1,3,3.0,0.0,3,3,1,1.0,0.0,1,1,80,80,30.28330027,30.28330027,35,131,73.4,52.58136552,2764.8,0,0,0,91.75,70,-1,-1,1,40,0.0,0,0,0.0,0,0,Normal Traffic
53,24422,1,46,46,46,46.0,0.0,180,180,180.0,0.0,9253.951355,81.89337483,24422.0,0.0,24422,24422,0,0.0,0.0,0,0,0,0.0,0.0,0,0,32,32,40.94668741,40.94668741,46,180,90.66666667,77.36493607,5985.333333,0,0,0,136.0,46,-1,-1,0,32,0.0,0,0,0.0,0,0,Normal Traffic
443,389,3,18,6,6,6.0,0.0,0,0,0.0,0.0,46272.4935732648,10282.7763496144,129.6666666667,220.264235257,384,1,389,194.5,273.6503243192,388,1,0,0.0,0.0,0,0,60,32,7712.0822622108,2570.6940874036,0,6,4.8,2.683281573,7.2,1,0,0,6.0,18,0,118,2,20,0.0,0,0,0.0,0,0,Normal Traffic
80,85900242,5,354,342,0,70.8,151.6350883,4344,0,1449.375,1729.380148,139.103217,0.15133834,7158353.5,24800000.0,85800000,39,85800000,21400000.0,42900000.0,85800000,46,85900000,12300000.0,32400000.0,85800000,45,144,264,0.058207054,0.093131286,0,4344,853.9285714,1458.374989,2126857.61,1,0,0,919.6153846,354,0,235,2,20,3252.0,3252,3252,85800000.0,85800000,85800000,DoS
53,23836,2,140,70,70,70.0,0.0,148,148,148.0,0.0,18291.65967,167.8133915,7945.333333,13717.57217,23785,3,3,3.0,0.0,3,3,48,48.0,0.0,48,48,40,40,83.90669575,83.90669575,70,148,101.2,42.72235949,1825.2,0,0,0,126.5,140,-1,-1,1,20,0.0,0,0,0.0,0,0,Normal Traffic
443,118263463,17,868,234,0,51.05882353,76.75079038,1418,0,266.1764706,486.6063906,45.6015735,0.287493695,3583741.303,14200000.0,58900000,1,118000000,7391466.438,20100000.0,58900000,3,118000000,7389190.437,20100000.0,59000000,1,552,552,0.143746848,0.143746848,0,1418,154.0857143,355.6521244,126488.4336,0,1,0,158.6176471,868,29200,357,8,32,286525.0,493873,79177,58800000.0,58900000,58700000,Normal Traffic
80,47624162,84,1550,375,0,18.45238095,65.53549664,2920,0,1171.614379,571.7964779,3796.539244,4.976465518,201797.2966,1345051.308,10000000,-1,41700000,502209.6024,2151790.911,10000000,44,47600000,313217.4276,1671980.019,10000000,0,1692,3120,1.763810563,3.212654954,0,2920,759.6932773,719.6573218,517906.6608,0,1,0,762.8987342,1550,8192,32,83,20,432357.75,1684189,15011,9988491.5,10000000,9948379,Normal Traffic
443,498946,8,1139,517,0,142.375,221.658642,1786,0,692.8,721.1066803,16168.08232,36.07604831,29349.76471,40980.46208,140328,4,419741,59963.0,60915.36833,178961,3482,461023,51224.77778,101977.127,311271,4,172,212,16.03379925,20.04224906,0,1786,424.5789474,603.7239358,364482.5906,0,1,0,448.1666667,1139,8192,245,7,20,0.0,0,0,0.0,0,0,Normal Traffic
53308,96,1,6,6,6,6.0,0.0,6,6,6.0,0.0,125000.0,20833.3333333333,96.0,0.0,96,96,0,0.0,0.0,0,0,0,0.0,0.0,0,0,20,20,10416.6666666667,10416.6666666667,6,6,6.0,0.0,0.0,0,0,1,9.0,6,126,256,0,20,0.0,0,0,0.0,0,0,Normal Traffic
80,105559346,7,1051,520,0,150.1428571,252.6924538,0,0,0.0,0.0,9.956484573,0.09473344,11700000.0,34000000.0,102000000,75,106000000,17600000.0,41500000.0,102000000,448,103000000,51300000.0,72200000.0,102000000,200210,248,104,0.066313408,0.028420032,0,520,95.54545455,209.8815683,44050.27273,0,1,0,105.1,1051,29200,235,3,32,3201661.0,3201661,3201661,102000000.0,102000000,102000000,DoS
443,12156607,2,12,6,6,6.0,0.0,0,0,0.0,0.0,0.9871175403,0.16451959,12156607.0,0.0,12156607,12156607,12156607,12156607.0,0.0,12156607,12156607,0,0.0,0.0,0,0,40,0,0.16451959,0.0,6,6,6.0,0.0,0.0,0,0,1,9.0,12,63270,-1,1,20,0.0,0,0,0.0,0,0,Normal Traffic
53,23405,2,70,35,35,35.0,0.0,51,51,51.0,0.0,7348.857082,170.9036531,7801.666667,13467.86937,23353,3,49,49.0,0.0,49,49,3,3.0,0.0,3,3,64,80,85.45182653,85.45182653,35,51,41.4,8.76356092,76.8,0,0,0,51.75,70,-1,-1,1,32,0.0,0,0,0.0,0,0,Normal Traffic
53,30782,1,47,47,47,47.0,0.0,175,175,175.0,0.0,7212.0070170879,64.97303619,30782.0,0.0,30782,30782,0,0.0,0.0,0,0,0,0.0,0.0,0,0,32,32,32.486518095,32.486518095,47,175,89.6666666667,73.9008344563,5461.3333333333,0,0,0,134.5,47,-1,-1,0,32,0.0,0,0,0.0,0,0,Normal Traffic
53,184,2,74,37,37,37.0,0.0,102,102,102.0,0.0,1510869.565,21739.13043,61.33333333,65.03332479,132,4,4,4.0,0.0,4,4,48,48.0,0.0,48,48,40,40,10869.56522,10869.56522,37,102,63.0,35.60196624,1267.5,0,0,0,78.75,74,-1,-1,1,20,0.0,0,0,0.0,0,0,Normal Traffic
55777,85,1,0,0,0,0.0,0.0,0,0,0.0,0.0,0.0,23529.41176,85.0,0.0,85,85,0,0.0,0.0,0,0,0,0.0,0.0,0,0,32,32,11764.70588,11764.70588,0,0,0.0,0.0,0.0,0,0,1,0.0,0,123,602,0,32,0.0,0,0,0.0,0,0,Normal Traffic
443,115519855,21,1003,620,0,47.76190476,141.3859628,1418,0,243.3684211,481.6929878,48.7102412,0.346260822,2962047.564,4542830.458,10000000,3,116000000,5775992.75,4971200.829,10100000,3,111000000,6163980.556,5047108.783,10100000,49,680,616,0.181786932,0.164473891,0,1418,137.2439024,352.7490454,124431.889,0,1,0,140.675,1003,29200,179,4,32,59552.36364,159358,49338,10000000.0,10000000,9996296,Normal Traffic
80,97400416,7,371,371,0,53.0,140.2248195,5792,0,1932.5,2534.051598,122.8536847,0.133469656,8116701.333,28100000.0,97400000,5,97400000,16200000.0,39800000.0,97400000,5,30673,6134.6,11417.5808,26327,47,232,200,0.071868276,0.06160138,0,5792,854.7142857,1848.586879,3417273.451,0,0,1,920.4615385,371,251,235,1,32,552.0,552,552,97400000.0,97400000,97400000,DoS
52617,130,1,6,6,6,6.0,0.0,6,6,6.0,0.0,92307.69231,15384.61538,130.0,0.0,130,130,0,0.0,0.0,0,0,0,0.0,0.0,0,0,20,20,7692.307692,7692.307692,6,6,6.0,0.0,0.0,0,0,1,9.0,6,286,256,0,20,0.0,0,0,0.0,0,0,Normal Traffic
443,118255814,16,932,263,0,58.25,80.0695530981,1430,0,294.0,497.5606049071,55.1177974218,0.2959685348,3478112.17647059,14006326.8297035,58759653,1,118255814,7883720.93333333,20628016.477063,58759653,3,118027113,6557061.83333333,19011333.9181008,59004722,1,332,392,0.1352999016,0.1606686332,0,1430,181.0555555556,380.5566557741,144823.368253968,0,1,0,186.2285714286,932,8192,360,15,20,333466.0,422107,244825,58673006.0,58759653,58586359,Normal Traffic
5730,103,2,4,2,2,2.0,0.0,6,6,6.0,0.0,155339.8058,38834.95146,34.33333333,29.0229794,54,1,54,54.0,0.0,54,54,48,48.0,0.0,48,48,48,40,19417.47573,19417.47573,2,6,3.6,2.19089023,4.8,0,1,0,4.5,4,1024,0,1,24,0.0,0,0,0.0,0,0,Normal Traffic
53,180,2,90,45,45,45.0,0.0,61,61,61.0,0.0,1177777.77777778,22222.2222222222,60.0,100.4639238732,176,1,1,1.0,0.0,1,1,3,3.0,0.0,3,3,40,40,11111.1111111111,11111.1111111111,45,61,51.4,8.7635609201,76.8,0,0,0,64.25,90,-1,-1,1,20,0.0,0,0,0.0,0,0,Normal Traffic
443,680493,9,1641,1109,0,182.3333333,368.0584193,1448,0,503.4,674.1940374,9809.064899,27.92093379,37805.16667,54011.56192,120968,3,555404,69425.5,68709.67512,164584,203,559903,62211.44444,73251.94925,162559,3,296,328,13.22570548,14.69522831,0,1448,333.75,551.5584499,304216.7237,0,1,0,351.3157895,1641,29200,6021,3,32,0.0,0,0,0.0,0,0,Normal Traffic
40834,24,1,0,0,0,0.0,0.0,0,0,0.0,0.0,0.0,83333.33333,24.0,0.0,24,24,0,0.0,0.0,0,0,0,0.0,0.0,0,0,32,32,41666.66667,41666.66667,0,0,0.0,0.0,0.0,0,0,1,0.0,0,939,613,0,32,0.0,0,0,0.0,0,0,Normal Traffic
443,5860264,7,599,517,0,85.5714285714,191.3085266813,141,0,47.0,81.4063879557,126.2741746788,1.7064077659,651140.444444444,1911110.68449482,5747108,3,5860264,976710.666666667,2368975.75592868,5812306,3,89615,44807.5,29441.8050482643,65626,23989,232,104,1.1944854362,0.5119223298,0,517,67.2727272727,155.2257007773,24095.0181818182,0,1,0,74.0,599,29200,59,3,32,113153.0,113153,113153,5747108.0,5747108,5747108,Normal Traffic
53,32150,1,61,61,61,61.0,0.0,156,156,156.0,0.0,6749.611198,62.20839813,32150.0,0.0,32150,32150,0,0.0,0.0,0,0,0,0.0,0.0,0,0,32,32,31.10419907,31.10419907,61,156,92.66666667,54.84827557,3008.333333,0,0,0,139.0,61,-1,-1,0,32,0.0,0,0,0.0,0,0,Normal Traffic
53,47370,2,90,45,45,45.0,0.0,153,153,153.0,0.0,8359.721343,84.44162972,15790.0,27304.05779,47318,4,4,4.0,0.0,4,4,48,48.0,0.0,48,48,40,40,42.22081486,42.22081486,45,153,88.2,59.15403621,3499.2,0,0,0,110.25,90,-1,-1,1,20,0.0,0,0,0.0,0,0,Normal Traffic
80,100397972,6,309,309,0,51.5,126.1487218,4344,0,1656.428571,1946.27472,118.568132,0.129484687,8366497.667,28900000.0,100000000,1,100000000,20100000.0,44800000.0,100000000,1,143711,23951.83333,53210.79443,132202,47,200,232,0.059762163,0.069722524,0,4344,850.2857143,1566.669197,2454452.374,0,0,1,915.6923077,309,251,235,1,32,4.0,4,4,100000000.0,100000000,100000000,DoS
53,207,2,78,39,39,39.0,0.0,90,90,90.0,0.0,1246376.812,19323.6715,69.0,112.5833025,199,4,4,4.0,0.0,4,4,4,4.0,0.0,4,4,64,64,9661.835749,9661.835749,39,90,59.4,27.93385043,780.3,0,0,0,74.25,78,-1,-1,1,32,0.0,0,0,0.0,0,0,Normal Traffic
53,236,2,88,44,44,44.0,0.0,172,172,172.0,0.0,1830508.475,16949.15254,78.66666667,53.11622477,140,48,48,48.0,0.0,48,48,48,48.0,0.0,48,48,64,64,8474.576271,8474.576271,44,172,95.2,70.10848736,4915.2,0,0,0,119.0,88,-1,-1,1,32,0.0,0,0,0.0,0,0,Normal Traffic
443,5966557,9,348,191,0,38.66666667,70.58859681,1613,0,622.4,831.2889389,579.8989266,2.346411842,458965.9231,1582689.577,5725898,41,5966557,745819.625,2012377.09,5725898,50,190087,47521.75,53376.67606,98029,248,296,168,1.508407613,0.838004229,0,1613,230.6666667,531.5936508,282591.8095,0,1,0,247.1428571,348,29200,110,3,32,240609.0,240609,240609,5725898.0,5725898,5725898,Normal Traffic
443,118190341,28,917,202,0,32.75,63.09993543,2796,0,940.0,817.880422,222.4970313,0.465351056,2188710.019,11200000.0,58900000,0,118000000,4377420.037,15700000.0,58900000,1,118000000,4544930.692,16000000.0,59000000,4,916,872,0.236905992,0.228445064,0,2796,469.5892857,726.612108,527965.1555,0,1,0,478.1272727,917,29200,122,8,32,221961.5,381032,62891,58900000.0,58900000,58800000,Normal Traffic
59171,50,1,6,6,6,6.0,0.0,6,6,6.0,0.0,240000.0,40000.0,50.0,0.0,50,50,0,0.0,0.0,0,0,0,0.0,0.0,0,0,20,20,20000.0,20000.0,6,6,6.0,0.0,0.0,0,0,1,9.0,6,30016,0,0,20,0.0,0,0,0.0,0,0,Normal Traffic
53,61936,1,45,45,45,45.0,0.0,225,225,225.0,0.0,4359.3386721777,32.2913975717,61936.0,0.0,61936,61936,0,0.0,0.0,0,0,0,0.0,0.0,0,0,44,32,16.1456987858,16.1456987858,45,225,105.0,103.9230484541,10800.0,0,0,0,157.5,45,-1,-1,0,44,0.0,0,0,0.0,0,0,Normal Traffic
52568,11261867,1,6,6,6,6.0,0.0,6,6,6.0,0.0,3.729399397,0.621566566,1876977.833,4583360.901,11200000,1,0,0.0,0.0,0,0,11300000,2252149.6,5020293.072,11200000,1,20,120,0.088795224,0.532771342,6,6,6.0,0.0,0.0,0,0,1,6.857142857,6,229,0,0,20,29168.0,29168,29168,11200000.0,11200000,11200000,Normal Traffic
53,61996,2,74,37,37,37.0,0.0,154,154,154.0,0.0,6161.6878508291,64.5202916317,20665.3333333333,35787.3451143464,61989,3,3,3.0,0.0,3,3,4,4.0,0.0,4,4,40,40,32.2601458159,32.2601458159,37,154,83.8,64.0835392281,4106.7,0,0,0,104.75,74,-1,-1,1,20,0.0,0,0,0.0,0,0,Normal Traffic
443,64872896,41,8973,767,0,218.8536585366,298.9180122522,1502,0,301.3076923077,381.7282561436,259.0758396234,1.0327887936,982922.666666667,2883978.47745463,10029370,38,64872896,1621822.4,3595985.59003032,10080011,57,64821397,2592855.88,4295416.18753029,10080166,225,1320,840,0.6320050827,0.400783711,0,1502,247.1617647059,332.0483965038,110256.13762072,0,1,0,250.8507462687,8973,29200,178,16,32,726434.833333333,4104683,50625,10025626.1666667,10029370,10007682,Normal Traffic
443,5336990,6,611,517,0,101.8333333333,204.305082332,137,0,37.25,66.560123197,142.4023653782,1.8737153339,592998.888888889,1737955.05743995,5227219,4,5336990,1067398.0,2360159.61523781,5289329,4,86818,28939.3333333333,31457.699571541,62651,369,132,92,1.1242292004,0.7494861336,0,517,69.0909090909,154.0308115576,23725.4909090909,0,1,0,76.0,611,8192,60,5,20,109767.0,109767,109767,5227219.0,5227219,5227219,Normal Traffic
443,829,3,0,0,0,0.0,0.0,0,0,0.0,0.0,0.0,3618.8178528347,414.5,581.9488809165,826,3,829,414.5,581.9488809165,826,3,0,0.0,0.0,0,0,96,0,3618.8178528347,0.0,0,0,0.0,0.0,0.0,0,0,1,0.0,0,33300,-1,0,32,0.0,0,0,0.0,0,0,Normal Traffic
443,117511925,13,617,201,0,47.46153846,65.94898961,2860,0,343.4166667,817.6789166,40.31931227,0.212744366,4896330.208,16400000.0,58600000,3,118000000,9792660.417,22600000.0,58600000,471,117000000,10700000.0,23600000.0,58800000,3,284,252,0.11062707,0.102117296,0,2860,182.2307692,565.2564945,319514.9046,0,1,0,189.52,617,8192,351,11,20,365646.0,491749,239543,58300000.0,58600000,58000000,Normal Traffic
32771,45,1,0,0,0,0.0,0.0,6,6,6.0,0.0,133333.3333,44444.44444,45.0,0.0,45,45,0,0.0,0.0,0,0,0,0.0,0.0,0,0,40,20,22222.22222,22222.22222,0,6,2.0,3.464101615,12.0,0,1,0,3.0,0,29200,0,0,40,0.0,0,0,0.0,0,0,Port Scanning
22,1529782,39,2618,408,0,67.12820513,102.9949359,976,0,160.2380952,317.9740601,6110.674593,52.9487208,19122.275,105222.3088,934360,0,1529782,40257.42105,160432.9423,976521,3,595301,14519.53659,28129.78379,99689,0,804,864,25.49382853,27.45489227,0,976,114.0,241.8289876,58481.25926,0,1,0,115.4074074,2618,8192,245,37,20,0.0,0,0,0.0,0,0,Normal Traffic
53,199,2,60,30,30,30.0,0.0,172,172,172.0,0.0,2030150.754,20100.50251,66.33333333,76.1730486,150,1,1,1.0,0.0,1,1,48,48.0,0.0,48,48,64,64,10050.25126,10050.25126,30,172,86.8,77.77660317,6049.2,0,0,0,108.5,60,-1,-1,1,32,0.0,0,0,0.0,0,0,Normal Traffic
55664,87,1,6,6,6,6.0,0.0,6,6,6.0,0.0,137931.034482759,22988.5057471264,87.0,0.0,87,87,0,0.0,0.0,0,0,0,0.0,0.0,0,0,20,20,11494.2528735632,11494.2528735632,6,6,6.0,0.0,0.0,0,0,1,9.0,6,913,16425,0,20,0.0,0,0,0.0,0,0,Normal Traffic
53,160,2,66,33,33,33.0,0.0,107,107,107.0,0.0,1750000.0,25000.0,53.3333333333,54.6290520999,110,1,49,49.0,0.0,49,49,1,1.0,0.0,1,1,64,64,12500.0,12500.0,33,107,62.6,40.5314692554,1642.8,0,0,0,78.25,66,-1,-1,1,32,0.0,0,0,0.0,0,0,Normal Traffic
53,30173,1,52,52,52,52.0,0.0,80,80,80.0,0.0,4374.772147,66.28442647,30173.0,0.0,30173,30173,0,0.0,0.0,0,0,0,0.0,0.0,0,0,20,32,33.14221324,33.14221324,52,80,61.33333333,16.16580754,261.3333333,0,0,0,92.0,52,-1,-1,0,20,0.0,0,0,0.0,0,0,Normal Traffic
80,15497,2,12,6,6,6.0,0.0,0,0,0.0,0.0,774.3434213074,129.0572368846,15497.0,0.0,15497,15497,15497,15497.0,0.0,15497,15497,0,0.0,0.0,0,0,40,0,129.0572368846,0.0,6,6,6.0,0.0,0.0,0,0,1,9.0,12,64240,-1,1,20,0.0,0,0,0.0,0,0,Normal Traffic
80,11392732,10,1038,346,0,103.8,167.1338785,4344,0,1661.714286,1765.027452,1112.112529,1.4921794,712045.75,1875024.359,5979717,15,6392032,710225.7778,1978359.402,5980565,80,11400000,1898770.5,2804174.831,5979717,15,328,232,0.877752588,0.614426812,0,4344,703.8888889,1316.453966,1733051.046,0,1,0,745.2941176,1038,29200,235,3,32,410399.0,410399,410399,5979717.0,5979717,5979717,DoS
53,30974,1,57,57,57,57.0,0.0,118,118,118.0,0.0,5649.899916,64.57028475,30974.0,0.0,30974,30974,0,0.0,0.0,0,0,0,0.0,0.0,0,0,40,32,32.28514238,32.28514238,57,118,77.33333333,35.21836642,1240.333333,0,0,0,116.0,57,-1,-1,0,40,0.0,0,0,0.0,0,0,Normal Traffic
50714,32,1,6,6,6,6.0,0.0,6,6,6.0,0.0,375000.0,62500.0,32.0,0.0,32,32,0,0.0,0.0,0,0,0,0.0,0.0,0,0,20,20,31250.0,31250.0,6,6,6.0,0.0,0.0,0,0,1,9.0,6,60,255,0,20,0.0,0,0,0.0,0,0,Normal Traffic
443,44,2,53,53,0,26.5,37.4766594,0,0,0.0,0.0,1204545.455,45454.54545,44.0,0.0,44,44,44,44.0,0.0,44,44,0,0.0,0.0,0,0,64,0,45454.54545,0.0,0,53,35.33333333,30.59956427,936.3333333,0,0,1,53.0,53,42284,-1,0,32,0.0,0,0,0.0,0,0,Normal Traffic
80,5938902,3,12,6,0,4.0,3.464101615,0,0,0.0,0.0,2.020575521,0.673525174,1979634.0,3405939.606,5912445,82,5938902,2969451.0,4162022.029,5912445,26457,0,0.0,0.0,0,0,72,32,0.50514388,0.168381293,0,6,2.4,3.286335345,10.8,0,1,0,3.0,12,8192,29200,2,20,0.0,0,0,0.0,0,0,Normal Traffic
80,41242767,8,436,436,0,54.5,154.1492783,1179,0,168.4285714,445.6201137,39.1583814,0.363700137,2945911.929,4670295.272,10100000,43,41200000,5883385.143,5386037.99,10300000,1240,41100000,6842994.0,5225585.05,10300000,8858,264,220,0.193973406,0.169726731,0,1179,100.9375,307.3676341,94474.8625,0,1,0,107.6666667,436,29200,4816,1,32,235317.5,380374,185233,10100000.0,10100000,10000000,Normal Traffic
443,436056,10,2618,1460,0,261.8,488.7984815,1460,0,513.2727273,604.1543,18951.69428,48.15895206,21802.8,34376.51059,118272,4,436051,48450.11111,47184.91324,133361,48,406684,40668.4,79320.17213,251404,4,212,232,22.93283431,25.22611775,0,1460,375.6363636,546.8268243,299019.5758,0,1,0,393.5238095,2618,8192,1129,9,20,0.0,0,0,0.0,0,0,Normal Traffic
53,60940884,2,110,62,48,55.0,9.899494937,90,80,85.0,7.071067812,4.594616645,0.065637381,20300000.0,35100000.0,60900000,30374,60900000,60900000.0,0.0,60900000,60900000,60900000,60900000.0,0.0,60900000,60900000,64,52,0.03281869,0.03281869,48,90,65.6,18.94201679,358.8,0,0,0,82.0,110,-1,-1,1,32,30374.0,30374,30374,60900000.0,60900000,60900000,Normal Traffic
53,31302,2,74,37,37,37.0,0.0,139,139,139.0,0.0,11245.28784,127.7873618,10434.0,17989.07969,31206,48,48,48.0,0.0,48,48,48,48.0,0.0,48,48,64,40,63.89368091,63.89368091,37,139,77.8,55.86770087,3121.2,0,0,0,97.25,74,-1,-1,1,32,0.0,0,0,0.0,0,0,Normal Traffic
53,23794,1,47,47,47,47.0,0.0,175,175,175.0,0.0,9330.083214,84.05480373,23794.0,0.0,23794,23794,0,0.0,0.0,0,0,0,0.0,0.0,0,0,32,20,42.02740187,42.02740187,47,175,89.66666667,73.90083446,5461.333333,0,0,0,134.5,47,-1,-1,0,32,0.0,0,0,0.0,0,0,Normal Traffic
63131,223,1,0,0,0,0.0,0.0,0,0,0.0,0.0,0.0,8968.609865,223.0,0.0,223,223,0,0.0,0.0,0,0,0,0.0,0.0,0,0,32,32,4484.304933,4484.304933,0,0,0.0,0.0,0.0,0,0,1,0.0,0,114,65535,0,32,0.0,0,0,0.0,0,0,Normal Traffic
53,31774,2,74,37,37,37.0,0.0,138,138,138.0,0.0,11015.29552,125.8890917,10591.33333,18299.70736,31722,4,4,4.0,0.0,4,4,48,48.0,0.0,48,48,64,64,62.94454586,62.94454586,37,138,77.4,55.31997831,3060.3,0,0,0,96.75,74,-1,-1,1,32,0.0,0,0,0.0,0,0,Normal Traffic
53,23282,1,58,58,58,58.0,0.0,74,74,74.0,0.0,5669.616012,85.90327291,23282.0,0.0,23282,23282,0,0.0,0.0,0,0,0,0.0,0.0,0,0,20,20,42.95163646,42.95163646,58,74,63.33333333,9.237604307,85.33333333,0,0,0,95.0,58,-1,-1,0,20,0.0,0,0,0.0,0,0,Normal Traffic
53,30956,4,144,36,36,36.0,0.0,117,117,117.0,0.0,19769.99612,258.4313219,4422.285714,8858.724489,23570,3,30806,10268.66667,17779.79022,30799,3,7383,2461.0,4217.601095,7331,4,80,104,129.2156609,129.2156609,36,117,72.0,42.69074841,1822.5,0,0,0,81.0,144,-1,-1,3,20,0.0,0,0,0.0,0,0,Normal Traffic
443,5089794,9,385,198,0,42.77777778,70.49074013,2519,0,376.875,872.9235669,668.0034595,3.340017297,318112.125,1229758.646,4929077,1,5089794,636224.25,1734751.822,4929077,3,109493,15641.85714,26264.67052,56217,3,192,172,1.768244452,1.571772846,0,2519,188.8888889,588.3299283,346132.1046,0,1,0,200.0,385,8192,62,8,20,0.0,0,0,0.0,0,0,Normal Traffic
44786,54,1,6,6,6,6.0,0.0,6,6,6.0,0.0,222222.2222,37037.03704,54.0,0.0,54,54,0,0.0,0.0,0,0,0,0.0,0.0,0,0,20,20,18518.51852,18518.51852,6,6,6.0,0.0,0.0,0,0,1,9.0,6,502,229,0,20,0.0,0,0,0.0,0,0,Normal Traffic
53,193,2,94,47,47,47.0,0.0,98,98,98.0,0.0,1502590.674,20725.3886,64.33333333,99.38477415,179,3,11,11.0,0.0,11,11,3,3.0,0.0,3,3,40,40,10362.6943,10362.6943,47,98,67.4,27.93385043,780.3,0,0,0,84.25,94,-1,-1,1,20,0.0,0,0,0.0,0,0,Normal Traffic
51624,4,3,253,216,6,84.3333333333,114.7097787171,0,0,0.0,0.0,63250000.0,750000.0,2.0,1.4142135624,3,1,4,2.0,1.4142135624,3,1,0,0.0,0.0,0,0,60,0,750000.0,0.0,6,216,117.25,114.4825314186,13106.25,0,0,1,156.3333333333,253,38,-1,2,20,0.0,0,0,0.0,0,0,Normal Traffic
50459,18,1,6,6,6,6.0,0.0,6,6,6.0,0.0,666666.6667,111111.1111,18.0,0.0,18,18,0,0.0,0.0,0,0,0,0.0,0.0,0,0,20,20,55555.55556,55555.55556,6,6,6.0,0.0,0.0,0,0,1,9.0,6,222,16685,0,20,0.0,0,0,0.0,0,0,Normal Traffic
80,47815605,12,738,738,0,61.5,213.0422493,1162,0,122.2,365.6625038,40.99080206,0.460100839,2276933.571,4181425.594,10000000,0,47800000,4346873.182,5024707.615,10000000,0,40200000,4471230.556,5285593.027,10000000,0,392,328,0.250964094,0.209136745,0,1162,85.2173913,280.4483353,78651.26877,0,1,0,89.09090909,738,29200,60,1,32,41105.0,94037,23408,10000000.0,10000000,10000000,Normal Traffic
59589,60,1,0,0,0,0.0,0.0,0,0,0.0,0.0,0.0,33333.33333,60.0,0.0,60,60,0,0.0,0.0,0,0,0,0.0,0.0,0,0,20,20,16666.66667,16666.66667,0,0,0.0,0.0,0.0,0,0,1,0.0,0,288,253,0,20,0.0,0,0,0.0,0,0,Normal Traffic
443,351071,12,524,191,0,43.66666667,68.68549315,1418,0,441.6666667,596.8144603,12815.0716,59.8169601,17553.55,27670.95885,112437,1,351071,31915.54545,35740.59939,112437,3,173852,21731.5,30907.91116,74571,1,404,296,34.18112006,25.63584004,0,1418,204.5,423.1320575,179040.7381,0,1,0,214.2380952,524,29200,340,5,32,0.0,0,0,0.0,0,0,Normal Traffic
443,5139854,8,366,209,0,45.75,79.07817109,1992,0,742.0,923.7705343,793.0186344,2.529254722,428321.1667,1406817.671,4894334,40,5139854,734264.8571,1835163.364,4894334,45,95158,23789.5,26159.81769,55209,256,172,112,1.556464444,0.972790278,0,1992,291.1428571,622.6523733,387695.978,0,1,0,313.5384615,366,8192,119,3,20,0.0,0,0,0.0,0,0,Normal Traffic
53,47341,1,47,47,47,47.0,0.0,119,119,119.0,0.0,3506.474303,42.24667835,47341.0,0.0,47341,47341,0,0.0,0.0,0,0,0,0.0,0.0,0,0,32,20,21.12333918,21.12333918,47,119,71.0,41.56921938,1728.0,0,0,0,106.5,47,-1,-1,0,32,0.0,0,0,0.0,0,0,Normal Traffic
47841,3,2,0,0,0,0.0,0.0,0,0,0.0,0.0,0.0,666666.6667,3.0,0.0,3,3,3,3.0,0.0,3,3,0,0.0,0.0,0,0,64,0,666666.6667,0.0,0,0,0.0,0.0,0.0,0,0,1,0.0,0,4140,-1,0,32,0.0,0,0,0.0,0,0,Normal Traffic
80,117823463,4,12,6,0,3.0,3.464101615,0,0,0.0,0.0,0.101847287,0.042436369,29500000.0,48800000.0,102000000,45,118000000,39300000.0,54700000.0,102000000,11976,0,0.0,0.0,0,0,120,32,0.033949096,0.008487274,0,6,3.0,3.286335345,10.8,1,0,0,3.6,12,0,235,1,20,11976.0,11976,11976,58900000.0,102000000,16000000,DoS
61946,9184044,1,6,6,6,6.0,0.0,6,6,6.0,0.0,3.919841847,0.653306975,1836808.8,4088215.876,9149992,0,0,0.0,0.0,0,0,9181778,2295444.5,4569722.897,9149992,0,20,100,0.108884496,0.544422479,6,6,6.0,0.0,0.0,0,0,1,7.0,6,229,0,0,20,34052.0,34052,34052,9149992.0,9149992,9149992,Normal Traffic
1028,37,1,2,2,2,2.0,0.0,6,6,6.0,0.0,216216.2162,54054.05405,37.0,0.0,37,37,0,0.0,0.0,0,0,0,0.0,0.0,0,0,24,20,27027.02703,27027.02703,2,6,3.333333333,2.309401077,5.333333333,0,1,0,5.0,2,1024,0,0,24,0.0,0,0,0.0,0,0,Port Scanning
53,187,2,46,23,23,23.0,0.0,23,23,23.0,0.0,491978.6096,21390.37433,62.33333333,102.7732131,181,2,4,4.0,0.0,4,4,2,2.0,0.0,2,2,64,64,10695.18717,10695.18717,23,23,23.0,0.0,0.0,0,0,0,28.75,46,-1,-1,1,32,0.0,0,0,0.0,0,0,Normal Traffic
53,18889732,2,93,51,42,46.5,6.363961031,112,58,85.0,38.18376618,13.92290796,0.211755254,6296577.333,10800000.0,18800000,25221,18800000,18800000.0,0.0,18800000,18800000,18900000,18900000.0,0.0,18900000,18900000,52,40,0.105877627,0.105877627,42,112,61.0,29.29163703,858.0,0,0,0,76.25,93,-1,-1,1,20,25221.0,25221,25221,18800000.0,18800000,18800000,Normal Traffic
51134,520224,2,12,6,6,6.0,0.0,0,0,0.0,0.0,23.0669865289,3.8444977548,520224.0,0.0,520224,520224,520224,520224.0,0.0,520224,520224,0,0.0,0.0,0,0,40,0,3.8444977548,0.0,6,6,6.0,0.0,0.0,0,0,1,9.0,12,62,-1,1,20,0.0,0,0,0.0,0,0,Normal Traffic
53,158,2,88,44,44,44.0,0.0,60,60,60.0,0.0,1316455.696,25316.4557,52.66666667,52.15681483,107,3,3,3.0,0.0,3,3,48,48.0,0.0,48,48,40,40,12658.22785,12658.22785,44,60,50.4,8.76356092,76.8,0,0,0,63.0,88,-1,-1,1,20,0.0,0,0,0.0,0,0,Normal Traffic
80,7270824,4,24,6,6,6.0,0.0,0,0,0.0,0.0,3.300863836,0.550143973,2423608.0,4197808.73,7270820,1,7270824,2423608.0,4197808.73,7270820,1,0,0.0,0.0,0,0,80,0,0.550143973,0.0,6,6,6.0,0.0,0.0,0,0,1,7.5,24,256,-1,3,20,4.0,4,4,7270820.0,7270820,7270820,DDoS
544,98,2,4,2,2,2.0,0.0,6,6,6.0,0.0,163265.3061,40816.32653,32.66666667,28.29016319,49,0,49,49.0,0.0,49,49,49,49.0,0.0,49,49,48,40,20408.16327,20408.16327,2,6,3.6,2.19089023,4.8,0,1,0,4.5,4,1024,0,1,24,0.0,0,0,0.0,0,0,Normal Traffic
80,97225726,8,346,346,0,43.25,122.3294731,5792,0,1932.5,2537.820147,122.8172881,0.143994811,7478902.0,27000000.0,97200000,1,97200000,13900000.0,36700000.0,97200000,1,3367,673.4,1263.549682,2931,48,264,200,0.082282749,0.061712062,0,5792,796.0666667,1797.297116,3230276.924,0,0,1,852.9285714,346,251,235,1,32,1017.0,1017,1017,97200000.0,97200000,97200000,DoS
443,5488800,5,135,46,6,27.0,20.1246118,46,46,46.0,0.0,32.97624253,1.093135111,1097760.0,2283259.426,5179619,3,5488800,1372200.0,2540487.842,5179619,3,0,0.0,0.0,0,0,100,20,0.910945926,0.182189185,6,46,32.42857143,18.86670032,355.952381,0,0,1,37.83333333,135,254,385,4,20,248712.0,248712,248712,5179619.0,5179619,5179619,Normal Traffic
46802,3,1,0,0,0,0.0,0.0,0,0,0.0,0.0,0.0,666666.6667,3.0,0.0,3,3,0,0.0,0.0,0,0,0,0.0,0.0,0,0,32,32,333333.3333,333333.3333,0,0,0.0,0.0,0.0,0,0,1,0.0,0,114,423,0,32,0.0,0,0,0.0,0,0,Normal Traffic
443,118870664,21,1374,232,0,65.4285714286,82.5424566078,1582,0,245.2307692308,470.0057282793,65.1969101477,0.3953877132,2584144.86956522,12061690.8914683,58932459,1,118870664,5943533.2,17994762.9147527,58973412,3,118606063,4744242.52,16235951.6773157,58985616,1,444,532,0.1766625952,0.2187251179,0,1582,161.4583333333,359.1090605594,128959.317375887,0,1,0,164.8936170213,1374,8192,377,19,20,765183.5,1281104,249263,58537753.5,58932459,58143048,Normal Traffic
53,356543,1,45,45,45,45.0,0.0,96,96,96.0,0.0,395.4642217,5.609421584,356543.0,0.0,356543,356543,0,0.0,0.0,0,0,0,0.0,0.0,0,0,20,20,2.804710792,2.804710792,45,96,62.0,29.44486373,867.0,0,0,0,93.0,45,-1,-1,0,20,0.0,0,0,0.0,0,0,Normal Traffic
46557,54,1,0,0,0,0.0,0.0,0,0,0.0,0.0,0.0,37037.037037037,54.0,0.0,54,54,0,0.0,0.0,0,0,0,0.0,0.0,0,0,32,32,18518.5185185185,18518.5185185185,0,0,0.0,0.0,0.0,0,0,1,0.0,0,4988,36200,0,32,0.0,0,0,0.0,0,0,Normal Traffic
80,46751,2,12,6,6,6.0,0.0,0,0,0.0,0.0,256.6790015,42.77983359,46751.0,0.0,46751,46751,46751,46751.0,0.0,46751,46751,0,0.0,0.0,0,0,40,0,42.77983359,0.0,6,6,6.0,0.0,0.0,0,0,1,9.0,12,253,-1,1,20,0.0,0,0,0.0,0,0,Normal Traffic
48012,221,2,0,0,0,0.0,0.0,0,0,0.0,0.0,0.0,9049.7737556561,221.0,0.0,221,221,221,221.0,0.0,221,221,0,0.0,0.0,0,0,64,0,9049.7737556561,0.0,0,0,0.0,0.0,0.0,0,0,1,0.0,0,122,-1,0,32,0.0,0,0,0.0,0,0,Normal Traffic
53,60951,2,60,30,30,30.0,0.0,132,132,132.0,0.0,5315.745435,65.62648685,20317.0,35146.78318,60901,1,49,49.0,0.0,49,49,1,1.0,0.0,1,1,64,80,32.81324343,32.81324343,30,132,70.8,55.86770087,3121.2,0,0,0,88.5,60,-1,-1,1,32,0.0,0,0,0.0,0,0,Normal Traffic
80,85113107,9,319,319,0,35.44444444,106.3333333,4344,0,1932.5,1754.831473,139.9784407,0.176236076,6079507.643,22700000.0,85000000,15,85000000,10600000.0,30000000.0,85000000,194,147977,29595.4,59027.30083,134711,15,296,200,0.105741646,0.07049443,0,4344,744.625,1391.27768,1935653.583,0,0,1,794.2666667,319,251,235,1,32,1200.0,1200,1200,85000000.0,85000000,85000000,DoS
53,60360,1,53,53,53,53.0,0.0,166,166,166.0,0.0,3628.230616,33.13452618,60360.0,0.0,60360,60360,0,0.0,0.0,0,0,0,0.0,0.0,0,0,32,32,16.56726309,16.56726309,53,166,90.66666667,65.24058042,4256.333333,0,0,0,136.0,53,-1,-1,0,32,0.0,0,0,0.0,0,0,Normal Traffic
53,30247,1,54,54,54,54.0,0.0,110,110,110.0,0.0,5422.025325,66.12226006,30247.0,0.0,30247,30247,0,0.0,0.0,0,0,0,0.0,0.0,0,0,20,20,33.06113003,33.06113003,54,110,72.66666667,32.33161507,1045.333333,0,0,0,109.0,54,-1,-1,0,20,0.0,0,0,0.0,0,0,Normal Traffic
163,43,1,2,2,2,2.0,0.0,6,6,6.0,0.0,186046.5116,46511.62791,43.0,0.0,43,43,0,0.0,0.0,0,0,0,0.0,0.0,0,0,24,20,23255.81395,23255.81395,2,6,3.333333333,2.309401077,5.333333333,0,1,0,5.0,2,1024,0,0,24,0.0,0,0,0.0,0,0,Port Scanning
53,66735,2,72,36,36,36.0,0.0,52,52,52.0,0.0,2637.296771,59.93856297,22245.0,38485.3095,66684,3,3,3.0,0.0,3,3,48,48.0,0.0,48,48,64,64,29.96928149,29.96928149,36,52,42.4,8.76356092,76.8,0,0,0,53.0,72,-1,-1,1,32,0.0,0,0,0.0,0,0,Normal Traffic
80,11145640,8,445,445,0,55.625,157.3312588,5840,0,2326.4,3185.599598,1083.56272,1.166375372,928803.3333,2181847.252,6139829,0,6143677,877668.1429,2321328.37,6141946,0,11100000,2786398.0,3250189.233,6139829,62,264,168,0.71776946,0.448605912,0,5840,862.6428571,2101.881048,4417903.94,0,1,0,929.0,445,29200,235,1,32,777.0,777,777,6139829.0,6139829,6139829,DoS
53,31281,2,70,35,35,35.0,0.0,242,242,242.0,0.0,17710.43125,127.8731498,10427.0,18053.16557,31273,4,4,4.0,0.0,4,4,4,4.0,0.0,4,4,40,64,63.93657492,63.93657492,35,242,117.8,113.3785694,12854.7,0,0,0,147.25,70,-1,-1,1,20,0.0,0,0,0.0,0,0,Normal Traffic
5560,62,2,4,2,2,2.0,0.0,6,6,6.0,0.0,258064.5161,64516.12903,20.66666667,24.41993721,48,1,1,1.0,0.0,1,1,48,48.0,0.0,48,48,48,40,32258.06452,32258.06452,2,6,3.6,2.19089023,4.8,0,1,0,4.5,4,1024,0,1,24,0.0,0,0,0.0,0,0,Normal Traffic
443,82531,3,65,53,6,21.66666667,27.13546265,0,0,0.0,0.0,787.5828477,36.34997758,41265.5,58353.98712,82528,3,82531,41265.5,58353.98712,82528,3,0,0.0,0.0,0,0,60,0,36.34997758,0.0,6,53,17.75,23.5,552.25,0,0,1,23.66666667,65,16425,-1,2,20,0.0,0,0,0.0,0,0,Normal Traffic
80,97258858,8,56,20,0,7.0,5.656854249,5840,0,1933.5,2189.772933,119.8554069,0.143945758,7481450.615,24600000.0,89000000,45,97300000,13900000.0,33200000.0,89000000,98,37111,7422.2,15848.38978,35768,45,172,132,0.082254719,0.061691039,0,5840,777.5333333,1633.102694,2667024.41,0,0,1,833.0714286,56,256,229,6,20,905.0,905,905,48600000.0,89000000,8251328,DDoS
53,30488,1,43,43,43,43.0,0.0,71,71,71.0,0.0,3739.176069,65.59958016,30488.0,0.0,30488,30488,0,0.0,0.0,0,0,0,0.0,0.0,0,0,32,32,32.79979008,32.79979008,43,71,52.33333333,16.16580754,261.3333333,0,0,0,78.5,43,-1,-1,0,32,0.0,0,0,0.0,0,0,Normal Traffic
22,1263522,35,2568,408,0,73.37142857,106.348784,976,0,165.5714286,318.2112462,7536.077726,60.94076716,16625.28947,109587.5209,951134,0,1263522,37162.41176,172639.5859,995995,3,312305,7617.195122,19287.85432,97968,0,724,864,27.70034871,33.24041845,0,976,122.0769231,247.4157744,61214.56543,0,1,0,123.6623377,2568,8192,245,24,20,0.0,0,0,0.0,0,0,Normal Traffic
51041,70,1,6,6,6,6.0,0.0,6,6,6.0,0.0,171428.5714,28571.42857,70.0,0.0,70,70,0,0.0,0.0,0,0,0,0.0,0.0,0,0,20,20,14285.71429,14285.71429,6,6,6.0,0.0,0.0,0,0,1,9.0,6,997,255,0,20,0.0,0,0,0.0,0,0,Normal Traffic
80,51756,3,435,429,0,145.0,245.9695103056,859,0,217.75,427.5093566228,25233.7893191128,135.2500193214,8626.0,13236.9573845352,27905,2,23846,11923.0,16342.6519267835,23479,367,28439,9479.6666666667,16414.9341860799,28434,2,72,92,57.9642939949,77.2857253265,0,859,163.25,318.2149991975,101260.785714286,0,1,0,186.5714285714,435,8192,31,2,20,0.0,0,0,0.0,0,0,Normal Traffic
53,161951,1,56,56,56,56.0,0.0,104,104,104.0,0.0,987.9531463,12.34941433,161951.0,0.0,161951,161951,0,0.0,0.0,0,0,0,0.0,0.0,0,0,20,20,6.174707165,6.174707165,56,104,72.0,27.71281292,768.0,0,0,0,108.0,56,-1,-1,0,20,0.0,0,0,0.0,0,0,Normal Traffic
443,31679,3,43,31,6,14.33333333,14.43375673,6,6,6.0,0.0,1546.765996,126.266612,10559.66667,10989.8931,21936,2,9743,4871.5,6886.512942,9741,2,0,0.0,0.0,0,0,60,20,94.69995896,31.56665299,6,31,11.0,11.18033989,125.0,0,0,1,13.75,43,258,0,2,20,0.0,0,0,0.0,0,0,Normal Traffic
443,704527,14,875,357,0,62.5,111.3848146,1460,0,372.7,592.2107451,6532.042065,34.06540842,30631.6087,82075.9544,295665,1,704527,54194.38462,104811.914,295665,1,380122,42235.77778,101314.0575,309763,2,304,212,19.87148825,14.19392018,0,1460,184.08,403.8518623,163096.3267,0,1,0,191.75,875,65535,8499,13,20,0.0,0,0,0.0,0,0,Normal Traffic
80,1397677,3,26,20,0,8.666666667,10.26320288,4380,0,1934.5,2177.344966,8323.096109,6.439255994,174709.625,493854.868,1396938,3,587,293.5,344.3610024,537,50,1397640,279528.0,624651.236,1396938,3,72,132,2.146418665,4.292837329,0,4380,1163.3,1903.962654,3625073.789,0,1,0,1292.555556,26,8192,229,2,20,0.0,0,0,0.0,0,0,DDoS
443,1169,4,37,37,0,9.25,18.5,0,0,0.0,0.0,31650.9837467921,3421.7279726262,389.6666666667,377.3716117216,757,3,1169,389.6666666667,377.3716117216,757,3,0,0.0,0.0,0,0,128,0,3421.7279726262,0.0,0,37,7.4,16.5469030335,273.8,0,0,1,9.25,37,65474,-1,1,32,0.0,0,0,0.0,0,0,Normal Traffic
80,49618,3,438,438,0,146.0,252.8794179,860,0,215.0,430.0,26159.86134,141.0778347,8269.666667,11583.09625,23253,4,25926,12963.0,14627.21088,23306,2620,26365,8788.333333,14705.20399,25765,4,104,136,60.46192914,80.61590552,0,860,162.25,320.9012977,102977.6429,0,1,0,185.4285714,438,29200,31,1,32,0.0,0,0,0.0,0,0,Normal Traffic
52067,522,3,18,6,6,6.0,0.0,0,0,0.0,0.0,34482.75862,5747.126437,261.0,312.5411973,482,40,522,261.0,312.5411973,482,40,0,0.0,0.0,0,0,60,0,5747.126437,0.0,6,6,6.0,0.0,0.0,0,0,1,8.0,18,351,-1,2,20,0.0,0,0,0.0,0,0,Normal Traffic
443,195581,2,12,6,6,6.0,0.0,0,0,0.0,0.0,61.35565316,10.22594219,195581.0,0.0,195581,195581,195581,195581.0,0.0,195581,195581,0,0.0,0.0,0,0,40,0,10.22594219,0.0,6,6,6.0,0.0,0.0,0,0,1,9.0,12,254,-1,1,20,0.0,0,0,0.0,0,0,Normal Traffic
443,13692911,17,1408,469,0,82.8235294118,161.6664139881,1586,0,689.0,728.3144925099,857.5970441932,2.3369756803,441706.806451613,2388697.31602722,13311736,1,13692911,855806.9375,3321749.02441696,13311736,1,13639410,974243.571428571,3566473.92864777,13365022,2,556,488,1.2415183302,1.0954573502,0,1586,355.8484848485,583.7129603459,340720.820075758,0,1,0,366.96875,1408,65535,365,6,32,298716.0,298716,298716,13311736.0,13311736,13311736,Normal Traffic
53,104125500,2,91,49,42,45.5,4.949747468,178,100,139.0,55.15432893,3.54380051,0.038415182,34700000.0,59900000.0,104000000,120715,104000000,104000000.0,0.0,104000000,104000000,104000000,104000000.0,0.0,104000000,104000000,64,40,0.019207591,0.019207591,42,178,82.2,58.79795915,3457.2,0,0,0,102.75,91,-1,-1,1,32,145242.0,145242,145242,104000000.0,104000000,104000000,Normal Traffic
53,62068,2,58,29,29,29.0,0.0,95,95,95.0,0.0,3995.61771,64.44544693,20689.33333,35789.95058,62016,3,49,49.0,0.0,49,49,3,3.0,0.0,3,3,64,64,32.22272346,32.22272346,29,95,55.4,36.1496888,1306.8,0,0,0,69.25,58,-1,-1,1,32,0.0,0,0,0.0,0,0,Normal Traffic
53,43198320,2,95,50,45,47.5,3.535533906,225,66,145.5,112.4299782,8.935532678,0.092596194,14400000.0,24900000.0,43100000,24005,43200000,43200000.0,0.0,43200000,43200000,43200000,43200000.0,0.0,43200000,43200000,40,40,0.046298097,0.046298097,45,225,86.2,78.06855961,6094.7,0,0,0,107.75,95,-1,-1,1,20,47154.0,47154,47154,43100000.0,43100000,43100000,Normal Traffic
53,81232,1,47,47,47,47.0,0.0,154,154,154.0,0.0,2474.394327,24.62083908,81232.0,0.0,81232,81232,0,0.0,0.0,0,0,0,0.0,0.0,0,0,20,20,12.31041954,12.31041954,47,154,82.66666667,61.7764788,3816.333333,0,0,0,124.0,47,-1,-1,0,20,0.0,0,0,0.0,0,0,Normal Traffic
443,115467031,20,1155,520,0,57.75,158.8640183,1993,0,135.0625,497.2191293,28.71815419,0.311777307,3299058.029,4688690.197,10000000,3,115000000,6077212.158,4896401.038,10100000,3,111000000,7374218.133,4586354.174,10100000,595,648,520,0.173209615,0.138567692,0,1993,89.62162162,343.5641094,118036.2973,0,1,0,92.11111111,1155,29200,972,4,32,32877.90909,129651,23041,10000000.0,10000000,9999657,Normal Traffic
80,1318011,3,26,20,0,8.666666667,10.26320288,5840,0,1934.5,2538.919278,8826.178234,6.828471083,164751.375,465597.7937,1317047,3,839,419.5,405.1721856,706,133,1317966,263593.2,588898.6875,1317047,3,72,132,2.276157028,4.552314055,0,5840,1163.3,2138.329153,4572451.567,0,1,0,1292.555556,26,8192,229,2,20,0.0,0,0,0.0,0,0,DDoS
587,30,1,0,0,0,0.0,0.0,6,6,6.0,0.0,200000.0,66666.66667,30.0,0.0,30,30,0,0.0,0.0,0,0,0,0.0,0.0,0,0,40,20,33333.33333,33333.33333,0,6,2.0,3.464101615,12.0,0,1,0,3.0,0,29200,0,0,40,0.0,0,0,0.0,0,0,Port Scanning
53,70887,4,168,42,42,42.0,0.0,79,79,79.0,0.0,4598.868622,84.64175378,14177.4,19686.3923,40102,3,30781,10260.33333,17765.35647,30774,3,4,4.0,0.0,4,4,80,40,56.42783585,28.21391793,42,79,52.57142857,18.05415135,325.952381,0,0,0,61.33333333,168,-1,-1,3,20,0.0,0,0,0.0,0,0,Normal Traffic
49845,30239,2,0,0,0,0.0,0.0,0,0,0.0,0.0,0.0,99.20962995,15119.5,21305.83442,30185,54,30239,30239.0,0.0,30239,30239,0,0.0,0.0,0,0,40,20,66.1397533,33.06987665,0,0,0.0,0.0,0.0,0,0,1,0.0,0,60,255,0,20,0.0,0,0,0.0,0,0,Normal Traffic
52974,333,3,43,31,6,14.33333333,14.43375673,0,0,0.0,0.0,129129.1291,9009.009009,166.5,167.5843071,285,48,333,166.5,167.5843071,285,48,0,0.0,0.0,0,0,60,0,9009.009009,0.0,6,31,12.25,12.5,156.25,0,0,1,16.33333333,43,131,-1,2,20,0.0,0,0,0.0,0,0,Normal Traffic
80,85518184,7,330,324,0,47.14285714,122.103001,4344,0,1932.5,1754.831473,139.4440275,0.152014453,7126515.333,24600000.0,85400000,1,85400000,14200000.0,34900000.0,85400000,1,148579,29715.8,58280.73198,133330,15,220,200,0.081853936,0.070160517,0,4344,851.7857143,1461.084222,2134767.104,0,0,1,917.3076923,330,251,235,2,20,994.0,994,994,85400000.0,85400000,85400000,DoS
58509,86,1,0,0,0,0.0,0.0,0,0,0.0,0.0,0.0,23255.8139534884,86.0,0.0,86,86,0,0.0,0.0,0,0,0,0.0,0.0,0,0,32,32,11627.9069767442,11627.9069767442,0,0,0.0,0.0,0.0,0,0,1,0.0,0,118,33304,0,32,0.0,0,0,0.0,0,0,Normal Traffic
53,1131,2,84,42,42,42.0,0.0,181,181,181.0,0.0,394341.2909,3536.693192,377.0,609.2314831,1080,3,48,48.0,0.0,48,48,3,3.0,0.0,3,3,40,40,1768.346596,1768.346596,42,181,97.6,76.13343549,5796.3,0,0,0,122.0,84,-1,-1,1,20,0.0,0,0,0.0,0,0,Normal Traffic
50321,2,3,31,31,0,10.33333333,17.89785834,0,0,0.0,0.0,15500000.0,1500000.0,1.0,0.0,1,1,2,1.0,0.0,1,1,0,0.0,0.0,0,0,60,0,1500000.0,0.0,0,31,7.75,15.5,240.25,0,0,1,10.33333333,31,118,-1,1,20,0.0,0,0,0.0,0,0,Normal Traffic
80,5296215,3,0,0,0,0.0,0.0,0,0,0.0,0.0,0.0,0.755256348,1765405.0,3026172.892,5259665,36,5296215,2648107.5,3693300.035,5259665,36550,0,0.0,0.0,0,0,72,32,0.566442261,0.188814087,0,0,0.0,0.0,0.0,0,1,0,0.0,0,8192,42780,0,20,0.0,0,0,0.0,0,0,Normal Traffic
80,39445,1,0,0,0,0.0,0.0,0,0,0.0,0.0,0.0,50.70351122,39445.0,0.0,39445,39445,0,0.0,0.0,0,0,0,0.0,0.0,0,0,32,32,25.35175561,25.35175561,0,0,0.0,0.0,0.0,0,0,1,0.0,0,256,939,0,32,0.0,0,0,0.0,0,0,Normal Traffic
443,58047578,14,1034,658,0,73.8571428571,177.3591996889,1460,0,415.6923076923,600.7060269127,110.9090201834,0.4651356858,2232599.15384615,4145106.52236278,10069704,29,58047578,4465198.30769231,5039406.02179879,10100555,272,50531723,4210976.91666667,5184642.58114421,10120229,49,292,332,0.2411814667,0.2239542191,0,1460,229.9285714286,454.6709781949,206725.698412698,0,1,0,238.4444444444,1034,8192,115,13,20,68851.0,161023,50368,9605745.33333333,10069704,7465237,Normal Traffic
53,31371,2,64,32,32,32.0,0.0,268,268,268.0,0.0,19125.944343502,127.5062956233,10457.0,18106.859142325,31365,3,3,3.0,0.0,3,3,3,3.0,0.0,3,3,40,64,63.7531478117,63.7531478117,32,268,126.4,129.2625235712,16708.8,0,0,0,158.0,64,-1,-1,1,20,0.0,0,0,0.0,0,0,Normal Traffic
52901,3,2,12,6,6,6.0,0.0,0,0,0.0,0.0,4000000.0,666666.6667,3.0,0.0,3,3,3,3.0,0.0,3,3,0,0.0,0.0,0,0,40,0,666666.6667,0.0,6,6,6.0,0.0,0.0,1,0,0,9.0,12,0,-1,1,20,0.0,0,0,0.0,0,0,Normal Traffic
55561,173931,2,0,0,0,0.0,0.0,6,6,6.0,0.0,103.4893147283,28.747031869,43482.75,86902.8429085225,173837,1,173931,173931.0,0.0,173931,173931,5,2.5,2.1213203436,4,1,64,60,11.4988127476,17.2482191214,0,6,3.0,3.286335345,10.8,0,0,1,3.6,0,115,0,0,32,0.0,0,0,0.0,0,0,Normal Traffic
56228,246,2,37,31,6,18.5,17.67766953,6,6,6.0,0.0,174796.748,12195.12195,123.0,123.0365799,210,36,246,246.0,0.0,246,246,0,0.0,0.0,0,0,40,20,8130.081301,4065.04065,6,31,18.5,14.43375673,208.3333333,0,0,1,24.66666667,37,62,0,1,20,0.0,0,0,0.0,0,0,Normal Traffic
443,5350661,8,918,517,0,114.75,195.7087851,2487,0,769.3636364,899.1791004,1753.241329,3.550963143,297258.9444,1177724.173,5013574,3,336933,48133.28571,55737.54218,108646,211,5244538,524453.8,1578022.247,5013574,3,264,360,1.495142376,2.055820767,0,2487,469.05,745.8534832,556297.4184,0,1,0,493.7368421,918,29200,4,3,32,337084.0,337084,337084,5013574.0,5013574,5013574,Normal Traffic
53,138705,4,120,30,30,30.0,0.0,107,107,107.0,0.0,2407.988176,43.25727263,27741.0,46760.38588,107920,1,30781,10260.33333,17767.95456,30777,1,4,4.0,0.0,4,4,128,64,28.83818175,14.41909088,30,107,52.0,37.57215281,1411.666667,0,0,0,60.66666667,120,-1,-1,3,32,0.0,0,0,0.0,0,0,Normal Traffic
443,32030269,2,74,37,37,37.0,0.0,0,0,0.0,0.0,2.3103146589,0.0624409367,32030269.0,0.0,32030269,32030269,32030269,32030269.0,0.0,32030269,32030269,0,0.0,0.0,0,0,64,0,0.0624409367,0.0,37,37,37.0,0.0,0.0,0,0,1,55.5,74,33304,-1,1,32,0.0,0,0,0.0,0,0,Normal Traffic
53,31498,2,152,76,76,76.0,0.0,158,158,158.0,0.0,14858.08623,126.99219,10499.33333,18180.18263,31492,3,3,3.0,0.0,3,3,3,3.0,0.0,3,3,64,40,63.49609499,63.49609499,76,158,108.8,44.91324972,2017.2,0,0,0,136.0,152,-1,-1,1,32,0.0,0,0,0.0,0,0,Normal Traffic
80,996,2,0,0,0,0.0,0.0,0,0,0.0,0.0,0.0,2008.032129,996.0,0.0,996,996,996,996.0,0.0,996,996,0,0.0,0.0,0,0,64,0,2008.032129,0.0,0,0,0.0,0.0,0.0,0,0,1,0.0,0,274,-1,0,32,0.0,0,0,0.0,0,0,DoS
38476,41,1,0,0,0,0.0,0.0,0,0,0.0,0.0,0.0,48780.4878,41.0,0.0,41,41,0,0.0,0.0,0,0,0,0.0,0.0,0,0,32,32,24390.2439,24390.2439,0,0,0.0,0.0,0.0,0,0,1,0.0,0,227,229,0,32,0.0,0,0,0.0,0,0,Normal Traffic
53,66563,4,144,36,36,36.0,0.0,99,99,99.0,0.0,5137.989574,90.14016796,13312.6,18390.95723,36764,2,36771,12257.0,21223.68458,36764,3,2,2.0,0.0,2,2,104,40,60.09344531,30.04672265,36,99,54.0,30.7408523,945.0,0,0,0,63.0,144,-1,-1,3,20,0.0,0,0,0.0,0,0,Normal Traffic
53,193,2,104,52,52,52.0,0.0,84,84,84.0,0.0,1409326.425,20725.3886,64.33333333,106.2324495,187,3,3,3.0,0.0,3,3,3,3.0,0.0,3,3,64,64,10362.6943,10362.6943,52,84,64.8,17.52712184,307.2,0,0,0,81.0,104,-1,-1,1,32,0.0,0,0,0.0,0,0,Normal Traffic
80,5891279,3,0,0,0,0.0,0.0,0,0,0.0,0.0,0.0,0.678969711,1963759.66666667,3381204.07308777,5868015,69,5891279,2945639.5,4132863.06644685,5868015,23264,0,0.0,0.0,0,0,104,40,0.5092272832,0.1697424277,0,0,0.0,0.0,0.0,0,1,0,0.0,0,29200,28960,0,32,0.0,0,0,0.0,0,0,Normal Traffic
37368,74501,15,18449,2920,0,1229.933333,1055.988127,0,0,0.0,0.0,247634.2599,281.8754111,3725.05,14140.89977,62856,2,74501,5321.5,16827.08888,62856,2,63216,12643.2,28186.11008,63064,3,324,144,201.3395793,80.53583173,0,2920,838.5909091,1042.694068,1087210.92,0,1,0,878.5238095,18449,8192,357,10,20,0.0,0,0,0.0,0,0,Normal Traffic
53,183,2,72,36,36,36.0,0.0,100,100,100.0,0.0,1486338.798,21857.9235,61.0,65.47518614,132,3,3,3.0,0.0,3,3,48,48.0,0.0,48,48,64,64,10928.96175,10928.96175,36,100,61.6,35.05424368,1228.8,0,0,0,77.0,72,-1,-1,1,32,0.0,0,0,0.0,0,0,Normal Traffic
53,48198,1,57,57,57,57.0,0.0,118,118,118.0,0.0,3630.856052,41.49549774,48198.0,0.0,48198,48198,0,0.0,0.0,0,0,0,0.0,0.0,0,0,20,20,20.74774887,20.74774887,57,118,77.33333333,35.21836642,1240.333333,0,0,0,116.0,57,-1,-1,0,20,0.0,0,0,0.0,0,0,Normal Traffic
123,94531,1,48,48,48,48.0,0.0,48,48,48.0,0.0,1015.539876,21.15708075,94531.0,0.0,94531,94531,0,0.0,0.0,0,0,0,0.0,0.0,0,0,20,20,10.57854037,10.57854037,48,48,48.0,0.0,0.0,0,0,0,72.0,48,-1,-1,0,20,0.0,0,0,0.0,0,0,Normal Traffic
80,1752355,3,26,20,0,8.666666667,10.26320288,8760,0,2900.25,4128.319301,6635.07109,3.994624377,292059.1667,713046.0599,1747555,4,4011,2005.5,2830.548445,4007,4,1752336,584112.0,1007572.829,1747555,575,72,92,1.711981876,2.282642501,0,8760,1453.375,3113.952607,9696700.839,0,1,0,1661.0,26,8192,229,2,20,0.0,0,0,0.0,0,0,DDoS
53,60715,1,56,56,56,56.0,0.0,132,132,132.0,0.0,3096.43416,32.94078893,60715.0,0.0,60715,60715,0,0.0,0.0,0,0,0,0.0,0.0,0,0,20,20,16.47039447,16.47039447,56,132,81.33333333,43.87862046,1925.333333,0,0,0,122.0,56,-1,-1,0,20,0.0,0,0,0.0,0,0,Normal Traffic
3493,107,2,4,2,2,2.0,0.0,6,6,6.0,0.0,149532.7103,37383.17757,35.66666667,20.50203242,48,12,47,47.0,0.0,47,47,48,48.0,0.0,48,48,48,40,18691.58879,18691.58879,2,6,3.6,2.19089023,4.8,0,1,0,4.5,4,1024,0,1,24,0.0,0,0,0.0,0,0,Normal Traffic
443,3850126,1,6,6,6,6.0,0.0,31,31,31.0,0.0,9.610075099,0.519463519,3850126.0,0.0,3850126,3850126,0,0.0,0.0,0,0,0,0.0,0.0,0,0,20,20,0.259731759,0.259731759,6,31,14.33333333,14.43375673,208.3333333,1,0,0,21.5,6,0,63,0,20,0.0,0,0,0.0,0,0,Normal Traffic
80,11045971,11,14148,3582,0,1286.1818181818,1678.7184289321,1153,0,354.4166666667,520.53896166,1665.8562656013,2.0822071686,502089.590909091,1280017.87189114,5370883,54,5675088,567508.8,938992.214253464,3195874,22999,11023026,1002093.27272727,1832547.92618622,5596752,254,232,248,0.9958382111,1.0863689575,0,3582,766.7083333333,1264.1814495233,1598154.73731884,0,1,0,800.0434782609,14148,8192,39420,10,20,0.0,0,0,0.0,0,0,Normal Traffic
443,116756654,21,1139,691,0,54.23809524,153.4831928,1460,0,249.9444444,489.3330962,48.28846842,0.334028072,3072543.526,4560253.457,10000000,3,117000000,5837832.7,4865661.124,10000000,3,111000000,6539404.353,4853774.611,10000000,48,432,504,0.179861269,0.154166802,0,1460,140.95,355.6626138,126495.8949,0,1,0,144.5641026,1139,8192,62,20,20,112058.5833,1177599,15166,9617662.333,10000000,5571705,Normal Traffic
53,30823,2,68,34,34,34.0,0.0,91,91,91.0,0.0,8110.826331,129.7732213,10274.33333,17751.51431,30772,3,3,3.0,0.0,3,3,48,48.0,0.0,48,48,64,64,64.88661065,64.88661065,34,91,56.8,31.22018578,974.7,0,0,0,71.0,68,-1,-1,1,32,0.0,0,0,0.0,0,0,Normal Traffic
53,901,2,64,32,32,32.0,0.0,48,48,48.0,0.0,177580.4661,4439.511654,300.3333333,513.2643893,893,4,4,4.0,0.0,4,4,4,4.0,0.0,4,4,64,64,2219.755827,2219.755827,32,48,38.4,8.76356092,76.8,0,0,0,48.0,64,-1,-1,1,32,0.0,0,0,0.0,0,0,Normal Traffic
53,130129,2,86,43,43,43.0,0.0,59,59,59.0,0.0,1567.6751531173,30.7387284925,43376.3333333333,75123.9510032142,130122,3,3,3.0,0.0,3,3,4,4.0,0.0,4,4,88,40,15.3693642462,15.3693642462,43,59,49.4,8.7635609201,76.8,0,0,0,61.75,86,-1,-1,1,44,0.0,0,0,0.0,0,0,Normal Traffic
443,3711850,5,135,46,6,27.0,20.1246118,46,46,46.0,0.0,48.76274634,1.61644463,742370.0,1602987.998,3609676,3,3711850,927962.5,1788207.804,3609676,3,0,0.0,0.0,0,0,100,20,1.347037192,0.269407438,6,46,32.42857143,18.86670032,355.952381,0,0,1,37.83333333,135,253,360,4,20,0.0,0,0,0.0,0,0,Normal Traffic
80,2498956,5,30,6,6,6.0,0.0,0,0,0.0,0.0,12.00501329,2.000835549,624739.0,1248818.086,2497966,1,2498956,624739.0,1248818.086,2497966,1,0,0.0,0.0,0,0,100,0,2.000835549,0.0,6,6,6.0,0.0,0.0,0,0,1,7.2,30,256,-1,4,20,0.0,0,0,0.0,0,0,DDoS
64435,3,2,37,37,0,18.5,26.1629509039,0,0,0.0,0.0,12333333.3333333,666666.666666667,3.0,0.0,3,3,3,3.0,0.0,3,3,0,0.0,0.0,0,0,64,0,666666.666666667,0.0,0,37,24.6666666667,21.36195996,456.3333333333,0,0,1,37.0,37,120,-1,0,32,0.0,0,0,0.0,0,0,Normal Traffic
443,325017,15,974,469,0,64.9333333333,134.2659762596,1581,0,671.5454545455,745.9320831867,25724.8082407997,79.9958156035,13000.68,25114.95604668,94208,1,325017,23215.5,37366.4191276482,127057,1,265376,26537.6,37702.3863824736,96125,2,492,360,46.1514320789,33.8443835246,0,1581,309.6666666667,563.347071597,317359.923076923,0,1,0,321.5769230769,974,65535,357,6,32,0.0,0,0,0.0,0,0,Normal Traffic
51735,71,1,0,0,0,0.0,0.0,0,0,0.0,0.0,0.0,28169.01408,71.0,0.0,71,71,0,0.0,0.0,0,0,0,0.0,0.0,0,0,20,20,14084.50704,14084.50704,0,0,0.0,0.0,0.0,0,0,1,0.0,0,7241,64240,0,20,0.0,0,0,0.0,0,0,Normal Traffic
80,11,1,6,6,6,6.0,0.0,6,6,6.0,0.0,1090909.09090909,181818.181818182,11.0,0.0,11,11,0,0.0,0.0,0,0,0,0.0,0.0,0,0,20,20,90909.0909090909,90909.0909090909,6,6,6.0,0.0,0.0,0,0,1,9.0,6,16373,343,0,20,0.0,0,0,0.0,0,0,Normal Traffic
53,231,2,94,47,47,47.0,0.0,98,98,98.0,0.0,1255411.255,17316.01732,77.0,91.03296106,179,4,48,48.0,0.0,48,48,4,4.0,0.0,4,4,64,64,8658.008658,8658.008658,47,98,67.4,27.93385043,780.3,0,0,0,84.25,94,-1,-1,1,32,0.0,0,0,0.0,0,0,Normal Traffic
49574,15,1,0,0,0,0.0,0.0,0,0,0.0,0.0,0.0,133333.3333,15.0,0.0,15,15,0,0.0,0.0,0,0,0,0.0,0.0,0,0,32,32,66666.66667,66666.66667,0,0,0.0,0.0,0.0,0,0,1,0.0,0,123,33304,0,32,0.0,0,0,0.0,0,0,Normal Traffic
80,98421743,9,363,363,0,40.33333333,121.0,4344,0,1932.5,1977.812908,121.4975435,0.152405348,7030124.5,26300000.0,98400000,2,98400000,12300000.0,34800000.0,98400000,2,40405,8081.0,12271.63498,27965,48,296,200,0.091443209,0.060962139,0,4344,747.375,1486.847128,2210714.383,0,0,1,797.2,363,251,235,1,32,998.0,998,998,98400000.0,98400000,98400000,DoS
80,4250833,5,464,446,0,92.8,197.4618951,1637,0,377.2,711.4440948,552.8328212,2.35248009,472314.7778,1324207.809,3998761,41,252072,63018.0,113046.902,232029,75,4231225,1057806.25,1962997.183,3998802,324,120,112,1.176240045,1.176240045,0,1637,213.6363636,493.2533371,243298.8545,0,1,0,235.0,464,29200,30,4,20,0.0,0,0,0.0,0,0,Normal Traffic
443,115701396,25,9753,3045,0,390.12,985.6835327,1448,0,183.75,420.9359611,128.7624913,0.458075718,2225026.846,4188342.921,10200000,2,116000000,4820891.5,5104184.82,10200000,4,113000000,4175878.519,5106343.628,10200000,3,808,904,0.216073452,0.242002266,0,3045,275.8888889,736.409204,542298.5157,0,1,0,281.0943396,9753,29200,14080,7,32,54286.27273,364024,22903,10200000.0,10200000,10000000,Normal Traffic
80,9064764,4,24,6,6,6.0,0.0,0,0,0.0,0.0,2.647614433,0.441269072,3021588.0,5232709.109,9063800,1,9064764,3021588.0,5232709.109,9063800,1,0,0.0,0.0,0,0,80,0,0.441269072,0.0,6,6,6.0,0.0,0.0,0,0,1,7.5,24,256,-1,3,20,964.0,964,964,9063800.0,9063800,9063800,DDoS
80,97846339,6,356,356,0,59.33333333,145.3363914,10136,0,2319.0,4414.366206,122.1404921,0.112421171,9784633.9,30900000.0,97700000,44,97700000,19500000.0,43700000.0,97700000,223,140455,35113.75,62961.66207,129244,45,200,168,0.061320639,0.051100532,0,10136,995.9166667,2908.605678,8459986.992,0,0,1,1086.454545,356,274,235,1,32,468.0,468,468,97700000.0,97700000,97700000,DoS
443,4847234,5,123,46,0,24.6,23.27659769,46,46,46.0,0.0,34.8652448,1.237819342,969446.8,2105176.759,4735113,3,4847234,1211808.5,2349215.778,4735113,3,0,0.0,0.0,0,0,100,20,1.031516118,0.206303224,0,46,30.71428571,21.68497395,470.2380952,0,0,1,35.83333333,123,255,360,2,20,0.0,0,0,0.0,0,0,Normal Traffic
443,5119878,8,373,192,0,46.625,72.16437091,1615,0,626.4,833.7531409,684.5866249,2.539123003,426656.5,1419440.409,4933444,3,5119878,731411.1429,1853178.229,4933444,3,108250,27062.5,30262.51598,55316,226,172,112,1.562537232,0.97658577,0,1615,250.3571429,549.0414875,301446.5549,0,1,0,269.6153846,373,8192,75,7,20,0.0,0,0,0.0,0,0,Normal Traffic
443,32029187,2,74,37,37,37.0,0.0,0,0,0.0,0.0,2.3103927053,0.0624430461,32029187.0,0.0,32029187,32029187,32029187,32029187.0,0.0,32029187,32029187,0,0.0,0.0,0,0,64,0,0.0624430461,0.0,37,37,37.0,0.0,0.0,0,0,1,55.5,74,33304,-1,1,32,0.0,0,0,0.0,0,0,Normal Traffic
80,98490779,6,296,296,0,49.33333333,120.841494,7240,0,1932.5,2695.639126,120.7321144,0.121838817,8953707.182,29700000.0,98500000,5,98500000,19700000.0,44000000.0,98500000,5,29478,5895.6,8521.275773,19040,71,200,200,0.060919409,0.060919409,0,7240,914.6923077,1998.972627,3995891.564,0,0,1,990.9166667,296,251,235,1,32,466.0,466,466,98500000.0,98500000,98500000,DoS
33728,37,1,0,0,0,0.0,0.0,0,0,0.0,0.0,0.0,54054.05405,37.0,0.0,37,37,0,0.0,0.0,0,0,0,0.0,0.0,0,0,32,32,27027.02703,27027.02703,0,0,0.0,0.0,0.0,0,0,1,0.0,0,905,229,0,32,0.0,0,0,0.0,0,0,Normal Traffic
80,580396,3,26,20,0,8.666666667,10.26320288,5840,0,2321.4,3173.373883,20043.21188,13.78369251,82913.71429,218361.2568,578109,12,1775,887.5,979.3428919,1580,195,580384,145096.0,288676.3275,578109,188,72,112,5.168884693,8.614807821,0,5840,1292.555556,2554.159212,6523729.278,0,1,0,1454.125,26,8192,229,2,20,0.0,0,0,0.0,0,0,DDoS
53,99557273,2,101,58,43,50.5,10.60660172,186,181,183.5,3.535533906,4.700811763,0.040177878,33200000.0,57400000.0,99500000,30691,99500000,99500000.0,0.0,99500000,99500000,99500000,99500000.0,0.0,99500000,99500000,52,52,0.020088939,0.020088939,43,186,102.2,74.48959659,5548.7,0,0,0,127.75,101,-1,-1,1,20,31555.0,31555,31555,99500000.0,99500000,99500000,Normal Traffic
25734,64,1,0,0,0,0.0,0.0,6,6,6.0,0.0,93750.0,31250.0,64.0,0.0,64,64,0,0.0,0.0,0,0,0,0.0,0.0,0,0,40,20,15625.0,15625.0,0,6,2.0,3.464101615,12.0,0,1,0,3.0,0,29200,0,0,40,0.0,0,0,0.0,0,0,Port Scanning
443,116065008,20,1210,533,0,60.5,139.1820088,1460,0,256.5263158,510.0091904,52.41889959,0.336018587,3054342.316,4549275.711,10100000,4,116000000,6108684.632,4863402.707,10200000,4,111000000,6189103.667,5027747.827,10200000,48,412,388,0.172317224,0.163701363,0,1460,152.1,373.7600903,139696.6051,0,1,0,156.0,1210,8192,5447,19,20,132660.0,770702,68686,9994984.364,10100000,9751421,Normal Traffic
443,191520,18,871,389,0,48.38888889,108.149754,2896,0,1366.275862,755.2691997,211429.6157,245.4051796,4163.478261,9572.466065,31874,1,191520,11265.88235,13902.75871,32995,1,156180,5577.857143,15095.23458,58076,50,588,936,93.98496241,151.4202172,0,2896,843.6041667,877.4671901,769948.6698,0,1,0,861.5531915,871,65535,122,6,32,0.0,0,0,0.0,0,0,Normal Traffic
53,196,2,136,68,68,68.0,0.0,116,116,116.0,0.0,1877551.02,20408.16327,65.33333333,107.9691314,190,2,2,2.0,0.0,2,2,4,4.0,0.0,4,4,40,40,10204.08163,10204.08163,68,116,87.2,26.29068276,691.2,0,0,0,109.0,136,-1,-1,1,20,0.0,0,0,0.0,0,0,Normal Traffic
443,101,2,0,0,0,0.0,0.0,0,0,0.0,0.0,0.0,19801.9801980198,101.0,0.0,101,101,101,101.0,0.0,101,101,0,0.0,0.0,0,0,64,0,19801.9801980198,0.0,0,0,0.0,0.0,0.0,0,0,1,0.0,0,329,-1,0,32,0.0,0,0,0.0,0,0,Normal Traffic
443,5232649,8,372,191,0,46.5,71.87687886,1601,0,623.6,829.6163571,666.9661963,2.484401304,436054.0833,1424618.482,4958859,49,5232649,747521.2857,1857301.261,4958859,49,202708,50677.0,66088.96697,140601,246,172,112,1.528862341,0.955538963,0,1601,249.2857143,546.3791905,298530.2198,0,1,0,268.4615385,372,8192,75,7,20,0.0,0,0,0.0,0,0,Normal Traffic
54377,51,1,0,0,0,0.0,0.0,0,0,0.0,0.0,0.0,39215.68627,51.0,0.0,51,51,0,0.0,0.0,0,0,0,0.0,0.0,0,0,32,32,19607.84314,19607.84314,0,0,0.0,0.0,0.0,0,0,1,0.0,0,358,630,0,32,0.0,0,0,0.0,0,0,Normal Traffic
80,5824886,3,0,0,0,0.0,0.0,0,0,0.0,0.0,0.0,0.686708718,1941628.667,3330991.172,5787867,65,5824886,2912443.0,4066463.618,5787867,37019,0,0.0,0.0,0,0,104,40,0.515031539,0.17167718,0,0,0.0,0.0,0.0,0,1,0,0.0,0,29200,28960,0,32,0.0,0,0,0.0,0,0,Normal Traffic
443,2124784,9,703,267,0,78.11111111,103.3022803,2896,0,395.0,900.5946184,2189.869653,8.942085407,118043.5556,188214.7158,570900,42,1458485,182310.625,249416.1867,638644,126,2029285,225476.1111,225912.4105,570900,137,296,328,4.235724667,4.706360741,0,2896,232.65,645.5372528,416718.3447,0,1,0,244.8947368,703,29200,252,4,32,0.0,0,0,0.0,0,0,Normal Traffic
443,1224153,6,800,485,0,133.3333333333,192.9970638809,501,0,87.25,176.5419820569,1223.7032462446,11.4364789369,94165.6153846154,263802.497261537,966207,61,257946,51589.2,49439.8314995106,111508,100,1151017,164431.0,369998.671601669,1000119,245,132,168,4.9013481158,6.5351308211,0,501,99.8666666667,173.6942579307,30169.6952380952,0,1,0,107.0,800,8192,5168,5,20,0.0,0,0,0.0,0,0,Normal Traffic
53,698,1,53,53,53,53.0,0.0,69,69,69.0,0.0,174785.1003,2865.329513,698.0,0.0,698,698,0,0.0,0.0,0,0,0,0.0,0.0,0,0,20,20,1432.664756,1432.664756,53,69,58.33333333,9.237604307,85.33333333,0,0,0,87.5,53,-1,-1,0,20,0.0,0,0,0.0,0,0,Normal Traffic
53,48468,2,94,47,47,47.0,0.0,128,128,128.0,0.0,7221.259388,82.52867872,16156.0,27977.81669,48462,3,3,3.0,0.0,3,3,3,3.0,0.0,3,3,40,40,41.26433936,41.26433936,47,128,79.4,44.36552716,1968.3,0,0,0,99.25,94,-1,-1,1,20,0.0,0,0,0.0,0,0,Normal Traffic
443,64807,17,1210,901,0,71.1764705882,216.7799100742,1397,0,775.8333333333,669.0293964643,162328.143564738,447.4825250359,2314.5357142857,4758.7463216937,15007,1,64807,4050.4375,6980.2691444648,20666,1,41168,3742.5454545455,6452.7316907436,16673,2,364,252,262.3173422624,185.1651827735,0,1397,350.6666666667,566.1612621088,320538.574712644,0,1,0,362.7586206897,1210,65535,32,16,20,0.0,0,0,0.0,0,0,Normal Traffic
53,205,2,72,36,36,36.0,0.0,52,52,52.0,0.0,858536.5854,19512.19512,68.33333333,113.1606528,199,3,3,3.0,0.0,3,3,3,3.0,0.0,3,3,80,80,9756.097561,9756.097561,36,52,42.4,8.76356092,76.8,0,0,0,53.0,72,-1,-1,1,40,0.0,0,0,0.0,0,0,Normal Traffic
443,100842927,35,17278,5032,6,493.6571429,1411.568796,80,6,36.78125,31.2478412,194.6789982,0.981724777,1029009.459,6643175.406,58500000,1,101000000,2963691.353,11100000.0,58600000,434,101000000,1600096.778,8264802.389,58600000,1,700,1280,0.347074416,0.634650361,6,5032,198.15,855.9391602,732631.846,0,0,1,200.1515152,17278,255,1696,34,20,641012.6667,844590,237569,32700000.0,58500000,10400000,Normal Traffic
53,121193,4,144,36,36,36.0,0.0,143,143,143.0,0.0,3548.059706,49.50780986,24238.6,51246.94299,115820,3,115873,38624.33333,66853.41218,115820,4,3,3.0,0.0,3,3,128,40,33.00520657,16.50260329,36,143,66.57142857,52.2106539,2725.952381,0,0,0,77.66666667,144,-1,-1,3,32,0.0,0,0,0.0,0,0,Normal Traffic
53,91928,2,84,42,42,42.0,0.0,207,207,207.0,0.0,5417.283091,43.51231398,30642.66667,53069.45939,91922,3,3,3.0,0.0,3,3,3,3.0,0.0,3,3,40,40,21.75615699,21.75615699,42,207,108.0,90.37422199,8167.5,0,0,0,135.0,84,-1,-1,1,20,0.0,0,0,0.0,0,0,Normal Traffic
80,71927185,8,56,20,0,7.0,5.656854249,5840,0,1934.5,2538.919278,162.1500967,0.194641289,5532860.385,18600000.0,67200000,2,71900000,10300000.0,25200000.0,67200000,2,19834,3966.8,8394.094692,18972,2,172,132,0.111223594,0.083417695,0,5840,777.9333333,1804.898987,3257660.352,0,0,1,833.5,56,256,229,6,20,4669531.0,4669531,4669531,67200000.0,67200000,67200000,DDoS
53,31228,2,66,33,33,33.0,0.0,193,193,193.0,0.0,14474.1898296401,128.0901754835,10409.3333333333,17985.3409846278,31177,3,48,48.0,0.0,48,48,3,3.0,0.0,3,3,40,40,64.0450877418,64.0450877418,33,193,97.0,87.6356092008,7680.0,0,0,0,121.25,66,-1,-1,1,20,0.0,0,0,0.0,0,0,Normal Traffic
443,117637,21,1263,568,0,60.14285714,160.9488384,2920,0,1641.16,962.0050104,359512.7383,391.0334334,2614.155556,6981.719643,24863,3,117637,5881.85,11809.98733,41235,3,91621,3817.541667,10099.92998,39356,48,432,512,178.5152631,212.5181703,0,2920,899.8297872,1064.082485,1132271.536,0,1,0,919.3913043,1263,8192,62,20,20,0.0,0,0,0.0,0,0,Normal Traffic
443,117275671,9,321,183,0,35.6666666667,59.5692873887,80,0,41.7142857143,31.7370145924,5.2270005771,0.1364306839,7818378.06666667,20583947.6091942,58928334,1,117275671,14659458.875,27093341.2072075,58928334,1,117223243,19537207.1666667,30238324.8455202,59005486,1,288,224,0.0767422597,0.0596884242,0,183,46.8235294118,58.2443509,3392.4044117647,0,0,1,49.75,321,332,390,3,32,102987.5,129051,76924,58516399.0,58928334,58104464,Normal Traffic
53,762186,1,47,47,47,47.0,0.0,134,134,134.0,0.0,237.4748421,2.624031404,762186.0,0.0,762186,762186,0,0.0,0.0,0,0,0,0.0,0.0,0,0,20,20,1.312015702,1.312015702,47,134,76.0,50.22947342,2523.0,0,0,0,114.0,47,-1,-1,0,20,0.0,0,0,0.0,0,0,Normal Traffic
80,71745030,8,56,20,0,7.0,5.656854249,7215,0,2321.4,3327.769794,162.561783,0.18119722,5978752.5,20400000.0,70600000,1,71500000,10200000.0,26600000.0,70600000,1,199495,49873.75,98978.71195,198341,138,172,112,0.111505982,0.069691239,0,7215,833.5,2175.302587,4731941.346,0,0,1,897.6153846,56,256,229,6,20,910046.0,910046,910046,70600000.0,70600000,70600000,DDoS
443,63603785,7,169,46,0,24.1428571429,23.1979063095,46,46,46.0,0.0,4.1035293733,0.1415010129,7950473.125,20476667.967119,58436748,74,63603785,10600630.8333333,23522319.0473363,58436748,74,58465566,58465566.0,0.0,58465566,58465566,224,64,0.1100563433,0.0314446695,0,46,30.7,21.684864153,470.2333333333,0,0,1,34.1111111111,169,536,8192,3,32,28763.0,28856,28670,31762094.5,58436748,5087441,Normal Traffic
53,168,2,46,23,23,23.0,0.0,23,23,23.0,0.0,547619.047619048,23809.5238095238,56.0,95.2627944163,166,1,1,1.0,0.0,1,1,1,1.0,0.0,1,1,40,40,11904.7619047619,11904.7619047619,23,23,23.0,0.0,0.0,0,0,0,28.75,46,-1,-1,1,20,0.0,0,0,0.0,0,0,Normal Traffic
56084,74,1,6,6,6,6.0,0.0,6,6,6.0,0.0,162162.162162162,27027.027027027,74.0,0.0,74,74,0,0.0,0.0,0,0,0,0.0,0.0,0,0,20,20,13513.5135135135,13513.5135135135,6,6,6.0,0.0,0.0,0,0,1,9.0,6,31,252,0,20,0.0,0,0,0.0,0,0,Normal Traffic
53,503469,4,142,37,34,35.5,1.732050808,117,94,105.5,13.27905619,1120.227859,15.88975687,71924.14286,190158.9107,503164,1,503294,167764.6667,290570.8642,503287,3,503344,167781.3333,290563.3596,503295,1,80,80,7.944878433,7.944878433,34,117,66.77777778,37.64232252,1416.944444,0,0,0,75.125,142,-1,-1,3,20,0.0,0,0,0.0,0,0,Normal Traffic
443,116146708,21,1082,319,0,51.52380952,100.7509896,1460,0,426.2916667,625.8179676,97.40267456,0.387441028,2639697.909,4375305.422,9998557,3,116000000,5807335.4,4921321.332,10000000,3,111000000,4808374.435,5101210.052,10000000,48,432,624,0.180805813,0.206635215,0,1460,245.9347826,490.9356329,241017.7957,0,1,0,251.4,1082,8192,1013,20,20,54926.5,404301,22893,9623965.583,9998557,5530955,Normal Traffic
52251,361,3,43,31,6,14.33333333,14.43375673,6,6,6.0,0.0,135734.072,11080.33241,120.3333333,166.0792983,312,19,361,180.5,185.9690835,312,49,0,0.0,0.0,0,0,60,20,8310.249307,2770.083102,6,31,11.0,11.18033989,125.0,0,0,1,13.75,43,114,0,2,20,0.0,0,0,0.0,0,0,Normal Traffic
80,36852,1,0,0,0,0.0,0.0,0,0,0.0,0.0,0.0,54.27113861,36852.0,0.0,36852,36852,0,0.0,0.0,0,0,0,0.0,0.0,0,0,32,32,27.1355693,27.1355693,0,0,0.0,0.0,0.0,0,0,1,0.0,0,256,939,0,32,0.0,0,0,0.0,0,0,Normal Traffic
53,1336,2,60,30,30,30.0,0.0,132,132,132.0,0.0,242514.9701,2994.011976,445.3333333,765.2779452,1329,3,4,4.0,0.0,4,4,3,3.0,0.0,3,3,40,40,1497.005988,1497.005988,30,132,70.8,55.86770087,3121.2,0,0,0,88.5,60,-1,-1,1,20,0.0,0,0,0.0,0,0,Normal Traffic
80,97940970,8,56,20,0,7.0,5.656854249,10135,0,2321.4,4413.201989,119.0819327,0.132733013,8161747.5,26500000.0,92200000,0,97800000,14000000.0,34600000.0,92200000,0,122001,30500.25,60274.37489,120910,4,172,112,0.081681854,0.051051159,0,10135,833.5,2705.044255,7317264.423,0,0,1,897.6153846,56,256,229,6,20,991.0,991,991,48900000.0,92200000,5581884,DDoS
53,51760,1,44,44,44,44.0,0.0,60,60,60.0,0.0,2009.27357,38.63987635,51760.0,0.0,51760,51760,0,0.0,0.0,0,0,0,0.0,0.0,0,0,32,32,19.31993818,19.31993818,44,60,49.33333333,9.237604307,85.33333333,0,0,0,74.0,44,-1,-1,0,32,0.0,0,0,0.0,0,0,Normal Traffic
50472,59,1,6,6,6,6.0,0.0,6,6,6.0,0.0,203389.830508475,33898.3050847458,59.0,0.0,59,59,0,0.0,0.0,0,0,0,0.0,0.0,0,0,20,20,16949.1525423729,16949.1525423729,6,6,6.0,0.0,0.0,0,0,1,9.0,6,60,16118,0,20,0.0,0,0,0.0,0,0,Normal Traffic
53,23342,1,52,52,52,52.0,0.0,68,68,68.0,0.0,5140.9476480165,85.6824608003,23342.0,0.0,23342,23342,0,0.0,0.0,0,0,0,0.0,0.0,0,0,20,44,42.8412304001,42.8412304001,52,68,57.3333333333,9.237604307,85.3333333333,0,0,0,86.0,52,-1,-1,0,20,0.0,0,0,0.0,0,0,Normal Traffic
51759,1,2,37,37,0,18.5,26.1629509,0,0,0.0,0.0,37000000.0,2000000.0,1.0,0.0,1,1,1,1.0,0.0,1,1,0,0.0,0.0,0,0,64,0,2000000.0,0.0,0,37,24.66666667,21.36195996,456.3333333,0,0,1,37.0,37,972,-1,0,32,0.0,0,0,0.0,0,0,Normal Traffic
443,163451,13,1340,713,0,103.0769231,194.6451736,1410,0,413.2,561.6851233,33477.92305,140.7149543,7429.590909,10731.30394,34932,4,163451,13620.91667,11834.49644,36420,4,109983,12220.33333,19395.85583,49560,68,272,212,79.5345394,61.18041493,0,1410,228.0,411.3552363,169213.1304,0,1,0,237.9130435,1340,8192,125,12,20,0.0,0,0,0.0,0,0,Normal Traffic
53,28929,2,58,29,29,29.0,0.0,117,117,117.0,0.0,10093.67762,138.2695565,9643.0,16658.01384,28878,3,3,3.0,0.0,3,3,48,48.0,0.0,48,48,40,40,69.13477825,69.13477825,29,117,64.2,48.19958506,2323.2,0,0,0,80.25,58,-1,-1,1,20,0.0,0,0,0.0,0,0,Normal Traffic
53,50741,1,57,57,57,57.0,0.0,91,91,91.0,0.0,2916.773418,39.415857,50741.0,0.0,50741,50741,0,0.0,0.0,0,0,0,0.0,0.0,0,0,44,20,19.7079285,19.7079285,57,91,68.33333333,19.62990915,385.3333333,0,0,0,102.5,57,-1,-1,0,44,0.0,0,0,0.0,0,0,Normal Traffic
80,85751992,10,638,319,0,63.8,134.5022098,4344,0,1932.5,2178.085008,142.6555782,0.186584587,5716799.467,22100000.0,85500000,1,85700000,9523172.111,28500000.0,85500000,1,273426,54685.2,99819.86104,230117,2,328,200,0.116615367,0.06996922,0,4344,719.5882353,1531.510858,2345525.507,0,0,1,764.5625,638,251,235,2,32,989.0,989,989,85500000.0,85500000,85500000,DoS
53,516,1,62,62,62,62.0,0.0,90,90,90.0,0.0,294573.6434,3875.968992,516.0,0.0,516,516,0,0.0,0.0,0,0,0,0.0,0.0,0,0,32,32,1937.984496,1937.984496,62,90,71.33333333,16.16580754,261.3333333,0,0,0,107.0,62,-1,-1,0,32,0.0,0,0,0.0,0,0,Normal Traffic
5693,18,1,6,6,6,6.0,0.0,6,6,6.0,0.0,666666.6667,111111.1111,18.0,0.0,18,18,0,0.0,0.0,0,0,0,0.0,0.0,0,0,20,20,55555.55556,55555.55556,6,6,6.0,0.0,0.0,0,0,1,9.0,6,286,16425,0,20,0.0,0,0,0.0,0,0,Normal Traffic
5555,13,1,2,2,2,2.0,0.0,6,6,6.0,0.0,615384.6154,153846.1538,13.0,0.0,13,13,0,0.0,0.0,0,0,0,0.0,0.0,0,0,24,20,76923.07692,76923.07692,2,6,3.333333333,2.309401077,5.333333333,0,1,0,5.0,2,1024,0,0,24,0.0,0,0,0.0,0,0,Port Scanning
80,85411759,8,416,410,0,52.0,144.6690805,4344,0,1932.5,1754.831473,140.624665,0.163911857,6570135.308,23400000.0,84400000,1,85400000,12200000.0,31800000.0,84400000,1,13745,2749.0,5905.782886,13313,47,260,200,0.093663918,0.070247939,0,4344,800.7333333,1423.151255,2025359.495,0,0,1,857.9285714,416,251,235,2,20,990.0,990,990,84400000.0,84400000,84400000,DoS
80,5946887,3,12,6,0,4.0,3.464101615,0,0,0.0,0.0,2.017862455,0.672620818,1982295.667,3420322.197,5931734,55,5946887,2973443.5,4183654.547,5931734,15153,0,0.0,0.0,0,0,72,32,0.504465614,0.168155205,0,6,2.4,3.286335345,10.8,0,1,0,3.0,12,8192,29200,2,20,0.0,0,0,0.0,0,0,Normal Traffic
53,813,1,46,46,46,46.0,0.0,90,90,90.0,0.0,167281.6728,2460.0246,813.0,0.0,813,813,0,0.0,0.0,0,0,0,0.0,0.0,0,0,20,20,1230.0123,1230.0123,46,90,60.66666667,25.40341184,645.3333333,0,0,0,91.0,46,-1,-1,0,20,0.0,0,0,0.0,0,0,Normal Traffic
53,30709,2,136,68,68,68.0,0.0,150,150,150.0,0.0,14197.79218,130.2549741,10236.33333,17724.65326,30703,3,3,3.0,0.0,3,3,3,3.0,0.0,3,3,40,40,65.12748706,65.12748706,68,150,100.8,44.91324972,2017.2,0,0,0,126.0,136,-1,-1,1,20,0.0,0,0,0.0,0,0,Normal Traffic
80,100283688,6,374,374,0,62.33333333,152.6848606,5792,0,1932.5,2181.008184,119.3514144,0.119660537,9116698.909,30200000.0,100000000,1,100000000,20000000.0,44800000.0,100000000,1,148407,29681.4,60234.22317,137099,46,200,200,0.059830269,0.059830269,0,5792,920.6923077,1715.406433,2942619.231,0,0,1,997.4166667,374,251,235,1,32,5.0,5,5,100000000.0,100000000,100000000,DoS
53,30804,2,60,30,30,30.0,0.0,108,108,108.0,0.0,8959.875341,129.8532658,10268.0,17781.23362,30800,1,1,1.0,0.0,1,1,3,3.0,0.0,3,3,64,64,64.9266329,64.9266329,30,108,61.2,42.72235949,1825.2,0,0,0,76.5,60,-1,-1,1,32,0.0,0,0,0.0,0,0,Normal Traffic
53,31553,1,54,54,54,54.0,0.0,110,110,110.0,0.0,5197.604031,63.38541502,31553.0,0.0,31553,31553,0,0.0,0.0,0,0,0,0.0,0.0,0,0,32,32,31.69270751,31.69270751,54,110,72.66666667,32.33161507,1045.333333,0,0,0,109.0,54,-1,-1,0,32,0.0,0,0,0.0,0,0,Normal Traffic
53,31441,4,144,36,36,36.0,0.0,52,52,52.0,0.0,11195.57266,254.4448332,4491.571429,11554.05393,30691,1,31135,10378.33333,17971.47057,31130,1,746,248.6666667,387.1903064,695,3,104,104,127.2224166,127.2224166,36,52,43.11111111,8.432740427,71.11111111,0,0,0,48.5,144,-1,-1,3,20,0.0,0,0,0.0,0,0,Normal Traffic
54678,551,1,0,0,0,0.0,0.0,0,0,0.0,0.0,0.0,3629.764065,551.0,0.0,551,551,0,0.0,0.0,0,0,0,0.0,0.0,0,0,32,32,1814.882033,1814.882033,0,0,0.0,0.0,0.0,0,0,1,0.0,0,227,229,0,32,0.0,0,0,0.0,0,0,Normal Traffic
4001,48,2,4,2,2,2.0,0.0,6,6,6.0,0.0,333333.3333,83333.33333,16.0,12.52996409,28,3,48,48.0,0.0,48,48,3,3.0,0.0,3,3,48,40,41666.66667,41666.66667,2,6,3.6,2.19089023,4.8,0,1,0,4.5,4,1024,0,1,24,0.0,0,0,0.0,0,0,Normal Traffic
58404,55,2,31,31,0,15.5,21.92031022,0,0,0.0,0.0,563636.3636,54545.45455,27.5,34.64823228,52,3,3,3.0,0.0,3,3,0,0.0,0.0,0,0,64,20,36363.63636,18181.81818,0,31,15.5,17.89785834,320.3333333,0,0,1,20.66666667,31,1120,0,0,32,0.0,0,0,0.0,0,0,Normal Traffic
53,182,2,64,32,32,32.0,0.0,102,102,102.0,0.0,1472527.473,21978.02198,60.66666667,99.88660237,176,2,4,4.0,0.0,4,4,2,2.0,0.0,2,2,64,64,10989.01099,10989.01099,32,102,60.0,38.34057903,1470.0,0,0,0,75.0,64,-1,-1,1,32,0.0,0,0,0.0,0,0,Normal Traffic
80,44199346,9,863,430,0,95.88888889,189.4237607,1460,0,322.4545455,563.8647646,99.77523197,0.452495383,2326281.368,4095185.457,10000000,120,35200000,4403375.75,4940209.955,10000000,123,44200000,4416232.9,4856218.915,10000000,166,192,268,0.203622922,0.248872461,0,1460,210.0,433.9864053,188344.2,0,1,0,220.5,863,8192,980,5,20,1738914.333,5076095,36985,10000000.0,10000000,10000000,Normal Traffic
443,572743,2,12,6,6,6.0,0.0,0,0,0.0,0.0,20.9518056091,3.4919676015,572743.0,0.0,572743,572743,572743,572743.0,0.0,572743,572743,0,0.0,0.0,0,0,40,0,3.4919676015,0.0,6,6,6.0,0.0,0.0,0,0,1,9.0,12,256,-1,1,20,0.0,0,0,0.0,0,0,Normal Traffic
53,60998,4,160,40,40,40.0,0.0,247,247,247.0,0.0,10721.66301,98.36388078,12199.6,16701.94921,30813,2,30819,10273.0,17788.16182,30813,2,4,4.0,0.0,4,4,80,64,65.57592052,32.78796026,40,247,99.14285714,101.0056576,10202.14286,0,0,0,115.6666667,160,-1,-1,3,20,0.0,0,0,0.0,0,0,Normal Traffic
53,23576,2,88,44,44,44.0,0.0,102,102,102.0,0.0,12385.4767560231,169.664065151,7858.6666666667,13604.6817431843,23568,4,4,4.0,0.0,4,4,4,4.0,0.0,4,4,64,64,84.8320325755,84.8320325755,44,102,67.2,31.7679083353,1009.2,0,0,0,84.0,88,-1,-1,1,32,0.0,0,0,0.0,0,0,Normal Traffic
53,146,2,68,34,34,34.0,0.0,91,91,91.0,0.0,1712328.767,27397.26027,48.66666667,79.09698688,140,3,3,3.0,0.0,3,3,3,3.0,0.0,3,3,64,64,13698.63014,13698.63014,34,91,56.8,31.22018578,974.7,0,0,0,71.0,68,-1,-1,1,32,0.0,0,0,0.0,0,0,Normal Traffic
53,32239,1,56,56,56,56.0,0.0,72,72,72.0,0.0,3970.346475,62.03666367,32239.0,0.0,32239,32239,0,0.0,0.0,0,0,0,0.0,0.0,0,0,20,20,31.01833183,31.01833183,56,72,61.33333333,9.237604307,85.33333333,0,0,0,92.0,56,-1,-1,0,20,0.0,0,0,0.0,0,0,Normal Traffic
80,44694,4,803,803,0,200.75,401.5,0,0,0.0,0.0,17966.61744,111.8718396,11173.5,17065.93348,36207,18,44694,14898.0,18822.57828,36225,607,0,0.0,0.0,0,0,140,40,89.4974717,22.37436792,0,803,133.8333333,327.8233772,107468.1667,0,1,0,160.6,803,65535,42408,1,32,0.0,0,0,0.0,0,0,Normal Traffic
80,578403,4,24,6,6,6.0,0.0,0,0,0.0,0.0,41.49356072,6.915593453,192801.0,332799.9576,577085,250,578403,192801.0,332799.9576,577085,250,0,0.0,0.0,0,0,80,0,6.915593453,0.0,6,6,6.0,0.0,0.0,0,0,1,7.5,24,256,-1,3,20,0.0,0,0,0.0,0,0,DDoS
53,67382,4,184,46,46,46.0,0.0,174,174,174.0,0.0,7895.283606898,89.0445519575,13476.4,18453.4091240616,34272,3,33106,11035.3333333333,19108.561859369,33100,3,4,4.0,0.0,4,4,128,64,59.3630346383,29.6815173192,46,174,82.5714285714,62.4576046687,3900.9523809524,0,0,0,96.3333333333,184,-1,-1,3,32,0.0,0,0,0.0,0,0,Normal Traffic
53,161,2,108,54,54,54.0,0.0,104,104,104.0,0.0,1962732.919,24844.7205,53.66666667,86.02519011,153,4,4,4.0,0.0,4,4,4,4.0,0.0,4,4,40,40,12422.36025,12422.36025,54,104,74.0,27.38612788,750.0,0,0,0,92.5,108,-1,-1,1,20,0.0,0,0,0.0,0,0,Normal Traffic
6853,340,2,12,6,6,6.0,0.0,6,6,6.0,0.0,52941.17647,8823.529412,170.0,224.8599564,329,11,340,340.0,0.0,340,340,0,0.0,0.0,0,0,40,20,5882.352941,2941.176471,6,6,6.0,0.0,0.0,0,0,1,8.0,12,31,16425,1,20,0.0,0,0,0.0,0,0,Normal Traffic
52673,49,1,2,2,2,2.0,0.0,6,6,6.0,0.0,163265.3061,40816.32653,49.0,0.0,49,49,0,0.0,0.0,0,0,0,0.0,0.0,0,0,24,20,20408.16327,20408.16327,2,6,3.333333333,2.309401077,5.333333333,0,1,0,5.0,2,1024,0,0,24,0.0,0,0,0.0,0,0,Port Scanning
53,49572,1,45,45,45,45.0,0.0,204,204,204.0,0.0,5022.996853,40.34535625,49572.0,0.0,49572,49572,0,0.0,0.0,0,0,0,0.0,0.0,0,0,32,40,20.17267812,20.17267812,45,204,98.0,91.7986928,8427.0,0,0,0,147.0,45,-1,-1,0,32,0.0,0,0,0.0,0,0,Normal Traffic
443,16820741,10,1696,699,0,169.6,274.4368779884,1689,0,683.6,696.4366765503,507.2309240122,1.1890082607,885302.157894737,2507195.8551159,9863417,4,6957320,773035.555555556,1781546.32923362,5434914,2135,16788717,1865413.0,3546585.92205152,10005982,4,212,212,0.5945041303,0.5945041303,0,1689,406.2857142857,571.7236345348,326867.914285714,0,1,0,426.6,1696,8192,60,9,20,761203.0,1346898,175508,7649165.5,9863417,5434914,Normal Traffic
80,877101,3,26,20,0,8.666666667,10.26320288,7215,0,2321.4,3327.769794,13263.01076,9.120956423,125300.1429,331070.7993,876098,4,738,369.0,411.5361467,660,78,877054,219263.5,437889.7987,876098,4,72,112,3.420358659,5.700597765,0,7215,1292.555556,2650.585648,7025604.278,0,1,0,1454.125,26,8192,229,2,20,0.0,0,0,0.0,0,0,DDoS
80,1367325,3,26,20,0,8.666666667,10.26320288,5840,0,1934.5,2538.919278,8507.852925,6.582195162,170915.625,482978.7847,1366227,3,916,458.0,558.6143571,853,63,1367179,273435.8,610888.9549,1366227,3,72,132,2.194065054,4.388130108,0,5840,1163.3,2138.329153,4572451.567,0,1,0,1292.555556,26,8192,229,2,20,0.0,0,0,0.0,0,0,DDoS
80,245841,3,26,20,0,8.666666667,10.26320288,5840,0,2320.2,2436.833027,47294.79623,32.54135803,35120.14286,85083.06676,227476,4,18007,9003.5,12727.21495,18003,4,245820,61455.0,110999.7106,227476,157,72,112,12.20300926,20.33834877,0,5840,1291.888889,2110.95076,4456113.111,0,1,0,1453.375,26,8192,229,2,20,0.0,0,0,0.0,0,0,DDoS
80,185266,3,0,0,0,0.0,0.0,0,0,0.0,0.0,0.0,16.1929334,92633.0,72066.90892,143592,41674,185266,92633.0,72066.90892,143592,41674,0,0.0,0.0,0,0,96,0,16.1929334,0.0,0,0,0.0,0.0,0.0,0,0,1,0.0,0,264,-1,0,32,0.0,0,0,0.0,0,0,Normal Traffic
80,5619486,3,12,6,0,4.0,3.464101615,0,0,0.0,0.0,2.135426621,0.711808874,1873162.0,3200697.31,5568894,57,5619486,2809743.0,3902028.765,5568894,50592,0,0.0,0.0,0,0,80,32,0.533856655,0.177952218,0,6,2.4,3.286335345,10.8,0,1,0,3.0,12,29200,29200,2,20,0.0,0,0,0.0,0,0,Normal Traffic
46823,148060,2,6,6,0,3.0,4.242640687,0,0,0.0,0.0,40.52411185,20.26205592,74030.0,104583.9214,147982,78,148060,148060.0,0.0,148060,148060,0,0.0,0.0,0,0,52,32,13.50803728,6.754018641,0,6,1.5,3.0,9.0,1,0,1,2.0,6,543,319,1,20,0.0,0,0,0.0,0,0,Normal Traffic
1591,265,2,31,31,0,15.5,21.92031022,0,0,0.0,0.0,116981.1321,11320.75472,132.5,70.00357134,182,83,265,265.0,0.0,265,265,0,0.0,0.0,0,0,40,20,7547.169811,3773.584906,0,31,15.5,17.89785834,320.3333333,0,0,1,20.66666667,31,110,0,0,20,0.0,0,0,0.0,0,0,Normal Traffic
80,1799321,4,24,6,6,6.0,0.0,0,0,0.0,0.0,13.33836486,2.22306081,599773.6667,1038258.227,1798651,331,1799321,599773.6667,1038258.227,1798651,331,0,0.0,0.0,0,0,80,0,2.22306081,0.0,6,6,6.0,0.0,0.0,0,0,1,7.5,24,256,-1,3,20,0.0,0,0,0.0,0,0,DDoS
53,190,2,92,46,46,46.0,0.0,62,62,62.0,0.0,1136842.105,21052.63158,63.33333333,68.63186821,138,3,49,49.0,0.0,49,49,3,3.0,0.0,3,3,64,64,10526.31579,10526.31579,46,62,52.4,8.76356092,76.8,0,0,0,65.5,92,-1,-1,1,32,0.0,0,0,0.0,0,0,Normal Traffic
53,119756,4,132,33,33,33.0,0.0,123,123,123.0,0.0,3156.41805,50.10187381,23951.2,43636.16576,100597,3,19111,6370.333333,11028.54484,19105,3,48,48.0,0.0,48,48,104,40,33.40124921,16.7006246,33,123,58.71428571,43.91550328,1928.571429,0,0,0,68.5,132,-1,-1,3,20,0.0,0,0,0.0,0,0,Normal Traffic
80,5183080,3,0,0,0,0.0,0.0,0,0,0.0,0.0,0.0,0.771741899,1727693.333,2964340.66,5150568,60,5183080,2591540.0,3619012.104,5150568,32512,0,0.0,0.0,0,0,104,40,0.578806424,0.192935475,0,0,0.0,0.0,0.0,0,1,0,0.0,0,29200,28960,0,32,0.0,0,0,0.0,0,0,Normal Traffic
123,66021291,2,96,48,48,48.0,0.0,48,48,48.0,0.0,2.908152765,0.060586516,22000000.0,38100000.0,66000000,23286,66000000,66000000.0,0.0,66000000,66000000,66000000,66000000.0,0.0,66000000,66000000,40,40,0.030293258,0.030293258,48,48,48.0,0.0,0.0,0,0,0,60.0,96,-1,-1,1,20,23286.0,23286,23286,66000000.0,66000000,66000000,Normal Traffic
135,65,1,6,6,6,6.0,0.0,6,6,6.0,0.0,276923.0769,46153.84615,32.5,23.33452378,49,16,0,0.0,0.0,0,0,49,49.0,0.0,49,49,20,40,15384.61538,30769.23077,6,6,6.0,0.0,0.0,0,0,1,8.0,6,256,256,0,20,0.0,0,0,0.0,0,0,Normal Traffic
443,112674772,48,8624,530,6,179.6666667,221.0926766,81,6,39.55,29.15297931,104.6196925,1.136012949,887202.9291,2772485.564,12300000,0,113000000,2395713.021,4211077.503,12400000,105,113000000,1425797.81,3427000.71,12400000,0,960,1600,0.426004856,0.710008093,6,530,94.74418605,154.8580135,23981.00436,0,0,1,95.484375,8624,254,904,47,20,1223033.2,3438311,115052,10000000.0,12300000,5605846,Normal Traffic
80,6806065,4,24,6,6,6.0,0.0,0,0,0.0,0.0,3.526266646,0.587711108,2268688.333,3928857.324,6805342,312,6806065,2268688.333,3928857.324,6805342,312,0,0.0,0.0,0,0,80,0,0.587711108,0.0,6,6,6.0,0.0,0.0,0,0,1,7.5,24,256,-1,3,20,723.0,723,723,6805342.0,6805342,6805342,DDoS
53,61150,4,188,47,47,47.0,0.0,113,113,113.0,0.0,6770.237122,98.11937858,12230.0,18898.496,43102,3,43108,14369.33333,24883.21925,43102,3,191,191.0,0.0,191,191,80,64,65.41291905,32.70645953,47,113,65.85714286,32.20470241,1037.142857,0,0,0,76.83333333,188,-1,-1,3,20,0.0,0,0,0.0,0,0,Normal Traffic
443,111234983,16,1142,571,0,71.375,195.0336296,722,0,136.4285714,261.5914943,27.43741148,0.269699327,3835689.069,4978407.075,10200000,2,111000000,7414117.333,4631409.757,10200000,3,111000000,8554534.538,3812872.804,10200000,2,512,448,0.143839641,0.125859686,0,722,116.8709677,238.3883026,56828.9828,0,0,1,120.7666667,1142,681,301,1,32,23568.36364,26275,23004,10100000.0,10200000,8930672,Normal Traffic
53,61491,2,62,31,31,31.0,0.0,117,117,117.0,0.0,4813.7125758241,65.0501699436,20497.0,35498.3813152093,61487,1,1,1.0,0.0,1,1,3,3.0,0.0,3,3,80,64,32.5250849718,32.5250849718,31,117,65.4,47.1041399454,2218.8,0,0,0,81.75,62,-1,-1,1,40,0.0,0,0,0.0,0,0,Normal Traffic
40159,255794,3,18,6,6,6.0,0.0,6,6,6.0,0.0,93.82550021,15.63758337,85264.66667,139093.4812,245774,54,255794,127897.0,166779.6196,245828,9966,0,0.0,0.0,0,0,60,20,11.72818753,3.909395842,6,6,6.0,0.0,0.0,0,0,1,7.5,18,527,360,2,20,0.0,0,0,0.0,0,0,Normal Traffic
80,5352396,3,0,0,0,0.0,0.0,0,0,0.0,0.0,0.0,0.74732886,1784132.0,3058162.002,5315329,77,5352396,2676198.0,3732294.853,5315329,37067,0,0.0,0.0,0,0,72,32,0.560496645,0.186832215,0,0,0.0,0.0,0.0,0,1,0,0.0,0,8192,29200,0,20,0.0,0,0,0.0,0,0,Normal Traffic
443,115497953,23,7391,4380,0,321.3478261,1019.050298,1400,0,304.4285714,553.2536101,119.3441065,0.380959133,2685998.907,4405098.844,10000000,1,115000000,5249906.955,5005520.616,10100000,16,111000000,5532390.05,5121129.143,10100000,2,480,428,0.199137728,0.181821404,0,4380,306.3111111,812.7826731,660615.6737,0,1,0,313.2727273,7391,29200,24820,5,20,49720.45455,200190,34513,10000000.0,10000000,9960025,Normal Traffic
54123,9,1,6,6,6,6.0,0.0,6,6,6.0,0.0,1333333.33333333,222222.222222222,9.0,0.0,9,9,0,0.0,0.0,0,0,0,0.0,0.0,0,0,20,20,111111.111111111,111111.111111111,6,6,6.0,0.0,0.0,0,0,1,9.0,6,946,16425,0,20,0.0,0,0,0.0,0,0,Normal Traffic
443,5269466,9,388,201,0,43.11111111,71.31872903,1513,2,513.8333333,753.9048791,658.7005211,2.84658825,376390.4286,1248389.886,4708930,3,5269466,658683.25,1639175.618,4708930,3,475034,95006.8,114543.838,284020,227,192,124,1.70795295,1.1386353,0,1513,216.9375,498.6942241,248695.9292,0,1,0,231.4,388,8192,30016,8,20,0.0,0,0,0.0,0,0,Normal Traffic
39967,349,2,0,0,0,0.0,0.0,0,0,0.0,0.0,0.0,5730.659026,349.0,0.0,349,349,349,349.0,0.0,349,349,0,0.0,0.0,0,0,64,0,5730.659026,0.0,0,0,0.0,0.0,0.0,0,0,1,0.0,0,426,-1,0,32,0.0,0,0,0.0,0,0,Normal Traffic
443,116707298,6,156,46,6,26.0,21.9089023002,46,46,46.0,0.0,2.5191226687,0.0771160001,14588412.25,26923041.0135447,58493996,23062,116707298,23341459.6,31829312.1385154,58493996,72820,116601032,58300516.0,392687.508291262,58578188,58022844,120,60,0.0514106667,0.0257053334,6,46,34.0,19.3218356616,373.3333333333,0,0,1,37.7777777778,156,1648,2737,5,20,109224.5,124853,93596,58208014.5,58493996,57922033,Normal Traffic
51040,23,1,6,6,6,6.0,0.0,6,6,6.0,0.0,521739.130434783,86956.5217391304,23.0,0.0,23,23,0,0.0,0.0,0,0,0,0.0,0.0,0,0,20,20,43478.2608695652,43478.2608695652,6,6,6.0,0.0,0.0,0,0,1,9.0,6,946,256,0,20,0.0,0,0,0.0,0,0,Normal Traffic
53,96066,2,92,46,46,46.0,0.0,104,104,104.0,0.0,3122.853039,41.63804051,32022.0,55457.66878,96059,3,4,4.0,0.0,4,4,3,3.0,0.0,3,3,64,64,20.81902026,20.81902026,46,104,69.2,31.76790834,1009.2,0,0,0,86.5,92,-1,-1,1,32,0.0,0,0,0.0,0,0,Normal Traffic
53,214,2,76,38,38,38.0,0.0,150,150,150.0,0.0,1757009.346,18691.58879,71.33333333,82.5126253,163,3,3,3.0,0.0,3,3,48,48.0,0.0,48,48,40,40,9345.794393,9345.794393,38,150,82.8,61.34492644,3763.2,0,0,0,103.5,76,-1,-1,1,20,0.0,0,0,0.0,0,0,Normal Traffic
53,9288162,10,440,44,44,44.0,0.0,44,44,44.0,0.0,56.84655371,1.29196713,844378.3636,1257673.757,4000132,3,8000486,888942.8889,1364279.981,4000132,3,3,3.0,0.0,3,3,200,64,1.076639275,0.215327855,44,44,44.0,0.0,0.0,0,0,0,47.66666667,440,-1,-1,9,20,0.0,0,0,0.0,0,0,Normal Traffic
443,6046,3,18,6,6,6.0,0.0,0,0,0.0,0.0,2977.174992,496.195832,3023.0,4212.942202,6002,44,6046,3023.0,4212.942202,6002,44,0,0.0,0.0,0,0,60,0,496.195832,0.0,6,6,6.0,0.0,0.0,0,0,1,8.0,18,256,-1,2,20,0.0,0,0,0.0,0,0,Normal Traffic
53,138983,2,72,36,36,36.0,0.0,66,66,66.0,0.0,1467.8054150508,28.7804983343,46327.6666666667,80238.408367398,138979,1,1,1.0,0.0,1,1,3,3.0,0.0,3,3,64,64,14.3902491672,14.3902491672,36,66,48.0,16.4316767252,270.0,0,0,0,60.0,72,-1,-1,1,32,0.0,0,0,0.0,0,0,Normal Traffic
80,10995,2,12,6,6,6.0,0.0,0,0,0.0,0.0,1091.405184,272.851296,5497.5,7746.354788,10975,20,10995,10995.0,0.0,10995,10995,0,0.0,0.0,0,0,40,32,181.900864,90.95043201,0,6,4.5,3.0,9.0,1,0,0,6.0,12,0,235,1,20,0.0,0,0,0.0,0,0,DoS
443,284511,7,376,201,0,53.71428571,78.68653906,1460,0,701.6,731.5646246,13651.49326,42.17763109,25864.63636,35306.64174,84527,48,284511,47418.5,39692.92235,93557,273,93842,23460.5,41155.37258,84883,48,152,112,24.60361814,17.57401296,0,1460,298.7692308,539.9757948,291573.859,0,1,0,323.6666667,376,8192,60,6,20,0.0,0,0,0.0,0,0,Normal Traffic
53,93343,1,45,45,45,45.0,0.0,112,112,112.0,0.0,1681.968653,21.42635227,93343.0,0.0,93343,93343,0,0.0,0.0,0,0,0,0.0,0.0,0,0,20,20,10.71317614,10.71317614,45,112,67.33333333,38.68246804,1496.333333,0,0,0,101.0,45,-1,-1,0,20,0.0,0,0,0.0,0,0,Normal Traffic
80,65920842,13,1761,1014,0,135.4615385,324.2911797,1460,0,306.8571429,545.4553295,91.88292832,0.409582147,2535417.0,4265081.343,9995306,10,65900000,5493402.667,4904889.697,10000000,88,65900000,5067147.769,4984181.438,10000000,155,272,364,0.197206219,0.212375928,0,1460,216.3214286,446.2313014,199122.3743,0,1,0,224.3333333,1761,8192,119,12,20,99448.57143,293530,47779,9272259.571,9995306,5140512,Normal Traffic
53,135,2,72,36,36,36.0,0.0,52,52,52.0,0.0,1303703.704,29629.62963,45.0,62.64183905,117,3,15,15.0,0.0,15,15,3,3.0,0.0,3,3,64,64,14814.81481,14814.81481,36,52,42.4,8.76356092,76.8,0,0,0,53.0,72,-1,-1,1,32,0.0,0,0,0.0,0,0,Normal Traffic
443,102821992,18,1274,670,0,70.7777777778,193.0539563577,1418,0,147.4375,390.6125051335,35.3329081584,0.3306685597,3115817.93939394,4631694.46000331,10011787,52,102821992,6048352.47058824,4947640.73527522,10048010,324,100573597,6704906.46666667,4890989.13535384,10048160,181,584,520,0.1750598257,0.155608734,0,1418,103.8,296.2078761315,87739.1058823529,0,1,0,106.8529411765,1274,29200,351,3,32,47633.6,149269,36215,10009724.7,10011787,9996306,Normal Traffic
53,30349,1,50,50,50,50.0,0.0,106,106,106.0,0.0,5140.202313,65.90002966,30349.0,0.0,30349,30349,0,0.0,0.0,0,0,0,0.0,0.0,0,0,20,20,32.95001483,32.95001483,50,106,68.66666667,32.33161507,1045.333333,0,0,0,103.0,50,-1,-1,0,20,0.0,0,0,0.0,0,0,Normal Traffic
53,124272,4,132,33,33,33.0,0.0,203,203,203.0,0.0,4329.213338,48.28118965,24854.4,40599.79766,93469,1,30800,10266.66667,17739.96861,30751,1,3,3.0,0.0,3,3,80,64,32.18745977,16.09372988,33,203,81.57142857,82.9515062,6880.952381,0,0,0,95.16666667,132,-1,-1,3,20,0.0,0,0,0.0,0,0,Normal Traffic
80,134701,3,398,398,0,132.6666667,229.7854071,5792,0,1932.5,2362.781391,89034.23137,66.81464874,16837.625,43119.13935,123228,43,10988,5494.0,6412.044292,10028,960,134506,26901.2,54047.68329,123228,43,104,200,22.27154958,44.54309916,0,5792,1199.3,2002.670886,4010690.678,0,1,0,1332.555556,398,29200,235,1,32,0.0,0,0,0.0,0,0,DoS
80,11259964,4,344,344,0,86.0,172.0,3525,0,881.25,1762.5,343.6067824,0.710481845,1608566.286,2769610.191,6255859,46,6259858,2086619.333,3613472.537,6259098,49,11300000,3753306.0,3309554.745,6255859,815,136,136,0.355240923,0.355240923,0,3525,429.8888889,1166.229013,1360090.111,0,1,0,483.625,344,29200,235,1,32,861.0,861,861,6255859.0,6255859,6255859,DoS
389,412,11,172,79,0,15.6363636364,31.4492375973,163,0,65.2,89.2787768733,1208737.86407767,38834.9514563107,27.4666666667,24.8189635638,62,1,412,41.2,34.2240980727,114,1,355,88.75,52.9236871983,160,48,368,176,26699.0291262136,12135.9223300971,0,163,29.2941176471,56.5295992223,3195.5955882353,0,1,0,31.125,172,29200,2081,4,32,0.0,0,0,0.0,0,0,Normal Traffic
53,156055,1,57,57,57,57.0,0.0,57,57,57.0,0.0,730.5116786,12.81599436,156055.0,0.0,156055,156055,0,0.0,0.0,0,0,0,0.0,0.0,0,0,20,20,6.40799718,6.40799718,57,57,57.0,0.0,0.0,0,0,0,85.5,57,-1,-1,0,20,0.0,0,0,0.0,0,0,Normal Traffic
55862,61,1,0,0,0,0.0,0.0,0,0,0.0,0.0,0.0,32786.8852459016,61.0,0.0,61,61,0,0.0,0.0,0,0,0,0.0,0.0,0,0,32,32,16393.4426229508,16393.4426229508,0,0,0.0,0.0,0.0,0,0,1,0.0,0,939,33304,0,32,0.0,0,0,0.0,0,0,Normal Traffic
80,98806860,6,320,320,0,53.33333333,130.6394529,5792,0,2319.0,2423.629716,120.5887931,0.111328303,9880686.0,31200000.0,98800000,2,98800000,19800000.0,44200000.0,98800000,2,15658,3914.5,7419.017927,15043,192,200,168,0.060724529,0.050603774,0,5792,992.9166667,1874.627888,3514229.72,0,0,1,1083.181818,320,251,235,1,32,5.0,5,5,98800000.0,98800000,98800000,DoS
53,184,2,68,34,34,34.0,0.0,50,50,50.0,0.0,913043.47826087,21739.1304347826,61.3333333333,89.946280264,165,4,15,15.0,0.0,15,15,4,4.0,0.0,4,4,40,40,10869.5652173913,10869.5652173913,34,50,40.4,8.7635609201,76.8,0,0,0,50.5,68,-1,-1,1,20,0.0,0,0,0.0,0,0,Normal Traffic
443,568970,7,692,351,0,98.85714286,135.1448958,1460,0,411.2727273,600.5624182,9167.442923,31.63611438,33468.82353,52483.62843,135603,1,461193,76865.5,58522.34861,135603,230,463344,46334.4,82024.88381,242040,1,152,228,12.30293337,19.33318101,0,1460,274.5263158,483.8166972,234078.5965,0,1,0,289.7777778,692,8192,5054,6,20,0.0,0,0,0.0,0,0,Normal Traffic
53,154,2,70,35,35,35.0,0.0,63,63,63.0,0.0,1272727.27272727,25974.025974026,51.3333333333,82.85127237,147,3,4,4.0,0.0,4,4,3,3.0,0.0,3,3,64,64,12987.012987013,12987.012987013,35,63,46.2,15.3362316101,235.2,0,0,0,57.75,70,-1,-1,1,32,0.0,0,0,0.0,0,0,Normal Traffic
80,15291625,7,448,424,0,64.0,158.7702743,1774,0,356.0,792.6903557,145.7006695,0.784743283,1390147.727,3046218.232,10000000,34,15300000,2548604.167,3878731.525,10000000,36137,13300000,3330226.0,4723309.083,10000000,790,164,136,0.457766915,0.326976368,0,1774,171.3846154,495.4111993,245432.2564,0,1,0,185.6666667,448,8192,946,5,20,3320635.0,3320635,3320635,10000000.0,10000000,10000000,Normal Traffic
53,209,2,86,43,43,43.0,0.0,84,84,84.0,0.0,1215311.005,19138.75598,69.66666667,115.4700538,203,3,3,3.0,0.0,3,3,3,3.0,0.0,3,3,40,40,9569.37799,9569.37799,43,84,59.4,22.45662486,504.3,0,0,0,74.25,86,-1,-1,1,20,0.0,0,0,0.0,0,0,Normal Traffic
53,206892,2,72,36,36,36.0,0.0,197,197,197.0,0.0,2252.382886,19.33375868,68964.0,119404.9865,206841,4,4,4.0,0.0,4,4,47,47.0,0.0,47,47,64,64,9.666879338,9.666879338,36,197,100.4,88.18333176,7776.3,0,0,0,125.5,72,-1,-1,1,32,0.0,0,0,0.0,0,0,Normal Traffic
53,30665,1,48,48,48,48.0,0.0,176,176,176.0,0.0,7304.744823,65.22093592,30665.0,0.0,30665,30665,0,0.0,0.0,0,0,0,0.0,0.0,0,0,20,32,32.61046796,32.61046796,48,176,90.66666667,73.90083446,5461.333333,0,0,0,136.0,48,-1,-1,0,20,0.0,0,0,0.0,0,0,Normal Traffic
53,23763,2,76,38,38,38.0,0.0,54,54,54.0,0.0,7743.130076,168.3289147,7921.0,13714.37829,23757,3,3,3.0,0.0,3,3,3,3.0,0.0,3,3,40,40,84.16445735,84.16445735,38,54,44.4,8.76356092,76.8,0,0,0,55.5,76,-1,-1,1,20,0.0,0,0,0.0,0,0,Normal Traffic
425,65,2,4,2,2,2.0,0.0,6,6,6.0,0.0,246153.8462,61538.46154,21.66666667,24.00694344,48,1,48,48.0,0.0,48,48,1,1.0,0.0,1,1,48,40,30769.23077,30769.23077,2,6,3.6,2.19089023,4.8,0,1,0,4.5,4,1024,0,1,24,0.0,0,0,0.0,0,0,Normal Traffic
53,95695,1,58,58,58,58.0,0.0,124,124,124.0,0.0,1901.875751,20.89973353,95695.0,0.0,95695,95695,0,0.0,0.0,0,0,0,0.0,0.0,0,0,32,32,10.44986676,10.44986676,58,124,80.0,38.10511777,1452.0,0,0,0,120.0,58,-1,-1,0,32,0.0,0,0,0.0,0,0,Normal Traffic
54632,11584715,1,6,6,6,6.0,0.0,6,6,6.0,0.0,3.625466833,0.604244472,1930785.833,4715206.869,11600000,1,0,0.0,0.0,0,0,11600000,2313535.8,5166501.548,11600000,1,20,120,0.086320639,0.517923833,6,6,6.0,0.0,0.0,0,0,1,6.857142857,6,229,0,0,20,29064.0,29064,29064,11600000.0,11600000,11600000,Normal Traffic
625,4,2,4,2,2,2.0,0.0,0,0,0.0,0.0,1000000.0,500000.0,4.0,0.0,4,4,4,4.0,0.0,4,4,0,0.0,0.0,0,0,48,0,500000.0,0.0,2,2,2.0,0.0,0.0,0,1,0,3.0,4,1024,-1,1,24,0.0,0,0,0.0,0,0,Normal Traffic
80,98886412,5,369,357,0,73.8,158.3420348,5792,0,1932.5,2537.820147,120.9873001,0.111238741,9888641.2,31300000.0,98900000,2,98900000,24700000.0,49400000.0,98900000,103,1625,325.0,552.4789589,1302,2,144,200,0.050563064,0.060675677,0,5792,997.5,1972.480556,3890679.545,1,0,0,1088.181818,369,0,235,2,20,11809.0,11809,11809,98900000.0,98900000,98900000,DoS
80,1803,2,0,0,0,0.0,0.0,0,0,0.0,0.0,0.0,1109.262341,1803.0,0.0,1803,1803,1803,1803.0,0.0,1803,1803,0,0.0,0.0,0,0,40,0,1109.262341,0.0,0,0,0.0,0.0,0.0,0,0,1,0.0,0,256,-1,0,20,0.0,0,0,0.0,0,0,Normal Traffic
53,86971,2,84,42,42,42.0,0.0,186,186,186.0,0.0,5243.1270193513,45.992342275,28990.3333333333,50207.5341092682,86965,3,3,3.0,0.0,3,3,3,3.0,0.0,3,3,64,80,22.9961711375,22.9961711375,42,186,99.6,78.8720482807,6220.8,0,0,0,124.5,84,-1,-1,1,32,0.0,0,0,0.0,0,0,Normal Traffic
80,5697472,3,12,6,0,4.0,3.464101615,0,0,0.0,0.0,2.106197275,0.702065758,1899157.333,3267769.503,5672425,39,5697472,2848736.0,3993299.28,5672425,25047,0,0.0,0.0,0,0,72,32,0.526549319,0.17551644,0,6,2.4,3.286335345,10.8,0,1,0,3.0,12,8192,14600,2,20,25047.0,25047,25047,5672425.0,5672425,5672425,Normal Traffic
54296,2582,2,0,0,0,0.0,0.0,0,0,0.0,0.0,0.0,774.5933385,2582.0,0.0,2582,2582,2582,2582.0,0.0,2582,2582,0,0.0,0.0,0,0,64,0,774.5933385,0.0,0,0,0.0,0.0,0.0,0,0,1,0.0,0,905,-1,0,32,0.0,0,0,0.0,0,0,Normal Traffic
53,51173,1,52,52,52,52.0,0.0,68,68,68.0,0.0,2344.986614,39.08311023,51173.0,0.0,51173,51173,0,0.0,0.0,0,0,0,0.0,0.0,0,0,32,20,19.54155512,19.54155512,52,68,57.33333333,9.237604307,85.33333333,0,0,0,86.0,52,-1,-1,0,32,0.0,0,0,0.0,0,0,Normal Traffic
53,199,2,178,89,89,89.0,0.0,105,105,105.0,0.0,1949748.744,20100.50251,66.33333333,29.19474839,100,48,51,51.0,0.0,51,51,48,48.0,0.0,48,48,40,40,10050.25126,10050.25126,89,105,95.4,8.76356092,76.8,0,0,0,119.25,178,-1,-1,1,20,0.0,0,0,0.0,0,0,Normal Traffic
53,24201,2,68,34,34,34.0,0.0,79,79,79.0,0.0,9338.457089,165.2824263,8067.0,13967.25771,24195,3,3,3.0,0.0,3,3,3,3.0,0.0,3,3,40,40,82.64121317,82.64121317,34,79,52.0,24.64751509,607.5,0,0,0,65.0,68,-1,-1,1,20,0.0,0,0,0.0,0,0,Normal Traffic
80,99514664,7,381,375,0,54.42857143,141.3763973,5792,0,1656.428571,2118.227235,120.3440731,0.140682784,7654974.154,27600000.0,99400000,1,99400000,16600000.0,40600000.0,99400000,1,148460,24743.33333,55227.51373,137119,1,220,232,0.070341392,0.070341392,0,5792,798.4,1619.228908,2621902.257,0,0,1,855.4285714,381,251,235,2,20,5.0,5,5,99400000.0,99400000,99400000,DoS
443,63250342,7,187,46,6,26.71428571,20.0890873,46,46,46.0,0.0,4.411043343,0.142291721,7906292.75,20600000.0,58900000,3,63300000,10500000.0,23700000.0,58900000,3,59000000,59000000.0,0.0,59000000,59000000,140,40,0.110671338,0.031620382,6,46,32.5,18.86354509,355.8333333,0,0,1,36.11111111,187,255,393,6,20,94116.0,94116,94116,58900000.0,58900000,58900000,Normal Traffic
53,60480,1,47,47,47,47.0,0.0,178,178,178.0,0.0,3720.238095,33.06878307,60480.0,0.0,60480,60480,0,0.0,0.0,0,0,0,0.0,0.0,0,0,20,20,16.53439153,16.53439153,47,178,90.66666667,75.63288526,5720.333333,0,0,0,136.0,47,-1,-1,0,20,0.0,0,0,0.0,0,0,Normal Traffic
53,231,2,76,38,38,38.0,0.0,77,77,77.0,0.0,995670.995670996,17316.0173160173,77.0,91.9945650569,180,3,3,3.0,0.0,3,3,48,48.0,0.0,48,48,64,64,8658.0086580087,8658.0086580087,38,77,53.6,21.3611797427,456.3,0,0,0,67.0,76,-1,-1,1,32,0.0,0,0,0.0,0,0,Normal Traffic
80,8420495,9,377,377,0,41.88888889,125.6666667,5792,0,2326.4,2639.741806,1426.163189,1.662610096,647730.3846,1801872.889,6328645,1,8420495,1052561.875,2254117.556,6329850,1,6329447,1582361.75,3164188.851,6328645,15,296,168,1.068820776,0.59378932,0,5792,800.6,1802.009902,3247239.686,0,1,0,857.7857143,377,29200,235,1,32,785.0,785,785,6328645.0,6328645,6328645,DoS
58808,51,1,0,0,0,0.0,0.0,0,0,0.0,0.0,0.0,39215.6862745098,51.0,0.0,51,51,0,0.0,0.0,0,0,0,0.0,0.0,0,0,32,32,19607.8431372549,19607.8431372549,0,0,0.0,0.0,0.0,0,0,1,0.0,0,123,303,0,32,0.0,0,0,0.0,0,0,Normal Traffic
57832,73,1,0,0,0,0.0,0.0,6,6,6.0,0.0,246575.342465753,54794.5205479452,24.3333333333,38.6953916292,69,1,0,0.0,0.0,0,0,4,2.0,1.4142135624,3,1,32,60,13698.6301369863,41095.8904109589,0,6,3.6,3.286335345,10.8,0,0,1,4.5,0,972,0,0,32,0.0,0,0,0.0,0,0,Normal Traffic
32922,53,1,0,0,0,0.0,0.0,0,0,0.0,0.0,0.0,37735.84906,53.0,0.0,53,53,0,0.0,0.0,0,0,0,0.0,0.0,0,0,32,32,18867.92453,18867.92453,0,0,0.0,0.0,0.0,0,0,1,0.0,0,357,1722,0,32,0.0,0,0,0.0,0,0,Normal Traffic
443,10251379,14,5355,2695,0,382.5,790.7332284,1726,0,903.8947368,693.4862728,2197.655554,3.219079111,320355.5938,1766177.772,9998438,3,10300000,788510.1538,2767515.586,9998438,47,10200000,567723.2778,2353948.677,9999206,3,456,616,1.365669926,1.853409185,0,2695,662.6176471,767.2984491,588746.91,0,1,0,682.6969697,5355,29200,84,5,32,252194.0,252194,252194,9998438.0,9998438,9998438,Normal Traffic
80,98312676,6,359,359,0,59.83333333,146.5611363,5792,0,1932.5,2181.008184,121.591645,0.12205954,8937516.0,29600000.0,98300000,1,98300000,19700000.0,44000000.0,98300000,1,10463,2092.6,4443.156457,10040,45,200,200,0.06102977,0.06102977,0,5792,919.5384615,1715.8098,2944003.269,0,0,1,996.1666667,359,251,235,1,32,5.0,5,5,98300000.0,98300000,98300000,DoS
443,119968995,4,276,276,0,69.0,138.0,285,32,116.3333333,146.0696181,5.209679384,0.058348409,20000000.0,30800000.0,60000000,31704,120000000,39900000.0,34500000.0,60000000,90698,60000000,30000000.0,42000000.0,59700000,334741,80,60,0.033341948,0.025006461,0,285,78.125,125.7099127,15802.98214,0,0,1,89.28571429,276,256,106,1,20,31704.0,31704,31704,59800000.0,60000000,59600000,Normal Traffic
54018,553,1,0,0,0,0.0,0.0,0,0,0.0,0.0,0.0,3616.636528,553.0,0.0,553,553,0,0.0,0.0,0,0,0,0.0,0.0,0,0,32,32,1808.318264,1808.318264,0,0,0.0,0.0,0.0,0,0,1,0.0,0,122,33304,0,32,0.0,0,0,0.0,0,0,Normal Traffic
57774,6215640,1,1375,1375,1375,1375.0,0.0,6,0,5.0,2.449489743,226.0426923,1.12619135,1035940.0,2531603.842,6203553,1,0,0.0,0.0,0,0,6210855,1242171.0,2773497.49,6203553,1,20,132,0.160884479,0.965306871,0,1375,347.5,634.1901472,402197.1429,0,0,1,397.1428571,1375,229,0,0,20,12087.0,12087,12087,6203553.0,6203553,6203553,Normal Traffic
443,789456,10,4683,4187,0,468.3,1311.005386,1460,0,423.4166667,638.2517968,12368.01038,27.86729089,37593.14286,135052.986,624779,1,762346,84705.11111,203498.1354,624779,1,765716,69610.54545,204940.0914,685865,1,220,244,12.66695041,15.20034049,0,4187,424.5217391,957.0084482,915865.17,0,1,0,443.8181818,4683,29200,65535,3,20,0.0,0,0,0.0,0,0,Normal Traffic
58368,19571,3,0,0,0,0.0,0.0,0,0,0.0,0.0,0.0,204.3840376067,6523.6666666667,10222.6948664886,18309,54,19571,9785.5,12130.4168312552,18363,1208,0,0.0,0.0,0,0,96,32,153.288028205,51.0960094017,0,0,0.0,0.0,0.0,0,0,1,0.0,0,33,465,0,32,0.0,0,0,0.0,0,0,Normal Traffic
53,23295,1,39,39,39,39.0,0.0,295,295,295.0,0.0,14337.8407383559,85.8553337626,23295.0,0.0,23295,23295,0,0.0,0.0,0,0,0,0.0,0.0,0,0,20,20,42.9276668813,42.9276668813,39,295,124.3333333333,147.8016689125,21845.3333333333,0,0,0,186.5,39,-1,-1,0,20,0.0,0,0,0.0,0,0,Normal Traffic
80,51325,3,435,429,0,145.0,245.9695103,858,0,217.5,427.0093676,25426.20555,136.3857769,8554.166667,11445.1632,23292,1,27597,13798.5,13541.80197,23374,4223,28033,9344.333333,15637.28139,27397,1,72,92,58.45104725,77.93472966,0,858,163.125,317.9026974,101062.125,0,1,0,186.4285714,435,8192,31,2,20,0.0,0,0,0.0,0,0,Normal Traffic
443,162148,10,704,453,0,70.4,142.9399252211,1189,0,265.4,519.7545574596,12525.5939018674,92.5080790389,11582.0,20835.63020036,50332,22,162148,18016.4444444444,24919.8650182496,52516,44,105090,26272.5,28285.0573801787,50818,192,332,168,61.6720526926,30.8360263463,0,1189,126.9375,306.4205103557,93893.5291666667,0,1,0,135.4,704,65535,114,5,32,0.0,0,0,0.0,0,0,Normal Traffic
80,84596372,7,366,366,0,52.28571429,138.3349971,4344,0,1656.428571,1946.27472,141.3890421,0.165491731,6507413.231,23400000.0,84400000,0,84500000,14100000.0,34500000.0,84400000,0,147691,24615.16667,53940.56575,134220,47,232,232,0.082745865,0.082745865,0,4344,797.4,1524.337224,2323603.971,0,0,1,854.3571429,366,274,235,1,32,5.0,5,5,84400000.0,84400000,84400000,DoS
53,121897,2,74,37,37,37.0,0.0,133,133,133.0,0.0,2789.240096,32.81458937,40632.33333,70332.2362,121845,3,49,49.0,0.0,49,49,3,3.0,0.0,3,3,40,40,16.40729468,16.40729468,37,133,75.4,52.58136552,2764.8,0,0,0,94.25,74,-1,-1,1,20,0.0,0,0,0.0,0,0,Normal Traffic
53,48574,2,64,32,32,32.0,0.0,94,94,94.0,0.0,5187.960637,82.34858155,16191.33333,28040.74789,48570,1,1,1.0,0.0,1,1,3,3.0,0.0,3,3,64,64,41.17429077,41.17429077,32,94,56.8,33.95879857,1153.2,0,0,0,71.0,64,-1,-1,1,32,0.0,0,0,0.0,0,0,Normal Traffic
80,63153091,7,0,0,0,0.0,0.0,0,0,0.0,0.0,0.0,0.110841764,10500000.0,11900000.0,32100000,997614,63200000,10500000.0,11900000.0,32100000,997614,0,0.0,0.0,0,0,280,0,0.110841764,0.0,0,0,0.0,0.0,0.0,0,1,0,0.0,0,29200,-1,0,40,7009583.0,7009583,7009583,18700000.0,32100000,8015961,DoS
39950,200,1,0,0,0,0.0,0.0,0,0,0.0,0.0,0.0,15000.0,100.0,125.8650071,189,11,0,0.0,0.0,0,0,189,189.0,0.0,189,189,32,64,5000.0,10000.0,0,0,0.0,0.0,0.0,0,0,1,0.0,0,395,229,0,32,0.0,0,0,0.0,0,0,Normal Traffic
53,23806,1,64,64,64,64.0,0.0,117,117,117.0,0.0,7603.125263,84.01243384,23806.0,0.0,23806,23806,0,0.0,0.0,0,0,0,0.0,0.0,0,0,20,20,42.00621692,42.00621692,64,117,81.66666667,30.59956427,936.3333333,0,0,0,122.5,64,-1,-1,0,20,0.0,0,0,0.0,0,0,Normal Traffic
53,236,2,64,32,32,32.0,0.0,48,48,48.0,0.0,677966.1017,16949.15254,78.66666667,132.7905619,232,2,2,2.0,0.0,2,2,2,2.0,0.0,2,2,40,40,8474.576271,8474.576271,32,48,38.4,8.76356092,76.8,0,0,0,48.0,64,-1,-1,1,20,0.0,0,0,0.0,0,0,Normal Traffic
443,115297698,19,993,517,0,52.26315789,142.5275186,1768,0,120.0,441.099233,25.26503174,0.303562002,3391108.765,4711986.324,9996862,3,115000000,6405427.667,4789783.985,10000000,3,110000000,7347432.933,4577655.535,10000000,430,392,464,0.164790801,0.138771201,0,1768,80.91666667,308.4879599,95164.82143,0,1,0,83.22857143,993,8192,980,15,20,27740.75,78001,23030,9580400.5,9996862,5062886,Normal Traffic
53,23849,1,44,44,44,44.0,0.0,112,112,112.0,0.0,6541.154765,83.86095853,23849.0,0.0,23849,23849,0,0.0,0.0,0,0,0,0.0,0.0,0,0,20,20,41.93047927,41.93047927,44,112,66.66666667,39.2598183,1541.333333,0,0,0,100.0,44,-1,-1,0,20,0.0,0,0,0.0,0,0,Normal Traffic
80,49796,3,438,438,0,146.0,252.8794179,859,0,214.75,429.5,26046.26878,140.57354,8299.333333,11711.71159,23443,4,26095,13047.5,14779.23883,23498,2597,26353,8784.333333,14863.7782,25946,4,104,136,60.24580288,80.32773717,0,859,162.125,320.5907215,102778.4107,0,1,0,185.2857143,438,29200,31,1,32,0.0,0,0,0.0,0,0,Normal Traffic
80,4043879,5,30,6,6,6.0,0.0,0,0,0.0,0.0,7.418619598,1.2364366,1010969.75,2019925.008,4040857,3,4043879,1010969.75,2019925.008,4040857,3,0,0.0,0.0,0,0,100,0,1.2364366,0.0,6,6,6.0,0.0,0.0,0,0,1,7.2,30,256,-1,4,20,0.0,0,0,0.0,0,0,DDoS
53,62452,2,64,32,32,32.0,0.0,86,86,86.0,0.0,3778.902197,64.04918978,20817.33333,36041.0909,62434,4,14,14.0,0.0,14,14,4,4.0,0.0,4,4,80,64,32.02459489,32.02459489,32,86,53.6,29.57701811,874.8,0,0,0,67.0,64,-1,-1,1,40,0.0,0,0,0.0,0,0,Normal Traffic
80,29541,3,26,20,0,8.666666667,10.26320288,5840,0,1933.5,2189.772933,393588.5718,304.6613182,3692.625,7072.616084,18943,2,19004,9502.0,13435.02884,19002,2,29482,5896.4,8577.58881,19178,45,72,132,101.5537727,203.1075454,0,5840,1162.7,1911.59573,3654198.233,0,1,0,1291.888889,26,8192,229,2,20,0.0,0,0,0.0,0,0,DDoS
54336,46,1,6,6,6,6.0,0.0,6,6,6.0,0.0,260869.5652,43478.26087,46.0,0.0,46,46,0,0.0,0.0,0,0,0,0.0,0.0,0,0,20,20,21739.13043,21739.13043,6,6,6.0,0.0,0.0,0,0,1,9.0,6,335,258,0,20,0.0,0,0,0.0,0,0,Normal Traffic
2593,90,1,6,6,6,6.0,0.0,6,6,6.0,0.0,133333.3333,22222.22222,90.0,0.0,90,90,0,0.0,0.0,0,0,0,0.0,0.0,0,0,20,20,11111.11111,11111.11111,6,6,6.0,0.0,0.0,0,0,1,9.0,6,32160,63254,0,20,0.0,0,0,0.0,0,0,Normal Traffic
53,186,2,62,31,31,31.0,0.0,47,47,47.0,0.0,838709.6774,21505.37634,62.0,65.13831438,133,5,5,5.0,0.0,5,5,48,48.0,0.0,48,48,80,80,10752.68817,10752.68817,31,47,37.4,8.76356092,76.8,0,0,0,46.75,62,-1,-1,1,40,0.0,0,0,0.0,0,0,Normal Traffic
443,3671615,8,673,517,0,84.125,179.9717735805,1689,0,812.1666666667,803.0981052566,1510.5069567479,3.8130359528,282431.923076923,973076.95006968,3520532,20,3671615,524516.428571429,1321434.76229335,3520532,20,73241,14648.2,18309.0108471212,36684,49,172,132,2.1788776873,1.6341582655,0,1689,369.7333333333,621.9396464365,386808.923809524,0,1,0,396.1428571429,673,8192,55,7,20,0.0,0,0,0.0,0,0,Normal Traffic
53,202,2,98,49,49,49.0,0.0,65,65,65.0,0.0,1128712.871,19801.9802,67.33333333,32.62412195,105,48,49,49.0,0.0,49,49,48,48.0,0.0,48,48,40,40,9900.990099,9900.990099,49,65,55.4,8.76356092,76.8,0,0,0,69.25,98,-1,-1,1,20,0.0,0,0,0.0,0,0,Normal Traffic
443,62801905,7,169,46,0,24.14285714,23.19790631,46,46,46.0,0.0,4.155924888,0.143307755,7850238.125,20700000.0,59000000,3,62800000,10500000.0,23800000.0,59000000,3,59000000,59000000.0,0.0,59000000,59000000,224,64,0.111461587,0.031846168,0,46,30.7,21.68486415,470.2333333,0,0,1,34.11111111,169,329,399,3,32,37008.0,37008,37008,59000000.0,59000000,59000000,Normal Traffic
53,285,2,84,42,42,42.0,0.0,181,181,181.0,0.0,1564912.281,14035.08772,95.0,80.54191455,188,48,49,49.0,0.0,49,49,48,48.0,0.0,48,48,64,64,7017.54386,7017.54386,42,181,97.6,76.13343549,5796.3,0,0,0,122.0,84,-1,-1,1,32,0.0,0,0,0.0,0,0,Normal Traffic
80,11281683,6,495,471,0,82.5,190.3404843957,287,0,97.6666666667,163.9949186205,69.8477345978,0.7977533139,1410210.375,3465176.47562157,9964113,48,11281683,2256336.6,4321025.3353362,9964113,107943,10390081,5195040.5,6962223.57214421,10118076,272005,132,72,0.5318355426,0.2659177713,0,471,78.8,164.0784365276,26921.7333333333,0,1,0,87.5555555556,495,8192,1026,5,20,426282.0,426282,426282,9964113.0,9964113,9964113,Normal Traffic
88,939,2,2944,1472,1472,1472.0,0.0,315,315,315.0,0.0,3806176.784,4259.850905,313.0,497.6303849,887,3,3,3.0,0.0,3,3,49,49.0,0.0,49,49,64,64,2129.925453,2129.925453,315,1472,1009.2,633.714999,401594.7,0,0,0,1261.5,2944,-1,-1,1,32,0.0,0,0,0.0,0,0,Normal Traffic
53,195,2,64,32,32,32.0,0.0,48,48,48.0,0.0,820512.8205,20512.82051,65.0,72.02083032,144,3,3,3.0,0.0,3,3,48,48.0,0.0,48,48,64,64,10256.41026,10256.41026,32,48,38.4,8.76356092,76.8,0,0,0,48.0,64,-1,-1,1,32,0.0,0,0,0.0,0,0,Normal Traffic
53,60929,2,52,26,26,26.0,0.0,58,58,58.0,0.0,2757.307686,65.650183,20309.66667,35173.04446,60924,1,1,1.0,0.0,1,1,4,4.0,0.0,4,4,40,80,32.8250915,32.8250915,26,58,38.8,17.52712184,307.2,0,0,0,48.5,52,-1,-1,1,20,0.0,0,0,0.0,0,0,Normal Traffic
80,2057998,4,24,6,6,6.0,0.0,0,0,0.0,0.0,11.66181891,1.943636486,685999.3333,1187817.639,2057573,190,2057998,685999.3333,1187817.639,2057573,190,0,0.0,0.0,0,0,80,0,1.943636486,0.0,6,6,6.0,0.0,0.0,0,0,1,7.5,24,256,-1,3,20,0.0,0,0,0.0,0,0,DDoS
80,9876506,7,50,20,0,7.142857143,6.094494002,7215,0,2321.4,3327.769794,1180.275697,1.215004578,897864.1818,2289188.162,7592265,5,9450845,1575140.833,3039876.309,7592265,196,426587,106646.75,212477.9593,425363,5,152,112,0.70875267,0.506251907,0,7215,897.1538462,2250.514898,5064817.308,0,0,1,971.9166667,50,256,229,5,20,1857607.0,1857607,1857607,7592265.0,7592265,7592265,DDoS
53739,49,1,6,6,6,6.0,0.0,6,6,6.0,0.0,244897.9592,40816.32653,49.0,0.0,49,49,0,0.0,0.0,0,0,0,0.0,0.0,0,0,20,20,20408.16327,20408.16327,6,6,6.0,0.0,0.0,0,0,1,9.0,6,946,1024,0,20,0.0,0,0,0.0,0,0,Normal Traffic
53,61679,2,68,34,34,34.0,0.0,114,114,114.0,0.0,4799.040192,64.85189449,20559.66667,35605.1911,61673,3,3,3.0,0.0,3,3,3,3.0,0.0,3,3,64,64,32.42594724,32.42594724,34,114,66.0,43.8178046,1920.0,0,0,0,82.5,68,-1,-1,1,32,0.0,0,0,0.0,0,0,Normal Traffic
53,49973,4,164,41,41,41.0,0.0,127,127,127.0,0.0,8364.516839,120.064835,9994.6,14332.44846,31024,3,31032,10344.0,17909.40535,31024,4,3,3.0,0.0,3,3,80,40,80.04322334,40.02161167,41,127,65.57142857,41.96370314,1760.952381,0,0,0,76.5,164,-1,-1,3,20,0.0,0,0,0.0,0,0,Normal Traffic
80,189137,3,26,20,0,8.666666667,10.26320288,5755,0,1934.5,2529.124572,61505.68107,47.58455511,23642.125,66365.22929,187886,12,1151,575.5,604.5762979,1003,148,189041,37808.2,83897.27325,187886,12,72,132,15.86151837,31.72303674,0,5755,1163.3,2131.87096,4544873.789,0,1,0,1292.555556,26,8192,229,2,20,0.0,0,0,0.0,0,0,DDoS
53,212622,1,45,45,45,45.0,0.0,61,61,61.0,0.0,498.5373103442,9.4063643461,212622.0,0.0,212622,212622,0,0.0,0.0,0,0,0,0.0,0.0,0,0,20,20,4.7031821731,4.7031821731,45,61,50.3333333333,9.237604307,85.3333333333,0,0,0,75.5,45,-1,-1,0,20,0.0,0,0,0.0,0,0,Normal Traffic
53,449354,1,43,43,43,43.0,0.0,102,102,102.0,0.0,322.6854551,4.450833864,449354.0,0.0,449354,449354,0,0.0,0.0,0,0,0,0.0,0.0,0,0,32,32,2.225416932,2.225416932,43,102,62.66666667,34.06366588,1160.333333,0,0,0,94.0,43,-1,-1,0,32,0.0,0,0,0.0,0,0,Normal Traffic
80,15592,2,0,0,0,0.0,0.0,0,0,0.0,0.0,0.0,128.2709082,15592.0,0.0,15592,15592,15592,15592.0,0.0,15592,15592,0,0.0,0.0,0,0,64,0,128.2709082,0.0,0,0,0.0,0.0,0.0,0,0,1,0.0,0,264,-1,0,32,0.0,0,0,0.0,0,0,Normal Traffic
443,144790,15,625,389,0,41.66666667,103.19653,3613,0,1099.1,1129.214324,80226.53498,172.663858,6032.916667,12910.24777,42759,1,144790,10342.14286,22892.76168,84392,1,118319,13146.55556,20460.81563,49634,48,492,328,103.5983148,69.0655432,0,3613,446.7692308,861.20373,741671.8646,0,1,0,464.64,625,65535,972,5,32,0.0,0,0,0.0,0,0,Normal Traffic
80,105669757,16,2541,231,0,158.8125,110.5828309,6,0,2.0,3.464101615,24.10339602,0.179805467,5870542.056,12500000.0,51300000,57,106000000,7044646.667,13500000.0,51300000,332,103000000,51300000.0,28000000.0,71200000,31500000,536,100,0.15141513,0.028390337,0,231,127.35,117.5733925,13823.50263,0,1,0,134.0526316,2541,29200,0,11,32,4707467.0,9414530,404,19300000.0,51300000,5840843,DoS
80,116450544,18,1548,747,0,86.0,234.0113119,600,0,78.8125,200.1623404,24.12182806,0.291969439,3528804.364,4699133.818,10100000,121,116000000,6850032.0,4595202.169,10200000,151,112000000,7490387.6,4479188.011,10200000,492,372,332,0.154572056,0.137397383,0,747,80.25714286,212.7539787,45264.25546,0,1,0,82.61764706,1548,8192,8760,17,20,212885.0,1479052,85981,10000000.0,10100000,9920264,Normal Traffic
30,139,2,4,2,2,2.0,0.0,6,6,6.0,0.0,115107.9137,28776.97842,46.33333333,76.794097,135,1,3,3.0,0.0,3,3,1,1.0,0.0,1,1,48,40,14388.48921,14388.48921,2,6,3.6,2.19089023,4.8,0,1,0,4.5,4,1024,0,1,24,0.0,0,0,0.0,0,0,Normal Traffic
443,34563884,14,1210,806,0,86.4285714286,214.7390954644,1460,0,617.8333333333,662.7840500266,249.5089961533,0.752230276,1382555.36,3332701.29714832,9999958,4,34563884,2658760.30769231,4329002.25617134,10050854,4,30669302,2788118.36363636,4665655.17992091,10051048,49,292,288,0.4050470717,0.3471832043,0,1460,319.4074074074,532.1293407882,283161.635327635,0,1,0,331.6923076923,1210,8192,116,13,20,232165.666666667,594875,50726,9990925.66666667,9999958,9974262,Normal Traffic
53,249175,2,78,39,39,39.0,0.0,53,53,53.0,0.0,738.4368416,16.05297482,83058.33333,143856.9232,249170,1,1,1.0,0.0,1,1,4,4.0,0.0,4,4,40,64,8.026487408,8.026487408,39,53,44.6,7.668115805,58.8,0,0,0,55.75,78,-1,-1,1,20,0.0,0,0,0.0,0,0,Normal Traffic
80,229,2,12,6,6,6.0,0.0,0,0,0.0,0.0,52401.7467248908,8733.6244541485,229.0,0.0,229,229,229,229.0,0.0,229,229,0,0.0,0.0,0,0,40,0,8733.6244541485,0.0,6,6,6.0,0.0,0.0,0,0,1,9.0,12,255,-1,1,20,0.0,0,0,0.0,0,0,Normal Traffic
443,117711313,30,23020,5520,0,767.3333333333,1627.1495137909,1430,0,768.3181818182,696.0808484427,482.7573370114,0.6286566526,1612483.73972603,9620159.32339635,58681165,1,117711313,4059010.79310345,15094656.4592283,58681165,37,117624472,2735452.8372093,12484333.1860871,58768756,1,612,892,0.2548608051,0.3737958475,0,5520,757.68,1151.9515305119,1326992.32864865,0,1,0,767.9189189189,23020,8192,705,29,20,275294.0,462855,87733,58536990.5,58681165,58392816,Normal Traffic
10003,12,1,2,2,2,2.0,0.0,6,6,6.0,0.0,666666.6667,166666.6667,12.0,0.0,12,12,0,0.0,0.0,0,0,0,0.0,0.0,0,0,24,20,83333.33333,83333.33333,2,6,3.333333333,2.309401077,5.333333333,0,1,0,5.0,2,1024,0,0,24,0.0,0,0,0.0,0,0,Port Scanning
366,25,2,4,2,2,2.0,0.0,6,6,6.0,0.0,640000.0,160000.0,8.333333333,12.70170592,23,1,1,1.0,0.0,1,1,1,1.0,0.0,1,1,48,40,80000.0,80000.0,2,6,3.6,2.19089023,4.8,0,1,0,4.5,4,1024,0,1,24,0.0,0,0,0.0,0,0,Normal Traffic
53,47688,1,44,44,44,44.0,0.0,110,110,110.0,0.0,3229.3239389364,41.9392719342,47688.0,0.0,47688,47688,0,0.0,0.0,0,0,0,0.0,0.0,0,0,20,20,20.9696359671,20.9696359671,44,110,66.0,38.1051177665,1452.0,0,0,0,99.0,44,-1,-1,0,20,0.0,0,0,0.0,0,0,Normal Traffic
53,200,2,66,33,33,33.0,0.0,113,113,113.0,0.0,1460000.0,20000.0,66.66666667,75.44755353,150,3,3,3.0,0.0,3,3,47,47.0,0.0,47,47,64,64,10000.0,10000.0,33,113,65.0,43.8178046,1920.0,0,0,0,81.25,66,-1,-1,1,32,0.0,0,0,0.0,0,0,Normal Traffic
53,121071,2,62,31,31,31.0,0.0,104,104,104.0,0.0,2230.0963897217,33.0384650329,40357.0,69855.3445843623,121019,4,48,48.0,0.0,48,48,4,4.0,0.0,4,4,64,64,16.5192325165,16.5192325165,31,104,60.2,39.9837466979,1598.7,0,0,0,75.25,62,-1,-1,1,32,0.0,0,0,0.0,0,0,Normal Traffic
53,23907,1,62,62,62,62.0,0.0,144,144,144.0,0.0,8616.723135,83.65750617,23907.0,0.0,23907,23907,0,0.0,0.0,0,0,0,0.0,0.0,0,0,32,20,41.82875308,41.82875308,62,144,89.33333333,47.34272207,2241.333333,0,0,0,134.0,62,-1,-1,0,32,0.0,0,0,0.0,0,0,Normal Traffic
443,276619,15,537,192,0,35.8,63.24916713,1418,0,415.0909091,623.7769561,18447.75666,93.99209743,11064.76,19220.44724,71683,1,276619,19758.5,22997.28786,71691,3,240123,24012.3,35945.22084,108363,1,464,360,54.22621006,39.76588738,0,1418,189.0,433.9906947,188347.9231,0,1,0,196.2692308,537,29200,349,7,20,0.0,0,0,0.0,0,0,Normal Traffic
443,5520510,7,635,517,0,90.71428571,190.7072051,168,0,42.0,84.0,145.4575755,1.992569527,552051.0,1692507.097,5368445,3,5520510,920085.0,2216957.987,5445281,3,115320,38440.0,38403.28771,77282,491,232,136,1.26799879,0.724570737,0,517,66.91666667,150.8487854,22755.35606,0,1,0,73.0,635,29200,340,3,32,152062.0,152062,152062,5368445.0,5368445,5368445,Normal Traffic
53,30390,1,40,40,40,40.0,0.0,116,116,116.0,0.0,5133.267522,65.81112208,30390.0,0.0,30390,30390,0,0.0,0.0,0,0,0,0.0,0.0,0,0,20,20,32.90556104,32.90556104,40,116,65.33333333,43.87862046,1925.333333,0,0,0,98.0,40,-1,-1,0,20,0.0,0,0,0.0,0,0,Normal Traffic
443,108,2,0,0,0,0.0,0.0,0,0,0.0,0.0,0.0,18518.51852,108.0,0.0,108,108,108,108.0,0.0,108,108,0,0.0,0.0,0,0,64,0,18518.51852,0.0,0,0,0.0,0.0,0.0,0,0,1,0.0,0,712,-1,0,32,0.0,0,0,0.0,0,0,Normal Traffic
443,115678407,23,1316,948,0,57.2173913043,200.1403953869,1448,0,271.4,504.7271696565,58.2995580152,0.3717201949,2754247.78571429,4450159.21679208,10025115,3,115678407,5258109.40909091,5010306.87332911,10048014,3,110586210,5820326.84210526,5089758.14487753,10048112,161,744,648,0.198827081,0.1728931139,0,1448,153.2727272727,380.8272124606,145029.365750529,0,1,0,156.8372093023,1316,29200,1032,4,32,30540.4166666667,113268,22886,9609326.58333334,10025115,5069019,Normal Traffic
53,10203579,6,200,40,30,33.3333333333,5.1639777949,117,56,86.5,35.2183664206,53.5106358269,0.9800482752,1133731.0,3389457.28973858,10172245,3,10202580,2040516.0,4545880.67931969,10172401,3,10203468,3401156.0,5890930.82921511,10203417,3,144,80,0.5880289651,0.3920193101,30,117,53.2727272727,32.9122801066,1083.2181818182,0,0,0,58.6,200,-1,-1,5,20,159.0,159,159,10172245.0,10172245,10172245,Normal Traffic
1000,49,1,2,2,2,2.0,0.0,6,6,6.0,0.0,163265.3061,40816.32653,49.0,0.0,49,49,0,0.0,0.0,0,0,0,0.0,0.0,0,0,24,20,20408.16327,20408.16327,2,6,3.333333333,2.309401077,5.333333333,0,1,0,5.0,2,1024,0,0,24,0.0,0,0,0.0,0,0,Port Scanning
49604,33,2,12,6,6,6.0,0.0,6,6,6.0,0.0,545454.5455,90909.09091,16.5,17.67766953,29,4,4,4.0,0.0,4,4,0,0.0,0.0,0,0,40,20,60606.06061,30303.0303,6,6,6.0,0.0,0.0,0,0,1,8.0,12,119,253,1,20,0.0,0,0,0.0,0,0,Normal Traffic
80,5467133,4,0,0,0,0.0,0.0,0,0,0.0,0.0,0.0,1.097467356,1093426.6,1920254.11,4442641,97,5467133,1822377.667,2319965.024,4442641,29646,994823,994823.0,0.0,994823,994823,104,64,0.731644904,0.365822452,0,0,0.0,0.0,0.0,0,1,0,0.0,0,8192,29200,0,20,0.0,0,0,0.0,0,0,Normal Traffic
53,233,2,78,39,39,39.0,0.0,80,80,80.0,0.0,1021459.227,17167.38197,77.66666667,50.52062285,136,48,49,49.0,0.0,49,49,48,48.0,0.0,48,48,40,40,8583.690987,8583.690987,39,80,55.4,22.45662486,504.3,0,0,0,69.25,78,-1,-1,1,20,0.0,0,0,0.0,0,0,Normal Traffic
53,289,2,66,33,33,33.0,0.0,139,139,139.0,0.0,1190311.41868512,13840.830449827,96.3333333333,154.0010822473,274,1,14,14.0,0.0,14,14,1,1.0,0.0,1,1,64,40,6920.4152249135,6920.4152249135,33,139,75.4,58.0585910955,3370.8,0,0,0,94.25,66,-1,-1,1,32,0.0,0,0,0.0,0,0,Normal Traffic
63468,97,1,0,0,0,0.0,0.0,0,0,0.0,0.0,0.0,20618.5567010309,97.0,0.0,97,97,0,0.0,0.0,0,0,0,0.0,0.0,0,0,32,32,10309.2783505155,10309.2783505155,0,0,0.0,0.0,0.0,0,0,1,0.0,0,110,33304,0,32,0.0,0,0,0.0,0,0,Normal Traffic
53,207,2,88,44,44,44.0,0.0,94,94,94.0,0.0,1333333.333,19323.6715,69.0,34.64101615,109,49,49,49.0,0.0,49,49,49,49.0,0.0,49,49,64,64,9661.835749,9661.835749,44,94,64.0,27.38612788,750.0,0,0,0,80.0,88,-1,-1,1,32,0.0,0,0,0.0,0,0,Normal Traffic
80,68258523,8,349,343,0,43.625,120.9839865,5792,0,1656.428571,2118.227235,174.9818114,0.219752777,4875608.786,18000000.0,67200000,1,68300000,9750722.429,25400000.0,67200000,1,17464,2910.666667,5579.042236,14017,2,260,232,0.117201481,0.102551296,0,5792,746.5,1577.531785,2488606.533,0,0,1,796.2666667,349,251,235,2,20,973.0,973,973,67200000.0,67200000,67200000,DoS
54086,3,2,0,0,0,0.0,0.0,0,0,0.0,0.0,0.0,666666.666666667,3.0,0.0,3,3,3,3.0,0.0,3,3,0,0.0,0.0,0,0,64,0,666666.666666667,0.0,0,0,0.0,0.0,0.0,0,0,1,0.0,0,235,-1,0,32,0.0,0,0,0.0,0,0,Normal Traffic
80,99602958,6,323,305,0,53.83333333,123.0811385,7240,0,1932.5,2695.639126,119.6550809,0.12047835,9054814.364,30000000.0,99400000,5,99500000,19900000.0,44500000.0,99400000,5,147862,29572.4,59947.81307,136477,70,164,200,0.060239175,0.060239175,0,7240,917.2307692,1997.827952,3991316.526,1,0,0,993.6666667,323,0,235,3,20,10846.0,10846,10846,99400000.0,99400000,99400000,DoS
443,1246350,11,510,206,0,46.36363636,77.97470452,1418,0,559.75,658.1499503,4002.086091,15.24451398,69241.66667,237357.1454,1018022,4,1246350,124635.0,314864.3061,1018022,19,174001,24857.28571,31977.55964,72957,4,372,264,8.825771252,6.418742729,0,1418,249.4,480.0838085,230480.4632,0,1,0,262.5263158,510,29200,340,4,32,0.0,0,0,0.0,0,0,Normal Traffic
80,85653086,9,365,365,0,40.55555556,121.6666667,4344,0,1932.5,1754.831473,139.6330309,0.175125039,6118077.571,22800000.0,85500000,0,85500000,10700000.0,30200000.0,85500000,0,164506,32901.2,63780.31581,146142,48,296,200,0.105075023,0.070050015,0,4344,747.5,1390.386757,1933175.333,0,0,1,797.3333333,365,251,235,1,32,981.0,981,981,85500000.0,85500000,85500000,DoS
53,150,2,88,44,44,44.0,0.0,100,100,100.0,0.0,1920000.0,26666.66667,50.0,81.40638796,144,3,3,3.0,0.0,3,3,3,3.0,0.0,3,3,40,40,13333.33333,13333.33333,44,100,66.4,30.67246322,940.8,0,0,0,83.0,88,-1,-1,1,20,0.0,0,0,0.0,0,0,Normal Traffic
53,144,2,108,54,54,54.0,0.0,86,86,86.0,0.0,1944444.44444444,27777.7777777778,48.0,77.0778826902,137,3,4,4.0,0.0,4,4,3,3.0,0.0,3,3,64,64,13888.8888888889,13888.8888888889,54,86,66.8,17.5271218402,307.2,0,0,0,83.5,108,-1,-1,1,32,0.0,0,0,0.0,0,0,Normal Traffic
80,413436,3,416,410,0,138.6666667,235.0007092,727,2,185.25,361.171589,2798.498437,16.93127836,68906.0,105983.895,205808,3,205909,102954.5,145492.17,205833,76,207628,69209.33333,118249.6663,205748,3,80,84,7.256262154,9.675016206,0,727,144.625,275.0090583,75629.98214,0,1,0,165.2857143,416,29200,15544,2,20,0.0,0,0,0.0,0,0,Normal Traffic
53,48856,2,62,31,31,31.0,0.0,132,132,132.0,0.0,6672.670706,81.87326019,16285.33333,28201.8286,48850,3,3,3.0,0.0,3,3,3,3.0,0.0,3,3,40,40,40.9366301,40.9366301,31,132,71.4,55.31997831,3060.3,0,0,0,89.25,62,-1,-1,1,20,0.0,0,0,0.0,0,0,Normal Traffic
59530,3749,1,0,0,0,0.0,0.0,0,0,0.0,0.0,0.0,533.4755935,3749.0,0.0,3749,3749,0,0.0,0.0,0,0,0,0.0,0.0,0,0,32,32,266.7377967,266.7377967,0,0,0.0,0.0,0.0,0,0,1,0.0,0,227,229,0,32,0.0,0,0,0.0,0,0,Normal Traffic
53,217,2,84,42,42,42.0,0.0,102,102,102.0,0.0,1327188.94,18433.17972,72.33333333,84.18036192,166,3,3,3.0,0.0,3,3,48,48.0,0.0,48,48,40,40,9216.589862,9216.589862,42,102,66.0,32.86335345,1080.0,0,0,0,82.5,84,-1,-1,1,20,0.0,0,0,0.0,0,0,Normal Traffic
443,117805061,18,905,293,0,50.27777778,85.9950789,1398,0,366.4285714,545.4440272,51.22869891,0.271635189,3800163.258,14700000.0,58800000,1,118000000,6929709.471,19500000.0,58800000,1,118000000,9059246.0,22100000.0,58900000,1,584,456,0.152794794,0.118840395,0,1398,182.8787879,387.900741,150466.9848,0,1,0,188.59375,905,29200,122,7,32,184723.5,292552,76895,58700000.0,58800000,58600000,Normal Traffic
4466,4,2,12,6,6,6.0,0.0,0,0,0.0,0.0,3000000.0,500000.0,4.0,0.0,4,4,4,4.0,0.0,4,4,0,0.0,0.0,0,0,40,0,500000.0,0.0,6,6,6.0,0.0,0.0,0,0,1,9.0,12,13032,-1,1,20,0.0,0,0,0.0,0,0,Normal Traffic
443,65853012,19,3651,1865,0,192.1578947368,531.7450582916,1448,0,471.8571428571,636.0177108945,205.9131327205,0.6074133709,1688538.76923077,3678506.0081231,10132196,4,65853012,3658500.66666667,4827921.84360412,10240010,206,62022733,3101136.65,4774301.39787643,10240288,4,616,680,0.2885213512,0.3188920197,0,1865,330.7317073171,593.1357359151,351810.001219512,0,1,0,339.0,3651,29200,8031,4,32,243196.666666667,919100,107808,10093990.1666667,10132196,9968000,Normal Traffic
88,638,2,506,253,253,253.0,0.0,1428,1428,1428.0,0.0,5269592.476,6269.592476,212.6666667,362.2876389,631,3,3,3.0,0.0,3,3,4,4.0,0.0,4,4,64,64,3134.796238,3134.796238,253,1428,723.0,643.5740051,414187.5,0,0,0,903.75,506,-1,-1,1,32,0.0,0,0,0.0,0,0,Normal Traffic
80,63,2,12,6,6,6.0,0.0,0,0,0.0,0.0,190476.1905,31746.03175,63.0,0.0,63,63,63,63.0,0.0,63,63,0,0.0,0.0,0,0,40,0,31746.03175,0.0,6,6,6.0,0.0,0.0,0,0,1,9.0,12,16152,-1,1,20,0.0,0,0,0.0,0,0,Normal Traffic
41681,3,2,0,0,0,0.0,0.0,0,0,0.0,0.0,0.0,666666.666666667,3.0,0.0,3,3,3,3.0,0.0,3,3,0,0.0,0.0,0,0,64,0,666666.666666667,0.0,0,0,0.0,0.0,0.0,0,0,1,0.0,0,340,-1,0,32,0.0,0,0,0.0,0,0,Normal Traffic
53,231,2,90,45,45,45.0,0.0,86,86,86.0,0.0,1134199.134,17316.01732,77.0,50.22947342,135,48,48,48.0,0.0,48,48,48,48.0,0.0,48,48,64,64,8658.008658,8658.008658,45,86,61.4,22.45662486,504.3,0,0,0,76.75,90,-1,-1,1,32,0.0,0,0,0.0,0,0,Normal Traffic
80,181770,6,485,485,0,80.8333333333,198.000420875,276,0,74.0,134.9962962455,4296.6386092315,55.0145788634,20196.6666666667,38333.8778693208,87856,3,181770,36354.0,48489.0202726349,90853,3,91511,30503.6666666667,50288.7253003428,88547,4,204,136,33.008747318,22.0058315454,0,485,71.0,160.1093376415,25635.0,0,1,0,78.1,485,65535,118,1,32,0.0,0,0,0.0,0,0,Normal Traffic
53,4995587,4,260,82,48,65.0,19.62990915,210,113,161.5,56.00297611,181.3600684,1.601413407,713655.2857,1866828.248,4947027,1,4947239,1649079.667,2856284.572,4947233,3,4995379,1665126.333,2884079.08,4995374,1,104,104,0.800706704,0.800706704,48,210,109.7777778,61.29595781,3757.194444,0,0,0,123.5,260,-1,-1,3,20,0.0,0,0,0.0,0,0,Normal Traffic
123,173,2,96,48,48,48.0,0.0,48,48,48.0,0.0,1109826.58959538,23121.387283237,57.6666666667,59.0959671495,121,4,4,4.0,0.0,4,4,48,48.0,0.0,48,48,64,64,11560.6936416185,11560.6936416185,48,48,48.0,0.0,0.0,0,0,0,60.0,96,-1,-1,1,32,0.0,0,0,0.0,0,0,Normal Traffic
53,313,2,78,39,39,39.0,0.0,155,155,155.0,0.0,1239616.613,12779.55272,104.3333333,178.9785834,311,1,1,1.0,0.0,1,1,1,1.0,0.0,1,1,80,80,6389.776358,6389.776358,39,155,85.4,63.53581667,4036.8,0,0,0,106.75,78,-1,-1,1,40,0.0,0,0,0.0,0,0,Normal Traffic
80,99465733,6,343,325,0,57.16666667,131.2439205,5792,0,1656.428571,2120.732252,120.0212338,0.130698278,8288811.083,28700000.0,99400000,14,99500000,19900000.0,44500000.0,99400000,1002,99500000,16600000.0,40600000.0,99500000,47,164,232,0.060322282,0.070375996,0,5792,853.1428571,1666.575293,2777473.209,1,0,0,918.7692308,343,0,235,3,20,12001.0,12001,12001,99400000.0,99400000,99400000,DoS
53,30472,1,58,58,58,58.0,0.0,186,186,186.0,0.0,8007.351010764,65.6340246784,30472.0,0.0,30472,30472,0,0.0,0.0,0,0,0,0.0,0.0,0,0,40,32,32.8170123392,32.8170123392,58,186,100.6666666667,73.9008344563,5461.3333333333,0,0,0,151.0,58,-1,-1,0,40,0.0,0,0,0.0,0,0,Normal Traffic
9834,999479,2,0,0,0,0.0,0.0,0,0,0.0,0.0,0.0,2.001042543,999479.0,0.0,999479,999479,999479,999479.0,0.0,999479,999479,0,0.0,0.0,0,0,40,0,2.001042543,0.0,0,0,0.0,0.0,0.0,0,0,1,0.0,0,5692,-1,0,20,0.0,0,0,0.0,0,0,Normal Traffic
80,100459710,6,752,370,0,125.3333333,189.5369797,2907,0,1656.428571,1549.451931,122.9049935,0.129405112,8371642.5,28900000.0,100000000,28,100000000,20100000.0,44700000.0,100000000,1079,100000000,16700000.0,40800000.0,100000000,28,176,232,0.059725436,0.069679676,0,2907,882.3571429,1329.697687,1768095.94,1,0,0,950.2307692,752,0,235,3,20,12002.0,12002,12002,100000000.0,100000000,100000000,DoS
52278,4,2,37,37,0,18.5,26.1629509,0,0,0.0,0.0,9250000.0,500000.0,4.0,0.0,4,4,4,4.0,0.0,4,4,0,0.0,0.0,0,0,64,0,500000.0,0.0,0,37,24.66666667,21.36195996,456.3333333,0,0,1,37.0,37,972,-1,0,32,0.0,0,0,0.0,0,0,Normal Traffic
53,223,2,84,42,42,42.0,0.0,102,102,102.0,0.0,1291479.821,17937.21973,74.33333333,86.55826554,171,4,4,4.0,0.0,4,4,48,48.0,0.0,48,48,64,64,8968.609865,8968.609865,42,102,66.0,32.86335345,1080.0,0,0,0,82.5,84,-1,-1,1,32,0.0,0,0,0.0,0,0,Normal Traffic
53,159,2,122,61,61,61.0,0.0,109,109,109.0,0.0,2138364.78,25157.2327,53.0,52.67826876,108,3,3,3.0,0.0,3,3,48,48.0,0.0,48,48,64,64,12578.61635,12578.61635,61,109,80.2,26.29068276,691.2,0,0,0,100.25,122,-1,-1,1,32,0.0,0,0,0.0,0,0,Normal Traffic
443,218847,13,939,469,0,72.23076923,141.1524907,1812,0,561.7142857,769.2677718,22257.55893,91.38804736,11518.26316,21132.39793,52515,1,218847,18237.25,24890.6654,52596,1,167073,27845.5,29789.72041,58203,189,428,232,59.40223078,31.98581658,0,1812,231.952381,496.8083611,246818.5476,0,1,0,243.55,939,65535,79,6,32,0.0,0,0,0.0,0,0,Normal Traffic
53,60508,1,44,44,44,44.0,0.0,131,131,131.0,0.0,2892.179547,33.05348053,60508.0,0.0,60508,60508,0,0.0,0.0,0,0,0,0.0,0.0,0,0,32,20,16.52674027,16.52674027,44,131,73.0,50.22947342,2523.0,0,0,0,109.5,44,-1,-1,0,32,0.0,0,0,0.0,0,0,Normal Traffic
53,197,2,134,67,67,67.0,0.0,195,195,195.0,0.0,2659898.477,20304.56853,65.66666667,106.8097998,189,4,4,4.0,0.0,4,4,4,4.0,0.0,4,4,64,64,10152.28426,10152.28426,67,195,118.2,70.10848736,4915.2,0,0,0,147.75,134,-1,-1,1,32,0.0,0,0,0.0,0,0,Normal Traffic
80,74022195,8,56,20,0,7.0,5.656854249,5840,0,2320.2,2436.833027,157.4797937,0.175623001,6168516.25,19000000.0,66200000,1,73600000,10500000.0,24700000.0,66200000,1,398090,99522.5,189402.1139,383450,156,172,112,0.108075693,0.067547308,0,5840,833.0714286,1774.906302,3150292.379,0,0,1,897.1538462,56,256,229,6,20,1036.0,1036,1036,36800000.0,66200000,7452812,DDoS
53,140698,1,57,57,57,57.0,0.0,111,111,111.0,0.0,1194.0468236933,14.2148431392,140698.0,0.0,140698,140698,0,0.0,0.0,0,0,0,0.0,0.0,0,0,20,20,7.1074215696,7.1074215696,57,111,75.0,31.1769145362,972.0,0,0,0,112.5,57,-1,-1,0,20,0.0,0,0,0.0,0,0,Normal Traffic
53,203216,2,58,29,29,29.0,0.0,97,97,97.0,0.0,1240.059838,19.68348949,67738.66667,117281.7812,203164,3,49,49.0,0.0,49,49,3,3.0,0.0,3,3,40,40,9.841744745,9.841744745,29,97,56.2,37.24513391,1387.2,0,0,0,70.25,58,-1,-1,1,20,0.0,0,0,0.0,0,0,Normal Traffic
53,23893,2,92,46,46,46.0,0.0,131,131,131.0,0.0,14816.05491,167.4130498,7964.333333,13740.96493,23831,3,3,3.0,0.0,3,3,59,59.0,0.0,59,59,64,40,83.70652492,83.70652492,46,131,80.0,46.55641739,2167.5,0,0,0,100.0,92,-1,-1,1,32,0.0,0,0,0.0,0,0,Normal Traffic
44380,60,1,6,6,6,6.0,0.0,6,6,6.0,0.0,200000.0,33333.33333,60.0,0.0,60,60,0,0.0,0.0,0,0,0,0.0,0.0,0,0,20,20,16666.66667,16666.66667,6,6,6.0,0.0,0.0,0,0,1,9.0,6,11256,35000,0,20,0.0,0,0,0.0,0,0,Normal Traffic
53,53776586,2,116,60,56,58.0,2.8284271247,115,104,109.5,7.7781745931,6.2294768954,0.0743818137,17925528.6666667,30994813.9320307,53715257,30439,53745696,53745696.0,0.0,53745696,53745696,53746147,53746147.0,0.0,53746147,53746147,52,52,0.0371909068,0.0371909068,56,115,78.2,28.8825206656,834.2,0,0,0,97.75,116,-1,-1,1,20,30439.0,30439,30439,53715257.0,53715257,53715257,Normal Traffic
443,3279,1,0,0,0,0.0,0.0,0,0,0.0,0.0,0.0,609.9420555,3279.0,0.0,3279,3279,0,0.0,0.0,0,0,0,0.0,0.0,0,0,20,20,304.9710278,304.9710278,0,0,0.0,0.0,0.0,1,0,0,0.0,0,0,0,0,20,0.0,0,0,0.0,0,0,Normal Traffic
53,61675,1,44,44,44,44.0,0.0,100,100,100.0,0.0,2334.819619,32.42805026,61675.0,0.0,61675,61675,0,0.0,0.0,0,0,0,0.0,0.0,0,0,32,32,16.21402513,16.21402513,44,100,62.66666667,32.33161507,1045.333333,0,0,0,94.0,44,-1,-1,0,32,0.0,0,0,0.0,0,0,Normal Traffic
53,23792,2,62,31,31,31.0,0.0,93,93,93.0,0.0,10423.67182,168.1237391,7930.666667,13691.3036,23740,3,49,49.0,0.0,49,49,3,3.0,0.0,3,3,64,40,84.06186954,84.06186954,31,93,55.8,33.95879857,1153.2,0,0,0,69.75,62,-1,-1,1,32,0.0,0,0,0.0,0,0,Normal Traffic
9535,48,1,2,2,2,2.0,0.0,6,6,6.0,0.0,166666.6667,41666.66667,48.0,0.0,48,48,0,0.0,0.0,0,0,0,0.0,0.0,0,0,24,20,20833.33333,20833.33333,2,6,3.333333333,2.309401077,5.333333333,0,1,0,5.0,2,1024,0,0,24,0.0,0,0,0.0,0,0,Port Scanning
80,3861745,5,30,6,6,6.0,0.0,0,0,0.0,0.0,7.768508796,1.294751466,965436.25,1928205.893,3857745,994,3861745,965436.25,1928205.893,3857745,994,0,0.0,0.0,0,0,100,0,1.294751466,0.0,6,6,6.0,0.0,0.0,0,0,1,7.2,30,256,-1,4,20,0.0,0,0,0.0,0,0,DDoS
443,61076229,14,1833,761,0,130.9285714,269.6606027,802,0,127.7857143,286.2944097,59.30294092,0.458443497,2262082.556,4213731.439,10000000,4,61100000,4698171.462,5147869.564,10100000,46612,61000000,4694162.154,5164943.063,10100000,4,292,364,0.229221748,0.229221748,0,802,124.8965517,269.0646955,72395.81034,0,1,0,129.3571429,1833,8192,86,13,20,112607.5,420675,50739,9996927.833,10000000,9967378,Normal Traffic
53,49383,4,140,35,35,35.0,0.0,100,100,100.0,0.0,6884.960411,121.4993014,9876.6,14344.99105,31469,3,17911,5970.333333,10334.85851,17904,3,3,3.0,0.0,3,3,128,64,80.99953425,40.49976713,35,100,53.57142857,31.71675237,1005.952381,0,0,0,62.5,140,-1,-1,3,32,0.0,0,0,0.0,0,0,Normal Traffic
137,243,2,100,50,50,50.0,0.0,229,229,229.0,0.0,2296296.296,16460.90535,81.0,135.099963,237,3,3,3.0,0.0,3,3,3,3.0,0.0,3,3,64,64,8230.452675,8230.452675,50,229,121.6,98.04233779,9612.3,0,0,0,152.0,100,-1,-1,1,32,0.0,0,0,0.0,0,0,Normal Traffic
12790,32,1,0,0,0,0.0,0.0,0,0,0.0,0.0,0.0,62500.0,32.0,0.0,32,32,0,0.0,0.0,0,0,0,0.0,0.0,0,0,20,20,31250.0,31250.0,0,0,0.0,0.0,0.0,0,0,1,0.0,0,335,258,0,20,0.0,0,0,0.0,0,0,Normal Traffic
53,49996,4,168,42,42,42.0,0.0,102,102,102.0,0.0,7440.595248,120.0096008,9999.2,14553.93556,31989,3,31995,10665.0,18467.12571,31989,3,4,4.0,0.0,4,4,80,40,80.00640051,40.00320026,42,102,59.14285714,29.27700219,857.1428571,0,0,0,69.0,168,-1,-1,3,20,0.0,0,0,0.0,0,0,Normal Traffic
52017,1992,2,280,274,6,140.0,189.5046174,6,6,6.0,0.0,143574.2972,1506.024096,996.0,1248.750576,1879,113,1992,1992.0,0.0,1992,1992,0,0.0,0.0,0,0,40,20,1004.016064,502.0080321,6,274,140.0,154.7298721,23941.33333,0,0,1,186.6666667,280,60,0,1,20,0.0,0,0,0.0,0,0,Normal Traffic
57197,13618,2,12,6,6,6.0,0.0,0,0,0.0,0.0,881.1866647,146.8644441,13618.0,0.0,13618,13618,13618,13618.0,0.0,13618,13618,0,0.0,0.0,0,0,40,0,146.8644441,0.0,6,6,6.0,0.0,0.0,0,0,1,9.0,12,123,-1,1,20,0.0,0,0,0.0,0,0,Normal Traffic
58191,53,1,6,6,6,6.0,0.0,6,6,6.0,0.0,226415.0943,37735.84906,53.0,0.0,53,53,0,0.0,0.0,0,0,0,0.0,0.0,0,0,20,20,18867.92453,18867.92453,6,6,6.0,0.0,0.0,0,0,1,9.0,6,31365,63292,0,20,0.0,0,0,0.0,0,0,Normal Traffic
53,938,2,72,36,36,36.0,0.0,77,77,77.0,0.0,240938.1663,4264.392324,312.6666667,499.6722259,889,1,48,48.0,0.0,48,48,1,1.0,0.0,1,1,40,40,2132.196162,2132.196162,36,77,52.4,22.45662486,504.3,0,0,0,65.5,72,-1,-1,1,20,0.0,0,0,0.0,0,0,Normal Traffic
53,60837,2,66,33,33,33.0,0.0,86,86,86.0,0.0,3912.0929697388,65.7494616763,20279.0,35042.8519387335,60743,47,47,47.0,0.0,47,47,47,47.0,0.0,47,47,40,64,32.8747308381,32.8747308381,33,86,54.2,29.0292955478,842.7,0,0,0,67.75,66,-1,-1,1,20,0.0,0,0,0.0,0,0,Normal Traffic
21,9033292,9,105,23,0,11.66666667,9.354143467,34,0,12.53333333,14.54975045,32.43557277,2.656838725,392751.8261,1020866.395,3210094,3,5943058,742882.25,1377557.522,3254567,220,9033192,645228.0,1260257.883,3210094,3,296,488,0.996314522,1.660524203,0,34,11.72,12.60132268,158.7933333,0,1,0,12.20833333,105,29200,227,6,32,0.0,0,0,0.0,0,0,Brute Force
123,120965,1,48,48,48,48.0,0.0,48,48,48.0,0.0,793.6179887,16.5337081,120965.0,0.0,120965,120965,0,0.0,0.0,0,0,0,0.0,0.0,0,0,32,32,8.266854049,8.266854049,48,48,48.0,0.0,0.0,0,0,0,72.0,48,-1,-1,0,32,0.0,0,0,0.0,0,0,Normal Traffic
443,202020,25,897,290,0,35.88,76.40098167,1904,0,1038.818182,672.4271344,117567.5676,232.6502327,4391.73913,8628.59332,32858,8,202020,8417.5,12147.25355,32858,26,170233,8106.333333,16139.57402,56203,191,808,712,123.7501238,108.9001089,0,1904,494.8125,678.8046019,460775.6875,0,1,0,505.3404255,897,29200,335,7,32,0.0,0,0,0.0,0,0,Normal Traffic
80,1746380,3,26,20,0,8.666666667,10.26320288,8675,0,2900.25,4088.041942,6657.772077,4.008291437,291063.3333,706294.1374,1732741,37,13423,6711.5,9149.254642,13181,242,1746343,582114.3333,996494.0529,1732741,160,72,92,1.717839187,2.29045225,0,8675,1453.375,3091.095642,9554872.268,0,1,0,1661.0,26,8192,229,2,20,0.0,0,0,0.0,0,0,DDoS
53,258892,1,44,44,44,44.0,0.0,212,212,212.0,0.0,988.8293188,7.725229053,258892.0,0.0,258892,258892,0,0.0,0.0,0,0,0,0.0,0.0,0,0,32,32,3.862614527,3.862614527,44,212,100.0,96.99484522,9408.0,0,0,0,150.0,44,-1,-1,0,32,0.0,0,0,0.0,0,0,Normal Traffic
53,61232940,2,113,59,54,56.5,3.5355339059,206,154,180.0,36.7695526217,7.7246005173,0.0653243173,20410980.0,35197490.9120928,61053539,76857,61130396,61130396.0,0.0,61130396,61130396,61156083,61156083.0,0.0,61156083,61156083,40,52,0.0326621586,0.0326621586,54,206,105.4,70.5676979928,4979.8,0,0,0,131.75,113,-1,-1,1,20,76857.0,76857,76857,61053539.0,61053539,61053539,Normal Traffic
80,116023514,21,770,431,0,36.6666666667,116.7151803894,2836,0,579.1,877.8597118471,106.4611782057,0.353376644,2900587.85,4570086.49611235,10203365,1,116023514,5801175.7,5056182.09425931,10240015,231,112883321,5941227.42105263,5158867.70562021,10240263,42,680,648,0.1809977933,0.1723788507,0,2836,294.0952380952,662.9069319781,439445.600464576,0,1,0,301.2682926829,770,29200,349,2,32,76192.2727272727,470588,36641,10185931.8181818,10203365,10012707,Normal Traffic
80,100794828,9,770,382,0,85.55555556,168.0796769,10136,0,2319.0,4414.366206,122.6749452,0.138896016,7753448.308,27600000.0,99500000,1,101000000,12600000.0,35100000.0,99500000,1,270570,67642.5,106452.9727,223970,189,292,168,0.089290296,0.04960572,0,10136,824.3333333,2604.039765,6781023.095,0,0,1,883.2142857,770,251,235,3,20,5.0,5,5,99500000.0,99500000,99500000,DoS
80,100014,1,0,0,0,0.0,0.0,0,0,0.0,0.0,0.0,19.99720039,100014.0,0.0,100014,100014,0,0.0,0.0,0,0,0,0.0,0.0,0,0,20,20,9.998600196,9.998600196,0,0,0.0,0.0,0.0,0,0,1,0.0,0,16209,118,0,20,0.0,0,0,0.0,0,0,Normal Traffic
443,2818830,2,12,6,6,6.0,0.0,0,0,0.0,0.0,4.257085386,0.709514231,2818830.0,0.0,2818830,2818830,2818830,2818830.0,0.0,2818830,2818830,0,0.0,0.0,0,0,40,0,0.709514231,0.0,6,6,6.0,0.0,0.0,0,0,1,9.0,12,254,-1,1,20,0.0,0,0,0.0,0,0,Normal Traffic
80,1385656,3,26,20,0,8.666666667,10.26320288,4380,0,1933.5,1973.024455,8390.971497,6.495118558,173207.0,482909.3283,1368262,19,17078,8539.0,11506.04154,16675,403,1385538,277107.6,610017.6473,1368262,50,72,132,2.165039519,4.330079038,0,4380,1162.7,1775.649618,3152931.567,0,1,0,1291.888889,26,8192,229,2,20,0.0,0,0,0.0,0,0,DDoS
53,297,2,70,35,35,35.0,0.0,102,102,102.0,0.0,922558.9226,13468.01347,99.0,128.3393938,245,4,4,4.0,0.0,4,4,48,48.0,0.0,48,48,64,80,6734.006734,6734.006734,35,102,61.8,36.69741135,1346.7,0,0,0,77.25,70,-1,-1,1,32,0.0,0,0,0.0,0,0,Normal Traffic
443,258560,13,1061,462,0,81.61538462,131.0130645,1884,0,469.0,688.36288,25870.20421,96.68935644,10773.33333,18803.62591,53630,1,258560,21546.66667,24977.07269,56845,3,197058,17914.36364,27653.56786,66753,1,272,252,50.27846535,46.41089109,0,1884,257.2692308,506.8926165,256940.1246,0,1,0,267.56,1061,8192,360,12,20,0.0,0,0,0.0,0,0,Normal Traffic
53,24931,2,88,44,44,44.0,0.0,109,109,109.0,0.0,12273.8759,160.4428222,8310.333333,14387.85739,24924,3,4,4.0,0.0,4,4,3,3.0,0.0,3,3,40,40,80.22141109,80.22141109,44,109,70.0,35.60196624,1267.5,0,0,0,87.5,88,-1,-1,1,20,0.0,0,0,0.0,0,0,Normal Traffic
53,749,2,78,39,39,39.0,0.0,67,67,67.0,0.0,283044.0587,5340.453939,249.6666667,426.373467,742,3,4,4.0,0.0,4,4,3,3.0,0.0,3,3,64,64,2670.226969,2670.226969,39,67,50.2,15.33623161,235.2,0,0,0,62.75,78,-1,-1,1,32,0.0,0,0,0.0,0,0,Normal Traffic
53,61973,2,78,39,39,39.0,0.0,127,127,127.0,0.0,5357.171672,64.54423701,20657.66667,35696.12377,61876,48,48,48.0,0.0,48,48,49,49.0,0.0,49,49,64,64,32.2721185,32.2721185,39,127,74.2,48.19958506,2323.2,0,0,0,92.75,78,-1,-1,1,32,0.0,0,0,0.0,0,0,Normal Traffic
80,148965,2,12,6,6,6.0,0.0,0,0,0.0,0.0,80.55583526,13.42597254,148965.0,0.0,148965,148965,148965,148965.0,0.0,148965,148965,0,0.0,0.0,0,0,40,0,13.42597254,0.0,6,6,6.0,0.0,0.0,0,0,1,9.0,12,251,-1,1,20,0.0,0,0,0.0,0,0,Normal Traffic
53,156,2,112,56,56,56.0,0.0,72,72,72.0,0.0,1641025.641,25641.02564,52.0,83.13843876,148,4,4,4.0,0.0,4,4,4,4.0,0.0,4,4,40,40,12820.51282,12820.51282,56,72,62.4,8.76356092,76.8,0,0,0,78.0,112,-1,-1,1,20,0.0,0,0,0.0,0,0,Normal Traffic
61693,47,1,0,0,0,0.0,0.0,0,0,0.0,0.0,0.0,42553.19149,47.0,0.0,47,47,0,0.0,0.0,0,0,0,0.0,0.0,0,0,32,32,21276.59574,21276.59574,0,0,0.0,0.0,0.0,0,0,1,0.0,0,122,33304,0,32,0.0,0,0,0.0,0,0,Normal Traffic
53,349,2,82,41,41,41.0,0.0,127,127,127.0,0.0,962750.7163,11461.31805,116.3333333,117.4918437,252,48,48,48.0,0.0,48,48,49,49.0,0.0,49,49,80,80,5730.659026,5730.659026,41,127,75.4,47.10413995,2218.8,0,0,0,94.25,82,-1,-1,1,40,0.0,0,0,0.0,0,0,Normal Traffic
53,30472,1,45,45,45,45.0,0.0,118,118,118.0,0.0,5349.173011,65.63402468,30472.0,0.0,30472,30472,0,0.0,0.0,0,0,0,0.0,0.0,0,0,20,20,32.81701234,32.81701234,45,118,69.33333333,42.14656965,1776.333333,0,0,0,104.0,45,-1,-1,0,20,0.0,0,0,0.0,0,0,Normal Traffic
80,20053133,5,734,716,0,146.8,318.2030798091,392,0,82.0,173.3147425928,57.0484422559,0.4986751945,2228125.88888889,4382845.63719958,9966685,93,10063333,2515833.25,4956715.9249695,9950698,805,20029882,5007470.5,5759763.96856668,10024374,14484,112,108,0.2493375973,0.2493375973,0,716,104.0,234.0,54756.0,0,1,0,114.4,734,8192,5096,4,20,67875.0,112635,23115,9958691.5,9966685,9950698,Normal Traffic
80,96,2,0,0,0,0.0,0.0,0,0,0.0,0.0,0.0,20833.33333,96.0,0.0,96,96,96,96.0,0.0,96,96,0,0.0,0.0,0,0,40,0,20833.33333,0.0,0,0,0.0,0.0,0.0,0,0,1,0.0,0,16425,-1,0,20,0.0,0,0,0.0,0,0,Normal Traffic
53,37453,4,124,31,31,31.0,0.0,112,112,112.0,0.0,15272.47484,213.6010466,5350.428571,9524.808377,23718,1,37221,12407.0,21486.09029,37217,1,13732,4577.333333,7883.174128,13680,3,80,80,106.8005233,106.8005233,31,112,67.0,42.69074841,1822.5,0,0,0,75.375,124,-1,-1,3,20,0.0,0,0,0.0,0,0,Normal Traffic
443,60311538,10,3183,997,0,318.3,424.8762042,1460,0,558.375,598.9724386,126.8414014,0.298450356,3547737.529,14500000.0,60000000,1,60300000,6701282.0,20000000.0,60000000,267,269424,38489.14286,26229.28197,55606,49,212,172,0.165805753,0.132644603,0,1460,402.6315789,503.5061746,253518.4678,0,1,0,425.0,3183,8192,509,9,20,0.0,0,0,0.0,0,0,Normal Traffic
51255,217,3,83,46,6,27.66666667,20.20725942,6,6,6.0,0.0,410138.2488,18433.17972,72.33333333,104.887241,193,3,217,108.5,149.1995308,214,3,0,0.0,0.0,0,0,60,20,13824.88479,4608.294931,6,46,27.0,20.1246118,405.0,0,0,1,33.75,83,123,0,2,20,0.0,0,0,0.0,0,0,Normal Traffic
53,93695512,2,87,45,42,43.5,2.1213203436,106,102,104.0,2.8284271247,3.1484965897,0.0426914792,31231837.3333333,54074375.9928452,93671547,512,93695000,93695000.0,0.0,93695000,93695000,93672059,93672059.0,0.0,93672059,93672059,40,52,0.0213457396,0.0213457396,42,106,67.4,33.4634128564,1119.8,0,0,0,84.25,87,-1,-1,1,20,23453.0,23453,23453,93671547.0,93671547,93671547,Normal Traffic
80,99075816,9,399,393,0,44.33333333,130.7650565,10136,0,2319.0,4414.366206,121.0588061,0.141305927,7621216.615,27400000.0,99000000,1,99000000,12400000.0,35000000.0,99000000,1,99576,24894.0,41915.53216,87210,173,284,168,0.090839524,0.050466402,0,10136,799.6,2610.410526,6814243.114,0,0,1,856.7142857,399,251,235,2,20,1977.0,1977,1977,99000000.0,99000000,99000000,DoS
36090,12833,2,0,0,0,0.0,0.0,6,6,6.0,0.0,935.0892231,311.6964077,4277.666667,7038.328661,12404,114,12833,12833.0,0.0,12833,12833,315,315.0,0.0,315,315,64,40,155.8482038,155.8482038,0,6,2.4,3.286335345,10.8,0,0,1,3.0,0,235,0,0,32,0.0,0,0,0.0,0,0,Normal Traffic
1002,43,1,2,2,2,2.0,0.0,6,6,6.0,0.0,186046.5116,46511.62791,43.0,0.0,43,43,0,0.0,0.0,0,0,0,0.0,0.0,0,0,24,20,23255.81395,23255.81395,2,6,3.333333333,2.309401077,5.333333333,0,1,0,5.0,2,1024,0,0,24,0.0,0,0,0.0,0,0,Port Scanning
62873,45,1,0,0,0,0.0,0.0,0,0,0.0,0.0,0.0,44444.4444444444,45.0,0.0,45,45,0,0.0,0.0,0,0,0,0.0,0.0,0,0,32,32,22222.2222222222,22222.2222222222,0,0,0.0,0.0,0.0,0,0,1,0.0,0,62,33304,0,32,0.0,0,0,0.0,0,0,Normal Traffic
53,2696618,4,152,46,30,38.0,9.237604307,308,96,202.0,122.3982570682,356.0014803728,2.9666790031,385231.142857143,987186.466394002,2623610,3,2665320,888440.0,1538778.18632739,2665268,3,2654960,884986.666666667,1532836.67453527,2654954,3,80,80,1.4833395016,1.4833395016,30,308,111.7777777778,113.9405302974,12982.4444444444,0,0,0,125.75,152,-1,-1,3,20,0.0,0,0,0.0,0,0,Normal Traffic
443,64025963,2,12,6,6,6.0,0.0,0,0,0.0,0.0,0.187423967,0.031237328,64000000.0,0.0,64000000,64000000,64000000,64000000.0,0.0,64000000,64000000,0,0.0,0.0,0,0,40,0,0.031237328,0.0,6,6,6.0,0.0,0.0,0,0,1,9.0,12,65535,-1,1,20,0.0,0,0,0.0,0,0,Normal Traffic
53,31180,1,70,70,70,70.0,0.0,102,102,102.0,0.0,5516.356639,64.14368185,31180.0,0.0,31180,31180,0,0.0,0.0,0,0,0,0.0,0.0,0,0,32,32,32.07184092,32.07184092,70,102,80.66666667,18.47520861,341.3333333,0,0,0,121.0,70,-1,-1,0,32,0.0,0,0,0.0,0,0,Normal Traffic
53,61060,1,64,64,64,64.0,0.0,192,192,192.0,0.0,4192.597445,32.75466754,61060.0,0.0,61060,61060,0,0.0,0.0,0,0,0,0.0,0.0,0,0,40,32,16.37733377,16.37733377,64,192,106.6666667,73.90083446,5461.333333,0,0,0,160.0,64,-1,-1,0,40,0.0,0,0,0.0,0,0,Normal Traffic
80,13939,3,18,6,6,6.0,0.0,0,0,0.0,0.0,1291.340842,286.9646316,4646.333333,7244.558671,13002,121,13939,6969.5,8531.243315,13002,937,0,0.0,0.0,0,0,60,32,215.2234737,71.7411579,0,6,4.8,2.683281573,7.2,1,0,0,6.0,18,0,235,2,20,0.0,0,0,0.0,0,0,DoS
443,3863283,5,135,46,6,27.0,20.1246118,46,46,46.0,0.0,46.85134379,1.55308322,772656.6,1675356.453,3769310,49,3863283,965820.75,1869508.954,3769310,49,0,0.0,0.0,0,0,100,20,1.294236016,0.258847203,6,46,32.42857143,18.86670032,355.952381,0,0,1,37.83333333,135,255,360,4,20,0.0,0,0,0.0,0,0,Normal Traffic
80,868211,3,26,20,0,8.666666667,10.26320288,5840,0,2321.4,3173.373883,13398.81665,9.214349968,124030.1429,327626.4661,867017,60,880,440.0,339.411255,680,200,868151,217037.75,433319.6541,867017,94,72,112,3.455381238,5.75896873,0,5840,1292.555556,2554.159212,6523729.278,0,1,0,1454.125,26,8192,229,2,20,0.0,0,0,0.0,0,0,DDoS
55419,5415043,1,6,6,6,6.0,0.0,6,6,6.0,0.0,7.756171096,1.292695183,902507.1667,2200068.258,5393357,1,0,0.0,0.0,0,0,5411838,1082367.6,2409927.822,5393357,1,20,120,0.18467074,1.108024442,6,6,6.0,0.0,0.0,0,0,1,6.857142857,6,229,0,0,20,21686.0,21686,21686,5393357.0,5393357,5393357,Normal Traffic
45676,247,2,37,31,6,18.5,17.67766953,6,6,6.0,0.0,174089.0688,12145.74899,123.5,96.87362902,192,55,247,247.0,0.0,247,247,0,0.0,0.0,0,0,40,20,8097.165992,4048.582996,6,31,18.5,14.43375673,208.3333333,0,0,1,24.66666667,37,62,0,1,20,0.0,0,0,0.0,0,0,Normal Traffic
80,168,2,12,6,6,6.0,0.0,0,0,0.0,0.0,71428.57143,11904.7619,168.0,0.0,168,168,168,168.0,0.0,168,168,0,0.0,0.0,0,0,40,0,11904.7619,0.0,6,6,6.0,0.0,0.0,0,0,1,9.0,12,16294,-1,1,20,0.0,0,0,0.0,0,0,Normal Traffic
443,5376770,8,350,193,0,43.75,74.42493822,1689,0,811.1666667,804.3055182,970.285134,2.603793727,413597.6923,1413464.116,5115920,48,5376770,768110.0,1918263.81,5115920,48,78679,15735.8,20615.73475,43198,50,172,132,1.48788213,1.115911597,0,1689,347.8,622.3284847,387292.7429,0,1,0,372.6428571,350,8192,55,3,20,260802.0,260802,260802,5115920.0,5115920,5115920,Normal Traffic
53,280,2,68,34,34,34.0,0.0,139,139,139.0,0.0,1235714.28571429,14285.7142857143,93.3333333333,120.7656132073,230,1,1,1.0,0.0,1,1,49,49.0,0.0,49,49,64,64,7142.8571428572,7142.8571428572,34,139,76.0,57.510868538,3307.5,0,0,0,95.0,68,-1,-1,1,32,0.0,0,0,0.0,0,0,Normal Traffic
53,417706,2,64,32,32,32.0,0.0,166,166,166.0,0.0,948.0352209,9.576113343,139235.3333,241156.6094,417699,3,3,3.0,0.0,3,3,4,4.0,0.0,4,4,40,40,4.788056671,4.788056671,32,166,85.6,73.39482271,5386.8,0,0,0,107.0,64,-1,-1,1,20,0.0,0,0,0.0,0,0,Normal Traffic
64448,47,1,6,6,6,6.0,0.0,6,6,6.0,0.0,255319.14893617,42553.1914893617,47.0,0.0,47,47,0,0.0,0.0,0,0,0,0.0,0.0,0,0,20,20,21276.5957446809,21276.5957446809,6,6,6.0,0.0,0.0,0,0,1,9.0,6,513,256,0,20,0.0,0,0,0.0,0,0,Normal Traffic
53,71992,2,56,28,28,28.0,0.0,111,111,111.0,0.0,3861.540171,55.56172908,23997.33333,41558.5384,71985,3,3,3.0,0.0,3,3,4,4.0,0.0,4,4,64,64,27.78086454,27.78086454,28,111,61.2,45.46097227,2066.7,0,0,0,76.5,56,-1,-1,1,32,0.0,0,0,0.0,0,0,Normal Traffic
50948,3,4,12,6,0,3.0,3.464101615,0,0,0.0,0.0,4000000.0,1333333.333,1.0,0.0,1,1,3,1.0,0.0,1,1,0,0.0,0.0,0,0,104,0,1333333.333,0.0,0,6,2.4,3.286335345,10.8,0,0,1,3.0,12,260,-1,2,20,0.0,0,0,0.0,0,0,Normal Traffic
53,48266,2,82,41,41,41.0,0.0,103,103,103.0,0.0,5966.933245,82.87407285,16088.66667,27821.36347,48214,4,48,48.0,0.0,48,48,4,4.0,0.0,4,4,64,64,41.43703642,41.43703642,41,103,65.8,33.95879857,1153.2,0,0,0,82.25,82,-1,-1,1,32,0.0,0,0,0.0,0,0,Normal Traffic
80,98824640,6,389,371,0,64.83333333,150.019221,5792,0,1656.428571,2120.732252,121.2653039,0.131546141,8235386.667,28500000.0,98800000,1,98800000,19800000.0,44200000.0,98800000,1,98800000,16500000.0,40300000.0,98800000,46,164,232,0.060713603,0.070832537,0,5792,856.4285714,1665.498942,2773886.725,1,0,0,922.3076923,389,0,235,3,20,14007.0,14007,14007,98800000.0,98800000,98800000,DoS
50625,182,1,0,0,0,0.0,0.0,0,0,0.0,0.0,0.0,10989.01099,182.0,0.0,182,182,0,0.0,0.0,0,0,0,0.0,0.0,0,0,32,32,5494.505495,5494.505495,0,0,0.0,0.0,0.0,0,0,1,0.0,0,349,32832,0,32,0.0,0,0,0.0,0,0,Normal Traffic
53,30857,1,78,78,78,78.0,0.0,160,160,160.0,0.0,7712.998671,64.81511488,30857.0,0.0,30857,30857,0,0.0,0.0,0,0,0,0.0,0.0,0,0,32,20,32.40755744,32.40755744,78,160,105.3333333,47.34272207,2241.333333,0,0,0,158.0,78,-1,-1,0,32,0.0,0,0,0.0,0,0,Normal Traffic
53,60981,1,58,58,58,58.0,0.0,282,282,282.0,0.0,5575.5071251701,32.7971007363,60981.0,0.0,60981,60981,0,0.0,0.0,0,0,0,0.0,0.0,0,0,32,32,16.3985503681,16.3985503681,58,282,132.6666666667,129.3264602985,16725.3333333333,0,0,0,199.0,58,-1,-1,0,32,0.0,0,0,0.0,0,0,Normal Traffic
80,107993,3,436,430,0,145.3333333,246.5468177,1460,0,705.75,812.5582543,30177.8819,64.81901605,17998.83333,27692.78987,55024,51,52702,26351.0,37070.78011,52564,138,55548,18516.0,31839.53085,55281,51,72,92,27.77957831,37.03943774,0,1460,407.375,635.8780066,404340.8393,0,1,0,465.5714286,436,8192,31,2,20,0.0,0,0,0.0,0,0,Normal Traffic
53,48584,4,188,47,47,47.0,0.0,132,132,132.0,0.0,9303.474395,123.4974477,9716.8,14304.61393,31733,3,31740,10580.0,18319.03537,31733,3,4,4.0,0.0,4,4,80,40,82.33163181,41.16581591,47,132,71.28571429,41.4757531,1720.238095,0,0,0,83.16666667,188,-1,-1,3,20,0.0,0,0,0.0,0,0,Normal Traffic
53,51610,1,101,101,101,101.0,0.0,117,117,117.0,0.0,4223.987599,38.75217981,51610.0,0.0,51610,51610,0,0.0,0.0,0,0,0,0.0,0.0,0,0,20,40,19.37608991,19.37608991,101,117,106.3333333,9.237604307,85.33333333,0,0,0,159.5,101,-1,-1,0,20,0.0,0,0,0.0,0,0,Normal Traffic
80,41889113,8,432,432,0,54.0,152.7350647,1448,0,218.1111111,491.6524292,57.17476042,0.405833373,2618069.562,4520976.852,10200000,18,41000000,5850220.857,5448837.015,10200000,296,41900000,5231497.75,5349778.382,10200000,89,264,296,0.190980411,0.214852962,0,1448,133.0555556,362.1735808,131169.7026,0,1,0,140.8823529,432,29200,939,1,32,46746.5,75832,37033,10200000.0,10200000,10200000,Normal Traffic
80,21586,2,12,6,6,6.0,0.0,0,0,0.0,0.0,555.9158714,92.65264523,21586.0,0.0,21586,21586,21586,21586.0,0.0,21586,21586,0,0.0,0.0,0,0,40,0,92.65264523,0.0,6,6,6.0,0.0,0.0,0,0,1,9.0,12,256,-1,1,20,0.0,0,0,0.0,0,0,Normal Traffic
80,99504695,8,410,404,0,51.25,142.5479869,5792,0,1932.5,2181.008184,120.6475735,0.140696879,7654207.308,27500000.0,99300000,0,99300000,14200000.0,37500000.0,99300000,0,181406,36281.2,74961.09398,170109,46,252,200,0.080398216,0.060298662,0,5792,800.3333333,1620.109594,2624755.095,0,0,1,857.5,410,274,235,2,20,1012.0,1012,1012,99300000.0,99300000,99300000,DoS
5850,17,1,0,0,0,0.0,0.0,6,6,6.0,0.0,352941.1765,117647.0588,17.0,0.0,17,17,0,0.0,0.0,0,0,0,0.0,0.0,0,0,40,20,58823.52941,58823.52941,0,6,2.0,3.464101615,12.0,0,1,0,3.0,0,29200,0,0,40,0.0,0,0,0.0,0,0,Port Scanning
51460,29,1,0,0,0,0.0,0.0,0,0,0.0,0.0,0.0,68965.51724,29.0,0.0,29,29,0,0.0,0.0,0,0,0,0.0,0.0,0,0,32,32,34482.75862,34482.75862,0,0,0.0,0.0,0.0,0,0,1,0.0,0,230,303,0,32,0.0,0,0,0.0,0,0,Normal Traffic
80,76114,5,30,6,6,6.0,0.0,0,0,0.0,0.0,394.1456237,65.69093728,19028.5,37396.59059,75119,1,76114,19028.5,37396.59059,75119,1,0,0.0,0.0,0,0,100,0,65.69093728,0.0,6,6,6.0,0.0,0.0,0,0,1,7.2,30,256,-1,4,20,0.0,0,0,0.0,0,0,DDoS
443,115921470,26,722,349,0,27.76923077,80.33843797,2896,0,548.3043478,791.3779947,115.0175201,0.422699954,2415030.625,4247346.525,10000000,28,116000000,4636858.8,4980568.613,10000000,49,111000000,5048429.273,5113473.796,10000000,94,840,744,0.224289771,0.198410182,0,2896,266.66,594.5129239,353445.6167,0,1,0,272.1020408,722,29200,290,4,32,77495.81818,613340,23486,10000000.0,10000000,9996522,Normal Traffic
53,24072,1,45,45,45,45.0,0.0,252,252,252.0,0.0,12337.98604,83.08408109,24072.0,0.0,24072,24072,0,0.0,0.0,0,0,0,0.0,0.0,0,0,32,40,41.54204055,41.54204055,45,252,114.0,119.5115057,14283.0,0,0,0,171.0,45,-1,-1,0,32,0.0,0,0,0.0,0,0,Normal Traffic
53999,4,2,37,31,6,18.5,17.67766953,0,0,0.0,0.0,9250000.0,500000.0,4.0,0.0,4,4,4,4.0,0.0,4,4,0,0.0,0.0,0,0,40,0,500000.0,0.0,6,31,22.66666667,14.43375673,208.3333333,0,0,1,34.0,37,110,-1,1,20,0.0,0,0,0.0,0,0,Normal Traffic
443,246,3,18,6,6,6.0,0.0,0,0,0.0,0.0,73170.7317073171,16260.162601626,82.0,116.6661904752,216,3,246,123.0,169.7056274848,243,3,0,0.0,0.0,0,0,60,32,12195.1219512195,4065.0406504065,0,6,4.8,2.683281573,7.2,1,0,0,6.0,18,0,1006,2,20,0.0,0,0,0.0,0,0,Normal Traffic
51387,174,2,12,6,6,6.0,0.0,0,0,0.0,0.0,68965.51724,11494.25287,174.0,0.0,174,174,174,174.0,0.0,174,174,0,0.0,0.0,0,0,40,0,11494.25287,0.0,6,6,6.0,0.0,0.0,0,0,1,9.0,12,123,-1,1,20,0.0,0,0,0.0,0,0,Normal Traffic
53,211,2,60,30,30,30.0,0.0,132,132,132.0,0.0,1535545.024,18957.34597,70.33333333,117.4918437,206,2,3,3.0,0.0,3,3,2,2.0,0.0,2,2,40,40,9478.672986,9478.672986,30,132,70.8,55.86770087,3121.2,0,0,0,88.5,60,-1,-1,1,20,0.0,0,0,0.0,0,0,Normal Traffic
80,3348043,4,24,6,6,6.0,0.0,0,0,0.0,0.0,7.168366715,1.194727786,1116014.333,1932990.063,3348039,1,3348043,1116014.333,1932990.063,3348039,1,0,0.0,0.0,0,0,80,0,1.194727786,0.0,6,6,6.0,0.0,0.0,0,0,1,7.5,24,256,-1,3,20,0.0,0,0,0.0,0,0,DDoS
53,11950238,2,111,56,55,55.5,0.707106781,122,107,114.5,10.60660172,28.4513162,0.334721367,3983412.667,6846151.95,11900000,30463,11900000,11900000.0,0.0,11900000,11900000,11900000,11900000.0,0.0,11900000,11900000,40,40,0.167360684,0.167360684,55,122,79.2,32.66037354,1066.7,0,0,0,99.0,111,-1,-1,1,20,31107.0,31107,31107,11900000.0,11900000,11900000,Normal Traffic
53,31369,1,49,49,49,49.0,0.0,155,155,155.0,0.0,6503.235679,63.75721253,31369.0,0.0,31369,31369,0,0.0,0.0,0,0,0,0.0,0.0,0,0,32,32,31.87860627,31.87860627,49,155,84.33333333,61.19912853,3745.333333,0,0,0,126.5,49,-1,-1,0,32,0.0,0,0,0.0,0,0,Normal Traffic
80,1203118,3,26,20,0,8.666666667,10.26320288,5840,0,2321.4,3173.373883,9669.043269,6.649389337,171874.0,454179.4124,1201856,4,906,453.0,456.7909806,776,130,1202964,300741.0,600743.4768,1201856,4,72,112,2.493521001,4.155868335,0,5840,1292.555556,2554.159212,6523729.278,0,1,0,1454.125,26,8192,229,2,20,0.0,0,0,0.0,0,0,DDoS
80,10536104,7,394,394,0,56.28571429,148.9180024,7288,0,2326.4,3351.290617,1141.408627,1.138940922,957827.6364,2133705.685,5533376,79,5536052,922675.3333,2259267.108,5534385,215,10500000,2634000.5,3048626.398,5533376,161,232,168,0.664382204,0.474558717,0,7288,925.0769231,2254.912063,5084628.41,0,1,0,1002.166667,394,29200,235,1,32,972.0,972,972,5533376.0,5533376,5533376,DoS
53,163957,2,82,41,41,41.0,0.0,93,93,93.0,0.0,1634.5749190337,24.3966405826,54652.3333333333,94655.4219331008,163951,3,3,3.0,0.0,3,3,3,3.0,0.0,3,3,40,40,12.1983202913,12.1983202913,41,93,61.8,28.4815729903,811.2,0,0,0,77.25,82,-1,-1,1,20,0.0,0,0,0.0,0,0,Normal Traffic
53,61568,1,71,71,71,71.0,0.0,169,169,169.0,0.0,3898.128898,32.48440748,61568.0,0.0,61568,61568,0,0.0,0.0,0,0,0,0.0,0.0,0,0,32,32,16.24220374,16.24220374,71,169,103.6666667,56.58032638,3201.333333,0,0,0,155.5,71,-1,-1,0,32,0.0,0,0,0.0,0,0,Normal Traffic
53,258,2,84,42,42,42.0,0.0,181,181,181.0,0.0,1728682.171,15503.87597,86.0,146.3591473,255,1,1,1.0,0.0,1,1,2,2.0,0.0,2,2,64,64,7751.937984,7751.937984,42,181,97.6,76.13343549,5796.3,0,0,0,122.0,84,-1,-1,1,32,0.0,0,0,0.0,0,0,Normal Traffic
53,61455,4,180,45,45,45.0,0.0,153,153,153.0,0.0,12887.47864,130.1765519,8779.285714,23023.33725,60991,0,61253,20417.66667,35362.704,61251,0,61243,20414.33333,35275.5241,61147,48,104,104,65.08827597,65.08827597,45,153,93.0,56.92099788,3240.0,0,0,0,104.625,180,-1,-1,3,20,0.0,0,0,0.0,0,0,Normal Traffic
80,99965452,6,341,341,0,56.83333333,139.212667,5792,0,2319.0,2423.629716,119.4012507,0.110038016,9996545.2,31600000.0,99800000,1,99800000,20000000.0,44600000.0,99800000,1,148219,37054.75,67305.59846,137773,146,200,168,0.060020736,0.05001728,0,5792,994.6666667,1873.952281,3511697.152,0,0,1,1085.090909,341,251,235,1,32,3.0,3,3,99800000.0,99800000,99800000,DoS
80,98391770,5,333,321,0,66.6,142.2455623,10136,0,1932.5,4060.245892,121.2296516,0.111797968,9839177.0,31100000.0,98300000,30,98400000,24600000.0,49200000.0,98300000,980,98400000,19700000.0,44000000.0,98300000,41,144,200,0.050817258,0.06098071,0,10136,994.5,2908.765858,8460918.818,1,0,0,1084.909091,333,0,235,2,20,12983.0,12983,12983,98300000.0,98300000,98300000,DoS
443,204,1,0,0,0,0.0,0.0,0,0,0.0,0.0,0.0,9803.921569,204.0,0.0,204,204,0,0.0,0.0,0,0,0,0.0,0.0,0,0,20,20,4901.960784,4901.960784,0,0,0.0,0.0,0.0,1,0,0,0.0,0,0,0,0,20,0.0,0,0,0.0,0,0,Normal Traffic
53,208,2,108,54,54,54.0,0.0,134,134,134.0,0.0,1807692.30769231,19230.7692307692,69.3333333333,114.0277743944,201,3,3,3.0,0.0,3,3,4,4.0,0.0,4,4,40,40,9615.3846153846,9615.3846153846,54,134,86.0,43.8178046004,1920.0,0,0,0,107.5,108,-1,-1,1,20,0.0,0,0,0.0,0,0,Normal Traffic
53,159,2,72,36,36,36.0,0.0,104,104,104.0,0.0,1761006.289,25157.2327,53.0,78.88599369,144,4,4,4.0,0.0,4,4,11,11.0,0.0,11,11,40,40,12578.61635,12578.61635,36,104,63.2,37.24513391,1387.2,0,0,0,79.0,72,-1,-1,1,20,0.0,0,0,0.0,0,0,Normal Traffic
53,443,1,95,95,95,95.0,0.0,223,223,223.0,0.0,717832.9571,4514.672686,443.0,0.0,443,443,0,0.0,0.0,0,0,0,0.0,0.0,0,0,20,20,2257.336343,2257.336343,95,223,137.6666667,73.90083446,5461.333333,0,0,0,206.5,95,-1,-1,0,20,0.0,0,0,0.0,0,0,Normal Traffic
3261,82,1,2,2,2,2.0,0.0,6,6,6.0,0.0,97560.97561,24390.2439,82.0,0.0,82,82,0,0.0,0.0,0,0,0,0.0,0.0,0,0,24,20,12195.12195,12195.12195,2,6,3.333333333,2.309401077,5.333333333,0,1,0,5.0,2,1024,0,0,24,0.0,0,0,0.0,0,0,Port Scanning
53,140126,2,84,42,42,42.0,0.0,114,114,114.0,0.0,2226.567518,28.54573741,46708.66667,80897.45371,140121,1,1,1.0,0.0,1,1,4,4.0,0.0,4,4,40,64,14.2728687,14.2728687,42,114,70.8,39.43602414,1555.2,0,0,0,88.5,84,-1,-1,1,20,0.0,0,0,0.0,0,0,Normal Traffic
53,60818,4,156,39,39,39.0,0.0,90,90,90.0,0.0,5524.680193,98.65500345,12163.6,16804.88515,33603,1,33607,11202.33333,19399.54642,33603,1,4,4.0,0.0,4,4,80,40,65.7700023,32.88500115,39,90,53.57142857,24.88545186,619.2857143,0,0,0,62.5,156,-1,-1,3,20,0.0,0,0,0.0,0,0,Normal Traffic
80,5161527,3,0,0,0,0.0,0.0,0,0,0.0,0.0,0.0,0.774964463,1720509.0,2924801.96466239,5097578,33,5161527,2580763.5,3559313.19987726,5097578,63949,0,0.0,0.0,0,0,104,40,0.5812233473,0.1937411158,0,0,0.0,0.0,0.0,0,1,0,0.0,0,29200,28960,0,32,0.0,0,0,0.0,0,0,Normal Traffic
53,71099,2,96,48,48,48.0,0.0,306,306,306.0,0.0,9957.945963,56.25958171,23699.66667,41042.96461,71092,3,3,3.0,0.0,3,3,4,4.0,0.0,4,4,40,64,28.12979086,28.12979086,48,306,151.2,141.3124198,19969.2,0,0,0,189.0,96,-1,-1,1,20,0.0,0,0,0.0,0,0,Normal Traffic
443,4766184,5,135,46,6,27.0,20.1246117975,46,46,46.0,0.0,37.9758733612,1.2588687302,953236.8,2079102.87837019,4672193,3,4766184,1191546.0,2320847.9752105,4672193,3,0,0.0,0.0,0,0,100,20,1.0490572752,0.209811455,6,46,32.4285714286,18.8667003197,355.9523809524,0,0,1,37.8333333333,135,253,360,4,20,0.0,0,0,0.0,0,0,Normal Traffic
53,231,2,120,60,60,60.0,0.0,188,188,188.0,0.0,2147186.14718615,17316.0173160173,77.0,128.1717597601,225,3,3,3.0,0.0,3,3,3,3.0,0.0,3,3,40,40,8658.0086580087,8658.0086580087,60,188,111.2,70.1084873607,4915.2,0,0,0,139.0,120,-1,-1,1,20,0.0,0,0,0.0,0,0,Normal Traffic
443,5111308,12,834,513,0,69.5,153.4769748796,1448,0,614.2222222222,640.0976054044,1244.6911827658,4.1085373842,255565.4,1058067.13935227,4749120,7,5111308,464664.363636364,1421508.56951214,4749189,136,5060067,632508.375,1664712.77761094,4749174,49,392,296,2.3477356481,1.7608017361,0,1448,289.1818181818,495.2399741889,245262.632034632,0,1,0,302.9523809524,834,29200,123,3,32,0.0,0,0,0.0,0,0,Normal Traffic
80,145805,3,321,321,0,107.0,185.3294364,5792,0,1932.5,2181.008184,81725.5924,61.72627825,18225.625,46709.73612,133452,46,11997,5998.5,7061.875424,10992,1005,145744,29148.8,58534.69046,133452,46,104,200,20.57542608,41.15085217,0,5792,1191.6,1888.422516,3566139.6,0,1,0,1324.0,321,29200,235,1,32,0.0,0,0,0.0,0,0,DoS
61112,37,1,6,6,6,6.0,0.0,6,6,6.0,0.0,324324.3243,54054.05405,37.0,0.0,37,37,0,0.0,0.0,0,0,0,0.0,0.0,0,0,20,20,27027.02703,27027.02703,6,6,6.0,0.0,0.0,0,0,1,9.0,6,22,254,0,20,0.0,0,0,0.0,0,0,Normal Traffic
443,1063509,11,713,469,0,64.8181818182,141.3731361906,341,0,95.8,149.5299301143,1120.8179714511,15.0445365295,70900.6,251339.73925483,978748,3,1063509,106350.9,306743.884965382,978748,3,53393,13348.25,14091.7342527455,25781,232,376,168,10.3431188641,4.7014176655,0,469,70.1176470588,136.4330799114,18613.9852941176,0,1,0,74.5,713,65535,972,5,32,0.0,0,0,0.0,0,0,Normal Traffic
50772,3326,3,31,31,0,10.3333333333,17.8978583449,0,0,0.0,0.0,9320.5051112447,901.9843656043,1663.0,2347.5945135393,3323,3,3326,1663.0,2347.5945135393,3323,3,0,0.0,0.0,0,0,96,0,901.9843656043,0.0,0,31,7.75,15.5,240.25,0,0,1,10.3333333333,31,1006,-1,1,32,0.0,0,0,0.0,0,0,Normal Traffic
60977,4,2,31,31,0,15.5,21.92031022,0,0,0.0,0.0,7750000.0,500000.0,4.0,0.0,4,4,4,4.0,0.0,4,4,0,0.0,0.0,0,0,64,0,500000.0,0.0,0,31,20.66666667,17.89785834,320.3333333,0,0,1,31.0,31,1244,-1,0,32,0.0,0,0,0.0,0,0,Normal Traffic
443,71072,10,1045,805,0,104.5,250.282618,341,0,95.8,149.5299301,21443.04367,211.0535795,5076.571429,9303.039551,22356,3,71072,7896.888889,11269.54161,23687,3,47620,11905.0,12614.9204,23278,651,332,168,140.7023863,70.35119316,0,805,95.25,210.2599978,44209.26667,0,1,0,101.6,1045,65535,248,5,32,0.0,0,0,0.0,0,0,Normal Traffic
53,214515,2,70,35,35,35.0,0.0,127,127,127.0,0.0,1510.383889,18.64671468,71505.0,123806.9937,214465,3,3,3.0,0.0,3,3,47,47.0,0.0,47,47,40,40,9.323357341,9.323357341,35,127,71.8,50.39047529,2539.2,0,0,0,89.75,70,-1,-1,1,20,0.0,0,0,0.0,0,0,Normal Traffic
53,58614481,4,179,53,36,44.75,6.9462219947,235,64,123.75,76.1593723714,11.4988649307,0.1364850437,8373497.28571428,13373418.3642176,35564349,30526,58583232,19527744.0,14610614.4441102,35594875,7038224,58487649,19495883.0,14652311.886032,35625713,7008109,116,116,0.0682425218,0.0682425218,36,235,78.8888888889,63.3412275782,4012.1111111111,0,0,0,88.75,179,-1,-1,3,20,72907.3333333333,126832,30526,19454836.6666667,35564349,6976860,Normal Traffic
80,115958182,16,274,274,0,17.125,68.5,840,0,60.0,224.4994432,9.606911567,0.258713956,3998558.0,4975707.204,10200000,76,116000000,7730545.467,4354969.182,10200000,23726,113000000,8665875.385,3821601.157,10200000,195,520,456,0.137980777,0.120733179,0,840,35.93548387,157.1245653,24688.12903,0,1,0,37.13333333,274,29200,939,1,32,34055.63636,134487,23320,10200000.0,10200000,10100000,Normal Traffic
59456,96758863,7,11613,5840,0,1659.0,2429.621575,20,0,6.888888889,5.30199124,120.6607812,0.165359529,6450590.867,24200000.0,93800000,1,96800000,16100000.0,38700000.0,95000000,48,95000000,11900000.0,33100000.0,93800000,1,152,192,0.072344794,0.093014735,0,5840,687.1176471,1707.681172,2916174.985,0,0,1,730.0625,11613,229,256,5,20,1227641.0,1227641,1227641,93800000.0,93800000,93800000,Normal Traffic
53,31349,2,76,38,38,38.0,0.0,103,103,103.0,0.0,8995.502249,127.5957766,10449.66667,18095.02352,31344,1,1,1.0,0.0,1,1,4,4.0,0.0,4,4,64,80,63.79788829,63.79788829,38,103,64.0,35.60196624,1267.5,0,0,0,80.0,76,-1,-1,1,32,0.0,0,0,0.0,0,0,Normal Traffic
53,210,2,106,53,53,53.0,0.0,101,101,101.0,0.0,1466666.667,19047.61905,70.0,115.1824639,203,3,4,4.0,0.0,4,4,3,3.0,0.0,3,3,64,64,9523.809524,9523.809524,53,101,72.2,26.29068276,691.2,0,0,0,90.25,106,-1,-1,1,32,0.0,0,0,0.0,0,0,Normal Traffic
53,120834,1,56,56,56,56.0,0.0,337,337,337.0,0.0,3252.3958488505,16.5516328186,120834.0,0.0,120834,120834,0,0.0,0.0,0,0,0,0.0,0.0,0,0,32,20,8.2758164093,8.2758164093,56,337,149.6666666667,162.2354256423,26320.3333333333,0,0,0,224.5,56,-1,-1,0,32,0.0,0,0,0.0,0,0,Normal Traffic
53,746,1,51,51,51,51.0,0.0,112,112,112.0,0.0,218498.6595,2680.965147,746.0,0.0,746,746,0,0.0,0.0,0,0,0,0.0,0.0,0,0,32,32,1340.482574,1340.482574,51,112,71.33333333,35.21836642,1240.333333,0,0,0,107.0,51,-1,-1,0,32,0.0,0,0,0.0,0,0,Normal Traffic
53,49546163,2,87,47,40,43.5,4.949747468,447,94,270.5,249.6086938,12.67504812,0.080732791,16500000.0,28500000.0,49400000,61306,49500000,49500000.0,0.0,49500000,49500000,49400000,49400000.0,0.0,49400000,49400000,52,52,0.040366395,0.040366395,40,447,135.0,175.7398646,30884.5,0,0,0,168.75,87,-1,-1,1,20,112205.0,112205,112205,49400000.0,49400000,49400000,Normal Traffic
80,997,6,0,0,0,0.0,0.0,0,0,0.0,0.0,0.0,6018.054162,199.4,440.844417,988,0,997,199.4,440.844417,988,0,0,0.0,0.0,0,0,192,0,6018.054162,0.0,0,0,0.0,0.0,0.0,0,0,1,0.0,0,251,-1,0,32,0.0,0,0,0.0,0,0,DoS
51883,188,2,0,0,0,0.0,0.0,0,0,0.0,0.0,0.0,15957.44681,94.0,65.05382387,140,48,48,48.0,0.0,48,48,0,0.0,0.0,0,0,64,32,10638.29787,5319.148936,0,0,0.0,0.0,0.0,0,0,1,0.0,0,63,33304,0,32,0.0,0,0,0.0,0,0,Normal Traffic
52432,1,2,31,31,0,15.5,21.92031022,0,0,0.0,0.0,31000000.0,2000000.0,1.0,0.0,1,1,1,1.0,0.0,1,1,0,0.0,0.0,0,0,64,0,2000000.0,0.0,0,31,20.66666667,17.89785834,320.3333333,0,0,1,31.0,31,65,-1,0,32,0.0,0,0,0.0,0,0,Normal Traffic
443,3429190,8,3677,3280,0,459.625,1143.0153026722,1511,0,607.875,729.8785490947,2490.3840265486,4.6658248741,228612.666666667,765869.138561978,2993669,50,3429190,489884.285714286,1105362.95646795,2993669,150,301693,43099.0,52546.2733502577,117433,50,172,172,2.332912437,2.332912437,0,3280,502.3529411765,909.3435091576,826905.617647059,0,1,0,533.75,3677,8192,135,7,20,0.0,0,0,0.0,0,0,Normal Traffic
53,193,2,154,77,77,77.0,0.0,125,125,125.0,0.0,2093264.249,20725.3886,64.33333333,72.88575535,144,1,1,1.0,0.0,1,1,48,48.0,0.0,48,48,40,40,10362.6943,10362.6943,77,125,96.2,26.29068276,691.2,0,0,0,120.25,154,-1,-1,1,20,0.0,0,0,0.0,0,0,Normal Traffic
3945,63,1,2,2,2,2.0,0.0,6,6,6.0,0.0,126984.127,31746.03175,63.0,0.0,63,63,0,0.0,0.0,0,0,0,0.0,0.0,0,0,24,20,15873.01587,15873.01587,2,6,3.333333333,2.309401077,5.333333333,0,1,0,5.0,2,1024,0,0,24,0.0,0,0,0.0,0,0,Port Scanning
443,115249641,27,1898,1299,0,70.2962962963,264.9259424552,2896,0,790.4333333333,804.7642483375,222.2219503486,0.4945785471,2058029.30357143,4079429.25089026,10216806,0,115249641,4432678.5,5085355.4313906,10240014,3,112642958,3884239.93103448,5051225.18575603,10241187,50,872,968,0.2342740486,0.2603044985,0,2896,441.5689655172,703.057161512,494289.372353297,0,1,0,449.3157894737,1898,29200,64,4,32,34280.0909090909,143022,23198,10206000.1818182,10216806,10100037,Normal Traffic
52509,1,2,0,0,0,0.0,0.0,0,0,0.0,0.0,0.0,2000000.0,1.0,0.0,1,1,1,1.0,0.0,1,1,0,0.0,0.0,0,0,40,0,2000000.0,0.0,0,0,0.0,0.0,0.0,0,0,1,0.0,0,913,-1,0,20,0.0,0,0,0.0,0,0,Normal Traffic
80,5746095,5,30,6,6,6.0,0.0,0,0,0.0,0.0,5.220937002,0.870156167,1436523.75,2871659.512,5744013,334,5746095,1436523.75,2871659.512,5744013,334,0,0.0,0.0,0,0,100,0,0.870156167,0.0,6,6,6.0,0.0,0.0,0,0,1,7.2,30,256,-1,4,20,2082.0,2082,2082,5744013.0,5744013,5744013,DDoS
2171,231,2,12,6,6,6.0,0.0,6,6,6.0,0.0,77922.07792,12987.01299,115.5,65.76093065,162,69,231,231.0,0.0,231,231,0,0.0,0.0,0,0,40,20,8658.008658,4329.004329,6,6,6.0,0.0,0.0,0,0,1,8.0,12,360,258,1,20,0.0,0,0,0.0,0,0,Normal Traffic
54260,240,2,31,31,0,15.5,21.92031022,6,6,6.0,0.0,154166.6667,12500.0,120.0,46.66904756,153,87,240,240.0,0.0,240,240,0,0.0,0.0,0,0,64,20,8333.333333,4166.666667,0,31,17.0,16.35033129,267.3333333,0,0,1,22.66666667,31,1039,0,0,32,0.0,0,0,0.0,0,0,Normal Traffic
53,79307,1,57,57,57,57.0,0.0,140,140,140.0,0.0,2484.017804,25.21845487,79307.0,0.0,79307,79307,0,0.0,0.0,0,0,0,0.0,0.0,0,0,40,32,12.60922743,12.60922743,57,140,84.66666667,47.92007234,2296.333333,0,0,0,127.0,57,-1,-1,0,40,0.0,0,0,0.0,0,0,Normal Traffic
53,204167,1,40,40,40,40.0,0.0,127,127,127.0,0.0,817.9578482,9.795902374,204167.0,0.0,204167,204167,0,0.0,0.0,0,0,0,0.0,0.0,0,0,32,32,4.897951187,4.897951187,40,127,69.0,50.22947342,2523.0,0,0,0,103.5,40,-1,-1,0,32,0.0,0,0,0.0,0,0,Normal Traffic
443,1139359,9,703,267,0,78.11111111,103.3022803,2896,0,395.0,900.5946184,4083.875232,16.67604328,63297.72222,105716.5352,438111,4,932085,116510.625,174750.361,533306,185,1044183,116020.3333,138747.5116,438111,4,296,328,7.899178398,8.776864886,0,2896,232.65,645.5372528,416718.3447,0,1,0,244.8947368,703,29200,254,4,32,0.0,0,0,0.0,0,0,Normal Traffic
53,30814,2,94,47,47,47.0,0.0,113,113,113.0,0.0,10384.88999,129.8111248,10271.33333,17783.54299,30806,4,4,4.0,0.0,4,4,4,4.0,0.0,4,4,40,40,64.90556241,64.90556241,47,113,73.4,36.1496888,1306.8,0,0,0,91.75,94,-1,-1,1,20,0.0,0,0,0.0,0,0,Normal Traffic
5633,52,2,4,2,2,2.0,0.0,6,6,6.0,0.0,307692.3077,76923.07692,17.33333333,27.42869544,49,1,49,49.0,0.0,49,49,1,1.0,0.0,1,1,48,40,38461.53846,38461.53846,2,6,3.6,2.19089023,4.8,0,1,0,4.5,4,1024,0,1,24,0.0,0,0,0.0,0,0,Normal Traffic
443,64623287,28,1567,543,0,55.96428571,115.7668417,1418,0,294.6296296,509.6202318,147.3462654,0.851086389,1196727.537,7992228.901,58700000,1,64600000,2393455.074,11300000.0,58800000,1,64500000,2482087.231,11500000.0,58800000,1,940,872,0.433280344,0.417806046,0,1418,170.0357143,379.6357088,144123.2714,0,1,0,173.1272727,1567,29200,365,11,32,5794136.0,5794136,5794136,58700000.0,58700000,58700000,Normal Traffic
53,31731,1,55,55,55,55.0,0.0,55,55,55.0,0.0,3466.641455,63.02984463,31731.0,0.0,31731,31731,0,0.0,0.0,0,0,0,0.0,0.0,0,0,32,32,31.51492232,31.51492232,55,55,55.0,0.0,0.0,0,0,0,82.5,55,-1,-1,0,32,0.0,0,0,0.0,0,0,Normal Traffic
53,63856,1,40,40,40,40.0,0.0,92,92,92.0,0.0,2067.15109,31.32047106,63856.0,0.0,63856,63856,0,0.0,0.0,0,0,0,0.0,0.0,0,0,20,40,15.66023553,15.66023553,40,92,57.33333333,30.022214,901.3333333,0,0,0,86.0,40,-1,-1,0,20,0.0,0,0,0.0,0,0,Normal Traffic
443,226202,8,320,196,0,40.0,70.93860525,1768,0,357.5,701.2291352,10897.33955,61.89158363,17400.15385,24965.74109,53420,4,173178,24739.71429,27404.13837,54935,33,173094,34618.8,31111.54893,62332,4,172,132,35.36661922,26.52496441,0,1768,164.3333333,452.6425058,204885.2381,0,1,0,176.0714286,320,8192,343,3,20,0.0,0,0,0.0,0,0,Normal Traffic
50389,69,1,0,0,0,0.0,0.0,6,6,6.0,0.0,86956.52174,28985.50725,69.0,0.0,69,69,0,0.0,0.0,0,0,0,0.0,0.0,0,0,40,20,14492.75362,14492.75362,0,6,2.0,3.464101615,12.0,0,1,0,3.0,0,29200,0,0,40,0.0,0,0,0.0,0,0,Port Scanning
53,95437,4,196,49,49,49.0,0.0,164,164,164.0,0.0,5490.533022,62.86869872,19087.4,31234.50135,71931,3,23458,7819.333333,13537.42045,23451,3,48,48.0,0.0,48,48,80,40,41.91246582,20.95623291,49,164,81.85714286,56.11425419,3148.809524,0,0,0,95.5,196,-1,-1,3,20,0.0,0,0,0.0,0,0,Normal Traffic
58768,3,2,0,0,0,0.0,0.0,0,0,0.0,0.0,0.0,666666.666666667,3.0,0.0,3,3,3,3.0,0.0,3,3,0,0.0,0.0,0,0,64,0,666666.666666667,0.0,0,0,0.0,0.0,0.0,0,0,1,0.0,0,5009,-1,0,32,0.0,0,0,0.0,0,0,Normal Traffic
42331,4,2,31,31,0,15.5,21.92031022,0,0,0.0,0.0,7750000.0,500000.0,4.0,0.0,4,4,4,4.0,0.0,4,4,0,0.0,0.0,0,0,40,0,500000.0,0.0,0,31,20.66666667,17.89785834,320.3333333,0,0,1,31.0,31,359,-1,0,20,0.0,0,0,0.0,0,0,Normal Traffic
443,116487265,23,828,366,0,36.0,85.3979987,1615,0,420.6956522,639.8117219,90.17294723,0.394892952,2588605.889,4330685.869,10000000,19,116000000,5294875.682,4951452.398,10000000,49,111000000,5062355.318,5080987.66,10000000,78,472,604,0.197446476,0.197446476,0,1615,223.4893617,487.2118489,237375.3858,0,1,0,228.3478261,828,8192,980,22,20,116333.9167,1140712,23008,9590934.083,10000000,5092095,Normal Traffic
80,1684511,3,26,20,0,8.666666667,10.26320288,4380,0,2320.2,2207.341206,6902.299837,4.749152721,240644.4286,632405.1002,1674785,44,9063,4531.5,6340.626507,9015,48,1684467,421116.75,835789.3789,1674785,167,72,112,1.780932271,2.968220451,0,4380,1291.888889,1980.710254,3923213.111,0,1,0,1453.375,26,8192,229,2,20,0.0,0,0,0.0,0,0,DDoS
53,30826,1,63,63,63,63.0,0.0,144,144,144.0,0.0,6715.110621,64.88029585,30826.0,0.0,30826,30826,0,0.0,0.0,0,0,0,0.0,0.0,0,0,32,32,32.44014793,32.44014793,63,144,90.0,46.7653718,2187.0,0,0,0,135.0,63,-1,-1,0,32,0.0,0,0,0.0,0,0,Normal Traffic
53,108831,2,62,31,31,31.0,0.0,109,109,109.0,0.0,2572.796354,36.75423363,36277.0,62788.57734,108779,5,5,5.0,0.0,5,5,47,47.0,0.0,47,47,64,64,18.37711681,18.37711681,31,109,62.2,42.72235949,1825.2,0,0,0,77.75,62,-1,-1,1,32,0.0,0,0,0.0,0,0,Normal Traffic
53,78777578,2,133,82,51,66.5,21.92031022,210,67,138.5,101.1162697,5.204526598,0.050775869,26300000.0,45400000.0,78700000,23547,78800000,78800000.0,0.0,78800000,78800000,78700000,78700000.0,0.0,78700000,78700000,52,40,0.025387935,0.025387935,51,210,92.2,67.10216092,4502.7,0,0,0,115.25,133,-1,-1,1,20,86059.0,86059,86059,78700000.0,78700000,78700000,Normal Traffic
64870,2,2,2065,2065,0,1032.5,1460.175503,0,0,0.0,0.0,1030000000.0,1000000.0,2.0,0.0,2,2,2,2.0,0.0,2,2,0,0.0,0.0,0,0,40,0,1000000.0,0.0,0,2065,1376.666667,1192.228306,1421408.333,0,0,1,2065.0,2065,256,-1,0,20,0.0,0,0,0.0,0,0,Normal Traffic
53,459,1,56,56,56,56.0,0.0,97,97,97.0,0.0,333333.3333,4357.298475,459.0,0.0,459,459,0,0.0,0.0,0,0,0,0.0,0.0,0,0,20,40,2178.649237,2178.649237,56,97,69.66666667,23.67136104,560.3333333,0,0,0,104.5,56,-1,-1,0,20,0.0,0,0,0.0,0,0,Normal Traffic
80,100875780,7,372,348,0,53.14285714,130.0505396,4344,0,1449.375,1547.981999,118.631053,0.148697735,7205412.857,26900000.0,101000000,1,101000000,16800000.0,41100000.0,101000000,1,101000000,14400000.0,38100000.0,101000000,48,184,264,0.069392276,0.079305459,0,4344,748.3125,1284.289153,1649398.629,1,0,0,798.2,372,0,235,4,20,9972.0,9972,9972,101000000.0,101000000,101000000,DoS
53,31088,2,70,35,35,35.0,0.0,179,179,179.0,0.0,13767.37005,128.6670098,10362.66667,17943.46902,31082,3,3,3.0,0.0,3,3,3,3.0,0.0,3,3,80,64,64.33350489,64.33350489,35,179,92.6,78.87204828,6220.8,0,0,0,115.75,70,-1,-1,1,40,0.0,0,0,0.0,0,0,Normal Traffic
53,11608684,2,110,55,55,55.0,0.0,118,93,105.5,17.67766953,27.65171315,0.344569634,3869561.333,6618937.503,11500000,47514,11600000,11600000.0,0.0,11600000,11600000,11600000,11600000.0,0.0,11600000,11600000,52,64,0.172284817,0.172284817,55,118,75.2,29.03790626,843.2,0,0,0,94.0,110,-1,-1,1,20,48718.0,48718,48718,11500000.0,11500000,11500000,Normal Traffic
40090,3,2,36,18,18,18.0,0.0,0,0,0.0,0.0,12000000.0,666666.6667,3.0,0.0,3,3,3,3.0,0.0,3,3,0,0.0,0.0,0,0,40,0,666666.6667,0.0,18,18,18.0,0.0,0.0,0,0,0,27.0,36,-1,-1,1,20,0.0,0,0,0.0,0,0,Normal Traffic
443,117,2,12,6,6,6.0,0.0,0,0,0.0,0.0,102564.102564103,17094.0170940171,117.0,0.0,117,117,117,117.0,0.0,117,117,0,0.0,0.0,0,0,40,0,17094.0170940171,0.0,6,6,6.0,0.0,0.0,0,0,1,9.0,12,64209,-1,1,20,0.0,0,0,0.0,0,0,Normal Traffic
53,952950,2,60,30,30,30.0,0.0,111,111,111.0,0.0,295.9231859,4.197491999,317650.0,550172.0826,952934,4,12,12.0,0.0,12,12,4,4.0,0.0,4,4,40,64,2.098745999,2.098745999,30,111,62.4,44.36552716,1968.3,0,0,0,78.0,60,-1,-1,1,20,0.0,0,0,0.0,0,0,Normal Traffic
8800,65,1,2,2,2,2.0,0.0,6,6,6.0,0.0,123076.9231,30769.23077,65.0,0.0,65,65,0,0.0,0.0,0,0,0,0.0,0.0,0,0,24,20,15384.61538,15384.61538,2,6,3.333333333,2.309401077,5.333333333,0,1,0,5.0,2,1024,0,0,24,0.0,0,0,0.0,0,0,Port Scanning
43871,2,2,31,31,0,15.5,21.92031022,6,6,6.0,0.0,18500000.0,1500000.0,1.0,0.0,1,1,1,1.0,0.0,1,1,0,0.0,0.0,0,0,64,20,1000000.0,500000.0,0,31,17.0,16.35033129,267.3333333,0,0,1,22.66666667,31,1006,0,0,32,0.0,0,0,0.0,0,0,Normal Traffic
53,110488,4,112,28,28,28.0,0.0,154,154,154.0,0.0,3801.31779,54.30453986,22097.6,34971.80733,80047,3,30438,10146.0,17568.19134,30432,3,3,3.0,0.0,3,3,128,64,36.20302657,18.10151329,28,154,64.0,61.4817046,3780.0,0,0,0,74.66666667,112,-1,-1,3,32,0.0,0,0,0.0,0,0,Normal Traffic
443,5926644,8,381,200,0,47.625,74.4847779272,1460,0,613.1666666667,707.5027679569,685.0419900369,2.3622137587,455895.692307692,1489003.40089685,5407134,8,5926644,846663.428571429,2013752.64253945,5407134,8,220720,44144.0,58268.9353472328,112178,182,172,132,1.3498364336,1.0123773252,0,1460,270.6666666667,515.2471898678,265479.666666667,0,1,0,290.0,381,8192,110,7,20,519502.0,519502,519502,5407134.0,5407134,5407134,Normal Traffic
49918,60,3,43,31,6,14.33333333,14.43375673,6,6,6.0,0.0,816666.6667,66666.66667,20.0,30.34798181,55,1,5,2.5,2.121320344,4,1,0,0.0,0.0,0,0,60,20,50000.0,16666.66667,6,31,11.0,11.18033989,125.0,0,0,1,13.75,43,2642,0,2,20,0.0,0,0,0.0,0,0,Normal Traffic
80,110939142,16,664,293,0,41.5,98.1868966139,384,0,52.0,134.8077996896,13.0161453746,0.2794324838,3697971.4,4772287.43462849,10002270,116,110753594,7383572.93333333,4518326.45287907,10187621,221,110753175,7910941.07142857,4272245.73216741,10190708,337,332,432,0.1442232174,0.1352092664,0,384,45.125,113.8745064789,12967.4032258064,0,1,0,46.5806451613,664,8192,980,15,20,213904.090909091,434171,185351,9854604.45454546,10002270,8502882,Normal Traffic
443,50398824,12,3370,2789,0,280.8333333,796.9171091,1460,0,316.5,558.6461313,154.7853577,0.515885053,2015952.96,4046823.708,10000000,6,50400000,4578744.909,5164580.617,10000000,475,50400000,3874255.538,5068053.929,10000000,48,252,288,0.238100794,0.277784259,0,2789,288.9259259,654.5070327,428379.4558,0,1,0,300.0384615,3370,8192,7702,11,20,128475.8,508720,33360,9944763.0,10000000,9726544,Normal Traffic
49460,22006,6,11601,4380,0,1933.5,2189.772933,20,6,13.0,9.899494937,528355.9029,363.5372171,3143.714286,6342.784318,17043,24,22006,4401.2,7326.358147,17043,36,24,24.0,0.0,24,24,144,40,272.6529128,90.88430428,0,4380,1291.888889,1980.710254,3923213.111,0,1,0,1453.375,11601,8192,256,4,20,0.0,0,0,0.0,0,0,Normal Traffic
53,224,2,84,42,42,42.0,0.0,102,102,102.0,0.0,1285714.286,17857.14286,74.66666667,123.2652965,217,3,3,3.0,0.0,3,3,4,4.0,0.0,4,4,64,64,8928.571429,8928.571429,42,102,66.0,32.86335345,1080.0,0,0,0,82.5,84,-1,-1,1,32,0.0,0,0,0.0,0,0,Normal Traffic
65419,842580,6,11607,10135,0,1934.5,4059.461922,20,6,13.0,9.899494937,13806.40414,9.494647393,120368.5714,318149.6174,841864,4,842580,168516.0,376413.0282,841864,4,49,49.0,0.0,49,49,144,40,7.120985544,2.373661848,0,10135,1292.555556,3350.634907,11200000.0,0,1,0,1454.125,11607,8192,256,4,20,0.0,0,0,0.0,0,0,Normal Traffic
3887,59,1,6,6,6,6.0,0.0,6,6,6.0,0.0,203389.8305,33898.30508,59.0,0.0,59,59,0,0.0,0.0,0,0,0,0.0,0.0,0,0,20,20,16949.15254,16949.15254,6,6,6.0,0.0,0.0,0,0,1,9.0,6,913,16425,0,20,0.0,0,0,0.0,0,0,Normal Traffic
80,4,2,12,6,6,6.0,0.0,0,0,0.0,0.0,3000000.0,500000.0,4.0,0.0,4,4,4,4.0,0.0,4,4,0,0.0,0.0,0,0,40,0,500000.0,0.0,6,6,6.0,0.0,0.0,0,0,1,9.0,12,254,-1,1,20,0.0,0,0,0.0,0,0,Normal Traffic
53,186,2,56,28,28,28.0,0.0,44,44,44.0,0.0,774193.5484,21505.37634,62.0,23.38803113,89,48,48,48.0,0.0,48,48,49,49.0,0.0,49,49,80,80,10752.68817,10752.68817,28,44,34.4,8.76356092,76.8,0,0,0,43.0,56,-1,-1,1,40,0.0,0,0,0.0,0,0,Normal Traffic
53,30488,1,58,58,58,58.0,0.0,124,124,124.0,0.0,5969.5617948045,65.5995801627,30488.0,0.0,30488,30488,0,0.0,0.0,0,0,0,0.0,0.0,0,0,20,20,32.7997900813,32.7997900813,58,124,80.0,38.1051177665,1452.0,0,0,0,120.0,58,-1,-1,0,20,0.0,0,0,0.0,0,0,Normal Traffic
54285,57,1,0,0,0,0.0,0.0,0,0,0.0,0.0,0.0,35087.7193,57.0,0.0,57,57,0,0.0,0.0,0,0,0,0.0,0.0,0,0,20,20,17543.85965,17543.85965,0,0,0.0,0.0,0.0,0,0,1,0.0,0,335,258,0,20,0.0,0,0,0.0,0,0,Normal Traffic
53,33829,2,92,46,46,46.0,0.0,96,96,96.0,0.0,8395.163913,118.2417452,11276.33333,19487.02795,33778,3,48,48.0,0.0,48,48,3,3.0,0.0,3,3,64,40,59.12087262,59.12087262,46,96,66.0,27.38612788,750.0,0,0,0,82.5,92,-1,-1,1,32,0.0,0,0,0.0,0,0,Normal Traffic
53,267,2,88,44,44,44.0,0.0,236,236,236.0,0.0,2097378.27715356,14981.2734082397,89.0,148.9563694509,261,3,3,3.0,0.0,3,3,3,3.0,0.0,3,3,40,40,7490.6367041199,7490.6367041199,44,236,120.8,105.162731041,11059.2,0,0,0,151.0,88,-1,-1,1,20,0.0,0,0,0.0,0,0,Normal Traffic
443,28498,1,6,6,6,6.0,0.0,6,6,6.0,0.0,421.0821812057,70.1803635343,28498.0,0.0,28498,28498,0,0.0,0.0,0,0,0,0.0,0.0,0,0,20,20,35.0901817671,35.0901817671,6,6,6.0,0.0,0.0,0,0,1,9.0,6,324,5120,0,20,0.0,0,0,0.0,0,0,Normal Traffic
53,140262,2,70,35,35,35.0,0.0,113,113,113.0,0.0,2110.336371,28.51805906,46754.0,80935.27313,140210,4,48,48.0,0.0,48,48,4,4.0,0.0,4,4,64,64,14.25902953,14.25902953,35,113,66.2,42.72235949,1825.2,0,0,0,82.75,70,-1,-1,1,32,0.0,0,0,0.0,0,0,Normal Traffic
47509,4,2,12,6,6,6.0,0.0,0,0,0.0,0.0,3000000.0,500000.0,4.0,0.0,4,4,4,4.0,0.0,4,4,0,0.0,0.0,0,0,40,0,500000.0,0.0,6,6,6.0,0.0,0.0,1,0,0,9.0,12,0,-1,1,20,0.0,0,0,0.0,0,0,Normal Traffic
53,30938,1,35,35,35,35.0,0.0,91,91,91.0,0.0,4072.661452,64.64541987,30938.0,0.0,30938,30938,0,0.0,0.0,0,0,0,0.0,0.0,0,0,40,32,32.32270994,32.32270994,35,91,53.66666667,32.33161507,1045.333333,0,0,0,80.5,35,-1,-1,0,40,0.0,0,0,0.0,0,0,Normal Traffic
8080,143431,4,207,195,0,51.75,95.54187564,128,0,44.66666667,72.23111056,2377.449784,48.80395451,23905.16667,57548.64671,141374,22,143431,47810.33333,82228.55692,142759,22,141971,70985.5,99544.37134,141374,597,92,72,27.88797401,20.91598051,0,195,42.625,75.57576615,5711.696429,0,1,0,48.71428571,207,8192,237,3,20,0.0,0,0,0.0,0,0,Bots
49774,4,2,12,6,6,6.0,0.0,0,0,0.0,0.0,3000000.0,500000.0,4.0,0.0,4,4,4,4.0,0.0,4,4,0,0.0,0.0,0,0,40,0,500000.0,0.0,6,6,6.0,0.0,0.0,0,0,1,9.0,12,5114,-1,1,20,0.0,0,0,0.0,0,0,Normal Traffic
44608,20,1,0,0,0,0.0,0.0,0,0,0.0,0.0,0.0,100000.0,20.0,0.0,20,20,0,0.0,0.0,0,0,0,0.0,0.0,0,0,32,32,50000.0,50000.0,0,0,0.0,0.0,0.0,0,0,1,0.0,0,84,299,0,32,0.0,0,0,0.0,0,0,Normal Traffic
53,94809,2,82,41,41,41.0,0.0,113,113,113.0,0.0,3248.6367327996,42.190087439,31603.0,54732.8055191765,94803,3,3,3.0,0.0,3,3,3,3.0,0.0,3,3,64,64,21.0950437195,21.0950437195,41,113,69.8,39.4360241404,1555.2,0,0,0,87.25,82,-1,-1,1,32,0.0,0,0,0.0,0,0,Normal Traffic
443,61203659,20,2273,756,0,113.65,238.6716033,1532,0,314.2666667,527.6706855,114.1598413,0.571861235,1800107.618,3850265.253,10300000,39,61200000,3221245.211,4756758.696,10300000,151,61200000,4368070.786,5095062.494,10300000,213,648,488,0.326777848,0.245083386,0,1532,194.0833333,391.4860607,153261.3357,0,1,0,199.6285714,2273,29200,134,5,32,215740.0,1041859,50342,9984830.333,10300000,9086457,Normal Traffic
443,181,2,0,0,0,0.0,0.0,0,0,0.0,0.0,0.0,11049.72376,181.0,0.0,181,181,181,181.0,0.0,181,181,0,0.0,0.0,0,0,64,0,11049.72376,0.0,0,0,0.0,0.0,0.0,0,0,1,0.0,0,364,-1,0,32,0.0,0,0,0.0,0,0,Normal Traffic
80,5643909,4,24,6,6,6.0,0.0,0,0,0.0,0.0,4.252371893,0.708728649,1881303.0,3258510.648,5643907,1,5643909,1881303.0,3258510.648,5643907,1,0,0.0,0.0,0,0,80,0,0.708728649,0.0,6,6,6.0,0.0,0.0,0,0,1,7.5,24,256,-1,3,20,2.0,2,2,5643907.0,5643907,5643907,DDoS
61875,3,2,37,37,0,18.5,26.1629509039,0,0,0.0,0.0,12333333.3333333,666666.666666667,3.0,0.0,3,3,3,3.0,0.0,3,3,0,0.0,0.0,0,0,64,0,666666.666666667,0.0,0,37,24.6666666667,21.36195996,456.3333333333,0,0,1,37.0,37,244,-1,0,32,0.0,0,0,0.0,0,0,Normal Traffic
80,85700611,8,319,319,0,39.875,112.7835316,4344,0,1932.5,1977.812908,139.0188455,0.163359395,6592354.692,23700000.0,85600000,1,85600000,12200000.0,32300000.0,85600000,1,144531,28906.2,57956.67849,132181,35,264,200,0.093348226,0.070011169,0,4344,794.2666667,1526.080997,2328923.21,0,0,1,851.0,319,251,235,1,32,913.0,913,913,85600000.0,85600000,85600000,DoS
443,2547540,12,1424,540,0,118.6666667,207.4929718,1860,0,547.0,690.1164757,2491.423098,8.243246426,127377.0,242825.1627,999616,26,2547374,231579.4545,292483.2019,999650,232,2443691,305461.375,358941.7001,999665,200,392,296,4.710426529,3.532819897,0,1860,288.5,503.0585264,253067.881,0,1,0,302.2380952,1424,29200,260,4,32,0.0,0,0,0.0,0,0,Normal Traffic
50584,77,1,0,0,0,0.0,0.0,0,0,0.0,0.0,0.0,25974.02597,77.0,0.0,77,77,0,0.0,0.0,0,0,0,0.0,0.0,0,0,32,32,12987.01299,12987.01299,0,0,0.0,0.0,0.0,0,0,1,0.0,0,12,32853,0,32,0.0,0,0,0.0,0,0,Normal Traffic
53,60490,1,57,57,57,57.0,0.0,154,154,154.0,0.0,3488.179864,33.06331625,60490.0,0.0,60490,60490,0,0.0,0.0,0,0,0,0.0,0.0,0,0,20,20,16.53165813,16.53165813,57,154,89.33333333,56.00297611,3136.333333,0,0,0,134.0,57,-1,-1,0,20,0.0,0,0,0.0,0,0,Normal Traffic
80,8694904,10,1541,401,0,154.1,192.7038314789,189,0,109.7142857143,98.9068826148,265.5578485973,1.9551682227,543431.5,1326985.02477589,5355105,30,3339799,371088.777777778,397493.867685961,1242329,130,8670133,1445022.16666667,2086615.4664558,5546078,1745,212,152,1.1500989545,0.8050692682,0,401,128.2777777778,156.8895473426,24614.3300653595,0,1,0,135.8235294118,1541,8192,74,9,20,0.0,0,0,0.0,0,0,Normal Traffic
53,122595,1,56,56,56,56.0,0.0,169,169,169.0,0.0,1835.311391166,16.3138790326,122595.0,0.0,122595,122595,0,0.0,0.0,0,0,0,0.0,0.0,0,0,20,20,8.1569395163,8.1569395163,56,169,93.6666666667,65.2405804184,4256.3333333333,0,0,0,140.5,56,-1,-1,0,20,0.0,0,0,0.0,0,0,Normal Traffic
443,5651820,8,376,195,0,47.0,73.03032638,1460,0,788.0,776.5067074,624.2237014,2.123209869,513801.8182,1587346.1,5296896,4,5651820,807402.8571,1981345.269,5296896,4,118522,39507.33333,34830.25341,66547,204,172,92,1.415473246,0.707736623,0,1460,271.3846154,531.5249349,282518.7564,0,1,0,294.0,376,8192,119,7,20,354920.0,354920,354920,5296896.0,5296896,5296896,Normal Traffic
53,31389,2,68,34,34,34.0,0.0,50,50,50.0,0.0,5352.193444,127.4331772,10463.0,18116.38543,31382,3,4,4.0,0.0,4,4,3,3.0,0.0,3,3,40,64,63.71658861,63.71658861,34,50,40.4,8.76356092,76.8,0,0,0,50.5,68,-1,-1,1,20,0.0,0,0,0.0,0,0,Normal Traffic
4624,216,2,12,6,6,6.0,0.0,0,0,0.0,0.0,55555.55556,9259.259259,216.0,0.0,216,216,216,216.0,0.0,216,216,0,0.0,0.0,0,0,40,0,9259.259259,0.0,6,6,6.0,0.0,0.0,0,0,1,9.0,12,64037,-1,1,20,0.0,0,0,0.0,0,0,Normal Traffic
443,5132877,5,135,46,6,27.0,20.1246117975,46,46,46.0,0.0,35.2628749919,1.1689350826,1026575.4,2174573.31315095,4914263,3,5132877,1283219.25,2422876.12170582,4914263,3,0,0.0,0.0,0,0,100,20,0.9741125688,0.1948225138,6,46,32.4285714286,18.8667003197,355.9523809524,0,0,1,37.8333333333,135,16537,377,4,20,0.0,0,0,0.0,0,0,Normal Traffic
56007,6068330,1,6,6,6,6.0,0.0,6,6,6.0,0.0,5.932439403,0.9887399,1213666.0,2691756.624,6028796,4,0,0.0,0.0,0,0,6051848,1512962.0,3010573.2,6028796,4,20,100,0.164789983,0.823949917,6,6,6.0,0.0,0.0,0,0,1,7.0,6,229,0,0,20,39534.0,39534,39534,6028796.0,6028796,6028796,Normal Traffic
34283,30,1,6,6,6,6.0,0.0,6,6,6.0,0.0,400000.0,66666.6666666667,30.0,0.0,30,30,0,0.0,0.0,0,0,0,0.0,0.0,0,0,20,20,33333.3333333333,33333.3333333333,6,6,6.0,0.0,0.0,0,0,1,9.0,6,512,480,0,20,0.0,0,0,0.0,0,0,Normal Traffic
80,17104898,7,754,382,0,107.7142857,183.9798126,761,0,205.4285714,349.7598496,128.150428,0.818479011,1315761.385,3225323.388,10000000,49,10200000,1700419.167,4070275.152,10000000,4301,17100000,2845137.167,4460659.903,10000000,478,232,220,0.409239506,0.409239506,0,761,146.1333333,266.3753707,70955.8381,0,1,0,156.5714286,754,29200,5134,2,32,114704.0,193844,35564,8437745.0,10000000,6866819,Normal Traffic
53,229,2,86,43,43,43.0,0.0,99,99,99.0,0.0,1240174.67248908,17467.2489082969,76.3333333333,126.1520246898,222,3,3,3.0,0.0,3,3,4,4.0,0.0,4,4,88,88,8733.6244541485,8733.6244541485,43,99,65.4,30.6724632203,940.8,0,0,0,81.75,86,-1,-1,1,44,0.0,0,0,0.0,0,0,Normal Traffic
80,72027270,8,56,20,0,7.0,5.656854249,5840,0,2320.2,2436.833027,161.8414803,0.180487196,6002272.5,19900000.0,69200000,0,72000000,10300000.0,26000000.0,69200000,0,70314,17578.5,27679.48663,58390,185,172,112,0.111069044,0.069418152,0,5840,833.0714286,1774.906302,3150292.379,0,0,1,897.1538462,56,256,229,6,20,2767935.0,2767935,2767935,69200000.0,69200000,69200000,DDoS
53,216,2,76,38,38,38.0,0.0,90,90,90.0,0.0,1185185.185,18518.51852,72.0,119.5115057,210,3,3,3.0,0.0,3,3,3,3.0,0.0,3,3,40,40,9259.259259,9259.259259,38,90,58.8,28.48157299,811.2,0,0,0,73.5,76,-1,-1,1,20,0.0,0,0,0.0,0,0,Normal Traffic
80,85567017,6,375,375,0,62.5,153.0931089,4344,0,1932.5,1754.831473,139.8903505,0.140240953,7778819.727,25800000.0,85400000,0,85400000,17100000.0,38200000.0,85400000,0,145470,29094.0,57379.38215,131166,16,200,200,0.070120476,0.070120476,0,4344,920.7692308,1497.874113,2243626.859,0,0,1,997.5,375,274,235,1,32,4.0,4,4,85400000.0,85400000,85400000,DoS
443,115786883,26,857,378,0,32.96153846,82.61839058,2788,0,931.8888889,1000.590069,224.7059367,0.457737514,2226670.827,4136744.302,10000000,3,116000000,4631475.32,4989534.769,10000000,3,110000000,4242074.731,5043847.704,10000000,49,532,684,0.224550479,0.233187036,0,2788,481.8148148,837.1220256,700773.2858,0,1,0,490.9056604,857,8192,62,25,20,23448.33333,115105,15004,9625458.333,10000000,5477885,Normal Traffic
80,853646,3,26,20,0,8.666666667,10.26320288,5840,0,1934.5,2538.919278,13627.4287,10.54301197,106705.75,301420.0139,852682,3,797,398.5,487.1965722,743,54,853610,170722.0,381227.4039,852682,3,72,132,3.514337325,7.02867465,0,5840,1163.3,2138.329153,4572451.567,0,1,0,1292.555556,26,8192,229,2,20,0.0,0,0,0.0,0,0,DDoS
80,99456614,5,368,356,0,73.6,157.8949018,5792,0,1656.428571,2120.732252,120.2836043,0.120655626,9041510.364,29900000.0,99300000,6,99300000,24800000.0,49600000.0,99300000,6,99500000,16600000.0,40500000.0,99300000,44,144,232,0.050273177,0.070382448,0,5792,920.6923077,1715.089861,2941533.231,1,0,0,997.4166667,368,0,235,2,20,10007.0,10007,10007,99300000.0,99300000,99300000,DoS
80,30076170,7,1525,764,0,217.8571429,372.0629107,1418,0,564.6,593.2982387,144.5662795,0.398986972,2734197.273,9029989.921,30000000,80,30100000,5012695.0,12200000.0,30000000,340,78434,19608.5,22275.39588,40172,180,236,168,0.2327424,0.166244572,0,1418,334.4615385,475.2591601,225871.2692,0,1,0,362.3333333,1525,65535,356,2,32,0.0,0,0,0.0,0,0,Normal Traffic
53,31172,4,176,44,44,44.0,0.0,100,100,100.0,0.0,18478.12139,256.6405749,4453.142857,11685.89753,30954,1,30961,10320.33333,17869.27951,30954,3,68,22.66666667,34.96188401,63,1,104,80,128.3202874,128.3202874,44,100,68.88888889,29.51459149,871.1111111,0,0,0,77.5,176,-1,-1,3,20,0.0,0,0,0.0,0,0,Normal Traffic
53,509145,1,50,50,50,50.0,0.0,120,120,120.0,0.0,333.8930952872,3.9281540622,509145.0,0.0,509145,509145,0,0.0,0.0,0,0,0,0.0,0.0,0,0,20,32,1.9640770311,1.9640770311,50,120,73.3333333333,40.4145188433,1633.3333333333,0,0,0,110.0,50,-1,-1,0,20,0.0,0,0,0.0,0,0,Normal Traffic
80,98483674,5,338,326,0,67.6,144.4811406,5792,0,1656.428571,2426.931935,121.1672911,0.121847607,8953061.273,29700000.0,98500000,5,98500000,24600000.0,49200000.0,98500000,5,98500000,16400000.0,40200000.0,98500000,47,144,232,0.050769836,0.071077771,0,5792,918.3846154,1908.054661,3640672.59,1,0,0,994.9166667,338,0,235,2,20,11988.0,11988,11988,98500000.0,98500000,98500000,DoS
80,583327,3,26,20,0,8.666666667,10.26320288,5840,0,2320.2,2436.833027,19932.21641,13.71443461,83332.42857,218073.1435,577862,18,4843,2421.5,3031.366771,4565,278,583309,145827.25,288031.2971,577862,185,72,112,5.14291298,8.571521634,0,5840,1291.888889,2110.95076,4456113.111,0,1,0,1453.375,26,8192,229,2,20,0.0,0,0,0.0,0,0,DDoS
53,23672,2,82,41,41,41.0,0.0,106,106,106.0,0.0,12419.7364,168.9760054,7890.666667,13583.03112,23575,48,48,48.0,0.0,48,48,49,49.0,0.0,49,49,40,40,84.4880027,84.4880027,41,106,67.0,35.60196624,1267.5,0,0,0,83.75,82,-1,-1,1,20,0.0,0,0,0.0,0,0,Normal Traffic
53,145,2,74,37,37,37.0,0.0,53,53,53.0,0.0,1241379.31,27586.2069,48.33333333,78.51963661,139,3,3,3.0,0.0,3,3,3,3.0,0.0,3,3,40,40,13793.10345,13793.10345,37,53,43.4,8.76356092,76.8,0,0,0,54.25,74,-1,-1,1,20,0.0,0,0,0.0,0,0,Normal Traffic
53,239,2,66,33,33,33.0,0.0,165,165,165.0,0.0,1656903.76569038,16736.4016736402,79.6666666667,123.3463957047,222,4,13,13.0,0.0,13,13,4,4.0,0.0,4,4,40,40,8368.2008368201,8368.2008368201,33,165,85.8,72.2993775907,5227.2,0,0,0,107.25,66,-1,-1,1,20,0.0,0,0,0.0,0,0,Normal Traffic
53,89781,4,160,40,40,40.0,0.0,56,56,56.0,0.0,4277.074214,89.10571279,12825.85714,33798.28086,89473,3,89633,29877.66667,51743.5745,89626,3,89628,29876.0,51740.68775,89621,3,104,104,44.5528564,44.5528564,40,56,47.11111111,8.432740427,71.11111111,0,0,0,53.0,160,-1,-1,3,20,0.0,0,0,0.0,0,0,Normal Traffic
53114,4,2,0,0,0,0.0,0.0,0,0,0.0,0.0,0.0,500000.0,4.0,0.0,4,4,4,4.0,0.0,4,4,0,0.0,0.0,0,0,40,0,500000.0,0.0,0,0,0.0,0.0,0.0,1,0,0,0.0,0,0,-1,0,20,0.0,0,0,0.0,0,0,Normal Traffic
56294,82,2,0,0,0,0.0,0.0,0,0,0.0,0.0,0.0,36585.36585,41.0,52.32590181,78,4,4,4.0,0.0,4,4,0,0.0,0.0,0,0,64,32,24390.2439,12195.12195,0,0,0.0,0.0,0.0,0,0,1,0.0,0,122,33304,0,32,0.0,0,0,0.0,0,0,Normal Traffic
80,83598272,10,624,312,0,62.4,131.5507507,5792,0,1656.428571,2118.227235,146.1633083,0.203353486,5224892.0,20800000.0,83200000,0,83500000,9273404.333,27700000.0,83200000,0,355498,59249.66667,95102.65472,217924,46,328,232,0.119619697,0.083733788,0,5792,678.8333333,1495.633497,2236919.559,0,0,1,718.7647059,624,251,235,2,32,994.0,994,994,83200000.0,83200000,83200000,DoS
51555,183716,2,0,0,0,0.0,0.0,6,6,6.0,0.0,97.9773128089,27.2159202247,45929.0,91787.3368644426,183610,0,183716,183716.0,0.0,183716,183716,47,23.5,33.2340187158,47,0,64,60,10.8863680899,16.3295521348,0,6,3.0,3.286335345,10.8,0,0,1,3.6,0,115,0,0,32,0.0,0,0,0.0,0,0,Normal Traffic
53,742,2,98,49,49,49.0,0.0,114,114,114.0,0.0,439353.0997,5390.83558,247.3333333,424.0640675,737,2,3,3.0,0.0,3,3,2,2.0,0.0,2,2,64,64,2695.41779,2695.41779,49,114,75.0,35.60196624,1267.5,0,0,0,93.75,98,-1,-1,1,32,0.0,0,0,0.0,0,0,Normal Traffic
80,98739907,8,341,335,0,42.625,118.1559956,4344,0,1656.428571,1547.737688,120.8832413,0.151914261,7052850.5,26300000.0,98600000,1,98600000,14100000.0,37300000.0,98600000,1,149615,24935.83333,54741.32313,136184,47,252,232,0.081020939,0.070893322,0,4344,746.0,1285.489427,1652483.067,0,0,1,795.7333333,341,251,235,2,20,1995.0,1995,1995,98600000.0,98600000,98600000,DoS
443,198706,7,376,201,0,53.71428571,78.68653906,1460,0,701.6,731.5646246,19546.46563,60.39072801,18064.18182,33320.4932,85138,32,198706,33117.66667,42442.91423,90308,678,99680,24920.0,46448.74638,94511,49,152,112,35.22792467,25.16280334,0,1460,298.7692308,539.9757948,291573.859,0,1,0,323.6666667,376,8192,60,6,20,0.0,0,0,0.0,0,0,Normal Traffic
80,85086635,9,323,323,0,35.88888889,107.6666667,4344,0,1932.5,1754.831473,140.0690014,0.176290906,6077616.786,22700000.0,84900000,3,85000000,10600000.0,30000000.0,84900000,3,143480,28696.0,57574.12511,131277,15,296,200,0.105774544,0.070516363,0,4344,744.875,1391.196457,1935427.583,0,0,1,794.5333333,323,251,235,1,32,1559.0,1559,1559,84900000.0,84900000,84900000,DoS
80,10620,2,12,6,6,6.0,0.0,0,0,0.0,0.0,1129.943503,188.3239171,10620.0,0.0,10620,10620,10620,10620.0,0.0,10620,10620,0,0.0,0.0,0,0,40,0,188.3239171,0.0,6,6,6.0,0.0,0.0,0,0,1,9.0,12,16210,-1,1,20,0.0,0,0,0.0,0,0,Normal Traffic
80,67594707,6,346,346,0,57.66666667,141.2539085,5792,0,1932.5,2179.547086,176.6558438,0.177528693,6144973.364,20300000.0,67400000,2,67500000,13500000.0,30200000.0,67400000,2,151559,30311.8,60588.93154,138237,55,200,200,0.088764347,0.088764347,0,5792,918.5384615,1715.393862,2942576.103,0,0,1,995.0833333,346,251,235,1,32,6.0,6,6,67400000.0,67400000,67400000,DoS
52020,3,2,37,37,0,18.5,26.1629509,0,0,0.0,0.0,12300000.0,666666.6667,3.0,0.0,3,3,3,3.0,0.0,3,3,0,0.0,0.0,0,0,64,0,666666.6667,0.0,0,37,24.66666667,21.36195996,456.3333333,0,0,1,37.0,37,972,-1,0,32,0.0,0,0,0.0,0,0,Normal Traffic
51021,520019,2,0,0,0,0.0,0.0,0,0,0.0,0.0,0.0,3.846013319,520019.0,0.0,520019,520019,520019,520019.0,0.0,520019,520019,0,0.0,0.0,0,0,40,0,3.846013319,0.0,0,0,0.0,0.0,0.0,0,0,1,0.0,0,72,-1,0,20,0.0,0,0,0.0,0,0,Normal Traffic
443,60346202,13,839,442,0,64.53846154,130.5454042,1460,0,408.2857143,588.2860932,108.6232403,0.447418381,2321007.769,4280429.838,10000000,48,60300000,5028850.167,5219651.424,10100000,340,60300000,4638104.462,5192233.419,10100000,48,272,352,0.215423665,0.231994716,0,1460,234.1071429,453.6636329,205810.6918,0,1,0,242.7777778,839,8192,114,12,20,73576.66667,188923,50304,9984080.0,10000000,9923191,Normal Traffic
53,68897,1,49,49,49,49.0,0.0,114,114,114.0,0.0,2365.850472,29.02884015,68897.0,0.0,68897,68897,0,0.0,0.0,0,0,0,0.0,0.0,0,0,20,20,14.51442008,14.51442008,49,114,70.66666667,37.5277675,1408.333333,0,0,0,106.0,49,-1,-1,0,20,0.0,0,0,0.0,0,0,Normal Traffic
53,30364,2,66,33,33,33.0,0.0,49,49,49.0,0.0,5401.1329205638,131.734949282,10121.3333333333,17485.6440926073,30312,4,4,4.0,0.0,4,4,48,48.0,0.0,48,48,40,64,65.867474641,65.867474641,33,49,39.4,8.7635609201,76.8,0,0,0,49.25,66,-1,-1,1,20,0.0,0,0,0.0,0,0,Normal Traffic
80,86137938,6,366,354,0,61.0,143.5701919,5792,0,1656.428571,2429.118623,138.8586757,0.150920724,7178161.5,24500000.0,85100000,8,86100000,17200000.0,38000000.0,85100000,274,86100000,14400000.0,35200000.0,86100000,47,184,232,0.069655719,0.081265005,0,5792,854.7857143,1850.284726,3423553.566,1,0,0,920.5384615,366,0,235,2,20,11000.0,11000,11000,85100000.0,85100000,85100000,DoS
53,219,2,66,33,33,33.0,0.0,82,82,82.0,0.0,1050228.311,18264.84018,73.0,43.30127019,123,48,48,48.0,0.0,48,48,48,48.0,0.0,48,48,64,64,9132.420091,9132.420091,33,82,52.6,26.83840532,720.3,0,0,0,65.75,66,-1,-1,1,32,0.0,0,0,0.0,0,0,Normal Traffic
53,61596,2,70,35,35,35.0,0.0,175,175,175.0,0.0,6818.624586,64.93928177,20532.0,35518.30766,61545,2,2,2.0,0.0,2,2,49,49.0,0.0,49,49,64,80,32.46964089,32.46964089,35,175,91.0,76.68115805,5880.0,0,0,0,113.75,70,-1,-1,1,32,0.0,0,0,0.0,0,0,Normal Traffic
53,112767,2,68,34,34,34.0,0.0,88,88,88.0,0.0,2163.75358,35.47137017,37589.0,65100.86165,112761,3,3,3.0,0.0,3,3,3,3.0,0.0,3,3,64,40,17.73568509,17.73568509,34,88,55.6,29.57701811,874.8,0,0,0,69.5,68,-1,-1,1,32,0.0,0,0,0.0,0,0,Normal Traffic
80,58783,3,26,20,0,8.666666667,10.26320288,7215,0,2321.4,3327.769794,197897.3513,136.0937686,8397.571429,21938.60071,58149,5,437,218.5,239.7091988,388,49,58732,14683.0,28977.8878,58149,5,72,112,51.03516323,85.05860538,0,7215,1292.555556,2650.585648,7025604.278,0,1,0,1454.125,26,8192,229,2,20,0.0,0,0,0.0,0,0,DDoS
80,116464199,23,2247,429,0,97.69565217,178.5414224,796,0,221.4444444,366.6572726,53.51859244,0.352039514,2911604.975,4440526.673,10000000,65,116000000,5292256.864,4873905.259,10000000,34832,116000000,6848790.118,4482059.878,10000000,763,472,504,0.197485581,0.154553933,0,796,148.4047619,277.792962,77168.92973,0,1,0,152.0243902,2247,8192,296,22,20,593169.0909,6180364,34309,9991344.636,10000000,9901344,Normal Traffic
53,50542,2,86,43,43,43.0,0.0,110,110,110.0,0.0,6054.370622,79.14209964,16847.33333,29176.97322,50538,1,1,1.0,0.0,1,1,3,3.0,0.0,3,3,64,64,39.57104982,39.57104982,43,110,69.8,36.69741135,1346.7,0,0,0,87.25,86,-1,-1,1,32,0.0,0,0,0.0,0,0,Normal Traffic
49719,89,1,0,0,0,0.0,0.0,0,0,0.0,0.0,0.0,22471.91011,89.0,0.0,89,89,0,0.0,0.0,0,0,0,0.0,0.0,0,0,20,20,11235.95506,11235.95506,0,0,0.0,0.0,0.0,0,0,1,0.0,0,58,256,0,20,0.0,0,0,0.0,0,0,Normal Traffic
53,108790,1,47,47,47,47.0,0.0,109,109,109.0,0.0,1433.955327,18.38404265,108790.0,0.0,108790,108790,0,0.0,0.0,0,0,0,0.0,0.0,0,0,32,32,9.192021325,9.192021325,47,109,67.66666667,35.79571669,1281.333333,0,0,0,101.5,47,-1,-1,0,32,0.0,0,0,0.0,0,0,Normal Traffic
2557,64,1,0,0,0,0.0,0.0,6,6,6.0,0.0,93750.0,31250.0,64.0,0.0,64,64,0,0.0,0.0,0,0,0,0.0,0.0,0,0,40,20,15625.0,15625.0,0,6,2.0,3.464101615,12.0,0,1,0,3.0,0,29200,0,0,40,0.0,0,0,0.0,0,0,Port Scanning
53,61772,1,46,46,46,46.0,0.0,104,104,104.0,0.0,2428.28466,32.3771288,61772.0,0.0,61772,61772,0,0.0,0.0,0,0,0,0.0,0.0,0,0,20,20,16.1885644,16.1885644,46,104,65.33333333,33.48631561,1121.333333,0,0,0,98.0,46,-1,-1,0,20,0.0,0,0,0.0,0,0,Normal Traffic
443,6001133,8,397,216,0,49.625,79.22470304,1460,0,502.1666667,742.1731379,568.2260333,2.332892805,461625.6154,1604824.218,5802327,48,6001133,857304.7143,2180747.368,5802327,48,122436,24487.2,31951.45873,62255,217,172,132,1.333081603,0.999811202,0,1460,227.3333333,503.9531819,253968.8095,0,1,0,243.5714286,397,8192,119,7,20,198758.0,198758,198758,5802327.0,5802327,5802327,Normal Traffic
443,116147893,21,960,373,0,45.71428571,112.2230559,1674,0,303.6842105,598.5963259,57.94336708,0.344388512,2978151.103,4521208.935,10100000,3,116000000,5807394.65,5037985.373,10200000,3,113000000,6279027.667,5095659.189,10200000,49,680,616,0.180803969,0.163584543,0,1674,164.1463415,429.913803,184825.878,0,1,0,168.25,960,29200,22987,4,32,213663.9091,706876,164167,10100000.0,10100000,9979988,Normal Traffic
7019,74,1,2,2,2,2.0,0.0,6,6,6.0,0.0,108108.1081,27027.02703,74.0,0.0,74,74,0,0.0,0.0,0,0,0,0.0,0.0,0,0,24,20,13513.51351,13513.51351,2,6,3.333333333,2.309401077,5.333333333,0,1,0,5.0,2,1024,0,0,24,0.0,0,0,0.0,0,0,Port Scanning
53,259,2,84,42,42,42.0,0.0,107,107,107.0,0.0,1150579.151,15444.01544,86.33333333,106.0487309,206,4,4,4.0,0.0,4,4,49,49.0,0.0,49,49,40,40,7722.007722,7722.007722,42,107,68.0,35.60196624,1267.5,0,0,0,85.0,84,-1,-1,1,20,0.0,0,0,0.0,0,0,Normal Traffic
39500,107,1,0,0,0,0.0,0.0,0,0,0.0,0.0,0.0,18691.5887850467,107.0,0.0,107,107,0,0.0,0.0,0,0,0,0.0,0.0,0,0,32,32,9345.7943925234,9345.7943925234,0,0,0.0,0.0,0.0,0,0,1,0.0,0,131,1059,0,32,0.0,0,0,0.0,0,0,Normal Traffic
53,340,2,66,33,33,33.0,0.0,109,109,109.0,0.0,835294.1176,11764.70588,113.3333333,194.5670407,338,1,1,1.0,0.0,1,1,1,1.0,0.0,1,1,64,64,5882.352941,5882.352941,33,109,63.4,41.62691437,1732.8,0,0,0,79.25,66,-1,-1,1,32,0.0,0,0,0.0,0,0,Normal Traffic
80,1641808,3,26,20,0,8.666666667,10.26320288,10135,0,2321.4,4413.201989,7085.481372,4.872676951,234544.0,619868.2806,1640273,5,1290,645.0,8.485281374,651,639,1641757,410439.25,819889.3599,1640273,5,72,112,1.827253857,3.045423095,0,10135,1292.555556,3350.634907,11200000.0,0,1,0,1454.125,26,8192,229,2,20,0.0,0,0,0.0,0,0,DDoS
80,65,2,12,6,6,6.0,0.0,0,0,0.0,0.0,184615.3846,30769.23077,65.0,0.0,65,65,65,65.0,0.0,65,65,0,0.0,0.0,0,0,40,0,30769.23077,0.0,6,6,6.0,0.0,0.0,0,0,1,9.0,12,259,-1,1,20,0.0,0,0,0.0,0,0,Normal Traffic
443,777700,6,308,226,0,51.33333333,88.12188529,145,0,36.25,72.5,582.4868201,12.8584287,86411.11111,95498.688,246818,3,777700,155540.0,133097.8341,320841,49,493112,164370.6667,151177.4786,297467,3,132,92,7.71505722,5.14337148,0,226,41.18181818,75.50340149,5700.763636,0,1,0,45.3,308,8192,110,3,20,0.0,0,0,0.0,0,0,Normal Traffic
53,246,2,78,39,39,39.0,0.0,243,243,243.0,0.0,2292682.92682927,16260.162601626,82.0,101.1484058204,196,3,3,3.0,0.0,3,3,47,47.0,0.0,47,47,64,64,8130.081300813,8130.081300813,39,243,120.6,111.7354017311,12484.8,0,0,0,150.75,78,-1,-1,1,32,0.0,0,0,0.0,0,0,Normal Traffic
39042,194,2,12,6,6,6.0,0.0,0,0,0.0,0.0,61855.6701,10309.27835,194.0,0.0,194,194,194,194.0,0.0,194,194,0,0.0,0.0,0,0,40,0,10309.27835,0.0,6,6,6.0,0.0,0.0,0,0,1,9.0,12,32,-1,1,20,0.0,0,0,0.0,0,0,Normal Traffic
43440,236,2,193,187,6,96.5,127.9863274,0,0,0.0,0.0,817796.6102,8474.576271,236.0,0.0,236,236,236,236.0,0.0,236,236,0,0.0,0.0,0,0,40,0,8474.576271,0.0,6,187,66.33333333,104.5003987,10920.33333,0,0,1,99.5,193,36,-1,1,20,0.0,0,0,0.0,0,0,Normal Traffic
57418,36,1,0,0,0,0.0,0.0,0,0,0.0,0.0,0.0,55555.5555555556,36.0,0.0,36,36,0,0.0,0.0,0,0,0,0.0,0.0,0,0,32,32,27777.7777777778,27777.7777777778,0,0,0.0,0.0,0.0,0,0,1,0.0,0,8192,33304,0,32,0.0,0,0,0.0,0,0,Normal Traffic
443,176,2,0,0,0,0.0,0.0,0,0,0.0,0.0,0.0,11363.63636,176.0,0.0,176,176,176,176.0,0.0,176,176,0,0.0,0.0,0,0,64,0,11363.63636,0.0,0,0,0.0,0.0,0.0,0,0,1,0.0,0,481,-1,0,32,0.0,0,0,0.0,0,0,Normal Traffic
53,228,2,46,23,23,23.0,0.0,23,23,23.0,0.0,403508.7719,17543.85965,76.0,40.1497198,122,48,48,48.0,0.0,48,48,58,58.0,0.0,58,58,64,64,8771.929825,8771.929825,23,23,23.0,0.0,0.0,0,0,0,28.75,46,-1,-1,1,32,0.0,0,0,0.0,0,0,Normal Traffic
35784,30,1,0,0,0,0.0,0.0,0,0,0.0,0.0,0.0,66666.6666666667,30.0,0.0,30,30,0,0.0,0.0,0,0,0,0.0,0.0,0,0,32,32,33333.3333333333,33333.3333333333,0,0,0.0,0.0,0.0,0,0,1,0.0,0,118,244,0,32,0.0,0,0,0.0,0,0,Normal Traffic
57434,26,1,6,6,6,6.0,0.0,6,6,6.0,0.0,461538.4615,76923.07692,26.0,0.0,26,26,0,0.0,0.0,0,0,0,0.0,0.0,0,0,20,20,38461.53846,38461.53846,6,6,6.0,0.0,0.0,0,0,1,9.0,6,114,253,0,20,0.0,0,0,0.0,0,0,Normal Traffic
443,5129429,9,370,189,0,41.11111111,68.45700191,1624,0,728.5,759.9898496,1208.321628,3.314209047,320589.3125,1179835.794,4742460,2,5129429,641178.625,1658373.217,4742460,2,336118,48016.85714,60382.86009,147636,91,204,172,1.75458126,1.559627787,0,1624,344.3333333,604.2649399,365136.1176,0,1,0,364.5882353,370,8192,62,7,20,0.0,0,0,0.0,0,0,Normal Traffic
53007,4,2,0,0,0,0.0,0.0,0,0,0.0,0.0,0.0,500000.0,4.0,0.0,4,4,4,4.0,0.0,4,4,0,0.0,0.0,0,0,64,0,500000.0,0.0,0,0,0.0,0.0,0.0,0,0,1,0.0,0,4171,-1,0,32,0.0,0,0,0.0,0,0,Normal Traffic
53,200,2,96,48,48,48.0,0.0,64,64,64.0,0.0,1120000.0,20000.0,66.66666667,30.59956427,102,49,49,49.0,0.0,49,49,49,49.0,0.0,49,49,40,40,10000.0,10000.0,48,64,54.4,8.76356092,76.8,0,0,0,68.0,96,-1,-1,1,20,0.0,0,0,0.0,0,0,Normal Traffic
53,30622,1,49,49,49,49.0,0.0,65,65,65.0,0.0,3722.813663,65.31252041,30622.0,0.0,30622,30622,0,0.0,0.0,0,0,0,0.0,0.0,0,0,20,20,32.65626021,32.65626021,49,65,54.33333333,9.237604307,85.33333333,0,0,0,81.5,49,-1,-1,0,20,0.0,0,0,0.0,0,0,Normal Traffic
80,51467,3,26,20,0,8.666666667,10.26320288,7300,0,2900.25,3563.297197,225911.7493,136.0094818,8577.833333,13793.93892,32128,3,19034,9517.0,13454.82783,19031,3,51425,17141.66667,16088.9469,32128,140,72,92,58.28977792,77.71970389,0,7300,1453.375,2798.956588,7834157.982,0,1,0,1661.0,26,8192,229,2,20,0.0,0,0,0.0,0,0,DDoS
53,166,2,98,49,49,49.0,0.0,126,126,126.0,0.0,2108433.735,24096.38554,55.33333333,55.36545253,114,4,4,4.0,0.0,4,4,48,48.0,0.0,48,48,64,64,12048.19277,12048.19277,49,126,79.8,42.17463693,1778.7,0,0,0,99.75,98,-1,-1,1,32,0.0,0,0,0.0,0,0,Normal Traffic
53,148,2,90,45,45,45.0,0.0,61,61,61.0,0.0,1432432.432,27027.02703,49.33333333,79.38723659,141,3,3,3.0,0.0,3,3,4,4.0,0.0,4,4,40,40,13513.51351,13513.51351,45,61,51.4,8.76356092,76.8,0,0,0,64.25,90,-1,-1,1,20,0.0,0,0,0.0,0,0,Normal Traffic
443,10424204,32,678,410,0,21.1875,81.00674504,4344,0,1655.317073,984.8965286,6575.657959,7.00293279,144780.6111,1165374.679,9893994,9,530076,17099.22581,45305.42161,241223,205,10400000,259229.15,1562896.157,9893994,43,1032,1320,3.069778757,3.933154033,0,4344,926.2972973,1097.117777,1203667.417,0,1,0,938.9863014,678,29200,486,3,32,530167.0,530167,530167,9893994.0,9893994,9893994,Normal Traffic
443,326085,15,974,469,0,64.9333333333,134.2659762596,1581,0,741.9,747.3777046001,25738.6877654599,76.6671266694,13586.875,25997.1469510097,86073,1,326085,23291.7857142857,31058.8642349641,86161,1,259478,28830.8888888889,45610.1076172937,116178,2,492,328,46.0002760017,30.6668506678,0,1581,322.8076923077,570.5302810005,325504.801538462,0,1,0,335.72,974,65535,179,6,32,0.0,0,0,0.0,0,0,Normal Traffic
53,201,2,64,32,32,32.0,0.0,48,48,48.0,0.0,796019.900497512,19900.4975124378,67.0,75.6240702422,150,2,2,2.0,0.0,2,2,49,49.0,0.0,49,49,64,64,9950.2487562189,9950.2487562189,32,48,38.4,8.7635609201,76.8,0,0,0,48.0,64,-1,-1,1,32,0.0,0,0,0.0,0,0,Normal Traffic
53,54839,4,136,34,34,34.0,0.0,84,84,84.0,0.0,8607.013257,145.8815806,7834.142857,18028.35214,48375,3,54676,18225.33333,31562.00717,54670,3,6461,2153.666667,3686.161463,6410,3,104,80,72.94079031,72.94079031,34,84,56.22222222,26.35231383,694.4444444,0,0,0,63.25,136,-1,-1,3,20,0.0,0,0,0.0,0,0,Normal Traffic
443,32833803,17,2840,725,0,167.0588235,263.4740193,2077,0,540.7272727,692.9542129,448.8057628,1.187800268,864047.4474,2721797.081,10100000,3,32400000,2023857.0,4020713.096,10100000,329,32700000,1556900.048,3608383.538,10200000,3,364,500,0.517759091,0.670041177,0,2077,368.4,570.0380014,324943.3231,0,1,0,377.8461538,2840,8192,672,15,20,772873.3333,2035089,138805,10000000.0,10100000,9999878,Normal Traffic
53,48151,1,70,70,70,70.0,0.0,102,102,102.0,0.0,3572.096114,41.53600133,48151.0,0.0,48151,48151,0,0.0,0.0,0,0,0,0.0,0.0,0,0,20,20,20.76800066,20.76800066,70,102,80.66666667,18.47520861,341.3333333,0,0,0,121.0,70,-1,-1,0,20,0.0,0,0,0.0,0,0,Normal Traffic
53,23369,1,52,52,52,52.0,0.0,68,68,68.0,0.0,5135.007916,85.58346527,23369.0,0.0,23369,23369,0,0.0,0.0,0,0,0,0.0,0.0,0,0,20,32,42.79173264,42.79173264,52,68,57.33333333,9.237604307,85.33333333,0,0,0,86.0,52,-1,-1,0,20,0.0,0,0,0.0,0,0,Normal Traffic
53,604059,1,51,51,51,51.0,0.0,67,67,67.0,0.0,195.3451567,3.310934859,604059.0,0.0,604059,604059,0,0.0,0.0,0,0,0,0.0,0.0,0,0,32,32,1.65546743,1.65546743,51,67,56.33333333,9.237604307,85.33333333,0,0,0,84.5,51,-1,-1,0,32,0.0,0,0,0.0,0,0,Normal Traffic
443,6307,5,37,37,0,7.4,16.5469030335,0,0,0.0,0.0,5866.4975424132,792.7699381639,1576.75,3030.6881919239,6121,1,6307,1576.75,3030.6881919239,6121,1,0,0.0,0.0,0,0,160,0,792.7699381639,0.0,0,37,6.1666666667,15.1051867472,228.1666666667,0,0,1,7.4,37,33181,-1,1,32,0.0,0,0,0.0,0,0,Normal Traffic
443,1819760,8,2060,1393,0,257.5,491.8344669,2221,0,968.2,824.6845592,6452.499231,9.891414252,107044.7059,173845.2221,653961,3,1664878,237839.7143,217534.3216,653961,1765,1668082,185342.4444,320983.1448,890882,3,172,212,4.396184112,5.49523014,0,2221,618.0,762.388644,581236.4444,0,1,0,652.3333333,2060,8192,145,7,20,0.0,0,0,0.0,0,0,Normal Traffic
53,148,2,60,30,30,30.0,0.0,46,46,46.0,0.0,1027027.027,27027.02703,49.33333333,80.25168742,142,3,3,3.0,0.0,3,3,3,3.0,0.0,3,3,40,40,13513.51351,13513.51351,30,46,36.4,8.76356092,76.8,0,0,0,45.5,60,-1,-1,1,20,0.0,0,0,0.0,0,0,Normal Traffic
80,10997,2,12,6,6,6.0,0.0,0,0,0.0,0.0,1091.206693,272.8016732,5498.5,7757.668496,10984,13,10997,10997.0,0.0,10997,10997,0,0.0,0.0,0,0,40,32,181.8677821,90.93389106,0,6,4.5,3.0,9.0,1,0,0,6.0,12,0,235,1,20,0.0,0,0,0.0,0,0,DoS
8080,101,1,2,2,2,2.0,0.0,6,6,6.0,0.0,79207.92079,19801.9802,101.0,0.0,101,101,0,0.0,0.0,0,0,0,0.0,0.0,0,0,24,20,9900.990099,9900.990099,2,6,3.333333333,2.309401077,5.333333333,0,1,0,5.0,2,1024,0,0,24,0.0,0,0,0.0,0,0,Port Scanning
80,36457,3,26,20,0,8.666666667,10.26320288,4380,0,1933.5,1757.789948,318923.6635,246.8661711,4557.125,11139.49907,32023,16,3276,1638.0,2173.646245,3175,101,36142,7228.4,13915.5327,32023,16,72,132,82.2887237,164.5774474,0,4380,1162.7,1645.241762,2706820.456,0,1,0,1291.888889,26,8192,229,2,20,0.0,0,0,0.0,0,0,DDoS
443,8199859,34,919,245,0,27.0294117647,55.693688938,2920,0,1354.387755102,622.3615581104,8205.5069483512,10.1221252707,99998.2804878049,887958.152644598,8042577,1,8199859,248480.575757576,1399207.20304627,8042577,1,126144,2628.0,7027.2066694006,33723,3,692,992,4.1464127615,5.9757125092,0,2920,801.0,811.8748642375,659140.795180723,0,1,0,810.6506024096,919,8192,123,33,20,0.0,0,0,0.0,0,0,Normal Traffic
80,5182561,3,12,6,0,4.0,3.464101615,0,0,0.0,0.0,2.315457551,0.771819184,1727520.333,2978926.272,5167277,73,5182561,2591280.5,3643009.187,5167277,15284,0,0.0,0.0,0,0,72,32,0.578864388,0.192954796,0,6,2.4,3.286335345,10.8,0,1,0,3.0,12,8192,29200,2,20,0.0,0,0,0.0,0,0,Normal Traffic
53,72336,2,78,39,39,39.0,0.0,64,64,64.0,0.0,2847.821278,55.29750055,24112.0,41758.87897,72331,1,1,1.0,0.0,1,1,4,4.0,0.0,4,4,64,64,27.64875028,27.64875028,39,64,49.0,13.69306394,187.5,0,0,0,61.25,78,-1,-1,1,32,0.0,0,0,0.0,0,0,Normal Traffic
53,51610178,2,99,54,45,49.5,6.363961031,114,101,107.5,9.192388155,6.084071247,0.077504092,17200000.0,29700000.0,51500000,30388,51600000,51600000.0,0.0,51600000,51600000,51600000,51600000.0,0.0,51600000,51600000,52,72,0.038752046,0.038752046,45,114,71.8,33.11646116,1096.7,0,0,0,89.75,99,-1,-1,1,20,30937.0,30937,30937,51500000.0,51500000,51500000,Normal Traffic
21,8776384,9,107,23,0,11.88888889,9.545214042,34,0,12.53333333,14.54975045,33.61293216,2.73461143,381581.913,971094.9607,3048041,1,5943484,742935.5,1330178.581,3091828,326,8776296,626878.2857,1195960.195,3048041,1,296,488,1.025479286,1.709132144,0,34,11.8,12.64911064,160.0,0,1,0,12.29166667,107,29200,227,6,32,0.0,0,0,0.0,0,0,Brute Force
443,202843,19,883,223,0,46.47368421,71.55213206,4096,0,1438.315789,1224.309785,139078.0061,187.3370045,5482.243243,10111.81107,28815,0,202843,11269.05556,16938.43441,52293,11,167775,9320.833333,16386.72297,52968,91,392,392,93.66850224,93.66850224,0,4096,723.3589744,1100.402139,1210884.868,0,1,0,742.3947368,883,8192,1013,18,20,0.0,0,0,0.0,0,0,Normal Traffic
53,134213,2,92,46,46,46.0,0.0,174,174,174.0,0.0,3278.370948,29.80337225,44737.66667,77482.71553,134207,3,3,3.0,0.0,3,3,3,3.0,0.0,3,3,40,64,14.90168613,14.90168613,46,174,97.2,70.10848736,4915.2,0,0,0,121.5,92,-1,-1,1,20,0.0,0,0,0.0,0,0,Normal Traffic
53,33084,2,66,33,33,33.0,0.0,89,89,89.0,0.0,7375.166244,120.9043646,11028.0,19056.90229,33033,3,3,3.0,0.0,3,3,48,48.0,0.0,48,48,64,40,60.45218232,60.45218232,33,89,55.4,30.67246322,940.8,0,0,0,69.25,66,-1,-1,1,32,0.0,0,0,0.0,0,0,Normal Traffic
58439,4,2,37,37,0,18.5,26.1629509,0,0,0.0,0.0,9250000.0,500000.0,4.0,0.0,4,4,4,4.0,0.0,4,4,0,0.0,0.0,0,0,64,0,500000.0,0.0,0,37,24.66666667,21.36195996,456.3333333,0,0,1,37.0,37,972,-1,0,32,0.0,0,0,0.0,0,0,Normal Traffic
53,23733,2,70,35,35,35.0,0.0,67,67,67.0,0.0,8595.626343,168.541693,7911.0,13696.19177,23726,3,3,3.0,0.0,3,3,4,4.0,0.0,4,4,64,40,84.2708465,84.2708465,35,67,47.8,17.52712184,307.2,0,0,0,59.75,70,-1,-1,1,32,0.0,0,0,0.0,0,0,Normal Traffic
80,115906223,16,522,438,0,32.625,108.1103602806,979,0,70.3571428571,261.530291566,13.0018903299,0.2588299336,3996766.31034483,4870944.00879994,10000882,79,115906223,7727081.53333333,4124977.44076945,10030551,184,110360892,8489299.38461538,3759784.54544828,10030531,5636,332,424,0.1380426312,0.1207873023,0,979,48.6129032258,189.522677169,35918.8451612903,0,1,0,50.2333333333,522,8192,119,15,20,45988.6363636364,210047,29407,9986841.27272727,10000882,9854530,Normal Traffic
443,1956,2,12,6,6,6.0,0.0,0,0,0.0,0.0,6134.9693251534,1022.4948875256,1956.0,0.0,1956,1956,1956,1956.0,0.0,1956,1956,0,0.0,0.0,0,0,40,0,1022.4948875256,0.0,6,6,6.0,0.0,0.0,0,0,1,9.0,12,16222,-1,1,20,0.0,0,0,0.0,0,0,Normal Traffic
48648,49,2,12,6,6,6.0,0.0,0,0,0.0,0.0,244897.9592,40816.32653,49.0,0.0,49,49,49,49.0,0.0,49,49,0,0.0,0.0,0,0,40,0,40816.32653,0.0,6,6,6.0,0.0,0.0,1,0,0,9.0,12,0,-1,1,20,0.0,0,0,0.0,0,0,Normal Traffic
443,4244738,5,123,46,0,24.6,23.27659769,46,46,46.0,0.0,39.8140003,1.413514804,848947.6,1870995.283,4195778,4,4244738,1061184.5,2089785.081,4195778,4,0,0.0,0.0,0,0,160,32,1.177929003,0.235585801,0,46,30.71428571,21.68497395,470.2380952,0,0,1,35.83333333,123,821,370,2,32,0.0,0,0,0.0,0,0,Normal Traffic
58363,2681,2,12,6,6,6.0,0.0,0,0,0.0,0.0,4475.941813,745.9903021,2681.0,0.0,2681,2681,2681,2681.0,0.0,2681,2681,0,0.0,0.0,0,0,40,0,745.9903021,0.0,6,6,6.0,0.0,0.0,0,0,1,9.0,12,26280,-1,1,20,0.0,0,0,0.0,0,0,Normal Traffic
53,246,2,86,43,43,43.0,0.0,126,126,126.0,0.0,1373983.74,16260.1626,82.0,140.2961154,244,1,1,1.0,0.0,1,1,1,1.0,0.0,1,1,64,80,8130.081301,8130.081301,43,126,76.2,45.46097227,2066.7,0,0,0,95.25,86,-1,-1,1,32,0.0,0,0,0.0,0,0,Normal Traffic
443,4158336,5,135,46,6,27.0,20.1246118,46,46,46.0,0.0,43.5270262,1.442884846,831667.2,1806079.563,4062197,4,4158336,1039584.0,2015545.185,4062197,4,0,0.0,0.0,0,0,100,20,1.202404039,0.240480808,6,46,32.42857143,18.86670032,355.952381,0,0,1,37.83333333,135,258,502,4,20,0.0,0,0,0.0,0,0,Normal Traffic
465,2851464,17,1330,362,0,78.23529412,85.62967463,1430,0,188.3333333,410.2746341,2051.577716,14.37857886,71286.6,151732.6129,801333,3,2802034,175127.125,232755.8639,862109,15939,2802396,121843.3043,217276.8598,801333,3,352,492,5.961849773,8.416729091,0,1430,139.2857143,317.3556354,100714.5993,0,1,0,142.6829268,1330,8192,176,12,20,0.0,0,0,0.0,0,0,Normal Traffic
80,100047109,6,309,291,0,51.5,117.367372,4344,0,1656.428571,2118.227235,118.9839479,0.129938787,8337259.083,28800000.0,99900000,12,99900000,20000000.0,44700000.0,99900000,12,100000000,16700000.0,40800000.0,99900000,36,164,232,0.059971748,0.069967039,0,4344,850.7142857,1665.958418,2775417.451,1,0,0,916.1538462,309,0,235,3,20,11007.0,11007,11007,99900000.0,99900000,99900000,DoS
443,68357242,380,8891,1192,0,23.39736842,162.0939579,4344,0,1939.190092,794.0780757,24753.89513,18.25702681,54817.35525,690754.5255,10200000,0,58700000,154816.7731,1145758.982,10200000,3,68300000,78825.61361,828726.0014,10200000,1,12204,27784,5.5590306,12.69799621,0,4344,1354.770216,1106.69646,1224777.054,0,1,0,1355.855769,8891,29200,183,9,32,2068473.0,4539172,15257,9666638.4,10200000,7789413,Normal Traffic
9003,49,2,4,2,2,2.0,0.0,0,0,0.0,0.0,81632.65306,40816.32653,49.0,0.0,49,49,49,49.0,0.0,49,49,0,0.0,0.0,0,0,48,0,40816.32653,0.0,2,2,2.0,0.0,0.0,0,1,0,3.0,4,1024,-1,1,24,0.0,0,0,0.0,0,0,Normal Traffic
2811,13,1,0,0,0,0.0,0.0,6,6,6.0,0.0,461538.4615,153846.1538,13.0,0.0,13,13,0,0.0,0.0,0,0,0,0.0,0.0,0,0,40,20,76923.07692,76923.07692,0,6,2.0,3.464101615,12.0,0,1,0,3.0,0,29200,0,0,40,0.0,0,0,0.0,0,0,Port Scanning
0,20498272,8,0,0,0,0.0,0.0,0,0,0.0,0.0,0.0,0.7805536,1366551.467,2828958.023,6832658,3,20500000,2928314.0,3652217.121,6832762,4,20500000,2928308.286,3652238.056,6832769,3,0,0,0.3902768,0.3902768,0,0,0.0,0.0,0.0,0,0,0,0.0,0,-1,-1,0,0,113.6666667,117,110,6832617.667,6832658,6832543,Normal Traffic
80,98957004,6,373,355,0,62.16666667,143.4885594,7240,0,1932.5,3126.682571,120.9414141,0.121264787,8996091.273,29800000.0,98800000,35,98800000,19800000.0,44200000.0,98800000,1014,99000000,19800000.0,44200000.0,98800000,64,164,200,0.060632393,0.060632393,0,7240,921.0769231,2243.235218,5032104.244,1,0,0,997.8333333,373,0,235,3,20,16993.0,16993,16993,98800000.0,98800000,98800000,DoS
53,24001,2,56,28,28,28.0,0.0,123,123,123.0,0.0,12582.8090496229,166.6597225116,8000.3333333333,13851.7876583975,23995,3,3,3.0,0.0,3,3,3,3.0,0.0,3,3,64,64,83.3298612558,83.3298612558,28,123,66.0,52.033642963,2707.5,0,0,0,82.5,56,-1,-1,1,32,0.0,0,0,0.0,0,0,Normal Traffic
53,24190,1,46,46,46,46.0,0.0,74,74,74.0,0.0,4960.727573,82.67879289,24190.0,0.0,24190,24190,0,0.0,0.0,0,0,0,0.0,0.0,0,0,32,32,41.33939644,41.33939644,46,74,55.33333333,16.16580754,261.3333333,0,0,0,83.0,46,-1,-1,0,32,0.0,0,0,0.0,0,0,Normal Traffic
50360,78,1,0,0,0,0.0,0.0,0,0,0.0,0.0,0.0,25641.0256410256,78.0,0.0,78,78,0,0.0,0.0,0,0,0,0.0,0.0,0,0,32,32,12820.5128205128,12820.5128205128,0,0,0.0,0.0,0.0,0,0,1,0.0,0,179,32832,0,32,0.0,0,0,0.0,0,0,Normal Traffic
56361,18,3,0,0,0,0.0,0.0,0,0,0.0,0.0,0.0,166666.6667,9.0,8.485281374,15,3,18,9.0,8.485281374,15,3,0,0.0,0.0,0,0,96,0,166666.6667,0.0,0,0,0.0,0.0,0.0,0,0,1,0.0,0,395,-1,0,32,0.0,0,0,0.0,0,0,Normal Traffic
80,84224801,10,333,333,0,33.3,105.3038461,5792,0,1656.428571,2118.227235,141.6209936,0.201840786,5264050.063,20800000.0,83100000,1,84100000,9349178.667,27700000.0,83100000,1,95024,15837.33333,32661.07034,81686,14,336,232,0.118729874,0.083110912,0,5792,662.6666667,1501.650269,2254953.529,0,0,1,701.6470588,333,274,235,1,32,29964.0,29964,29964,83100000.0,83100000,83100000,DoS
80,85664266,8,351,351,0,43.875,124.0972401,7240,0,1932.5,2695.639126,139.4513787,0.163428704,6589558.923,23700000.0,85500000,0,85500000,12200000.0,32300000.0,85500000,0,165624,33124.8,66834.29144,152265,83,264,200,0.093387831,0.070040873,0,7240,796.4,1877.481132,3524935.4,0,0,1,853.2857143,351,251,235,1,32,1002.0,1002,1002,85500000.0,85500000,85500000,DoS
53,24269,2,74,37,37,37.0,0.0,139,139,139.0,0.0,14504.09988,164.8193168,8089.666667,14009.11569,24266,0,0,0.0,0.0,0,0,3,3.0,0.0,3,3,64,64,82.40965841,82.40965841,37,139,77.8,55.86770087,3121.2,0,0,0,97.25,74,-1,-1,1,32,0.0,0,0,0.0,0,0,Normal Traffic
39165,199,2,0,0,0,0.0,0.0,0,0,0.0,0.0,0.0,10050.25126,199.0,0.0,199,199,199,199.0,0.0,199,199,0,0.0,0.0,0,0,64,0,10050.25126,0.0,0,0,0.0,0.0,0.0,0,0,1,0.0,0,6299,-1,0,32,0.0,0,0,0.0,0,0,Normal Traffic
53,23391,1,58,58,58,58.0,0.0,139,139,139.0,0.0,8422.042666,85.50297123,23391.0,0.0,23391,23391,0,0.0,0.0,0,0,0,0.0,0.0,0,0,20,20,42.75148561,42.75148561,58,139,85.0,46.7653718,2187.0,0,0,0,127.5,58,-1,-1,0,20,0.0,0,0,0.0,0,0,Normal Traffic
53,31664,2,68,34,34,34.0,0.0,138,138,138.0,0.0,10864.07276,126.3264275,10554.66667,18237.93216,31614,2,2,2.0,0.0,2,2,48,48.0,0.0,48,48,64,64,63.16321374,63.16321374,34,138,75.6,56.96314598,3244.8,0,0,0,94.5,68,-1,-1,1,32,0.0,0,0,0.0,0,0,Normal Traffic
53,105468,1,45,45,45,45.0,0.0,87,87,87.0,0.0,1251.5644555695,18.9630978117,105468.0,0.0,105468,105468,0,0.0,0.0,0,0,0,0.0,0.0,0,0,20,20,9.4815489058,9.4815489058,45,87,59.0,24.248711306,588.0,0,0,0,88.5,45,-1,-1,0,20,0.0,0,0,0.0,0,0,Normal Traffic
56302,6288113,1,6,6,6,6.0,0.0,6,6,6.0,0.0,6.679269282,1.113211547,1048018.833,2549383.51,6251849,1,0,0.0,0.0,0,0,6287896,1257579.2,2791922.053,6251849,1,20,120,0.159030221,0.954181326,6,6,6.0,0.0,0.0,0,0,1,6.857142857,6,229,0,0,20,36264.0,36264,36264,6251849.0,6251849,6251849,Normal Traffic
53,114360,1,41,41,41,41.0,0.0,106,106,106.0,0.0,1285.4144805876,17.4886323889,114360.0,0.0,114360,114360,0,0.0,0.0,0,0,0,0.0,0.0,0,0,32,20,8.7443161945,8.7443161945,41,106,62.6666666667,37.5277674973,1408.3333333333,0,0,0,94.0,41,-1,-1,0,32,0.0,0,0,0.0,0,0,Normal Traffic
80,85042566,7,353,329,0,50.42857143,122.8710125,8688,0,1932.5,3506.021777,140.4943496,0.152864625,7086880.5,24500000.0,84900000,0,84900000,14100000.0,34600000.0,84900000,0,85000000,17000000.0,37900000.0,84900000,191,184,200,0.082311721,0.070552904,0,8688,853.8571429,2382.140177,5674591.824,1,0,0,919.5384615,353,0,235,4,20,9988.0,9988,9988,84900000.0,84900000,84900000,DoS
80,86414360,5,351,345,0,70.2,153.6398386,11595,0,2898.75,5797.5,138.2409127,0.104149357,10800000.0,30100000.0,85400000,4,86400000,21600000.0,42500000.0,85400000,366,2165,721.6666667,873.3076968,1694,4,164,136,0.057860754,0.046288603,0,11595,1195.2,3655.712297,13400000.0,1,0,0,1328.0,351,0,235,1,20,0.0,0,0,85400000.0,85400000,85400000,DoS
53,192,2,68,34,34,34.0,0.0,72,72,72.0,0.0,1104166.66666667,20833.3333333333,64.0,26.8514431642,95,48,49,49.0,0.0,49,49,48,48.0,0.0,48,48,64,64,10416.6666666667,10416.6666666667,34,72,49.2,20.8134571852,433.2,0,0,0,61.5,68,-1,-1,1,32,0.0,0,0,0.0,0,0,Normal Traffic
53,85353961,2,100,56,44,50.0,8.485281374,172,93,132.5,55.86143571,4.276310036,0.046863672,28500000.0,49200000.0,85300000,23514,85300000,85300000.0,0.0,85300000,85300000,85300000,85300000.0,0.0,85300000,85300000,64,64,0.023431836,0.023431836,44,172,81.8,54.27890935,2946.2,0,0,0,102.25,100,-1,-1,1,32,67994.0,67994,67994,85300000.0,85300000,85300000,Normal Traffic
32772,44,1,0,0,0,0.0,0.0,6,6,6.0,0.0,136363.6364,45454.54545,44.0,0.0,44,44,0,0.0,0.0,0,0,0,0.0,0.0,0,0,40,20,22727.27273,22727.27273,0,6,2.0,3.464101615,12.0,0,1,0,3.0,0,29200,0,0,40,0.0,0,0,0.0,0,0,Port Scanning
443,7101287,11,1839,805,0,167.1818182,286.4485358,1460,0,428.4444444,598.2965634,801.9673054,2.816390888,373751.9474,1368472.343,5981663,35,7101287,710128.7,1865745.673,5981919,229,7050203,881275.375,2088769.74,6005420,48,232,188,1.549014988,1.2673759,0,1460,271.1904762,452.7304517,204964.8619,0,1,0,284.75,1839,8192,360,10,20,1119368.0,1119368,1119368,5981663.0,5981663,5981663,Normal Traffic
80,97271720,9,289,289,0,32.11111111,96.33333333,5792,0,1932.5,2181.008184,122.1732277,0.154207204,6947980.0,26000000.0,97100000,18,97100000,12100000.0,34300000.0,97100000,159,147404,29480.8,58263.91491,133152,39,296,200,0.092524323,0.061682882,0,5792,742.75,1580.042215,2496533.4,0,0,1,792.2666667,289,251,235,1,32,9082.0,9082,9082,97100000.0,97100000,97100000,DoS
80,200225,5,681,681,0,136.2,304.5524585,200,0,100.0,141.4213562,4400.049944,34.96066925,33370.83333,37495.4668,91961,67,200225,50056.25,35136.03627,91961,5953,57346,57346.0,0.0,57346,57346,124,48,24.97190661,9.988762642,0,681,110.125,241.0515283,58105.83929,0,1,0,125.8571429,681,65535,127,1,20,0.0,0,0,0.0,0,0,Normal Traffic
80,110671278,16,695,617,0,43.4375,152.9635986109,470,0,63.0666666667,165.2216981023,14.8276954026,0.2801088102,3689042.6,4864787.88426193,9996407,37,110636283,7375752.2,4516750.95410007,10031585,29490,110636021,7902572.92857143,4188176.65017618,10031584,2536,344,444,0.1445722891,0.135536521,0,617,51.28125,154.3812278357,23833.5635080645,0,1,0,52.935483871,695,8192,60,14,20,83251.5454545454,563796,35168,9974592.36363636,9996407,9766503,Normal Traffic
53,207,2,68,34,34,34.0,0.0,139,139,139.0,0.0,1671497.585,19323.6715,69.0,35.51056181,110,48,48,48.0,0.0,48,48,49,49.0,0.0,49,49,80,80,9661.835749,9661.835749,34,139,76.0,57.51086854,3307.5,0,0,0,95.0,68,-1,-1,1,40,0.0,0,0,0.0,0,0,Normal Traffic
57976,54,1,6,6,6,6.0,0.0,6,6,6.0,0.0,222222.222222222,37037.037037037,54.0,0.0,54,54,0,0.0,0.0,0,0,0,0.0,0.0,0,0,20,20,18518.5185185185,18518.5185185185,6,6,6.0,0.0,0.0,0,0,1,9.0,6,13810,37800,0,20,0.0,0,0,0.0,0,0,Normal Traffic
53,91110,2,70,35,35,35.0,0.0,346,346,346.0,0.0,8363.516628,43.90297443,30370.0,52557.35431,91058,4,4,4.0,0.0,4,4,48,48.0,0.0,48,48,40,40,21.95148721,21.95148721,35,346,159.4,170.3417154,29016.3,0,0,0,199.25,70,-1,-1,1,20,0.0,0,0,0.0,0,0,Normal Traffic
80,115421778,16,439,439,0,27.4375,109.75,796,0,56.85714286,212.7399486,10.69988716,0.259916287,3980061.31,4980163.147,10200000,52,115000000,7694785.2,4396808.409,10200000,85,113000000,8657301.692,3836905.695,10200000,588,520,456,0.13862202,0.121294267,0,796,39.83870968,160.9488732,25904.53978,0,1,0,41.16666667,439,29200,285,1,32,25809.0,48284,23418,10200000.0,10200000,10100000,Normal Traffic
1058,63,2,4,2,2,2.0,0.0,6,6,6.0,0.0,253968.254,63492.06349,21.0,10.39230485,33,15,48,48.0,0.0,48,48,48,48.0,0.0,48,48,48,40,31746.03175,31746.03175,2,6,3.6,2.19089023,4.8,0,1,0,4.5,4,1024,0,1,24,0.0,0,0,0.0,0,0,Normal Traffic
53,48991,1,47,47,47,47.0,0.0,145,145,145.0,0.0,3919.087179,40.82382478,48991.0,0.0,48991,48991,0,0.0,0.0,0,0,0,0.0,0.0,0,0,32,20,20.41191239,20.41191239,47,145,79.66666667,56.58032638,3201.333333,0,0,0,119.5,47,-1,-1,0,32,0.0,0,0,0.0,0,0,Normal Traffic
443,11055060,10,2081,1509,0,208.1,472.984719,1451,0,588.25,711.9672011,826.7707276,1.99003895,526431.4286,2180470.693,10000000,4,10100000,1125334.444,3329831.847,10000000,68,11000000,1002489.091,3006802.997,10000000,4,236,260,0.904563159,1.085475791,0,1509,397.3913043,623.1393204,388302.6126,0,1,0,415.4545455,2081,8192,13140,4,20,123217.0,123217,123217,10000000.0,10000000,10000000,Normal Traffic
80,8758021,8,56,20,0,7.0,5.656854249,4380,0,1933.5,1757.789948,1331.008455,1.598534646,673693.9231,2224438.924,8059758,4,8634802,1233543.143,3016932.898,8059758,4,146234,29246.8,53216.35941,122738,14,172,132,0.913448369,0.685086277,0,4380,777.5333333,1434.571657,2057995.838,0,0,1,833.0714286,56,256,229,6,20,551979.0,551979,551979,8059758.0,8059758,8059758,DDoS
443,273474,10,1328,1077,0,132.8,335.2958229517,1029,0,233.4,448.7502646239,9123.3535912006,54.8498211896,19533.8571428571,36700.6644078554,87773,48,273474,30386.0,44177.5798510964,92108,48,181615,45403.75,49021.3527514626,87840,338,332,168,36.5665474597,18.2832737299,0,1077,155.9375,353.740859717,125132.595833333,0,1,0,166.3333333333,1328,65535,70,5,32,0.0,0,0,0.0,0,0,Normal Traffic
50429,31,1,6,6,6,6.0,0.0,6,6,6.0,0.0,387096.7742,64516.12903,31.0,0.0,31,31,0,0.0,0.0,0,0,0,0.0,0.0,0,0,20,20,32258.06452,32258.06452,6,6,6.0,0.0,0.0,0,0,1,9.0,6,123,256,0,20,0.0,0,0,0.0,0,0,Normal Traffic
8080,1025085,3,0,0,0,0.0,0.0,6,6,6.0,0.0,17.55951945,5.853173151,205017.0,280007.507,514389,441,1024549,512274.5,3614.022759,514830,509719,1024463,512231.5,3809.18423,514925,509538,92,60,2.926586576,2.926586576,0,6,2.571428571,3.207134903,10.28571429,0,1,0,3.0,0,8192,0,0,28,0.0,0,0,0.0,0,0,Bots
80,114456753,19,1395,435,0,73.42105263,160.8644411,796,0,149.625,320.6952603,33.10420662,0.305792355,3366375.088,4674917.521,10000000,40,114000000,6357346.944,4751715.992,10000000,23729,114000000,7628870.933,4176741.545,10000000,881,392,464,0.166001564,0.139790791,0,796,105.25,243.2110635,59151.62143,0,1,0,108.2571429,1395,8192,292,18,20,435350.8182,4549326,23486,9967580.545,10000000,9800589,Normal Traffic
722,13,1,2,2,2,2.0,0.0,6,6,6.0,0.0,615384.6154,153846.1538,13.0,0.0,13,13,0,0.0,0.0,0,0,0,0.0,0.0,0,0,24,20,76923.07692,76923.07692,2,6,3.333333333,2.309401077,5.333333333,0,1,0,5.0,2,1024,0,0,24,0.0,0,0,0.0,0,0,Port Scanning
443,162,1,6,6,6,6.0,0.0,0,0,0.0,0.0,37037.037037037,12345.6790123457,162.0,0.0,162,162,0,0.0,0.0,0,0,0,0.0,0.0,0,0,20,32,6172.8395061728,6172.8395061728,0,6,4.0,3.4641016151,12.0,1,0,0,6.0,6,0,66,0,20,0.0,0,0,0.0,0,0,Normal Traffic
55854,160,2,37,37,0,18.5,26.1629509,0,0,0.0,0.0,231250.0,12500.0,160.0,0.0,160,160,160,160.0,0.0,160,160,0,0.0,0.0,0,0,64,0,12500.0,0.0,0,37,24.66666667,21.36195996,456.3333333,0,0,1,37.0,37,972,-1,0,32,0.0,0,0,0.0,0,0,Normal Traffic
80,116003191,16,469,458,0,29.3125,114.317522,303,0,21.64285714,80.9801563,6.654989344,0.258613576,4000110.034,4888592.999,10000000,186,116000000,7733546.067,4133935.092,10000000,329,110000000,8480952.462,3760414.422,10000000,365,332,424,0.13792724,0.120686335,0,458,24.90322581,97.01524102,9411.956989,0,1,0,25.73333333,469,8192,60,12,20,21713.45455,88304,14952,10000000.0,10000000,9948312,Normal Traffic
80,146869,9,296,296,0,32.88888889,98.66666667,2920,0,1369.9,1014.178425,95288.99904,129.3669869,8159.388889,23365.77859,72911,3,146869,18358.625,33419.91187,73094,101,74936,8326.222222,24489.01921,73630,3,204,212,61.27909906,68.08788785,0,2920,699.75,981.8858265,964099.7763,0,1,0,736.5789474,296,65535,31,1,20,0.0,0,0,0.0,0,0,Normal Traffic
49159,53,1,2,2,2,2.0,0.0,6,6,6.0,0.0,150943.3962,37735.84906,53.0,0.0,53,53,0,0.0,0.0,0,0,0,0.0,0.0,0,0,24,20,18867.92453,18867.92453,2,6,3.333333333,2.309401077,5.333333333,0,1,0,5.0,2,1024,0,0,24,0.0,0,0,0.0,0,0,Port Scanning
80,98276754,6,417,399,0,69.5,161.4481341,4344,0,1656.428571,1760.597234,122.2262591,0.132279501,8189729.5,28400000.0,98200000,1,98300000,19700000.0,43900000.0,98200000,1,98300000,16400000.0,40100000.0,98300000,48,164,232,0.061052077,0.071227424,0,4344,858.4285714,1458.325052,2126711.956,1,0,0,924.4615385,417,0,235,3,20,11001.0,11001,11001,98200000.0,98200000,98200000,DoS
443,115559709,42,3033,2434,0,72.2142857143,381.7859530382,4344,0,1283.0,944.7285520386,636.882877578,0.8393929064,1203746.96875,3225847.41188071,10024811,3,115559709,2818529.48780488,4486515.14523008,10040003,3,110270895,2042053.61111111,4071867.15424909,10039795,48,1352,1768,0.3634484749,0.4759444315,0,4344,751.0,961.3867453979,924264.474226804,0,1,0,758.7422680412,3033,29200,70,4,32,24397.5833333333,126755,14969,9605577.91666667,10024811,5273736,Normal Traffic
19720,3553849,1,6,6,6,6.0,0.0,6,6,6.0,0.0,10.12986202,1.688310336,710769.8,1569822.307,3518833,4,0,0.0,0.0,0,0,3519935,879983.75,1759232.89,3518833,4,20,100,0.281385056,1.40692528,6,6,6.0,0.0,0.0,0,0,1,7.0,6,229,0,0,20,0.0,0,0,0.0,0,0,Normal Traffic
53,71743,1,45,45,45,45.0,0.0,91,91,91.0,0.0,1895.655325,27.87728419,71743.0,0.0,71743,71743,0,0.0,0.0,0,0,0,0.0,0.0,0,0,20,20,13.9386421,13.9386421,45,91,60.33333333,26.55811238,705.3333333,0,0,0,90.5,45,-1,-1,0,20,0.0,0,0,0.0,0,0,Normal Traffic
53,23567,2,54,27,27,27.0,0.0,43,43,43.0,0.0,5940.510035,169.7288581,7855.666667,13601.21764,23561,3,3,3.0,0.0,3,3,3,3.0,0.0,3,3,64,64,84.86442907,84.86442907,27,43,33.4,8.76356092,76.8,0,0,0,41.75,54,-1,-1,1,32,0.0,0,0,0.0,0,0,Normal Traffic
443,3109796,9,1311,638,0,145.6666666667,249.8549579256,2580,0,840.5,919.1281583265,2583.7707682433,5.4665965227,194362.25,756457.001603352,3030891,3,3109796,388724.5,1067659.45621318,3030891,21,55584,7940.5714285714,11430.1091108403,25587,3,192,172,2.894080512,2.5725160107,0,2580,446.3888888889,714.0914539295,509926.604575163,0,1,0,472.6470588235,1311,8192,290,8,20,0.0,0,0,0.0,0,0,Normal Traffic
53,31354,1,53,53,53,53.0,0.0,138,138,138.0,0.0,6091.726733,63.78771449,31354.0,0.0,31354,31354,0,0.0,0.0,0,0,0,0.0,0.0,0,0,40,32,31.89385724,31.89385724,53,138,81.33333333,49.07477288,2408.333333,0,0,0,122.0,53,-1,-1,0,40,0.0,0,0,0.0,0,0,Normal Traffic
22,12557138,21,2008,640,0,95.61904762,140.0451628,976,0,88.5483871,223.315,378.5098165,4.141070999,246218.3922,663250.0638,2716212,3,9798594,489929.7,859279.489,2358618,234,12600000,418566.3667,827172.0492,2716212,3,680,1000,1.672355596,2.468715403,0,976,89.67924528,191.0076291,36483.91437,0,1,0,91.40384615,2008,29200,247,16,32,0.0,0,0,0.0,0,0,Brute Force
80,160046,4,24,6,6,6.0,0.0,0,0,0.0,0.0,149.9568874,24.99281457,53348.66667,91535.33512,159043,3,160046,53348.66667,91535.33512,159043,3,0,0.0,0.0,0,0,80,0,24.99281457,0.0,6,6,6.0,0.0,0.0,0,0,1,7.5,24,256,-1,3,20,0.0,0,0,0.0,0,0,DDoS
53,219,2,74,37,37,37.0,0.0,149,149,149.0,0.0,1698630.137,18264.84018,73.0,85.29361055,168,3,3,3.0,0.0,3,3,48,48.0,0.0,48,48,64,64,9132.420091,9132.420091,37,149,81.8,61.34492644,3763.2,0,0,0,102.25,74,-1,-1,1,32,0.0,0,0,0.0,0,0,Normal Traffic
53,188,2,98,49,49,49.0,0.0,81,81,81.0,0.0,1382978.72340426,21276.5957446809,62.6666666667,25.4034118443,92,48,48,48.0,0.0,48,48,48,48.0,0.0,48,48,64,64,10638.2978723404,10638.2978723404,49,81,61.8,17.5271218402,307.2,0,0,0,77.25,98,-1,-1,1,32,0.0,0,0,0.0,0,0,Normal Traffic
22,13328919,22,2008,640,0,91.27272727,138.1821372,976,0,85.78125,220.240592,356.593059,4.051341298,251489.0377,686103.3668,2566757,3,11200000,534585.9524,968358.7927,2641810,274,13300000,429962.0323,858452.2932,2566757,3,712,1032,1.650546455,2.400794843,0,976,86.41818182,188.2012015,35419.69226,0,1,0,88.01851852,2008,29200,247,16,32,0.0,0,0,0.0,0,0,Brute Force
53,66547,4,124,31,31,31.0,0.0,159,159,159.0,0.0,6641.92225,90.1618405,13309.4,18269.56976,35499,3,31000,10333.33333,17892.66219,30994,3,48,48.0,0.0,48,48,104,40,60.10789367,30.05394683,31,159,67.57142857,62.45760467,3900.952381,0,0,0,78.83333333,124,-1,-1,3,20,0.0,0,0,0.0,0,0,Normal Traffic
88,715,2,496,248,248,248.0,0.0,1410,1410,1410.0,0.0,4637762.238,5594.405594,238.3333333,407.6105167,709,2,2,2.0,0.0,2,2,4,4.0,0.0,4,4,64,64,2797.202797,2797.202797,248,1410,712.8,636.4536118,405073.2,0,0,0,891.0,496,-1,-1,1,32,0.0,0,0,0.0,0,0,Normal Traffic
53,30368,1,57,57,57,57.0,0.0,142,142,142.0,0.0,6552.950474,65.85879874,30368.0,0.0,30368,30368,0,0.0,0.0,0,0,0,0.0,0.0,0,0,32,32,32.92939937,32.92939937,57,142,85.33333333,49.07477288,2408.333333,0,0,0,128.0,57,-1,-1,0,32,0.0,0,0,0.0,0,0,Normal Traffic
53,30396,1,44,44,44,44.0,0.0,120,120,120.0,0.0,5395.446769,65.79813133,30396.0,0.0,30396,30396,0,0.0,0.0,0,0,0,0.0,0.0,0,0,20,20,32.89906567,32.89906567,44,120,69.33333333,43.87862046,1925.333333,0,0,0,104.0,44,-1,-1,0,20,0.0,0,0,0.0,0,0,Normal Traffic
53,50286,1,54,54,54,54.0,0.0,82,82,82.0,0.0,2704.530088,39.77250129,50286.0,0.0,50286,50286,0,0.0,0.0,0,0,0,0.0,0.0,0,0,32,32,19.88625065,19.88625065,54,82,63.33333333,16.16580754,261.3333333,0,0,0,95.0,54,-1,-1,0,32,0.0,0,0,0.0,0,0,Normal Traffic
80,339,2,0,0,0,0.0,0.0,0,0,0.0,0.0,0.0,5899.705015,339.0,0.0,339,339,339,339.0,0.0,339,339,0,0.0,0.0,0,0,64,0,5899.705015,0.0,0,0,0.0,0.0,0.0,0,0,1,0.0,0,264,-1,0,32,0.0,0,0,0.0,0,0,Normal Traffic
443,1146818,3,0,0,0,0.0,0.0,6,6,6.0,0.0,15.695602964,5.2318676547,229363.6,244578.153603915,499396,50640,1096149,548074.5,2773.9799025948,550036,546113,1095870,547935.0,3012.2748878547,550065,545805,92,60,2.6159338273,2.6159338273,0,6,2.5714285714,3.2071349029,10.2857142857,0,1,0,3.0,0,8192,0,0,28,0.0,0,0,0.0,0,0,Normal Traffic
138,24,13,3029,233,233,233.0,0.0,0,0,0.0,0.0,126208333.333333,541666.666666667,2.0,1.3483997249,6,1,24,2.0,1.3483997249,6,1,0,0.0,0.0,0,0,416,0,541666.666666667,0.0,233,233,233.0,0.0,0.0,0,0,0,250.9230769231,3029,-1,-1,12,32,0.0,0,0,0.0,0,0,Normal Traffic
53,23500,1,78,78,78,78.0,0.0,160,160,160.0,0.0,10127.65957,85.10638298,23500.0,0.0,23500,23500,0,0.0,0.0,0,0,0,0.0,0.0,0,0,20,20,42.55319149,42.55319149,78,160,105.3333333,47.34272207,2241.333333,0,0,0,158.0,78,-1,-1,0,20,0.0,0,0,0.0,0,0,Normal Traffic
443,61211294,19,1345,326,0,70.78947368,119.3582744,1790,2,579.4705882,719.046862,182.9074223,0.58812676,1748894.114,3810187.88,10000000,4,61200000,3400627.444,4855654.299,10100000,4,61100000,3820482.938,5013885.755,10100000,48,392,344,0.310400234,0.277726525,0,1790,302.5945946,551.3774901,304017.1366,0,1,0,311.0,1345,8192,33232,18,20,166032.6667,581479,82903,10000000.0,10000000,9999260,Normal Traffic
38141,274,3,31,31,0,10.3333333333,17.8978583449,0,0,0.0,0.0,113138.686131387,10948.9051094891,137.0,124.4507934888,225,49,274,137.0,124.4507934888,225,49,0,0.0,0.0,0,0,96,0,10948.9051094891,0.0,0,31,7.75,15.5,240.25,0,0,1,10.3333333333,31,63,-1,1,32,0.0,0,0,0.0,0,0,Normal Traffic
443,2015614,7,1589,1021,0,227.0,398.252014,949,0,181.0,380.2115201,1327.139026,6.449647601,167967.8333,562785.5678,1954659,50,60955,10159.16667,16937.42875,42024,129,2015355,403071.0,889605.0699,1994395,473,232,200,3.47288717,2.976760431,0,1021,191.0714286,363.803088,132352.6868,0,1,0,205.7692308,1589,29200,8,3,32,0.0,0,0,0.0,0,0,Normal Traffic
53,91433,1,44,44,44,44.0,0.0,215,215,215.0,0.0,2832.675292,21.87394048,91433.0,0.0,91433,91433,0,0.0,0.0,0,0,0,0.0,0.0,0,0,32,32,10.93697024,10.93697024,44,215,101.0,98.72689603,9747.0,0,0,0,151.5,44,-1,-1,0,32,0.0,0,0,0.0,0,0,Normal Traffic
53,60939,2,62,31,31,31.0,0.0,80,80,80.0,0.0,3642.98725,65.6394099,20313.0,35177.08588,60932,3,3,3.0,0.0,3,3,4,4.0,0.0,4,4,64,40,32.81970495,32.81970495,31,80,50.6,26.83840532,720.3,0,0,0,63.25,62,-1,-1,1,32,0.0,0,0,0.0,0,0,Normal Traffic
443,87784,10,623,389,0,62.3,122.8215055,1448,0,370.5,582.7341589,32420.48665,182.2655609,5852.266667,9539.769954,23744,3,87784,9753.777778,13221.09967,33022,3,58873,11774.6,12387.65177,25074,3,332,200,113.9159756,68.34958535,0,1448,167.4117647,372.4615851,138727.6324,0,1,0,177.875,623,65535,972,5,32,0.0,0,0,0.0,0,0,Normal Traffic
50195,214,3,83,46,6,27.66666667,20.20725942,6,6,6.0,0.0,415887.8505,18691.58879,71.33333333,69.52937029,142,3,214,107.0,147.0782105,211,3,0,0.0,0.0,0,0,60,20,14018.69159,4672.897196,6,46,27.0,20.1246118,405.0,0,0,1,33.75,83,123,0,2,20,0.0,0,0,0.0,0,0,Normal Traffic
53836,1,2,0,0,0,0.0,0.0,0,0,0.0,0.0,0.0,2000000.0,1.0,0.0,1,1,1,1.0,0.0,1,1,0,0.0,0.0,0,0,40,0,2000000.0,0.0,0,0,0.0,0.0,0.0,1,0,0,0.0,0,0,-1,0,20,0.0,0,0,0.0,0,0,Normal Traffic
53,171,2,96,48,48,48.0,0.0,90,90,90.0,0.0,1614035.088,23391.81287,57.0,59.01694672,120,3,3,3.0,0.0,3,3,48,48.0,0.0,48,48,64,64,11695.90643,11695.90643,48,90,64.8,23.00434742,529.2,0,0,0,81.0,96,-1,-1,1,32,0.0,0,0,0.0,0,0,Normal Traffic
2462,4,2,12,6,6,6.0,0.0,0,0,0.0,0.0,3000000.0,500000.0,4.0,0.0,4,4,4,4.0,0.0,4,4,0,0.0,0.0,0,0,40,0,500000.0,0.0,6,6,6.0,0.0,0.0,0,0,1,9.0,12,368,-1,1,20,0.0,0,0,0.0,0,0,Normal Traffic
10243,78,1,2,2,2,2.0,0.0,6,6,6.0,0.0,102564.1026,25641.02564,78.0,0.0,78,78,0,0.0,0.0,0,0,0,0.0,0.0,0,0,24,20,12820.51282,12820.51282,2,6,3.333333333,2.309401077,5.333333333,0,1,0,5.0,2,1024,0,0,24,0.0,0,0,0.0,0,0,Port Scanning
443,5391690,9,380,193,0,42.22222222,69.12086837,2636,2,941.1428571,996.7293896,1292.359168,2.967529661,359446.0,1339098.805,5199413,18,5391690,673961.25,1828800.222,5199413,47,115424,19237.33333,28901.21751,61028,195,192,144,1.669235435,1.298294227,0,2636,409.8823529,764.8231726,584954.4853,0,1,0,435.5,380,8192,30016,8,20,192230.0,192230,192230,5199413.0,5199413,5199413,Normal Traffic
80,91157,3,430,430,0,143.3333333,248.2606158,860,0,215.0,430.0,14151.40911,76.79059206,15192.83333,18248.47267,38827,8,51381,25690.5,15022.48357,36313,15068,54901,18300.33333,30878.77304,53952,8,72,92,32.91025374,43.88033832,0,860,161.25,319.9302379,102355.3571,0,1,0,184.2857143,430,8192,31,1,20,0.0,0,0,0.0,0,0,Normal Traffic
53,178,2,64,32,32,32.0,0.0,48,48,48.0,0.0,898876.4045,22471.91011,59.33333333,62.77207447,127,3,3,3.0,0.0,3,3,48,48.0,0.0,48,48,64,64,11235.95506,11235.95506,32,48,38.4,8.76356092,76.8,0,0,0,48.0,64,-1,-1,1,32,0.0,0,0,0.0,0,0,Normal Traffic
80,116511892,8,336,336,0,42.0,118.7939392,7240,0,2319.0,3335.221882,102.4015643,0.111576593,9709324.333,29000000.0,100000000,1,117000000,16600000.0,37500000.0,100000000,1,2398,599.5,695.3716033,1542,2,272,168,0.068662519,0.042914074,0,7240,852.2142857,2172.00284,4717596.335,0,0,1,917.7692308,336,274,235,1,32,988.0,988,988,58300000.0,100000000,16000000,DoS
60649,98140902,6,11607,7300,0,1934.5,2863.744245,20,0,6.888888889,5.30199124,118.9004764,0.152841473,7010064.429,24500000.0,91900000,1,98100000,19600000.0,43700000.0,97700000,188,97700000,12200000.0,32300000.0,91900000,1,132,192,0.061136589,0.091704884,0,7300,729.6875,1913.817885,3662698.896,0,0,1,778.3333333,11607,229,256,4,20,27898.0,27898,27898,48800000.0,91900000,5816330,Normal Traffic
80,85408191,6,326,326,0,54.33333333,133.0889427,4344,0,1932.5,1977.812908,139.5767767,0.140501746,7764381.0,25700000.0,85300000,1,85300000,17100000.0,38100000.0,85300000,1,140584,28116.8,55620.49822,127110,35,200,200,0.070250873,0.070250873,0,4344,917.0,1610.920441,2595064.667,0,0,1,993.4166667,326,251,235,1,32,4.0,4,4,85300000.0,85300000,85300000,DoS
53,31226,2,84,42,42,42.0,0.0,155,155,155.0,0.0,12617.6903862166,128.0983795555,10408.6666666667,18022.2773348246,31219,3,3,3.0,0.0,3,3,4,4.0,0.0,4,4,40,40,64.0491897777,64.0491897777,42,155,87.2,61.8926489981,3830.7,0,0,0,109.0,84,-1,-1,1,20,0.0,0,0,0.0,0,0,Normal Traffic
53,35417192,2,103,54,49,51.5,3.535533906,108,81,94.5,19.09188309,8.244583591,0.112939501,11800000.0,20300000.0,35300000,23619,35400000,35400000.0,0.0,35400000,35400000,35300000,35300000.0,0.0,35300000,35300000,40,40,0.056469751,0.056469751,49,108,69.2,25.0738908,628.7,0,0,0,86.5,103,-1,-1,1,20,100708.0,100708,100708,35300000.0,35300000,35300000,Normal Traffic
57589,92,1,6,6,6,6.0,0.0,6,6,6.0,0.0,130434.782608696,21739.1304347826,92.0,0.0,92,92,0,0.0,0.0,0,0,0,0.0,0.0,0,0,20,20,10869.5652173913,10869.5652173913,6,6,6.0,0.0,0.0,0,0,1,9.0,6,980,16233,0,20,0.0,0,0,0.0,0,0,Normal Traffic
80,42040,3,26,20,0,8.666666667,10.26320288,4380,0,1657.285714,1548.670905,276569.9334,237.8686965,4671.111111,13471.57246,40592,1,41032,20516.0,29012.59123,41031,1,41601,6933.5,16514.63394,40642,15,72,152,71.36060894,166.5080875,0,4380,1057.0,1460.382073,2132715.8,0,1,0,1162.7,26,8192,229,2,20,0.0,0,0,0.0,0,0,DDoS
80,99909553,5,314,308,0,62.8,137.0955871,4344,0,1932.5,1754.831473,119.1978108,0.110099582,9990955.3,31200000.0,98700000,16,99700000,24900000.0,49200000.0,98700000,50,185590,37118.0,74714.75067,170267,16,164,200,0.050045264,0.060054317,0,4344,992.9166667,1539.446149,2369894.447,1,0,0,1083.181818,314,0,235,1,20,0.0,0,0,98700000.0,98700000,98700000,DoS
53,191,2,84,42,42,42.0,0.0,114,114,114.0,0.0,1633507.853,20942.40838,63.66666667,106.8144809,187,1,1,1.0,0.0,1,1,3,3.0,0.0,3,3,64,64,10471.20419,10471.20419,42,114,70.8,39.43602414,1555.2,0,0,0,88.5,84,-1,-1,1,32,0.0,0,0,0.0,0,0,Normal Traffic
53,211,2,80,40,40,40.0,0.0,148,148,148.0,0.0,1781990.521,18957.34597,70.33333333,82.24556726,162,3,46,46.0,0.0,46,46,3,3.0,0.0,3,3,64,64,9478.672986,9478.672986,40,148,83.2,59.15403621,3499.2,0,0,0,104.0,80,-1,-1,1,32,0.0,0,0,0.0,0,0,Normal Traffic
53,31955,4,144,36,36,36.0,0.0,240,240,240.0,0.0,19527.46049,187.7640432,6391.0,13489.59234,30499,3,30506,10168.66667,17606.58514,30499,3,68,68.0,0.0,68,68,80,40,125.1760288,62.5880144,36,240,94.28571429,99.54180744,9908.571429,0,0,0,110.0,144,-1,-1,3,20,0.0,0,0,0.0,0,0,Normal Traffic
56041,2,3,83,46,6,27.66666667,20.20725942,0,0,0.0,0.0,41500000.0,1500000.0,1.0,0.0,1,1,2,1.0,0.0,1,1,0,0.0,0.0,0,0,60,0,1500000.0,0.0,6,46,32.25,18.87458609,356.25,0,0,1,43.0,83,123,-1,2,20,0.0,0,0,0.0,0,0,Normal Traffic
53,167,2,68,34,34,34.0,0.0,50,50,50.0,0.0,1005988.024,23952.09581,55.66666667,91.22134253,161,3,3,3.0,0.0,3,3,3,3.0,0.0,3,3,40,40,11976.0479,11976.0479,34,50,40.4,8.76356092,76.8,0,0,0,50.5,68,-1,-1,1,20,0.0,0,0,0.0,0,0,Normal Traffic
443,62443356,7,158,45,0,22.57142857,21.53181478,41,41,41.0,0.0,3.843483364,0.144130626,7805419.5,20700000.0,59000000,46,62400000,10400000.0,23800000.0,59000000,48,59000000,59000000.0,0.0,59000000,59000000,224,64,0.112101598,0.032029028,0,45,28.1,19.70589308,388.3222222,0,0,1,31.22222222,158,449,180,3,32,35557.0,35557,35557,59000000.0,59000000,59000000,Normal Traffic
55190,3,2,12,6,6,6.0,0.0,0,0,0.0,0.0,4000000.0,666666.6667,3.0,0.0,3,3,3,3.0,0.0,3,3,0,0.0,0.0,0,0,40,0,666666.6667,0.0,6,6,6.0,0.0,0.0,0,0,1,9.0,12,6321,-1,1,20,0.0,0,0,0.0,0,0,Normal Traffic
2121,108,2,4,2,2,2.0,0.0,6,6,6.0,0.0,148148.1481,37037.03704,36.0,22.53885534,50,10,50,50.0,0.0,50,50,48,48.0,0.0,48,48,48,40,18518.51852,18518.51852,2,6,3.6,2.19089023,4.8,0,1,0,4.5,4,1024,0,1,24,0.0,0,0,0.0,0,0,Normal Traffic
56386,27,1,6,6,6,6.0,0.0,6,6,6.0,0.0,444444.444444444,74074.0740740741,27.0,0.0,27,27,0,0.0,0.0,0,0,0,0.0,0.0,0,0,20,20,37037.037037037,37037.037037037,6,6,6.0,0.0,0.0,0,0,1,9.0,6,335,258,0,20,0.0,0,0,0.0,0,0,Normal Traffic
53,24351,2,64,32,32,32.0,0.0,110,110,110.0,0.0,11662.76539,164.2643013,8117.0,14054.72636,24346,1,1,1.0,0.0,1,1,4,4.0,0.0,4,4,40,64,82.13215063,82.13215063,32,110,63.2,42.72235949,1825.2,0,0,0,79.0,64,-1,-1,1,20,0.0,0,0,0.0,0,0,Normal Traffic
1755,16,2,4,2,2,2.0,0.0,6,6,6.0,0.0,1000000.0,250000.0,5.333333333,4.509249753,10,1,10,10.0,0.0,10,10,5,5.0,0.0,5,5,48,40,125000.0,125000.0,2,6,3.6,2.19089023,4.8,0,1,0,4.5,4,1024,0,1,24,0.0,0,0,0.0,0,0,Normal Traffic
53,30687,2,78,39,39,39.0,0.0,67,67,67.0,0.0,6908.462867,130.348356,10229.0,17673.86013,30637,3,47,47.0,0.0,47,47,3,3.0,0.0,3,3,64,64,65.17417799,65.17417799,39,67,50.2,15.33623161,235.2,0,0,0,62.75,78,-1,-1,1,32,0.0,0,0,0.0,0,0,Normal Traffic
80,115806559,49,1814,261,0,37.02040816,90.98614588,3743,0,1372.730769,1047.787232,632.05401,0.872144038,1158065.59,3164217.39,10000000,8,116000000,2412636.646,4254785.717,10000000,61,111000000,2171748.255,4158655.489,10000000,71,992,1184,0.423119385,0.449024653,0,3743,717.6078431,1004.53195,1009084.439,0,1,0,724.7128713,1814,8192,44,18,20,68748.09091,522002,23259,10000000.0,10000000,10000000,Normal Traffic
57026,19182,2,38,38,0,19.0,26.8700576851,6,6,6.0,0.0,2293.8171202169,156.396621833,9591.0,13464.7273273542,19112,70,19182,19182.0,0.0,19182,19182,0,0.0,0.0,0,0,64,20,104.2644145553,52.1322072777,0,38,20.5,20.355179521,414.3333333333,0,0,1,27.3333333333,38,349,0,0,32,0.0,0,0,0.0,0,0,Normal Traffic
443,30117474,9,909,562,0,101.0,185.9341281,1460,0,371.9,594.9021301,153.6649455,0.630863,1673193.0,3823304.124,10100000,3,20200000,2527240.0,4643601.931,10100000,149,30100000,3343138.0,4993276.667,10100000,3,192,236,0.298829842,0.332033158,0,1460,231.4,451.0651021,203459.7263,0,1,0,243.5789474,909,8192,123,8,20,58076.66667,116581,28734,9981080.333,10100000,9870636,Normal Traffic
53,30878,1,59,59,59,59.0,0.0,124,124,124.0,0.0,5926.549647,64.77103439,30878.0,0.0,30878,30878,0,0.0,0.0,0,0,0,0.0,0.0,0,0,20,20,32.3855172,32.3855172,59,124,80.66666667,37.5277675,1408.333333,0,0,0,121.0,59,-1,-1,0,20,0.0,0,0,0.0,0,0,Normal Traffic
80,118804980,18,874,437,0,48.55555556,141.3174242,746,0,99.46666667,262.4918684,19.9149901,0.277766134,3712655.625,4724289.739,10000000,24,119000000,6988528.235,4406399.433,10000000,37034,114000000,8136370.429,3835031.562,10100000,19867,584,488,0.1515088,0.126257334,0,746,69.58823529,200.7806156,40312.85561,0,1,0,71.6969697,874,29200,349,2,32,346571.1818,3433967,36563,10000000.0,10000000,9999980,Normal Traffic
37010,63,1,0,0,0,0.0,0.0,6,6,6.0,0.0,285714.2857,63492.06349,21.0,32.92415527,59,1,0,0.0,0.0,0,0,4,2.0,1.414213562,3,1,32,60,15873.01587,47619.04762,0,6,3.6,3.286335345,10.8,0,0,1,4.5,0,939,0,0,32,0.0,0,0,0.0,0,0,Normal Traffic
443,1107260,23,1071,509,0,46.56521739,113.9037976,1418,0,646.8235294,633.5096916,10898.07272,36.12520998,28391.28205,79573.79142,406457,1,1107260,50330.0,102596.1376,406457,1,1038398,64899.875,138851.9679,492312,1,744,552,20.77199574,15.35321424,0,1418,294.3170732,507.8779597,257940.022,0,1,0,301.675,1071,29200,357,7,32,0.0,0,0,0.0,0,0,Normal Traffic
53,66630,1,48,48,48,48.0,0.0,160,160,160.0,0.0,3121.7169443194,30.01650908,66630.0,0.0,66630,66630,0,0.0,0.0,0,0,0,0.0,0.0,0,0,20,20,15.00825454,15.00825454,48,160,85.3333333333,64.6632301492,4181.3333333333,0,0,0,128.0,48,-1,-1,0,20,0.0,0,0,0.0,0,0,Normal Traffic
80,166320,3,425,419,0,141.6666667,240.1964474,2265,0,569.25,1130.503538,16245.79125,42.08754209,27720.0,42403.22152,82486,5,83042,41521.0,57945.9865,82495,547,83884,27961.33333,47746.15886,83092,5,72,92,18.03751804,24.05002405,0,2265,337.75,792.2205231,627613.3571,0,1,0,386.0,425,8192,237,2,20,0.0,0,0,0.0,0,0,Normal Traffic
53,223,2,84,42,42,42.0,0.0,114,114,114.0,0.0,1399103.139,17937.21973,74.33333333,45.61067127,127,48,48,48.0,0.0,48,48,48,48.0,0.0,48,48,64,64,8968.609865,8968.609865,42,114,70.8,39.43602414,1555.2,0,0,0,88.5,84,-1,-1,1,32,0.0,0,0,0.0,0,0,Normal Traffic
443,10488049,9,782,423,0,86.88888889,145.0202093,1644,2,571.8333333,766.1580559,401.695301,1.430199268,749146.3571,2648683.318,9950471,65,10500000,1311006.125,3491352.343,9950471,1222,10400000,2077596.2,4429398.062,10000000,206,192,124,0.858119561,0.572079707,0,1644,263.3125,517.9323918,268253.9625,0,1,0,280.8666667,782,8192,31088,8,20,536356.0,536356,536356,9950471.0,9950471,9950471,Normal Traffic
80,98724166,6,376,376,0,62.66666667,153.5013572,5803,0,2898.75,3347.191198,121.2570385,0.101292322,11000000.0,32900000.0,98700000,1,98700000,19700000.0,44100000.0,98700000,1,5935,1978.333333,2801.704005,5207,187,200,136,0.060775393,0.040516929,0,5803,1088.272727,2331.002707,5433573.618,0,0,1,1197.1,376,251,235,1,32,965.0,965,965,98700000.0,98700000,98700000,DoS
53,94015979,2,86,44,42,43.0,1.414213562,174,170,172.0,2.828427125,4.573690606,0.042545959,31300000.0,54200000.0,93900000,63261,93900000,93900000.0,0.0,93900000,93900000,94000000,94000000.0,0.0,94000000,94000000,52,52,0.02127298,0.02127298,42,174,94.4,70.85760369,5020.8,0,0,0,118.0,86,-1,-1,1,20,63261.0,63261,63261,93900000.0,93900000,93900000,Normal Traffic
80,68978583,6,318,318,0,53.0,129.8229564,5792,0,1932.5,2181.008184,172.7057803,0.173967041,6270780.273,20700000.0,68800000,3,68800000,13800000.0,30800000.0,68800000,3,193484,38696.8,76639.77055,175082,45,200,200,0.086983521,0.086983521,0,5792,916.3846154,1716.963285,2947962.923,0,0,1,992.75,318,251,235,1,32,997.0,997,997,68800000.0,68800000,68800000,DoS
80,260123,2,0,0,0,0.0,0.0,0,0,0.0,0.0,0.0,7.68867036,260123.0,0.0,260123,260123,260123,260123.0,0.0,260123,260123,0,0.0,0.0,0,0,64,0,7.68867036,0.0,0,0,0.0,0.0,0.0,0,0,1,0.0,0,229,-1,0,32,0.0,0,0,0.0,0,0,Normal Traffic
53,292,2,84,42,42,42.0,0.0,102,102,102.0,0.0,986301.3699,13698.63014,97.33333333,127.9700486,243,3,46,46.0,0.0,46,46,3,3.0,0.0,3,3,64,64,6849.315068,6849.315068,42,102,66.0,32.86335345,1080.0,0,0,0,82.5,84,-1,-1,1,32,0.0,0,0,0.0,0,0,Normal Traffic
80,538784,3,26,20,0,8.666666667,10.26320288,4380,0,2320.2,2207.341206,21580.07662,14.84825088,76969.14286,193136.9578,514520,11,23864,11932.0,16307.29659,23463,401,538773,134693.25,253465.1698,514520,145,72,112,5.568094079,9.280156798,0,4380,1291.888889,1980.710254,3923213.111,0,1,0,1453.375,26,8192,229,2,20,0.0,0,0,0.0,0,0,DDoS
53,24500,2,82,41,41,41.0,0.0,101,101,101.0,0.0,11591.83673,163.2653061,8166.666667,14140.75155,24495,1,1,1.0,0.0,1,1,4,4.0,0.0,4,4,64,64,81.63265306,81.63265306,41,101,65.0,32.86335345,1080.0,0,0,0,81.25,82,-1,-1,1,32,0.0,0,0,0.0,0,0,Normal Traffic
31038,99,2,4,2,2,2.0,0.0,6,6,6.0,0.0,161616.1616,40404.0404,33.0,26.85144316,49,2,48,48.0,0.0,48,48,49,49.0,0.0,49,49,48,40,20202.0202,20202.0202,2,6,3.6,2.19089023,4.8,0,1,0,4.5,4,1024,0,1,24,0.0,0,0,0.0,0,0,Normal Traffic
54796,29991,2,280,274,6,140.0,189.5046174,6,6,6.0,0.0,9536.194192,100.030009,14995.5,21143.19986,29946,45,29991,29991.0,0.0,29991,29991,0,0.0,0.0,0,0,40,20,66.68667267,33.34333633,6,274,140.0,154.7298721,23941.33333,0,0,1,186.6666667,280,60,0,1,20,0.0,0,0,0.0,0,0,Normal Traffic
53,70380,1,45,45,45,45.0,0.0,90,90,90.0,0.0,1918.1585677749,28.417163967,70380.0,0.0,70380,70380,0,0.0,0.0,0,0,0,0.0,0.0,0,0,20,20,14.2085819835,14.2085819835,45,90,60.0,25.9807621135,675.0,0,0,0,90.0,45,-1,-1,0,20,0.0,0,0,0.0,0,0,Normal Traffic
443,61463317,20,1554,623,0,77.7,192.560612467,1448,0,359.8125,572.0933745174,118.9489984734,0.5857152161,1756094.77142857,3813616.00273165,10029023,8,61463317,3234911.42105263,4765455.70048221,10079920,179,61411906,4094127.06666667,5056024.0946332,10080253,48,648,520,0.3253973423,0.2603178738,0,1448,197.5945945946,420.3651494342,176706.858858859,0,1,0,203.0833333333,1554,29200,119,4,32,129381.166666667,520914,50889,10017349.0,10029023,9959913,Normal Traffic
80,46067923,8,717,681,0,89.625,238.9608082,268,0,38.0,92.9577477,22.16292669,0.347313249,3071194.867,4581458.773,10000000,36,40100000,5731181.429,5340160.882,10000000,379,46100000,6578971.857,4718208.009,10000000,15614,180,172,0.173656624,0.173656624,0,681,60.05882353,172.2456351,29668.55882,0,1,0,63.8125,717,29200,30,7,20,28097.25,67010,15002,10000000.0,10000000,9999226,Normal Traffic
80,60491224,10,520,472,0,52.0,147.5850038,453,0,46.5,142.8513213,16.28335376,0.330626472,3183748.632,4735846.303,10000000,150,60400000,6713061.667,4947353.628,10100000,50979,60400000,6715599.444,5002984.174,10100000,725,212,284,0.165313236,0.165313236,0,472,46.9047619,138.2302083,19107.59048,0,1,0,49.25,520,8192,110,9,20,101277.8333,353525,50778,9968314.667,10000000,9804565,Normal Traffic
80,16113035,4,373,373,0,93.25,186.5,2907,0,1656.428571,1304.568876,742.7526844,0.6826771,1611303.5,5066448.698,16000000,2,16000000,5347179.0,9252055.863,16000000,5,82411,13735.16667,28480.57182,71191,2,144,232,0.248246218,0.434430882,0,2907,997.3333333,1265.655873,1601884.788,0,1,0,1088.0,373,29200,235,1,32,0.0,0,0,16000000.0,16000000,16000000,DoS
46288,3,2,0,0,0,0.0,0.0,0,0,0.0,0.0,0.0,666666.666666667,3.0,0.0,3,3,3,3.0,0.0,3,3,0,0.0,0.0,0,0,64,0,666666.666666667,0.0,0,0,0.0,0.0,0.0,0,0,1,0.0,0,13500,-1,0,32,0.0,0,0,0.0,0,0,Normal Traffic
53,122436,2,90,45,45,45.0,0.0,88,88,88.0,0.0,2172.563625,32.6701297,40812.0,70682.39538,122429,3,4,4.0,0.0,4,4,3,3.0,0.0,3,3,64,64,16.33506485,16.33506485,45,88,62.2,23.55206997,554.7,0,0,0,77.75,90,-1,-1,1,32,0.0,0,0,0.0,0,0,Normal Traffic
443,76327,2,12,6,6,6.0,0.0,0,0,0.0,0.0,157.2182845,26.20304741,76327.0,0.0,76327,76327,76327,76327.0,0.0,76327,76327,0,0.0,0.0,0,0,40,0,26.20304741,0.0,6,6,6.0,0.0,0.0,0,0,1,9.0,12,254,-1,1,20,0.0,0,0,0.0,0,0,Normal Traffic
80,98375478,9,315,315,0,35.0,105.0,5792,0,1932.5,2537.820147,121.0667561,0.152477023,7026819.857,26300000.0,98400000,1,98400000,12300000.0,34800000.0,98400000,1,2110,422.0,824.3755212,1895,2,296,200,0.091486214,0.060990809,0,5792,744.375,1748.212644,3056247.45,0,0,1,794.0,315,251,235,1,32,991.0,991,991,98400000.0,98400000,98400000,DoS
2196,55,1,2,2,2,2.0,0.0,6,6,6.0,0.0,145454.5455,36363.63636,55.0,0.0,55,55,0,0.0,0.0,0,0,0,0.0,0.0,0,0,24,20,18181.81818,18181.81818,2,6,3.333333333,2.309401077,5.333333333,0,1,0,5.0,2,1024,0,0,24,0.0,0,0,0.0,0,0,Port Scanning
443,5766558,8,482,214,0,60.25,89.59392518,1699,0,463.7142857,765.7081068,646.4861708,2.601205086,411897.0,1389173.891,5231630,3,5766558,823794.0,1945662.439,5231630,3,359221,59870.16667,91365.9021,179142,4,172,148,1.387309379,1.213895707,0,1699,233.0,531.6437404,282645.0667,0,1,0,248.5333333,482,8192,4785,7,20,534925.0,534925,534925,5231630.0,5231630,5231630,Normal Traffic
3654,111,1,6,6,6,6.0,0.0,6,6,6.0,0.0,108108.1081,18018.01802,111.0,0.0,111,111,0,0.0,0.0,0,0,0,0.0,0.0,0,0,20,20,9009.009009,9009.009009,6,6,6.0,0.0,0.0,0,0,1,9.0,6,114,256,0,20,0.0,0,0,0.0,0,0,Normal Traffic
49176,19,1,0,0,0,0.0,0.0,6,6,6.0,0.0,315789.4737,105263.1579,19.0,0.0,19,19,0,0.0,0.0,0,0,0,0.0,0.0,0,0,40,20,52631.57895,52631.57895,0,6,2.0,3.464101615,12.0,0,1,0,3.0,0,29200,0,0,40,0.0,0,0,0.0,0,0,Port Scanning
65000,48,1,2,2,2,2.0,0.0,6,6,6.0,0.0,166666.6667,41666.66667,48.0,0.0,48,48,0,0.0,0.0,0,0,0,0.0,0.0,0,0,24,20,20833.33333,20833.33333,2,6,3.333333333,2.309401077,5.333333333,0,1,0,5.0,2,1024,0,0,24,0.0,0,0,0.0,0,0,Port Scanning
53,61212,2,76,38,38,38.0,0.0,305,305,305.0,0.0,11206.9528850552,65.3466640528,20404.0,35331.2384866424,61201,3,8,8.0,0.0,8,8,3,3.0,0.0,3,3,64,64,32.6733320264,32.6733320264,38,305,144.8,146.2419228539,21386.7,0,0,0,181.0,76,-1,-1,1,32,0.0,0,0,0.0,0,0,Normal Traffic
53,191,2,82,41,41,41.0,0.0,105,105,105.0,0.0,1528795.81151832,20942.4083769633,63.6666666667,106.8144809159,187,1,1,1.0,0.0,1,1,3,3.0,0.0,3,3,40,40,10471.2041884817,10471.2041884817,41,105,66.6,35.0542436803,1228.8,0,0,0,83.25,82,-1,-1,1,20,0.0,0,0,0.0,0,0,Normal Traffic
443,909628,15,974,469,0,64.9333333333,134.2659762596,1581,0,671.5454545455,745.9320831867,9191.669561623,28.5831130968,36385.12,111958.186303087,558706,1,909628,64973.4285714286,145942.322619754,558706,3,848107,84810.7,190953.490902337,612004,1,492,360,16.4902575558,12.0928555409,0,1581,309.6666666667,563.347071597,317359.923076923,0,1,0,321.5769230769,974,65535,357,6,32,0.0,0,0,0.0,0,0,Normal Traffic
53,179,2,80,40,40,40.0,0.0,56,56,56.0,0.0,1072625.69832402,22346.3687150838,59.6666666667,92.2514679197,166,1,1,1.0,0.0,1,1,12,12.0,0.0,12,12,64,64,11173.1843575419,11173.1843575419,40,56,46.4,8.7635609201,76.8,0,0,0,58.0,80,-1,-1,1,32,0.0,0,0,0.0,0,0,Normal Traffic
22,11614600,24,2008,640,0,83.66666667,134.5286996,976,0,83.18181818,217.2857356,409.2263186,4.907616276,207403.5714,578175.4078,2124330,3,9552514,415326.6957,791948.0514,2176783,3,11600000,362952.8125,731497.2686,2124330,3,776,1064,2.066364748,2.841251528,0,976,81.94827586,184.19616,33928.22535,0,1,0,83.38596491,2008,29200,247,16,32,0.0,0,0,0.0,0,0,Brute Force
80,99119918,7,302,302,0,43.14285714,114.1452708,7240,0,1932.5,2695.639126,120.0263301,0.131154265,8259993.167,28600000.0,99100000,1,99100000,16500000.0,40500000.0,99100000,1,25577,5115.4,7303.311016,16248,90,232,200,0.070621527,0.060532738,0,7240,849.7857143,1935.915453,3747768.643,0,0,1,915.1538462,302,251,235,1,32,14.0,14,14,99100000.0,99100000,99100000,DoS
53,192,2,58,29,29,29.0,0.0,83,83,83.0,0.0,1166666.66666667,20833.3333333333,64.0,27.7128129211,96,48,48,48.0,0.0,48,48,48,48.0,0.0,48,48,64,64,10416.6666666667,10416.6666666667,29,83,50.6,29.5770181053,874.8,0,0,0,63.25,58,-1,-1,1,32,0.0,0,0,0.0,0,0,Normal Traffic
443,6041850,11,3450,995,0,313.6363636,435.4862277,423,0,141.4444444,176.0348766,781.7142101,3.310244379,317992.1053,1136107.193,5000448,7,1041358,104135.8,76595.78299,214189,622,5906397,738299.625,1727532.405,5000512,7,360,296,1.820634408,1.48960997,0,995,224.9047619,342.3644118,117213.3905,0,1,0,236.15,3450,29200,280,5,32,1041358.0,1041358,1041358,5000448.0,5000448,5000448,Normal Traffic
53,150,2,88,44,44,44.0,0.0,125,125,125.0,0.0,2253333.333,26666.66667,50.0,81.40638796,144,3,3,3.0,0.0,3,3,3,3.0,0.0,3,3,40,40,13333.33333,13333.33333,44,125,76.4,44.36552716,1968.3,0,0,0,95.5,88,-1,-1,1,20,0.0,0,0,0.0,0,0,Normal Traffic
80,9100057,4,0,0,0,0.0,0.0,0,0,0.0,0.0,0.0,0.549447108,2275014.25,2662061.349,5732692,60,9100057,3033352.333,2679443.692,5732692,374258,0,0.0,0.0,0,0,104,32,0.439557686,0.109889422,0,0,0.0,0.0,0.0,0,1,0,0.0,0,8192,8192,0,20,0.0,0,0,0.0,0,0,Normal Traffic
53,91196,4,192,48,48,48.0,0.0,306,306,306.0,0.0,8816.1761480767,65.792359314,18239.2,31182.0811396545,72005,3,19188,6396.0,11072.1347986737,19181,3,3,3.0,0.0,3,3,80,40,43.861572876,21.930786438,48,306,121.7142857143,125.8911094104,15848.5714285714,0,0,0,142.0,192,-1,-1,3,20,0.0,0,0,0.0,0,0,Normal Traffic
55460,99,1,0,0,0,0.0,0.0,0,0,0.0,0.0,0.0,20202.0202,99.0,0.0,99,99,0,0.0,0.0,0,0,0,0.0,0.0,0,0,32,32,10101.0101,10101.0101,0,0,0.0,0.0,0.0,0,0,1,0.0,0,175,32832,0,32,0.0,0,0,0.0,0,0,Normal Traffic
53,60732,4,172,43,43,43.0,0.0,158,158,158.0,0.0,8035.302641,98.7947046,12146.4,16629.81887,30747,3,30753,10251.0,17750.05668,30747,3,4,4.0,0.0,4,4,104,40,65.8631364,32.9315682,43,158,75.85714286,56.11425419,3148.809524,0,0,0,88.5,172,-1,-1,3,20,0.0,0,0,0.0,0,0,Normal Traffic
80,9749269,7,50,20,0,7.142857143,6.094494002,5840,0,1933.5,2189.772933,1195.063958,1.333433307,812439.0833,2027896.472,6675704,34,9612629,1602104.833,2747281.938,6675704,250,144831,28966.2,59867.41536,135878,46,152,132,0.71800255,0.615430757,0,5840,832.6428571,1680.214254,2823119.94,0,0,1,896.6923077,50,256,229,5,20,2928700.0,2928700,2928700,6675704.0,6675704,6675704,DDoS
443,50,2,31,31,0,15.5,21.92031022,0,0,0.0,0.0,620000.0,40000.0,50.0,0.0,50,50,50,50.0,0.0,50,50,0,0.0,0.0,0,0,64,0,40000.0,0.0,0,31,20.66666667,17.89785834,320.3333333,0,0,1,31.0,31,1196,-1,0,32,0.0,0,0,0.0,0,0,Normal Traffic
80,100273826,12,957,317,0,79.75,143.0772995,7240,0,1932.5,2845.835677,125.1772322,0.179508459,5898460.353,23900000.0,98700000,1,100000000,9104922.0,29700000.0,98700000,1,555541,111108.2,188772.3907,435973,4,388,200,0.119672306,0.059836153,0,7240,660.6315789,1746.591863,3050583.135,0,0,1,697.3333333,957,251,235,4,20,998.0,998,998,98700000.0,98700000,98700000,DoS
80,16605507,12,1924,415,0,160.3333333,199.4849429,507,0,190.7777778,209.5440155,219.264609,1.2646407,830275.35,2495421.965,9950701,69,10800000,985376.9091,2974372.75,9950701,180,16600000,2072563.5,3766617.16,10000000,1765,252,204,0.722651829,0.541988872,0,507,165.5,197.9017914,39165.11905,0,1,0,173.3809524,1924,8192,39,6,20,888445.0,888445,888445,9950701.0,9950701,9950701,Normal Traffic
53,31268,2,70,35,35,35.0,0.0,51,51,51.0,0.0,5500.831521,127.9263144,10422.66667,18008.43498,31217,3,48,48.0,0.0,48,48,3,3.0,0.0,3,3,64,40,63.96315722,63.96315722,35,51,41.4,8.76356092,76.8,0,0,0,51.75,70,-1,-1,1,32,0.0,0,0,0.0,0,0,Normal Traffic
443,61766366,17,1464,580,0,86.1176470588,192.7245062106,2896,0,309.5,741.1778913774,103.8753032678,0.5342713541,1930198.9375,3946087.62974645,10027515,15,61766366,3860397.875,4980756.34209113,10111921,228,61681659,4112110.6,5065594.39276578,10112089,178,552,520,0.2752306976,0.2590406565,0,2896,188.7058823529,530.3639990417,281285.971479501,0,1,0,194.4242424242,1464,29200,128,4,32,237884.166666667,1004981,84380,10014188.0,10027515,9959913,Normal Traffic
53,24052,2,134,67,67,67.0,0.0,148,148,148.0,0.0,17877.93115,166.3063363,8017.333333,13880.36651,24045,3,3,3.0,0.0,3,3,4,4.0,0.0,4,4,40,64,83.15316814,83.15316814,67,148,99.4,44.36552716,1968.3,0,0,0,124.25,134,-1,-1,1,20,0.0,0,0,0.0,0,0,Normal Traffic
443,5191924,9,376,195,0,41.77777778,70.08704905,2623,0,936.625,954.2358106,1515.62311,3.274316034,324495.25,1207364.243,4846720,3,5191924,648990.5,1698594.253,4846720,3,314245,44892.14286,87044.0083,238746,193,204,172,1.73346143,1.540854604,0,2623,437.1666667,767.2347022,588649.0882,0,1,0,462.8823529,376,8192,119,7,20,0.0,0,0,0.0,0,0,Normal Traffic
1875,93,2,4,2,2,2.0,0.0,6,6,6.0,0.0,172043.0108,43010.75269,31.0,51.96152423,91,1,1,1.0,0.0,1,1,1,1.0,0.0,1,1,48,40,21505.37634,21505.37634,2,6,3.6,2.19089023,4.8,0,1,0,4.5,4,1024,0,1,24,0.0,0,0,0.0,0,0,Normal Traffic
50738,4,2,37,31,6,18.5,17.6776695297,0,0,0.0,0.0,9250000.0,500000.0,4.0,0.0,4,4,4,4.0,0.0,4,4,0,0.0,0.0,0,0,40,0,500000.0,0.0,6,31,22.6666666667,14.4337567297,208.3333333333,0,0,1,34.0,37,946,-1,1,20,0.0,0,0,0.0,0,0,Normal Traffic
443,5646634,10,346,189,0,34.6,67.15355538,1448,0,735.1428571,691.5642724,972.6148357,3.010643155,352914.625,1274000.138,5124753,3,5646634,627403.7778,1688572.012,5124753,3,322407,53734.5,82211.05711,162536,192,328,232,1.770966562,1.239676593,0,1448,305.1111111,543.9236418,295852.9281,0,1,0,323.0588235,346,29200,235,3,32,521878.0,521878,521878,5124753.0,5124753,5124753,Normal Traffic
53,30940,1,47,47,47,47.0,0.0,119,119,119.0,0.0,5365.2230122818,64.6412411118,30940.0,0.0,30940,30940,0,0.0,0.0,0,0,0,0.0,0.0,0,0,32,32,32.3206205559,32.3206205559,47,119,71.0,41.5692193817,1728.0,0,0,0,106.5,47,-1,-1,0,32,0.0,0,0,0.0,0,0,Normal Traffic
88,998,2,2944,1472,1472,1472.0,0.0,329,329,329.0,0.0,3609218.437,4008.016032,332.6666667,492.1913585,901,48,49,49.0,0.0,49,49,48,48.0,0.0,48,48,40,40,2004.008016,2004.008016,329,1472,1014.8,626.0468832,391934.7,0,0,0,1268.5,2944,-1,-1,1,20,0.0,0,0,0.0,0,0,Normal Traffic
46889,214,2,0,0,0,0.0,0.0,0,0,0.0,0.0,0.0,9345.794393,214.0,0.0,214,214,214,214.0,0.0,214,214,0,0.0,0.0,0,0,64,0,9345.794393,0.0,0,0,0.0,0.0,0.0,0,0,1,0.0,0,340,-1,0,32,0.0,0,0,0.0,0,0,Normal Traffic
59156,3,2,0,0,0,0.0,0.0,0,0,0.0,0.0,0.0,666666.6667,3.0,0.0,3,3,3,3.0,0.0,3,3,0,0.0,0.0,0,0,64,0,666666.6667,0.0,0,0,0.0,0.0,0.0,0,0,1,0.0,0,365,-1,0,32,0.0,0,0,0.0,0,0,Normal Traffic
53,23304,1,55,55,55,55.0,0.0,105,105,105.0,0.0,6865.774116,85.82217645,23304.0,0.0,23304,23304,0,0.0,0.0,0,0,0,0.0,0.0,0,0,20,20,42.91108823,42.91108823,55,105,71.66666667,28.86751346,833.3333333,0,0,0,107.5,55,-1,-1,0,20,0.0,0,0,0.0,0,0,Normal Traffic
80,116698734,114,699,375,0,6.1315789474,46.2118080834,2896,0,1624.6456692913,837.792512552,1774.0466661789,2.0651466536,486244.725,2144332.24868961,10225027,0,116698734,1032732.15929204,3044879.47671567,10240023,2,112990521,896750.166666667,2890392.41638472,10240238,2,4076,4072,0.9768743507,1.0882723029,0,2896,855.4917355372,1011.9331085176,1024008.61611399,0,1,0,859.0414937759,699,29200,61,2,32,83825.6363636364,770815,14968,10188065.0909091,10225027,10011939,Normal Traffic
53,7467817,2,91,51,40,45.5,7.778174593,85,67,76.0,12.72792206,32.53962972,0.535631765,2489272.333,4232202.387,7376170,31317,7407487,7407487.0,0.0,7407487,7407487,7436500,7436500.0,0.0,7436500,7436500,52,52,0.267815882,0.267815882,40,85,58.8,17.52712184,307.2,0,0,0,73.5,91,-1,-1,1,20,31317.0,31317,31317,7376170.0,7376170,7376170,Normal Traffic
50625,25,1,6,6,6,6.0,0.0,6,6,6.0,0.0,480000.0,80000.0,25.0,0.0,25,25,0,0.0,0.0,0,0,0,0.0,0.0,0,0,20,20,40000.0,40000.0,6,6,6.0,0.0,0.0,0,0,1,9.0,6,502,256,0,20,0.0,0,0,0.0,0,0,Normal Traffic
443,30710,3,0,0,0,0.0,0.0,0,0,0.0,0.0,0.0,130.2507327,10236.66667,8866.573991,16339,66,30710,15355.0,1484.92424,16405,14305,0,0.0,0.0,0,0,72,32,97.6880495,32.56268317,0,0,0.0,0.0,0.0,0,1,0,0.0,0,8192,29200,0,20,0.0,0,0,0.0,0,0,Normal Traffic
80,98697127,6,287,287,0,47.83333333,117.1672594,4344,0,1656.428571,1757.579003,120.3885094,0.131716093,8224760.583,28500000.0,98700000,2,98700000,19700000.0,44100000.0,98700000,2,18831,3138.5,4837.909414,11106,34,200,232,0.060792043,0.07092405,0,4344,848.7142857,1460.735822,2133749.143,0,0,1,914.0,287,251,235,1,32,6.0,6,6,98700000.0,98700000,98700000,DoS
443,244079,1,0,0,0,0.0,0.0,31,31,31.0,0.0,127.0080589,8.194068314,244079.0,0.0,244079,244079,0,0.0,0.0,0,0,0,0.0,0.0,0,0,20,20,4.097034157,4.097034157,0,31,10.33333333,17.89785834,320.3333333,1,0,0,15.5,0,0,60,0,20,0.0,0,0,0.0,0,0,Normal Traffic
443,18650922,10,2057,981,0,205.7,354.523483,693,0,158.7,285.9840905,195.379081,1.072333046,981627.4737,2512909.851,9954831,117,18700000,2072324.667,3435502.519,9954831,243,13900000,1544701.222,3419978.002,10100000,287,212,208,0.536166523,0.536166523,0,981,173.5238095,309.0246947,95496.2619,0,1,0,182.2,2057,8192,6407,9,20,3946864.0,3946864,3946864,9954831.0,9954831,9954831,Normal Traffic
1721,45,1,2,2,2,2.0,0.0,6,6,6.0,0.0,177777.7778,44444.44444,45.0,0.0,45,45,0,0.0,0.0,0,0,0,0.0,0.0,0,0,24,20,22222.22222,22222.22222,2,6,3.333333333,2.309401077,5.333333333,0,1,0,5.0,2,1024,0,0,24,0.0,0,0,0.0,0,0,Port Scanning
53,30491,1,43,43,43,43.0,0.0,59,59,59.0,0.0,3345.249418,65.59312584,30491.0,0.0,30491,30491,0,0.0,0.0,0,0,0,0.0,0.0,0,0,20,20,32.79656292,32.79656292,43,59,48.33333333,9.237604307,85.33333333,0,0,0,72.5,43,-1,-1,0,20,0.0,0,0,0.0,0,0,Normal Traffic
800,115,1,2,2,2,2.0,0.0,6,6,6.0,0.0,69565.21739,17391.30435,115.0,0.0,115,115,0,0.0,0.0,0,0,0,0.0,0.0,0,0,24,20,8695.652174,8695.652174,2,6,3.333333333,2.309401077,5.333333333,0,1,0,5.0,2,1024,0,0,24,0.0,0,0,0.0,0,0,Port Scanning
53,188,2,98,49,49,49.0,0.0,65,65,65.0,0.0,1212765.95744681,21276.5957446809,62.6666666667,25.4034118443,92,48,48,48.0,0.0,48,48,48,48.0,0.0,48,48,64,64,10638.2978723404,10638.2978723404,49,65,55.4,8.7635609201,76.8,0,0,0,69.25,98,-1,-1,1,32,0.0,0,0,0.0,0,0,Normal Traffic
443,60297815,12,898,571,0,74.83333333,169.2544257,2082,0,201.1538462,572.765782,58.26081758,0.414608722,2512408.958,4391076.04,10200000,3,51200000,4650380.636,5278014.034,10200000,9922,60200000,5020569.417,5209142.772,10200000,3,392,424,0.199012186,0.215596535,0,2082,135.1153846,418.1101603,174816.1062,0,1,0,140.52,898,29200,158,3,32,99659.5,342197,50998,9949975.833,10200000,9092180,Normal Traffic
80,84605277,6,323,305,0,53.83333333,123.0811385,5792,0,1656.428571,2120.732252,140.8659179,0.153654718,7050439.75,24400000.0,84500000,2,84500000,16900000.0,37800000.0,84500000,2,84600000,14100000.0,34500000.0,84500000,14,164,232,0.070917562,0.082737156,0,5792,851.7142857,1667.071335,2779126.835,1,0,0,917.2307692,323,0,235,3,20,5990.0,5990,5990,84500000.0,84500000,84500000,DoS
58709,49,2,0,0,0,0.0,0.0,0,0,0.0,0.0,0.0,40816.32653,49.0,0.0,49,49,49,49.0,0.0,49,49,0,0.0,0.0,0,0,64,0,40816.32653,0.0,0,0,0.0,0.0,0.0,0,0,1,0.0,0,17691,-1,0,32,0.0,0,0,0.0,0,0,Normal Traffic
80,10005,3,18,6,6,6.0,0.0,0,0,0.0,0.0,1799.10045,399.8001,3335.0,5774.657392,10003,1,10005,5002.5,7073.189132,10004,1,0,0.0,0.0,0,0,60,32,299.850075,99.95002499,0,6,4.8,2.683281573,7.2,1,0,0,6.0,18,0,235,2,20,0.0,0,0,0.0,0,0,DoS
53,47625,1,51,51,51,51.0,0.0,112,112,112.0,0.0,3422.572178,41.99475066,47625.0,0.0,47625,47625,0,0.0,0.0,0,0,0,0.0,0.0,0,0,20,20,20.99737533,20.99737533,51,112,71.33333333,35.21836642,1240.333333,0,0,0,107.0,51,-1,-1,0,20,0.0,0,0,0.0,0,0,Normal Traffic
80,99435750,5,341,329,0,68.2,145.8224948,7240,0,1656.428571,2566.885263,120.0373105,0.120680942,9039613.636,29900000.0,99300000,5,99300000,24800000.0,49600000.0,99300000,5,99400000,16600000.0,40500000.0,99300000,71,144,232,0.050283726,0.070397216,0,7240,918.6153846,1997.45532,3989827.756,1,0,0,995.1666667,341,0,235,2,20,17998.0,17998,17998,99300000.0,99300000,99300000,DoS
443,116457999,22,1124,383,0,51.09090909,117.2908104,1460,0,214.7222222,468.6410649,42.83947898,0.343471469,2986102.538,4513185.144,10000000,3,116000000,5545619.0,4979548.204,10100000,3,111000000,6555472.941,4940597.471,10100000,213,452,504,0.188909308,0.154562161,0,1460,121.6829268,327.9773955,107569.172,0,1,0,124.725,1124,8192,127,16,20,143016.4545,622646,94901,9988162.545,10000000,9867665,Normal Traffic
443,1920065,1,6,6,6,6.0,0.0,247,247,247.0,0.0,131.7663725,1.041631403,1920065.0,0.0,1920065,1920065,0,0.0,0.0,0,0,0,0.0,0.0,0,0,20,20,0.520815702,0.520815702,6,247,86.33333333,139.1414149,19360.33333,1,0,0,129.5,6,0,60,0,20,0.0,0,0,0.0,0,0,Normal Traffic
80,99396622,6,308,308,0,51.33333333,125.7404735,10136,0,2319.0,4414.366206,119.7525606,0.110667745,9939662.2,31400000.0,99300000,0,99300000,19900000.0,44400000.0,99300000,0,146388,36597.0,65204.87854,134036,44,200,168,0.060364224,0.05030352,0,10136,991.9166667,2909.59855,8465763.72,0,0,1,1082.090909,308,251,235,1,32,2.0,2,2,99300000.0,99300000,99300000,DoS
80,85239068,7,365,359,0,52.14285714,135.329756,5792,0,1932.5,2181.008184,140.3112479,0.152512226,7103255.667,24600000.0,85100000,2,85100000,14200000.0,34700000.0,85100000,2,149396,29879.2,59120.12069,135085,45,220,200,0.082121968,0.070390258,0,5792,854.2857143,1666.479035,2777152.374,0,0,1,920.0,365,251,235,2,20,964.0,964,964,85100000.0,85100000,85100000,DoS
80,98493712,9,357,351,0,39.66666667,116.7668617,7240,0,1932.5,2845.835677,121.3478481,0.152293986,7035265.143,26300000.0,98500000,1,98500000,12300000.0,34800000.0,98500000,1,4466,893.2,1729.900922,3985,41,284,200,0.091376392,0.060917594,0,7240,747.0,1899.058258,3606422.267,0,0,1,796.8,357,251,235,2,20,1987.0,1987,1987,98500000.0,98500000,98500000,DoS
80,3394055,3,0,0,0,0.0,0.0,0,0,0.0,0.0,0.0,1.767796927,678811.0,949761.8903,2025273,37,1368782,684391.0,934720.2114,1345338,23444,3370668,1685334.0,480798.6701,2025310,1345358,104,112,0.883898464,0.883898464,0,0,0.0,0.0,0.0,0,1,0,0.0,0,29200,29,0,32,0.0,0,0,0.0,0,0,Normal Traffic
54142,3,2,0,0,0,0.0,0.0,0,0,0.0,0.0,0.0,666666.6667,3.0,0.0,3,3,3,3.0,0.0,3,3,0,0.0,0.0,0,0,40,0,666666.6667,0.0,0,0,0.0,0.0,0.0,1,0,0,0.0,0,0,-1,0,20,0.0,0,0,0.0,0,0,Normal Traffic
53,48035,1,42,42,42,42.0,0.0,126,126,126.0,0.0,3497.449776,41.63630686,48035.0,0.0,48035,48035,0,0.0,0.0,0,0,0,0.0,0.0,0,0,32,32,20.81815343,20.81815343,42,126,70.0,48.49742261,2352.0,0,0,0,105.0,42,-1,-1,0,32,0.0,0,0,0.0,0,0,Normal Traffic
2700,54,1,6,6,6,6.0,0.0,6,6,6.0,0.0,222222.2222,37037.03704,54.0,0.0,54,54,0,0.0,0.0,0,0,0,0.0,0.0,0,0,20,20,18518.51852,18518.51852,6,6,6.0,0.0,0.0,0,0,1,9.0,6,286,16425,0,20,0.0,0,0,0.0,0,0,Normal Traffic
35689,56,2,31,31,0,15.5,21.92031022,6,6,6.0,0.0,660714.2857,53571.42857,28.0,38.18376618,55,1,1,1.0,0.0,1,1,0,0.0,0.0,0,0,64,20,35714.28571,17857.14286,0,31,17.0,16.35033129,267.3333333,0,0,1,22.66666667,31,972,0,0,32,0.0,0,0,0.0,0,0,Normal Traffic
53,139807,1,47,47,47,47.0,0.0,144,144,144.0,0.0,1366.1690759404,14.3054353502,139807.0,0.0,139807,139807,0,0.0,0.0,0,0,0,0.0,0.0,0,0,32,32,7.1527176751,7.1527176751,47,144,79.3333333333,56.0029761114,3136.3333333333,0,0,0,119.0,47,-1,-1,0,32,0.0,0,0,0.0,0,0,Normal Traffic
53,171,2,66,33,33,33.0,0.0,90,90,90.0,0.0,1438596.49122807,23391.8128654971,57.0,59.0169467187,120,3,3,3.0,0.0,3,3,48,48.0,0.0,48,48,40,40,11695.9064327485,11695.9064327485,33,90,55.8,31.2201857778,974.7,0,0,0,69.75,66,-1,-1,1,20,0.0,0,0,0.0,0,0,Normal Traffic
53,30666,1,53,53,53,53.0,0.0,69,69,69.0,0.0,3978.347355,65.2188091,30666.0,0.0,30666,30666,0,0.0,0.0,0,0,0,0.0,0.0,0,0,20,20,32.60940455,32.60940455,53,69,58.33333333,9.237604307,85.33333333,0,0,0,87.5,53,-1,-1,0,20,0.0,0,0,0.0,0,0,Normal Traffic
53,23588,1,50,50,50,50.0,0.0,66,66,66.0,0.0,4917.754791,84.7888757,23588.0,0.0,23588,23588,0,0.0,0.0,0,0,0,0.0,0.0,0,0,20,20,42.39443785,42.39443785,50,66,55.33333333,9.237604307,85.33333333,0,0,0,83.0,50,-1,-1,0,20,0.0,0,0,0.0,0,0,Normal Traffic
80,100206641,9,344,344,0,38.22222222,114.6666667,5792,0,1932.5,2181.008184,119.1438001,0.149690678,7157617.214,26700000.0,100000000,0,100000000,12500000.0,35400000.0,100000000,0,183454,36690.8,75851.26102,172112,46,296,200,0.089814407,0.059876271,0,5792,746.1875,1579.048752,2493394.963,0,0,1,795.9333333,344,274,235,1,32,1006.0,1006,1006,100000000.0,100000000,100000000,DoS
53,125279,1,45,45,45,45.0,0.0,144,144,144.0,0.0,1508.632732,15.96436753,125279.0,0.0,125279,125279,0,0.0,0.0,0,0,0,0.0,0.0,0,0,20,20,7.982183766,7.982183766,45,144,78.0,57.15767665,3267.0,0,0,0,117.0,45,-1,-1,0,20,0.0,0,0,0.0,0,0,Normal Traffic
389,429,11,172,79,0,15.63636364,31.4492376,163,0,81.5,94.10809388,1160839.161,34965.03497,30.64285714,24.56892078,59,0,429,42.9,32.36064139,97,0,262,87.33333333,149.5337197,260,1,368,144,25641.02564,9324.009324,0,163,31.125,57.86060836,3347.85,0,1,0,33.2,172,29200,2081,4,32,0.0,0,0,0.0,0,0,Normal Traffic
53,205404,2,68,34,34,34.0,0.0,108,108,108.0,0.0,1382.641039,19.47381745,68468.0,118584.8585,205398,3,3,3.0,0.0,3,3,3,3.0,0.0,3,3,64,64,9.736908726,9.736908726,34,108,63.6,40.53146926,1642.8,0,0,0,79.5,68,-1,-1,1,32,0.0,0,0,0.0,0,0,Normal Traffic
53,91001,2,70,35,35,35.0,0.0,139,139,139.0,0.0,3824.133801,43.95556093,30333.66667,52494.42314,90949,4,4,4.0,0.0,4,4,48,48.0,0.0,48,48,40,64,21.97778046,21.97778046,35,139,76.6,56.96314598,3244.8,0,0,0,95.75,70,-1,-1,1,20,0.0,0,0,0.0,0,0,Normal Traffic
53,193,2,64,32,32,32.0,0.0,60,60,60.0,0.0,953367.8756,20725.3886,64.33333333,107.9645003,189,2,2,2.0,0.0,2,2,2,2.0,0.0,2,2,64,64,10362.6943,10362.6943,32,60,43.2,15.33623161,235.2,0,0,0,54.0,64,-1,-1,1,32,0.0,0,0,0.0,0,0,Normal Traffic
61882,29,1,6,6,6,6.0,0.0,6,6,6.0,0.0,413793.103448276,68965.5172413793,29.0,0.0,29,29,0,0.0,0.0,0,0,0,0.0,0.0,0,0,20,20,34482.7586206897,34482.7586206897,6,6,6.0,0.0,0.0,0,0,1,9.0,6,67,255,0,20,0.0,0,0,0.0,0,0,Normal Traffic
80,98833045,6,366,366,0,61.0,149.4188743,5792,0,1932.5,2537.820147,121.0222755,0.12141688,8984822.273,29800000.0,98800000,1,98800000,19800000.0,44200000.0,98800000,1,1619,323.8,601.4226467,1397,3,200,200,0.06070844,0.06070844,0,5792,920.0769231,1909.164497,3644909.077,0,0,1,996.75,366,274,235,1,32,4.0,4,4,98800000.0,98800000,98800000,DoS
80,85795685,9,346,346,0,38.44444444,115.3333333,8688,0,2319.0,3774.237539,139.1794937,0.16317837,6599668.077,23800000.0,85600000,4,85700000,10700000.0,30300000.0,85600000,4,142621,35655.25,62028.55713,128180,191,296,168,0.10490038,0.058277989,0,8688,796.0666667,2306.546041,5320154.638,0,0,1,852.9285714,346,251,235,1,32,5340.0,5340,5340,85600000.0,85600000,85600000,DoS
53,62754,2,74,37,37,37.0,0.0,102,102,102.0,0.0,4429.996494,63.74095675,20918.0,36147.90035,62658,48,48,48.0,0.0,48,48,48,48.0,0.0,48,48,40,80,31.87047838,31.87047838,37,102,63.0,35.60196624,1267.5,0,0,0,78.75,74,-1,-1,1,20,0.0,0,0,0.0,0,0,Normal Traffic
53,367,2,64,32,32,32.0,0.0,60,60,60.0,0.0,501362.3978,10899.18256,122.3333333,211.0221157,366,0,0,0.0,0.0,0,0,1,1.0,0.0,1,1,40,40,5449.591281,5449.591281,32,60,43.2,15.33623161,235.2,0,0,0,54.0,64,-1,-1,1,20,0.0,0,0,0.0,0,0,Normal Traffic
53,146667,2,84,42,42,42.0,0.0,155,155,155.0,0.0,2686.357531,27.27266529,48889.0,84674.76784,146663,1,3,3.0,0.0,3,3,1,1.0,0.0,1,1,64,40,13.63633264,13.63633264,42,155,87.2,61.892649,3830.7,0,0,0,109.0,84,-1,-1,1,32,0.0,0,0,0.0,0,0,Normal Traffic
53,492168,4,180,45,45,45.0,0.0,105,105,105.0,0.0,792.412347,12.19095918,98433.6,193754.9521,442935,4,49185,16395.0,28390.04479,49177,4,48,48.0,0.0,48,48,128,40,8.127306123,4.063653062,45,105,62.14285714,29.27700219,857.1428571,0,0,0,72.5,180,-1,-1,3,32,0.0,0,0,0.0,0,0,Normal Traffic
5001,91,2,4,2,2,2.0,0.0,6,6,6.0,0.0,175824.1758,43956.04396,30.33333333,47.34272207,85,3,3,3.0,0.0,3,3,3,3.0,0.0,3,3,48,40,21978.02198,21978.02198,2,6,3.6,2.19089023,4.8,0,1,0,4.5,4,1024,0,1,24,0.0,0,0,0.0,0,0,Normal Traffic
57397,3,2,248,217,31,124.0,131.5218613007,0,0,0.0,0.0,82666666.6666667,666666.666666667,3.0,0.0,3,3,3,3.0,0.0,3,3,0,0.0,0.0,0,0,40,0,666666.666666667,0.0,31,217,155.0,107.3871500693,11532.0,0,0,1,232.5,248,237,-1,1,20,0.0,0,0,0.0,0,0,Normal Traffic
53,212,2,56,28,28,28.0,0.0,105,105,105.0,0.0,1254716.981,18867.92453,70.66666667,37.5277675,114,49,49,49.0,0.0,49,49,49,49.0,0.0,49,49,64,64,9433.962264,9433.962264,28,105,58.8,42.17463693,1778.7,0,0,0,73.5,56,-1,-1,1,32,0.0,0,0,0.0,0,0,Normal Traffic
443,274539,9,553,192,0,61.44444444,80.82869402,1460,0,434.7142857,630.3270882,13098.32119,58.27951584,18302.6,27897.82975,92941,3,274539,34317.375,31838.61603,92941,3,206121,34353.5,57403.33333,142213,3,192,152,32.78222766,25.49728818,0,1460,211.5294118,435.3370989,189518.3897,0,1,0,224.75,553,8192,980,8,20,0.0,0,0,0.0,0,0,Normal Traffic
443,31658494,14,698,387,0,49.85714286,112.68394,2896,0,810.0,907.8836458,405.8310544,0.916025886,1130660.5,3136325.689,10000000,39,31100000,2395844.077,4413671.352,10200000,233,31500000,2248580.286,4308184.256,10200000,191,456,488,0.442219393,0.473806493,0,2896,428.2666667,744.6021355,554432.3402,0,1,0,443.0344828,698,29200,130,3,32,364576.6667,737342,178168,10000000.0,10000000,9996610,Normal Traffic
45646,44,1,0,0,0,0.0,0.0,0,0,0.0,0.0,0.0,45454.54545,44.0,0.0,44,44,0,0.0,0.0,0,0,0,0.0,0.0,0,0,32,32,22727.27273,22727.27273,0,0,0.0,0.0,0.0,0,0,1,0.0,0,114,299,0,32,0.0,0,0,0.0,0,0,Normal Traffic
55385,58,1,0,0,0,0.0,0.0,0,0,0.0,0.0,0.0,34482.75862,58.0,0.0,58,58,0,0.0,0.0,0,0,0,0.0,0.0,0,0,32,32,17241.37931,17241.37931,0,0,0.0,0.0,0.0,0,0,1,0.0,0,340,240,0,32,0.0,0,0,0.0,0,0,Normal Traffic
58082,37508,7,11601,5840,0,1657.285714,2138.071149,20,6,13.0,9.899494937,309987.2027,239.9488109,4688.5,12571.1531,35790,2,37508,6251.333333,14508.5229,35858,94,2,2.0,0.0,2,2,164,40,186.6268529,53.32195798,0,5840,1162.7,1918.795458,3681776.011,0,1,0,1291.888889,11601,8192,256,5,20,0.0,0,0,0.0,0,0,Normal Traffic
53,30984,2,88,44,44,44.0,0.0,44,44,44.0,0.0,5680.351149,129.0988897,10328.0,17847.06634,30936,1,1,1.0,0.0,1,1,47,47.0,0.0,47,47,40,64,64.54944487,64.54944487,44,44,44.0,0.0,0.0,0,0,0,55.0,88,-1,-1,1,20,0.0,0,0,0.0,0,0,Normal Traffic
443,10640034,5,572,517,0,114.4,225.7062249917,144,0,39.0,70.0571195525,68.4208339936,0.8458619587,1330004.25,3716800.99851332,10528466,163,10640034,2660008.5,5287238.19884859,10590848,598,88457,29485.6666666667,32464.3283826007,64411,229,112,92,0.4699233104,0.3759386483,0,517,72.8,162.2821959154,26335.5111111111,0,1,0,80.8888888889,572,8192,946,4,20,0.0,0,0,0.0,0,0,Normal Traffic
53,479,1,53,53,53,53.0,0.0,113,113,113.0,0.0,346555.3236,4175.365344,479.0,0.0,479,479,0,0.0,0.0,0,0,0,0.0,0.0,0,0,20,20,2087.682672,2087.682672,53,113,73.0,34.64101615,1200.0,0,0,0,109.5,53,-1,-1,0,20,0.0,0,0,0.0,0,0,Normal Traffic
22,1311051,41,2664,456,0,64.97560976,109.864573,976,0,158.0454545,312.6752498,7336.099053,64.83348092,15607.75,104753.1498,954862,0,1311051,32776.275,159004.7635,995845,3,356059,8280.44186,21140.12308,106257,0,1328,1424,31.27262021,33.56086071,0,976,111.8372093,239.6868477,57449.78495,0,1,0,113.1529412,2664,29200,243,24,32,0.0,0,0,0.0,0,0,Normal Traffic
53272,72,1,0,0,0,0.0,0.0,0,0,0.0,0.0,0.0,27777.77778,72.0,0.0,72,72,0,0.0,0.0,0,0,0,0.0,0.0,0,0,20,20,13888.88889,13888.88889,0,0,0.0,0.0,0.0,0,0,1,0.0,0,1460,16406,0,20,0.0,0,0,0.0,0,0,Normal Traffic
60715,17,1,0,0,0,0.0,0.0,0,0,0.0,0.0,0.0,117647.058823529,17.0,0.0,17,17,0,0.0,0.0,0,0,0,0.0,0.0,0,0,32,32,58823.5294117647,58823.5294117647,0,0,0.0,0.0,0.0,0,0,1,0.0,0,332,229,0,32,0.0,0,0,0.0,0,0,Normal Traffic
53,114726,1,44,44,44,44.0,0.0,114,114,114.0,0.0,1377.194359,17.43283998,114726.0,0.0,114726,114726,0,0.0,0.0,0,0,0,0.0,0.0,0,0,20,20,8.716419992,8.716419992,44,114,67.33333333,40.41451884,1633.333333,0,0,0,101.0,44,-1,-1,0,20,0.0,0,0,0.0,0,0,Normal Traffic
53,184,2,70,35,35,35.0,0.0,127,127,127.0,0.0,1760869.565,21739.13043,61.33333333,101.0362971,178,3,3,3.0,0.0,3,3,3,3.0,0.0,3,3,64,64,10869.56522,10869.56522,35,127,71.8,50.39047529,2539.2,0,0,0,89.75,70,-1,-1,1,32,0.0,0,0,0.0,0,0,Normal Traffic
53,31190,2,68,34,34,34.0,0.0,125,125,125.0,0.0,10195.5755,128.2462328,10396.66667,17962.53505,31138,4,4,4.0,0.0,4,4,48,48.0,0.0,48,48,40,40,64.12311638,64.12311638,34,125,70.4,49.84275273,2484.3,0,0,0,88.0,68,-1,-1,1,20,0.0,0,0,0.0,0,0,Normal Traffic
443,2826,4,64,46,6,16.0,20.0,0,0,0.0,0.0,22646.85067,1415.428167,942.0,1480.140872,2651,70,2826,942.0,1480.140872,2651,70,0,0.0,0.0,0,0,80,0,1415.428167,0.0,6,46,14.0,17.88854382,320.0,0,0,1,17.5,64,256,-1,3,20,0.0,0,0,0.0,0,0,Normal Traffic
80,5804208,3,12,6,0,4.0,3.4641016151,0,0,0.0,0.0,2.0674655353,0.6891551784,1934736.0,3317261.17003606,5765113,36,5804208,2902104.0,4048906.15699623,5765113,39095,0,0.0,0.0,0,0,72,32,0.5168663838,0.1722887946,0,6,2.4,3.286335345,10.8,0,1,0,3.0,12,8192,29200,2,20,0.0,0,0,0.0,0,0,Normal Traffic
53,31290,2,84,42,42,42.0,0.0,142,142,142.0,0.0,11760.94599,127.8363694,10430.0,17981.28547,31193,48,49,49.0,0.0,49,49,48,48.0,0.0,48,48,64,64,63.91818472,63.91818472,42,142,82.0,54.77225575,3000.0,0,0,0,102.5,84,-1,-1,1,32,0.0,0,0,0.0,0,0,Normal Traffic
443,5088610,9,376,189,0,41.77777778,68.03450922,1460,0,921.4,729.197367,979.2458058,2.751242481,391431.5385,1347910.853,4876936,10,5088610,636076.25,1713860.622,4876936,147,124211,31052.75,35900.58398,66584,48,200,112,1.76865588,0.9825866,0,1460,332.2,583.6578254,340656.4571,0,1,0,355.9285714,376,29200,38,8,20,0.0,0,0,0.0,0,0,Normal Traffic
53,114279,2,82,41,41,41.0,0.0,84,84,84.0,0.0,2187.628523,35.00205637,38093.0,65934.84796,114228,3,48,48.0,0.0,48,48,3,3.0,0.0,3,3,64,64,17.50102819,17.50102819,41,84,58.2,23.55206997,554.7,0,0,0,72.75,82,-1,-1,1,32,0.0,0,0,0.0,0,0,Normal Traffic
80,98406716,6,348,348,0,58.0,142.0704051,5792,0,1932.5,2181.008184,121.3636679,0.121942897,8946065.091,29700000.0,98400000,1,98400000,19700000.0,44000000.0,98400000,1,51414,10282.8,16954.19077,39193,46,200,200,0.060971448,0.060971448,0,5792,918.6923077,1716.111952,2945040.231,0,0,1,995.25,348,274,235,1,32,5.0,5,5,98400000.0,98400000,98400000,DoS
443,45,2,31,31,0,15.5,21.92031022,0,0,0.0,0.0,688888.8889,44444.44444,45.0,0.0,45,45,45,45.0,0.0,45,45,0,0.0,0.0,0,0,64,0,44444.44444,0.0,0,31,20.66666667,17.89785834,320.3333333,0,0,1,31.0,31,277,-1,0,32,0.0,0,0,0.0,0,0,Normal Traffic
6669,48,2,4,2,2,2.0,0.0,6,6,6.0,0.0,333333.3333,83333.33333,16.0,15.0,31,1,48,48.0,0.0,48,48,1,1.0,0.0,1,1,48,40,41666.66667,41666.66667,2,6,3.6,2.19089023,4.8,0,1,0,4.5,4,1024,0,1,24,0.0,0,0,0.0,0,0,Normal Traffic
80,83216139,8,338,326,0,42.25,114.6843494,4344,0,1932.5,1754.831473,143.3976647,0.168236597,6401241.462,23000000.0,83100000,1,83100000,11900000.0,31400000.0,83100000,1,143476,28695.2,57532.87089,131197,16,240,200,0.096135198,0.072101399,0,4344,795.5333333,1424.724378,2029839.552,0,0,1,852.3571429,338,251,235,3,20,1995.0,1995,1995,83100000.0,83100000,83100000,DoS
53,116514,4,144,36,36,36.0,0.0,132,132,132.0,0.0,3501.725115,51.49595757,23302.8,36198.47045,82437,3,34074,11358.0,19666.5709,34067,3,3,3.0,0.0,3,3,80,40,34.33063838,17.16531919,36,132,63.42857143,46.8432035,2194.285714,0,0,0,74.0,144,-1,-1,3,20,0.0,0,0,0.0,0,0,Normal Traffic
53,61640,1,49,49,49,49.0,0.0,49,49,49.0,0.0,1589.876703,32.44646334,61640.0,0.0,61640,61640,0,0.0,0.0,0,0,0,0.0,0.0,0,0,32,20,16.22323167,16.22323167,49,49,49.0,0.0,0.0,0,0,0,73.5,49,-1,-1,0,32,0.0,0,0,0.0,0,0,Normal Traffic
80,779989,2,12,6,6,6.0,0.0,0,0,0.0,0.0,15.38483235,2.564138725,779989.0,0.0,779989,779989,779989,779989.0,0.0,779989,779989,0,0.0,0.0,0,0,40,0,2.564138725,0.0,6,6,6.0,0.0,0.0,0,0,1,9.0,12,451,-1,1,20,0.0,0,0,0.0,0,0,Normal Traffic
53,31341,1,67,67,67,67.0,0.0,126,126,126.0,0.0,6158.067707,63.81417313,31341.0,0.0,31341,31341,0,0.0,0.0,0,0,0,0.0,0.0,0,0,40,40,31.90708656,31.90708656,67,126,86.66666667,34.06366588,1160.333333,0,0,0,130.0,67,-1,-1,0,40,0.0,0,0,0.0,0,0,Normal Traffic
53,84184,2,60,30,30,30.0,0.0,132,132,132.0,0.0,3848.712344,47.51496721,28061.33333,48598.45891,84178,3,3,3.0,0.0,3,3,3,3.0,0.0,3,3,40,40,23.75748361,23.75748361,30,132,70.8,55.86770087,3121.2,0,0,0,88.5,60,-1,-1,1,20,0.0,0,0,0.0,0,0,Normal Traffic
53,30887,4,144,36,36,36.0,0.0,68,68,68.0,0.0,13468.44951,259.0086444,4412.428571,11500.53735,30493,3,30700,10233.33333,17679.6349,30648,3,30731,10243.66667,17659.41268,30635,48,80,80,129.5043222,129.5043222,36,68,50.22222222,16.86548085,284.4444444,0,0,0,56.5,144,-1,-1,3,20,0.0,0,0,0.0,0,0,Normal Traffic
443,118309246,90,2745,479,0,30.5,85.1224168,2860,0,1236.153333,600.7208616,1590.475862,2.028581942,495017.7657,5323527.87,58700000,2,118000000,1329317.371,8696439.115,58800000,34,118000000,793396.2953,6740383.466,58700000,2,1812,3012,0.760718228,1.267863714,0,2860,780.780083,754.9586118,569962.5056,0,1,0,784.0333333,2745,8192,410,17,20,785549.0,1484483,86615,58300000.0,58700000,58000000,Normal Traffic
80,112044,3,26,20,0,8.666666667,10.26320288,4380,0,2320.2,2207.341206,103771.7325,71.40052122,16006.28571,32284.37488,86461,74,24567,12283.5,16612.05961,24030,537,111902,27975.5,40603.07661,86461,159,72,112,26.77519546,44.62532576,0,4380,1291.888889,1980.710254,3923213.111,0,1,0,1453.375,26,8192,229,2,20,0.0,0,0,0.0,0,0,DDoS
53,31109,2,84,42,42,42.0,0.0,141,141,141.0,0.0,11765.08406,128.5801537,10369.66667,17953.86132,31101,4,4,4.0,0.0,4,4,4,4.0,0.0,4,4,40,40,64.29007683,64.29007683,42,141,81.6,54.22453319,2940.3,0,0,0,102.0,84,-1,-1,1,20,0.0,0,0,0.0,0,0,Normal Traffic
56516,82,1,0,0,0,0.0,0.0,0,0,0.0,0.0,0.0,36585.36585,41.0,11.3137085,49,33,0,0.0,0.0,0,0,49,49.0,0.0,49,49,32,64,12195.12195,24390.2439,0,0,0.0,0.0,0.0,0,0,1,0.0,0,243,290,0,32,0.0,0,0,0.0,0,0,Normal Traffic
443,385302,15,900,263,0,60.0,85.00420158,2059,0,586.1,770.3158732,17547.27461,64.88416878,16054.25,44921.72535,220468,2,385302,27521.57143,58474.93306,220468,48,362013,40223.66667,76914.60451,240098,192,332,212,38.93050127,25.95366751,0,2059,260.0384615,535.6361064,286906.0385,0,1,0,270.44,900,29200,32,13,20,0.0,0,0,0.0,0,0,Normal Traffic
443,115576822,20,2483,1797,0,124.15,402.7313686108,3951,0,297.0555555556,956.6591053196,67.7471474341,0.3287856453,3123697.89189189,4600269.53269261,9997627,3,115576822,6082990.63157895,4857439.26873389,10020603,3,110310575,6488857.35294118,4927229.5154247,10020966,3,412,368,0.1730450765,0.1557405688,0,3951,200.7692307692,706.4477282238,499068.39271255,0,1,0,206.0526315789,2483,8192,6720,19,20,47401.0,314247,22976,9584000.58333333,9997627,5242771,Normal Traffic
443,70054269,5,92,46,0,18.4,25.19523765,46,0,30.66666667,26.55811238,2.626535151,0.11419718,10000000.0,22000000.0,58900000,4,70100000,17500000.0,28100000.0,58900000,36368,59000000,29500000.0,41700000.0,59000000,4,160,96,0.071373238,0.042823943,0,46,25.55555556,24.24412873,587.7777778,0,0,1,28.75,92,959,851,1,32,78760.0,78760,78760,58900000.0,58900000,58900000,Normal Traffic
60520,36,1,0,0,0,0.0,0.0,0,0,0.0,0.0,0.0,55555.55556,36.0,0.0,36,36,0,0.0,0.0,0,0,0,0.0,0.0,0,0,32,32,27777.77778,27777.77778,0,0,0.0,0.0,0.0,0,0,1,0.0,0,122,33304,0,32,0.0,0,0,0.0,0,0,Normal Traffic
443,3870568,5,129,45,6,25.8,18.7803088367,41,41,41.0,0.0,43.9212022628,1.5501600799,774113.6,1722424.85453772,3855259,48,3870568,967642.0,1925091.02841519,3855259,48,0,0.0,0.0,0,0,100,20,1.2918000666,0.2583600133,6,45,30.1428571429,17.0335802796,290.1428571429,0,0,1,35.1666666667,129,343,32,4,20,0.0,0,0,0.0,0,0,Normal Traffic
53,7026949,2,113,58,55,56.5,2.1213203436,281,118,199.5,115.2584053334,72.8623475138,0.56923709,2342316.33333333,3931920.79545765,6882421,48008,6978941,6978941.0,0.0,6978941,6978941,6930429,6930429.0,0.0,6930429,6930429,60,64,0.284618545,0.284618545,55,281,114.0,97.0283463736,9414.5,0,0,0,142.5,113,-1,-1,1,20,96520.0,96520,96520,6882421.0,6882421,6882421,Normal Traffic
80,85439556,6,728,358,0,121.3333333,183.3408483,5792,0,1449.375,2046.673464,144.2306184,0.163858529,6572273.538,23600000.0,85100000,4,85300000,17100000.0,38000000.0,85100000,1976,85400000,12200000.0,32100000.0,85100000,14,176,264,0.070225084,0.093633445,0,5792,821.9333333,1609.135281,2589316.352,1,0,0,880.6428571,728,0,235,3,20,10006.0,10006,10006,85100000.0,85100000,85100000,DoS
53,30190,1,59,59,59,59.0,0.0,124,124,124.0,0.0,6061.609805,66.24710169,30190.0,0.0,30190,30190,0,0.0,0.0,0,0,0,0.0,0.0,0,0,32,20,33.12355084,33.12355084,59,124,80.66666667,37.5277675,1408.333333,0,0,0,121.0,59,-1,-1,0,32,0.0,0,0,0.0,0,0,Normal Traffic
59432,99,1,6,6,6,6.0,0.0,6,6,6.0,0.0,121212.1212,20202.0202,99.0,0.0,99,99,0,0.0,0.0,0,0,0,0.0,0.0,0,0,20,20,10101.0101,10101.0101,6,6,6.0,0.0,0.0,0,0,1,9.0,6,343,255,0,20,0.0,0,0,0.0,0,0,Normal Traffic
443,5816858,8,618,342,0,77.25,126.3653999,1568,0,621.8,815.8904338,640.7239097,2.234883506,484738.1667,1553804.575,5417312,38,5816858,830979.7143,2023000.184,5417312,44,248382,62095.5,76434.68562,160511,197,172,108,1.375312927,0.859570579,0,1568,266.2142857,538.032195,289478.6429,0,1,0,286.6923077,618,8192,4921,7,20,399502.0,399502,399502,5417312.0,5417312,5417312,Normal Traffic
54753,435,3,50,38,6,16.66666667,18.47520861,6,6,6.0,0.0,128735.6322,9195.402299,145.0,215.5272605,393,3,435,217.5,303.3488091,432,3,0,0.0,0.0,0,0,60,20,6896.551724,2298.850575,6,38,12.4,14.31083506,204.8,0,0,1,15.5,50,351,0,2,20,0.0,0,0,0.0,0,0,Normal Traffic
7584,67,1,6,6,6,6.0,0.0,6,6,6.0,0.0,358208.9552,59701.49254,22.33333333,36.95041723,65,1,0,0.0,0.0,0,0,2,1.0,0.0,1,1,20,60,14925.37313,44776.1194,6,6,6.0,0.0,0.0,0,0,1,7.5,6,980,0,0,20,0.0,0,0,0.0,0,0,Normal Traffic
443,63189328,18,10865,2581,0,603.6111111111,1078.325997793,1460,0,284.5714285714,506.6094720224,266.5165231699,0.6171928272,1662877.05263158,3606488.43506015,10007800,4,53930556,3172385.64705882,4554379.6354077,10030778,3658,63166230,3158311.5,4563851.0098055,10031255,4,372,428,0.284858228,0.3323345993,0,2581,421.025,817.5760448439,668430.589102564,0,1,0,431.8205128205,10865,8192,15179,17,20,695330.166666667,4055257,22948,9836224.5,10007800,9235735,Normal Traffic
443,10251590,7,1036,517,0,148.0,226.6252413,1459,0,386.875,660.4778438,402.961882,1.463187662,732256.4286,2667562.126,9999721,4,251865,41977.5,41401.00197,80088,218,10200000,1453192.429,3768898.394,9999760,4,232,264,0.682820909,0.780366753,0,1459,258.1875,493.0114561,243060.2958,0,1,0,275.4,1036,29200,9,3,32,251865.0,251865,251865,9999721.0,9999721,9999721,Normal Traffic
80,98710976,6,376,358,0,62.66666667,144.7130494,4344,0,1449.375,1729.380148,121.2732412,0.1418282,7593152.0,27400000.0,98700000,2,98700000,19700000.0,44100000.0,98700000,2,98700000,14100000.0,37300000.0,98700000,47,164,264,0.060783514,0.081044685,0,4344,798.4666667,1421.916858,2021847.552,1,0,0,855.5,376,0,235,3,20,15046.0,15046,15046,98700000.0,98700000,98700000,DoS
80,99895595,7,336,330,0,48.0,124.3704145,7240,0,2319.0,3331.638186,119.4346958,0.120125417,9081417.727,30100000.0,99700000,1,99800000,16600000.0,40700000.0,99700000,1,146343,36585.75,65926.00685,135178,65,220,168,0.07007316,0.050052257,0,7240,917.7692308,2244.383514,5037257.359,0,0,1,994.25,336,251,235,2,20,1967.0,1967,1967,99700000.0,99700000,99700000,DoS
9898,45,1,0,0,0,0.0,0.0,6,6,6.0,0.0,133333.3333,44444.44444,45.0,0.0,45,45,0,0.0,0.0,0,0,0,0.0,0.0,0,0,40,20,22222.22222,22222.22222,0,6,2.0,3.464101615,12.0,0,1,0,3.0,0,29200,0,0,40,0.0,0,0,0.0,0,0,Port Scanning
34466,20,1,0,0,0,0.0,0.0,0,0,0.0,0.0,0.0,100000.0,20.0,0.0,20,20,0,0.0,0.0,0,0,0,0.0,0.0,0,0,32,32,50000.0,50000.0,0,0,0.0,0.0,0.0,0,0,1,0.0,0,383,247,0,32,0.0,0,0,0.0,0,0,Normal Traffic
53,362,2,68,34,34,34.0,0.0,83,83,83.0,0.0,646408.8398,11049.72376,120.6666667,168.21514,313,1,1,1.0,0.0,1,1,48,48.0,0.0,48,48,64,40,5524.861878,5524.861878,34,83,53.6,26.83840532,720.3,0,0,0,67.0,68,-1,-1,1,32,0.0,0,0,0.0,0,0,Normal Traffic
53,62181,4,204,51,51,51.0,0.0,161,161,161.0,0.0,8459.175632,96.49249771,12436.2,25925.49588,58737,3,58744,19581.33333,33909.80204,58737,3,4,4.0,0.0,4,4,80,40,64.32833181,32.1641659,51,161,82.42857143,53.67450401,2880.952381,0,0,0,96.16666667,204,-1,-1,3,20,0.0,0,0,0.0,0,0,Normal Traffic
80,99613402,7,347,341,0,49.57142857,128.5273734,7240,0,1932.5,2845.835677,119.8834671,0.130504528,8301116.833,28700000.0,99500000,3,99500000,16600000.0,40600000.0,99500000,3,153108,30621.6,62022.85917,141264,189,220,200,0.070271669,0.060232859,0,7240,853.0,2015.918039,4063925.538,0,0,1,918.6153846,347,274,235,2,20,1978.0,1978,1978,99500000.0,99500000,99500000,DoS
443,30230332,56,1035,693,0,18.48214286,97.2797262,4344,0,1430.557143,780.3219261,3346.771051,4.167999214,241842.656,1531569.144,10200000,2,20500000,372765.9636,1909329.281,10200000,2,30200000,437785.7971,2050565.042,10200000,2,2004,2248,1.852444095,2.315555119,0,4344,796.6456693,913.7772863,834988.929,0,1,0,802.968254,1035,29200,672,3,32,152349.5,279950,24749,10100000.0,10200000,10000000,Normal Traffic
53,1182488,1,53,53,53,53.0,0.0,172,172,172.0,0.0,190.2767724,1.691349088,1182488.0,0.0,1182488,1182488,0,0.0,0.0,0,0,0,0.0,0.0,0,0,32,32,0.845674544,0.845674544,53,172,92.66666667,68.70468203,4720.333333,0,0,0,139.0,53,-1,-1,0,32,0.0,0,0,0.0,0,0,Normal Traffic
53,36904,4,172,43,43,43.0,0.0,99,99,99.0,0.0,15391.2855,216.778669,5272.0,11517.66179,30948,3,36721,12240.33333,21156.7239,36670,3,5908,1969.333333,3366.023965,5856,4,104,80,108.3893345,108.3893345,43,99,67.88888889,29.51459149,871.1111111,0,0,0,76.375,172,-1,-1,3,20,0.0,0,0,0.0,0,0,Normal Traffic
53,2903949,2,98,49,49,49.0,0.0,147,81,114.0,46.6690475583,112.2609246925,1.3774346588,967983.0,1576213.38320958,2787596,23463,2880486,2880486.0,0.0,2880486,2880486,2811059,2811059.0,0.0,2811059,2811059,88,76,0.6887173294,0.6887173294,49,147,75.0,42.5675933076,1812.0,0,0,0,93.75,98,-1,-1,1,44,0.0,0,0,0.0,0,0,Normal Traffic
80,46411763,11,329,275,0,29.9090909091,81.3073853293,2920,0,858.5384615385,1047.9362747312,247.5665490234,0.5171102852,2017902.73913043,3941359.96641125,10000590,27,40460284,4046028.4,5135628.89537122,10015679,57,46396702,3866391.83333333,4835846.37438579,10015774,48,232,320,0.2370088807,0.2801014045,0,2920,459.6,855.2616071511,731472.416666667,0,1,0,478.75,329,8192,30,10,20,114780.5,413778,15071,10000290.5,10000590,9999606,Normal Traffic
443,5134135,9,376,189,0,41.77777778,68.03450922,1624,0,825.2857143,765.7799323,1198.449203,3.116396433,342275.6667,1266655.708,4920335,3,5134135,641766.875,1729063.908,4920335,3,137157,22859.5,28279.31396,65124,49,192,152,1.752972994,1.363423439,0,1624,361.9411765,618.0565782,381993.9338,0,1,0,384.5625,376,8192,62,8,20,0.0,0,0,0.0,0,0,Normal Traffic
1979,26,1,6,6,6,6.0,0.0,6,6,6.0,0.0,461538.4615,76923.07692,26.0,0.0,26,26,0,0.0,0.0,0,0,0,0.0,0.0,0,0,20,20,38461.53846,38461.53846,6,6,6.0,0.0,0.0,0,0,1,9.0,6,980,16425,0,20,0.0,0,0,0.0,0,0,Normal Traffic
53,61407,2,68,34,34,34.0,0.0,163,163,163.0,0.0,6416.206621,65.13915352,20469.0,35448.15183,61401,3,3,3.0,0.0,3,3,3,3.0,0.0,3,3,40,64,32.56957676,32.56957676,34,163,85.6,70.65620992,4992.3,0,0,0,107.0,68,-1,-1,1,20,0.0,0,0,0.0,0,0,Normal Traffic
53,244,2,46,23,23,23.0,0.0,23,23,23.0,0.0,377049.180327869,16393.4426229508,81.3333333333,99.7613819739,193,1,1,1.0,0.0,1,1,50,50.0,0.0,50,50,40,40,8196.7213114754,8196.7213114754,23,23,23.0,0.0,0.0,0,0,0,28.75,46,-1,-1,1,20,0.0,0,0,0.0,0,0,Normal Traffic
80,1758287,3,26,20,0,8.666666667,10.26320288,5840,0,2321.4,3173.373883,6616.09851,4.549882926,251183.8571,664244.6204,1757549,3,554,277.0,387.4945161,551,3,1758277,439569.25,878653.1992,1757549,3,72,112,1.706206097,2.843676829,0,5840,1292.555556,2554.159212,6523729.278,0,1,0,1454.125,26,8192,229,2,20,0.0,0,0,0.0,0,0,DDoS
53,90678,1,52,52,52,52.0,0.0,120,120,120.0,0.0,1896.8217208143,22.0560665211,90678.0,0.0,90678,90678,0,0.0,0.0,0,0,0,0.0,0.0,0,0,20,20,11.0280332605,11.0280332605,52,120,74.6666666667,39.2598183049,1541.3333333333,0,0,0,112.0,52,-1,-1,0,20,0.0,0,0,0.0,0,0,Normal Traffic
53,149,2,46,23,23,23.0,0.0,23,23,23.0,0.0,617449.6644,26845.63758,49.66666667,84.2931393,147,1,1,1.0,0.0,1,1,1,1.0,0.0,1,1,40,40,13422.81879,13422.81879,23,23,23.0,0.0,0.0,0,0,0,28.75,46,-1,-1,1,20,0.0,0,0,0.0,0,0,Normal Traffic
443,115276639,20,1078,517,0,53.9,152.5550461,1448,0,167.25,435.9352398,32.56514097,0.312292242,3293618.257,4687626.693,10000000,7,115000000,6067191.526,4900519.206,10000000,49,111000000,7370755.4,4590302.791,10000000,35,648,520,0.17349569,0.138796552,0,1448,101.4594595,308.1110545,94932.42192,0,1,0,104.2777778,1078,29200,61,4,32,29389.0,90384,23184,10000000.0,10000000,9998892,Normal Traffic
80,98660383,5,373,361,0,74.6,160.1305717,4344,0,1449.375,1729.380148,121.3050227,0.131765148,8221698.583,28500000.0,98600000,4,98700000,24700000.0,49300000.0,98600000,4,98700000,14100000.0,37300000.0,98600000,16,144,264,0.050678903,0.081086245,0,4344,855.2857143,1457.870704,2125386.989,1,0,0,921.0769231,373,0,235,2,20,14020.0,14020,14020,98600000.0,98600000,98600000,DoS
53,464809,2,58,29,29,29.0,0.0,93,93,93.0,0.0,524.9468061,8.605685346,154936.3333,268313.4349,464758,3,48,48.0,0.0,48,48,3,3.0,0.0,3,3,64,64,4.302842673,4.302842673,29,93,54.6,35.05424368,1228.8,0,0,0,68.25,58,-1,-1,1,32,0.0,0,0,0.0,0,0,Normal Traffic
80,96652846,8,386,380,0,48.25,134.0636842,4344,0,1932.5,1754.831473,123.959102,0.144848296,7434834.308,26800000.0,96600000,1,96600000,13800000.0,36500000.0,96600000,1,76262,15252.4,27796.5351,64138,49,252,200,0.082770455,0.062077841,0,4344,798.7333333,1423.760537,2027094.067,0,0,1,855.7857143,386,274,235,2,20,1925.0,1925,1925,96600000.0,96600000,96600000,DoS
10616,12,1,2,2,2,2.0,0.0,6,6,6.0,0.0,666666.6667,166666.6667,12.0,0.0,12,12,0,0.0,0.0,0,0,0,0.0,0.0,0,0,24,20,83333.33333,83333.33333,2,6,3.333333333,2.309401077,5.333333333,0,1,0,5.0,2,1024,0,0,24,0.0,0,0,0.0,0,0,Port Scanning
80,4044297,4,333,321,0,83.25,158.5252346,1038,0,262.5,517.0077369,341.9630161,1.978094092,577756.7143,1510715.529,4003676,193,40621,13540.33333,11312.28188,20311,481,4024676,1341558.667,2305649.232,4003869,598,104,92,0.989047046,0.989047046,0,1038,153.6666667,347.869947,121013.5,0,1,0,172.875,333,65535,30,3,20,0.0,0,0,0.0,0,0,Normal Traffic
53,30454,1,49,49,49,49.0,0.0,105,105,105.0,0.0,5056.806988,65.67281802,30454.0,0.0,30454,30454,0,0.0,0.0,0,0,0,0.0,0.0,0,0,32,32,32.83640901,32.83640901,49,105,67.66666667,32.33161507,1045.333333,0,0,0,101.5,49,-1,-1,0,32,0.0,0,0,0.0,0,0,Normal Traffic
56535,16508,3,50,38,6,16.66666667,18.47520861,6,6,6.0,0.0,3392.294645,242.3067604,5502.666667,9454.772622,16420,4,16508,8254.0,11667.26189,16504,4,0,0.0,0.0,0,0,60,20,181.7300703,60.57669009,6,38,12.4,14.31083506,204.8,0,0,1,15.5,50,351,0,2,20,0.0,0,0,0.0,0,0,Normal Traffic
53,37920107,2,98,50,48,49.0,1.4142135624,112,66,89.0,32.5269119346,7.2784604748,0.1054849344,12640035.6666667,21814656.3660969,37829425,30138,37889969,37889969.0,0.0,37889969,37889969,37859563,37859563.0,0.0,37859563,37859563,52,52,0.0527424672,0.0527424672,48,112,64.8,27.4444894287,753.2,0,0,0,81.0,98,-1,-1,1,20,60544.0,60544,60544,37829425.0,37829425,37829425,Normal Traffic
53,31192,1,79,79,79,79.0,0.0,207,207,207.0,0.0,9169.0176968454,64.119004873,31192.0,0.0,31192,31192,0,0.0,0.0,0,0,0,0.0,0.0,0,0,20,20,32.0595024365,32.0595024365,79,207,121.6666666667,73.9008344563,5461.3333333333,0,0,0,182.5,79,-1,-1,0,20,0.0,0,0,0.0,0,0,Normal Traffic
50010,3,2,12,6,6,6.0,0.0,0,0,0.0,0.0,4000000.0,666666.6667,3.0,0.0,3,3,3,3.0,0.0,3,3,0,0.0,0.0,0,0,40,0,666666.6667,0.0,6,6,6.0,0.0,0.0,0,0,1,9.0,12,364,-1,1,20,0.0,0,0,0.0,0,0,Normal Traffic
443,95223,1,0,0,0,0.0,0.0,0,0,0.0,0.0,0.0,21.00332903,95223.0,0.0,95223,95223,0,0.0,0.0,0,0,0,0.0,0.0,0,0,32,32,10.50166451,10.50166451,0,0,0.0,0.0,0.0,0,0,1,0.0,0,319,252,0,32,0.0,0,0,0.0,0,0,Normal Traffic
50107,245,4,247,216,0,61.75,103.8665009,0,0,0.0,0.0,1008163.265,16326.53061,81.66666667,101.7660716,196,1,245,81.66666667,101.7660716,196,1,0,0.0,0.0,0,0,128,0,16326.53061,0.0,0,216,49.4,94.09463322,8853.8,0,0,1,61.75,247,59,-1,2,32,0.0,0,0,0.0,0,0,Normal Traffic
443,113822972,76,17250,487,0,226.9736842,229.6899924,477,0,315.5,197.8376736,295.6872361,1.124553311,896243.874,2202814.52,7886015,12,114000000,1517639.627,2703181.664,7886015,6505,114000000,2230906.059,3073372.161,7955075,2717,2432,1664,0.667703528,0.456849782,0,487,264.1627907,220.4344712,48591.3561,0,0,1,266.2265625,17250,1444,620,37,32,1874824.615,9405231,135418,6863117.615,7886015,5503575,Normal Traffic
53,296,2,88,44,44,44.0,0.0,332,332,332.0,0.0,2540540.541,13513.51351,98.66666667,88.62467677,201,47,48,48.0,0.0,48,48,47,47.0,0.0,47,47,40,40,6756.756757,6756.756757,44,332,159.2,157.7440966,24883.2,0,0,0,199.0,88,-1,-1,1,20,0.0,0,0,0.0,0,0,Normal Traffic
443,115921661,25,826,344,0,33.04,79.2219876886,2920,0,802.8260869565,1085.626281427,166.4141096115,0.4140727418,2466418.31914894,4287183.42159889,10009172,3,115921661,4830069.20833333,5004989.89205059,10031373,3,110326684,5014849.27272727,5126602.46346826,10031160,50,512,604,0.2156628863,0.1984098554,0,2920,393.693877551,833.3692959927,694504.383503401,0,1,0,401.8958333333,826,8192,123,24,20,27716.0833333333,89543,21944,9632422.08333333,10009172,5572771,Normal Traffic
443,70985896,102,3383,846,0,33.16666667,91.21588833,2860,0,1163.476471,613.2129586,2833.999588,3.831747084,261940.5756,3614586.52,58600000,0,71000000,702830.6535,5921455.721,58700000,27,60500000,357708.8402,4511519.4,58700000,0,2076,3412,1.436905156,2.394841927,0,2860,736.9010989,733.5988103,538167.2144,0,1,0,739.6102941,3383,8192,399,99,20,938659.0,1591758,285560,34600000.0,58600000,10500000,Normal Traffic
443,240,4,64,46,6,16.0,20.0,0,0,0.0,0.0,266666.6667,16666.66667,80.0,70.76722405,144,4,240,80.0,70.76722405,144,4,0,0.0,0.0,0,0,80,0,16666.66667,0.0,6,46,14.0,17.88854382,320.0,0,0,1,17.5,64,370,-1,3,20,0.0,0,0,0.0,0,0,Normal Traffic
34783,2067,5,3772,1418,0,754.4,716.2309683335,6,6,6.0,0.0,1833575.22980165,3870.343492985,295.2857142857,666.3962070435,1800,1,2067,516.75,860.5453212934,1800,2,218,109.0,152.7350647363,217,1,160,60,2418.9646831156,1451.3788098694,0,1418,421.1111111111,642.421287872,412705.111111111,0,0,1,473.75,3772,340,0,3,32,0.0,0,0,0.0,0,0,Normal Traffic
53,51045,2,180,90,90,90.0,0.0,106,106,106.0,0.0,7679.498482,78.36222941,17015.0,29463.91629,51037,4,4,4.0,0.0,4,4,4,4.0,0.0,4,4,64,64,39.1811147,39.1811147,90,106,96.4,8.76356092,76.8,0,0,0,120.5,180,-1,-1,1,32,0.0,0,0,0.0,0,0,Normal Traffic
53,39154159,4,120,32,28,30.0,2.309401077,284,135,209.5,86.02519011,24.467388,0.204320568,5593451.286,14800000.0,39100000,4,39100000,13000000.0,22600000.0,39100000,4,39100000,13000000.0,22600000.0,39100000,4,80,80,0.102160284,0.102160284,28,284,110.0,108.1098978,11687.75,0,0,0,123.75,120,-1,-1,3,20,30599.0,30599,30599,39100000.0,39100000,39100000,Normal Traffic
443,333356,10,742,501,0,74.2,156.7672017852,1381,0,303.8,605.1307296775,6782.5387873625,44.9969402081,23811.1428571429,39311.5375408311,143522,2,333356,37039.5555555556,48099.3416174045,143522,2,281567,70391.75,79514.12645719,184967,974,332,168,29.9979601387,14.9989800694,0,1381,141.3125,354.3009490532,125529.1625,0,1,0,150.7333333333,742,65535,118,5,32,0.0,0,0,0.0,0,0,Normal Traffic
443,11052448,8,2192,1605,0,274.0,553.090796,1451,0,480.0,644.4027135,545.7614458,1.447643092,736829.8667,2399990.327,9295826,4,1756622,250946.0,568063.6185,1537007,239,11000000,1574995.714,3478236.809,9345681,4,172,168,0.723821546,0.723821546,0,1605,354.8235294,578.3415119,334478.9044,0,1,0,377.0,2192,8192,16060,7,20,0.0,0,0,0.0,0,0,Normal Traffic
80,114073194,26,3316,1460,0,127.5384615,359.8673345,3603,0,908.7931034,1109.85248,260.1049288,0.482146577,2112466.556,4070043.431,10100000,0,114000000,4562927.76,5026201.68,10100000,49,114000000,4072684.357,4961781.37,10100000,1,532,724,0.227923836,0.254222741,0,3603,529.8392857,918.3041836,843282.5737,0,1,0,539.4727273,3316,8192,1140,25,20,48809.72727,156344,37747,10000000.0,10100000,9999930,Normal Traffic
80,4028662,5,30,6,6,6.0,0.0,0,0,0.0,0.0,7.446641093,1.241106849,1007165.5,2012991.888,4026653,1,4028662,1007165.5,2012991.888,4026653,1,0,0.0,0.0,0,0,100,0,1.241106849,0.0,6,6,6.0,0.0,0.0,0,0,1,7.2,30,256,-1,4,20,0.0,0,0,0.0,0,0,DDoS
443,516558,11,558,192,0,50.72727273,73.53922886,1710,0,580.8333333,783.3166452,7826.807445,32.91014755,32284.875,41825.73983,102536,37,516558,51655.8,53180.40963,144629,37,237219,47443.8,63815.02078,125057,208,360,200,21.29480136,11.6153462,0,1710,224.6111111,500.9644978,250965.4281,0,1,0,237.8235294,558,29200,110,5,32,0.0,0,0,0.0,0,0,Normal Traffic
53,23763,1,69,69,69,69.0,0.0,85,85,85.0,0.0,6480.663216,84.16445735,23763.0,0.0,23763,23763,0,0.0,0.0,0,0,0,0.0,0.0,0,0,20,20,42.08222867,42.08222867,69,85,74.33333333,9.237604307,85.33333333,0,0,0,111.5,69,-1,-1,0,20,0.0,0,0,0.0,0,0,Normal Traffic
62260,17,1,0,0,0,0.0,0.0,0,0,0.0,0.0,0.0,117647.058823529,17.0,0.0,17,17,0,0.0,0.0,0,0,0,0.0,0.0,0,0,32,32,58823.5294117647,58823.5294117647,0,0,0.0,0.0,0.0,0,0,1,0.0,0,183,32832,0,32,0.0,0,0,0.0,0,0,Normal Traffic
443,71277,2,12,6,6,6.0,0.0,0,0,0.0,0.0,168.3572540932,42.0893135233,35638.5,50396.2074019464,71274,3,3,3.0,0.0,3,3,0,0.0,0.0,0,0,40,32,28.0595423489,14.0297711744,0,6,4.5,3.0,9.0,1,0,0,6.0,12,0,61,1,20,0.0,0,0,0.0,0,0,Normal Traffic
443,19218771,110,6571,1128,0,59.73636364,189.0453893,4380,2,1775.621795,917.0251929,14754.7416,13.84063528,72523.66415,695765.1242,10000000,0,19200000,176319.0,1080873.865,10000000,3,13900000,89898.61935,809620.2734,10000000,1,2212,3124,5.723570982,8.117064301,0,4380,1062.052434,1105.881014,1222972.817,0,1,0,1066.045113,6571,8192,40608,109,20,1980846.0,3933929,27763,7628538.0,10000000,5256595,Normal Traffic
80,54,2,12,6,6,6.0,0.0,0,0,0.0,0.0,222222.222222222,37037.037037037,54.0,0.0,54,54,54,54.0,0.0,54,54,0,0.0,0.0,0,0,40,0,37037.037037037,0.0,6,6,6.0,0.0,0.0,0,0,1,9.0,12,16425,-1,1,20,0.0,0,0,0.0,0,0,Normal Traffic
53,51788067,2,140,100,40,70.0,42.42640687,178,40,109.0,97.5807358,6.912789388,0.07723787,17300000.0,29900000.0,51700000,477,51700000,51700000.0,0.0,51700000,51700000,51800000,51800000.0,0.0,51800000,51800000,64,52,0.038618935,0.038618935,40,178,79.6,60.83420091,3700.8,0,0,0,99.5,140,-1,-1,1,32,477.0,477,477,51700000.0,51700000,51700000,Normal Traffic
4391,766139,3,18,6,6,6.0,0.0,0,0,0.0,0.0,23.49443117,3.915738528,383069.5,541737.8396,766136,3,766139,383069.5,541737.8396,766136,3,0,0.0,0.0,0,0,60,0,3.915738528,0.0,6,6,6.0,0.0,0.0,0,0,1,8.0,18,6432,-1,2,20,0.0,0,0,0.0,0,0,Normal Traffic
21,274,2,14,14,0,7.0,9.899494937,0,0,0.0,0.0,51094.89051,10948.90511,137.0,29.69848481,158,116,274,274.0,0.0,274,274,0,0.0,0.0,0,0,64,20,7299.270073,3649.635036,0,14,7.0,8.082903769,65.33333333,0,0,1,9.333333333,14,229,0,0,32,0.0,0,0,0.0,0,0,Brute Force
53950,35,1,6,6,6,6.0,0.0,6,6,6.0,0.0,342857.142857143,57142.8571428571,35.0,0.0,35,35,0,0.0,0.0,0,0,0,0.0,0.0,0,0,20,20,28571.4285714286,28571.4285714286,6,6,6.0,0.0,0.0,0,0,1,9.0,6,29,256,0,20,0.0,0,0,0.0,0,0,Normal Traffic
53,208,2,64,32,32,32.0,0.0,48,48,48.0,0.0,769230.7692,19230.76923,69.33333333,114.0277744,201,3,4,4.0,0.0,4,4,3,3.0,0.0,3,3,64,64,9615.384615,9615.384615,32,48,38.4,8.76356092,76.8,0,0,0,48.0,64,-1,-1,1,32,0.0,0,0,0.0,0,0,Normal Traffic
53,31206,2,86,43,43,43.0,0.0,102,102,102.0,0.0,9293.0846632058,128.1804781132,10402.0,17972.6392886521,31155,3,48,48.0,0.0,48,48,3,3.0,0.0,3,3,88,64,64.0902390566,64.0902390566,43,102,66.6,32.3156308928,1044.3,0,0,0,83.25,86,-1,-1,1,44,0.0,0,0,0.0,0,0,Normal Traffic
29747,7630253,1,6,6,6,6.0,0.0,6,6,6.0,0.0,4.718061118,0.78634352,1526050.6,3398990.887,7606337,0,0,0.0,0.0,0,0,7612824,1903206.0,3802088.561,7606337,0,20,100,0.131057253,0.655286266,6,6,6.0,0.0,0.0,0,0,1,7.0,6,229,0,0,20,23916.0,23916,23916,7606337.0,7606337,7606337,Normal Traffic
443,4595158,5,135,46,6,27.0,20.1246117975,46,46,46.0,0.0,39.3892875936,1.3057222407,919031.6,2005098.28417881,4505680,3,4595158,1148789.5,2238241.94114525,4505680,3,0,0.0,0.0,0,0,100,20,1.0881018672,0.2176203734,6,46,32.4285714286,18.8667003197,355.9523809524,0,0,1,37.8333333333,135,254,16384,4,20,0.0,0,0,0.0,0,0,Normal Traffic
53,48126,1,50,50,50,50.0,0.0,66,66,66.0,0.0,2410.3395254125,41.5575780244,48126.0,0.0,48126,48126,0,0.0,0.0,0,0,0,0.0,0.0,0,0,32,32,20.7787890122,20.7787890122,50,66,55.3333333333,9.237604307,85.3333333333,0,0,0,83.0,50,-1,-1,0,32,0.0,0,0,0.0,0,0,Normal Traffic
40818,87,1,0,0,0,0.0,0.0,0,0,0.0,0.0,0.0,22988.50575,87.0,0.0,87,87,0,0.0,0.0,0,0,0,0.0,0.0,0,0,32,32,11494.25287,11494.25287,0,0,0.0,0.0,0.0,0,0,1,0.0,0,126,377,0,32,0.0,0,0,0.0,0,0,Normal Traffic
63266,172208,2,0,0,0,0.0,0.0,6,6,6.0,0.0,104.5247607544,29.0346557651,43052.0,86051.3402181124,172129,1,172208,172208.0,0.0,172208,172208,4,2.0,1.4142135624,3,1,64,60,11.613862306,17.4207934591,0,6,3.0,3.286335345,10.8,0,0,1,3.6,0,115,0,0,32,0.0,0,0,0.0,0,0,Normal Traffic
53,101675,2,78,39,39,39.0,0.0,98,98,98.0,0.0,2694.861077,39.34103762,33891.66667,58696.89247,101669,3,3,3.0,0.0,3,3,3,3.0,0.0,3,3,64,64,19.67051881,19.67051881,39,98,62.6,32.31563089,1044.3,0,0,0,78.25,78,-1,-1,1,32,0.0,0,0,0.0,0,0,Normal Traffic
443,5738474,9,615,342,0,68.33333333,119.3880228,1451,0,536.6,706.4285527,574.7172506,2.439672986,441421.0769,1539065.84,5563339,12,5738474,717309.25,1958266.959,5563339,12,109725,27431.25,38833.29749,82669,205,200,108,1.568361205,0.871311781,0,1451,219.8666667,452.5164349,204771.1238,0,1,0,235.5714286,615,29200,11256,8,20,175123.0,175123,175123,5563339.0,5563339,5563339,Normal Traffic
53,62588,2,58,29,29,29.0,0.0,93,93,93.0,0.0,3898.510897,63.9100147,20862.66667,36130.86855,62583,1,1,1.0,0.0,1,1,4,4.0,0.0,4,4,64,40,31.95500735,31.95500735,29,93,54.6,35.05424368,1228.8,0,0,0,68.25,58,-1,-1,1,32,0.0,0,0,0.0,0,0,Normal Traffic
443,117371592,22,25124,5472,0,1142.0,1975.387147,1418,0,224.28,455.5488924,261.8265585,0.400437612,2551556.348,12000000.0,58700000,3,117000000,5589123.429,17600000.0,58700000,14,117000000,4888957.417,16500000.0,58700000,3,724,808,0.187438882,0.21299873,0,5472,640.2291667,1438.084575,2068087.244,0,1,0,653.8510638,25124,29200,742,13,32,251364.0,423743,78985,58400000.0,58700000,58200000,Normal Traffic
80,180907,3,309,309,0,103.0,178.4012332,4344,0,1656.428571,1757.579003,65801.76555,55.27702079,20100.77778,55404.26042,167411,4,12991,6495.5,9180.36734,12987,4,180839,30139.83333,67445.59677,167411,16,104,232,16.58310624,38.69391455,0,4344,1082.181818,1579.682931,2495398.164,0,1,0,1190.4,309,29200,235,1,32,0.0,0,0,0.0,0,0,DoS
1217,20,1,0,0,0,0.0,0.0,6,6,6.0,0.0,300000.0,100000.0,20.0,0.0,20,20,0,0.0,0.0,0,0,0,0.0,0.0,0,0,40,20,50000.0,50000.0,0,6,2.0,3.464101615,12.0,0,1,0,3.0,0,29200,0,0,40,0.0,0,0,0.0,0,0,Port Scanning
443,145684,1,0,0,0,0.0,0.0,0,0,0.0,0.0,0.0,20.59251531,72842.0,97135.25853,141527,4157,0,0.0,0.0,0,0,4157,4157.0,0.0,4157,4157,32,64,6.864171769,13.72834354,0,0,0.0,0.0,0.0,0,0,1,0.0,0,371,125,0,32,0.0,0,0,0.0,0,0,Normal Traffic
53,110565,1,43,43,43,43.0,0.0,113,113,113.0,0.0,1410.934744,18.08890698,110565.0,0.0,110565,110565,0,0.0,0.0,0,0,0,0.0,0.0,0,0,32,40,9.044453489,9.044453489,43,113,66.33333333,40.41451884,1633.333333,0,0,0,99.5,43,-1,-1,0,32,0.0,0,0,0.0,0,0,Normal Traffic
45875,58,2,31,31,0,15.5,21.92031022,6,6,6.0,0.0,637931.0345,51724.13793,29.0,39.59797975,57,1,1,1.0,0.0,1,1,0,0.0,0.0,0,0,64,20,34482.75862,17241.37931,0,31,17.0,16.35033129,267.3333333,0,0,1,22.66666667,31,1006,0,0,32,0.0,0,0,0.0,0,0,Normal Traffic
19166,999860,2,12,6,6,6.0,0.0,0,0,0.0,0.0,12.00168024,2.000280039,999860.0,0.0,999860,999860,999860,999860.0,0.0,999860,999860,0,0.0,0.0,0,0,40,0,2.000280039,0.0,6,6,6.0,0.0,0.0,0,0,1,9.0,12,4969,-1,1,20,0.0,0,0,0.0,0,0,Normal Traffic
53,73716673,2,119,61,58,59.5,2.121320344,77,74,75.5,2.121320344,3.66267208,0.054261809,24600000.0,42500000.0,73700000,11888,73700000,73700000.0,0.0,73700000,73700000,73700000,73700000.0,0.0,73700000,73700000,40,40,0.027130904,0.027130904,58,77,66.2,8.642916175,74.7,0,0,0,82.75,119,-1,-1,1,20,50469.0,50469,50469,73700000.0,73700000,73700000,Normal Traffic
53,30598,1,57,57,57,57.0,0.0,73,73,73.0,0.0,4248.643702,65.36374926,30598.0,0.0,30598,30598,0,0.0,0.0,0,0,0,0.0,0.0,0,0,20,20,32.68187463,32.68187463,57,73,62.33333333,9.237604307,85.33333333,0,0,0,93.5,57,-1,-1,0,20,0.0,0,0,0.0,0,0,Normal Traffic
80,235362,1,0,0,0,0.0,0.0,0,0,0.0,0.0,0.0,8.497548457,235362.0,0.0,235362,235362,0,0.0,0.0,0,0,0,0.0,0.0,0,0,32,32,4.248774229,4.248774229,0,0,0.0,0.0,0.0,0,0,1,0.0,0,763,672,0,32,0.0,0,0,0.0,0,0,Normal Traffic
53,193,2,66,33,33,33.0,0.0,89,89,89.0,0.0,1264248.70466321,20725.3886010363,64.3333333333,106.2324495309,187,3,3,3.0,0.0,3,3,3,3.0,0.0,3,3,40,64,10362.6943005181,10362.6943005181,33,89,55.4,30.6724632203,940.8,0,0,0,69.25,66,-1,-1,1,20,0.0,0,0,0.0,0,0,Normal Traffic
53,79023,1,40,40,40,40.0,0.0,94,94,94.0,0.0,1695.708844,25.30908723,79023.0,0.0,79023,79023,0,0.0,0.0,0,0,0,0.0,0.0,0,0,32,32,12.65454361,12.65454361,40,94,58.0,31.17691454,972.0,0,0,0,87.0,40,-1,-1,0,32,0.0,0,0,0.0,0,0,Normal Traffic
53,573,1,59,59,59,59.0,0.0,118,118,118.0,0.0,308900.5236,3490.401396,573.0,0.0,573,573,0,0.0,0.0,0,0,0,0.0,0.0,0,0,20,20,1745.200698,1745.200698,59,118,78.66666667,34.06366588,1160.333333,0,0,0,118.0,59,-1,-1,0,20,0.0,0,0,0.0,0,0,Normal Traffic
53,60154,1,58,58,58,58.0,0.0,74,74,74.0,0.0,2194.3677893407,33.2479968082,60154.0,0.0,60154,60154,0,0.0,0.0,0,0,0,0.0,0.0,0,0,32,20,16.6239984041,16.6239984041,58,74,63.3333333333,9.237604307,85.3333333333,0,0,0,95.0,58,-1,-1,0,32,0.0,0,0,0.0,0,0,Normal Traffic
53,193,2,78,39,39,39.0,0.0,90,90,90.0,0.0,1336787.56476684,20725.3886010363,64.3333333333,106.2324495309,187,3,3,3.0,0.0,3,3,3,3.0,0.0,3,3,40,40,10362.6943005181,10362.6943005181,39,90,59.4,27.9338504328,780.3,0,0,0,74.25,78,-1,-1,1,20,0.0,0,0,0.0,0,0,Normal Traffic
80,118845911,23,1736,434,0,75.47826087,168.1981703,1774,0,394.1111111,721.2809593,74.29788645,0.344984524,2971147.775,4481032.102,10000000,37,119000000,5402086.864,4889208.934,10100000,111,113000000,6671410.471,4735632.46,10100000,167,744,584,0.193527904,0.15145662,0,1774,210.2380952,506.9524348,257000.7712,0,1,0,215.3658537,1736,29200,1039,4,32,298362.4545,2912691,36738,10000000.0,10000000,10000000,Normal Traffic
443,5383394,5,135,46,6,27.0,20.1246118,46,46,46.0,0.0,33.62191212,1.114538523,1076678.8,2277491.975,5148273,4,5383394,1345848.5,2537331.4,5148273,4,0,0.0,0.0,0,0,100,20,0.928782103,0.185756421,6,46,32.42857143,18.86670032,355.952381,0,0,1,37.83333333,135,253,64,4,20,233812.0,233812,233812,5148273.0,5148273,5148273,Normal Traffic
49666,49,1,6,6,6,6.0,0.0,6,6,6.0,0.0,489795.9184,81632.65306,16.33333333,24.84619354,45,1,0,0.0,0.0,0,0,4,2.0,1.414213562,3,1,20,60,20408.16327,61224.4898,6,6,6.0,0.0,0.0,0,0,1,7.5,6,252,2049,0,20,0.0,0,0,0.0,0,0,Normal Traffic
9593,13,1,0,0,0,0.0,0.0,6,6,6.0,0.0,461538.4615,153846.1538,13.0,0.0,13,13,0,0.0,0.0,0,0,0,0.0,0.0,0,0,40,20,76923.07692,76923.07692,0,6,2.0,3.464101615,12.0,0,1,0,3.0,0,29200,0,0,40,0.0,0,0,0.0,0,0,Port Scanning
53,48522,2,60,30,30,30.0,0.0,136,136,136.0,0.0,6842.25712,82.43683278,16174.0,28009.85967,48517,1,1,1.0,0.0,1,1,4,4.0,0.0,4,4,64,64,41.21841639,41.21841639,30,136,72.4,58.0585911,3370.8,0,0,0,90.5,60,-1,-1,1,32,0.0,0,0,0.0,0,0,Normal Traffic
34270,3,2,0,0,0,0.0,0.0,0,0,0.0,0.0,0.0,666666.6667,3.0,0.0,3,3,3,3.0,0.0,3,3,0,0.0,0.0,0,0,64,0,666666.6667,0.0,0,0,0.0,0.0,0.0,0,0,1,0.0,0,7784,-1,0,32,0.0,0,0,0.0,0,0,Normal Traffic
443,60435560,14,784,465,0,56.0,131.1329331,1858,0,332.9166667,647.4670168,79.07596124,0.430210293,2417422.4,4339290.916,10000000,62,60400000,4648889.231,5180953.592,10100000,192,60400000,5489520.636,5216485.754,10100000,222,292,244,0.231651696,0.198558597,0,1858,177.0,454.1652529,206266.0769,0,1,0,183.8076923,784,8192,31088,8,20,89465.83333,283841,50399,9983101.5,10000000,9918198,Normal Traffic
60529,107,1,6,6,6,6.0,0.0,6,6,6.0,0.0,112149.5327,18691.58879,107.0,0.0,107,107,0,0.0,0.0,0,0,0,0.0,0.0,0,0,20,20,9345.794393,9345.794393,6,6,6.0,0.0,0.0,0,0,1,9.0,6,115,256,0,20,0.0,0,0,0.0,0,0,Normal Traffic
53,62047,2,76,38,38,38.0,0.0,99,99,99.0,0.0,4416.00722,64.46725869,20682.33333,35818.52206,62042,1,1,1.0,0.0,1,1,4,4.0,0.0,4,4,80,64,32.23362935,32.23362935,38,99,62.4,33.41107601,1116.3,0,0,0,78.0,76,-1,-1,1,40,0.0,0,0,0.0,0,0,Normal Traffic
53,332,2,60,30,30,30.0,0.0,132,132,132.0,0.0,975903.6145,12048.19277,110.6666667,96.52633492,192,4,192,192.0,0.0,192,192,4,4.0,0.0,4,4,64,64,6024.096386,6024.096386,30,132,70.8,55.86770087,3121.2,0,0,0,88.5,60,-1,-1,1,32,0.0,0,0,0.0,0,0,Normal Traffic
53,316,2,104,52,52,52.0,0.0,176,176,176.0,0.0,1443037.975,12658.22785,105.3333333,178.1188742,311,1,1,1.0,0.0,1,1,4,4.0,0.0,4,4,64,64,6329.113924,6329.113924,52,176,101.6,67.91759713,4612.8,0,0,0,127.0,104,-1,-1,1,32,0.0,0,0,0.0,0,0,Normal Traffic
443,11590536,19,2738,1034,0,144.1052631579,297.5443747927,3527,0,1158.1923076923,955.2314910735,2834.2951525279,3.8824779113,263421.272727273,1523790.69218731,10129090,3,11554701,641927.833333333,2370573.01345765,10129090,131,11554525,462181.0,2024409.18525657,10164980,3,392,532,1.6392684514,2.2432094599,0,3527,714.152173913,897.104724901,804796.887439613,0,1,0,730.0222222222,2738,8192,8201,18,20,1425611.0,1425611,1425611,10129090.0,10129090,10129090,Normal Traffic
53,30494,1,43,43,43,43.0,0.0,113,113,113.0,0.0,5115.760477,65.58667279,30494.0,0.0,30494,30494,0,0.0,0.0,0,0,0,0.0,0.0,0,0,20,32,32.79333639,32.79333639,43,113,66.33333333,40.41451884,1633.333333,0,0,0,99.5,43,-1,-1,0,20,0.0,0,0,0.0,0,0,Normal Traffic
53,261,2,66,33,33,33.0,0.0,289,289,289.0,0.0,2467432.95,15325.6705,87.0,108.8714839,210,3,3,3.0,0.0,3,3,48,48.0,0.0,48,48,64,64,7662.835249,7662.835249,33,289,135.4,140.2169747,19660.8,0,0,0,169.25,66,-1,-1,1,32,0.0,0,0,0.0,0,0,Normal Traffic
80,112,2,0,0,0,0.0,0.0,0,0,0.0,0.0,0.0,17857.14286,112.0,0.0,112,112,112,112.0,0.0,112,112,0,0.0,0.0,0,0,64,0,17857.14286,0.0,0,0,0.0,0.0,0.0,0,0,1,0.0,0,251,-1,0,32,0.0,0,0,0.0,0,0,Normal Traffic
443,65090,6,121,121,0,20.16666667,49.39804315,1338,0,777.5,671.0238446,49638.96144,153.6334306,7232.222222,12302.46947,28634,3,65090,13018.0,14712.96868,28912,3,29639,9879.666667,16861.21628,29349,48,204,136,92.18005838,61.45337225,0,1338,293.7272727,532.3957346,283445.2182,0,1,0,323.1,121,65535,4050,1,32,0.0,0,0,0.0,0,0,Normal Traffic
80,118803905,22,1890,500,0,85.90909091,186.9797313,321,0,73.64705882,136.9137234,26.44694213,0.328272038,3126418.553,4522861.595,10000000,46,119000000,5657328.81,4817367.494,10000000,6297,114000000,7127523.188,4485271.415,10000000,1003,712,552,0.185179098,0.14309294,0,500,78.55,163.4473098,26715.02308,0,1,0,80.56410256,1890,29200,1039,4,32,357446.3636,3553261,37725,10000000.0,10000000,10000000,Normal Traffic
80,6054646,3,0,0,0,0.0,0.0,0,0,0.0,0.0,0.0,0.66064969,2018215.333,3475534.728,6031395,77,6054646,3027323.0,4248399.365,6031395,23251,0,0.0,0.0,0,0,104,40,0.495487267,0.165162422,0,0,0.0,0.0,0.0,0,1,0,0.0,0,29200,28960,0,32,0.0,0,0,0.0,0,0,Normal Traffic
53,211,2,70,35,35,35.0,0.0,67,67,67.0,0.0,966824.6445,18957.34597,70.33333333,36.95041723,113,49,49,49.0,0.0,49,49,49,49.0,0.0,49,49,64,64,9478.672986,9478.672986,35,67,47.8,17.52712184,307.2,0,0,0,59.75,70,-1,-1,1,32,0.0,0,0,0.0,0,0,Normal Traffic
53,203279,1,45,45,45,45.0,0.0,216,216,216.0,0.0,1283.949646,9.838694602,203279.0,0.0,203279,203279,0,0.0,0.0,0,0,0,0.0,0.0,0,0,32,32,4.919347301,4.919347301,45,216,102.0,98.72689603,9747.0,0,0,0,153.0,45,-1,-1,0,32,0.0,0,0,0.0,0,0,Normal Traffic
53,29109,2,68,34,34,34.0,0.0,125,125,125.0,0.0,10924.45635,137.4145453,9703.0,16799.16078,29101,4,4,4.0,0.0,4,4,4,4.0,0.0,4,4,80,64,68.70727266,68.70727266,34,125,70.4,49.84275273,2484.3,0,0,0,88.0,68,-1,-1,1,40,0.0,0,0,0.0,0,0,Normal Traffic
80,5935222,5,30,6,6,6.0,0.0,0,0,0.0,0.0,5.054570832,0.842428472,1483805.5,2966466.388,5933505,3,5935222,1483805.5,2966466.388,5933505,3,0,0.0,0.0,0,0,100,0,0.842428472,0.0,6,6,6.0,0.0,0.0,0,0,1,7.2,30,256,-1,4,20,1717.0,1717,1717,5933505.0,5933505,5933505,DDoS
53,26167,2,76,38,38,38.0,0.0,86,86,86.0,0.0,9477.5862727863,152.8642947224,8722.3333333333,15101.4623243358,26160,3,3,3.0,0.0,3,3,4,4.0,0.0,4,4,40,64,76.4321473612,76.4321473612,38,86,57.2,26.2906827602,691.2,0,0,0,71.5,76,-1,-1,1,20,0.0,0,0,0.0,0,0,Normal Traffic
53,30892,2,92,46,46,46.0,0.0,101,101,101.0,0.0,9517.0270620225,129.4833613881,10297.3333333333,17829.4423449903,30885,3,3,3.0,0.0,3,3,4,4.0,0.0,4,4,40,40,64.741680694,64.741680694,46,101,68.0,30.1247406628,907.5,0,0,0,85.0,92,-1,-1,1,20,0.0,0,0,0.0,0,0,Normal Traffic
443,10778538,7,1105,519,0,157.8571429,246.6194292,483,0,113.6666667,190.335143,165.7924294,1.206100493,898211.5,2852342.34,9949897,4,10800000,1796423.0,3999025.55,9950049,234,10600000,2125380.0,4403376.656,9999745,4,152,132,0.649438727,0.556661766,0,519,127.6428571,209.3798929,43839.93956,0,1,0,137.4615385,1105,8192,120,6,20,828489.0,828489,828489,9949897.0,9949897,9949897,Normal Traffic
46812,5,3,247,216,0,82.33333333,116.7918376,0,0,0.0,0.0,49400000.0,600000.0,2.5,2.121320344,4,1,5,2.5,2.121320344,4,1,0,0.0,0.0,0,0,96,0,600000.0,0.0,0,216,115.75,116.4484865,13560.25,0,0,1,154.3333333,247,11,-1,1,32,0.0,0,0,0.0,0,0,Normal Traffic
54191,73,1,0,0,0,0.0,0.0,0,0,0.0,0.0,0.0,27397.2602739726,73.0,0.0,73,73,0,0.0,0.0,0,0,0,0.0,0.0,0,0,32,32,13698.6301369863,13698.6301369863,0,0,0.0,0.0,0.0,0,0,1,0.0,0,3,229,0,32,0.0,0,0,0.0,0,0,Normal Traffic
80,84620315,6,435,417,0,72.5,168.7954383,7240,0,1656.428571,2698.609263,142.1644436,0.153627412,7051692.917,24400000.0,84500000,4,84500000,16900000.0,37800000.0,84500000,4,84600000,14100000.0,34500000.0,84500000,63,164,232,0.070904959,0.082722453,0,7240,859.7142857,2013.94662,4055980.989,1,0,0,925.8461538,435,0,235,3,20,11000.0,11000,11000,84500000.0,84500000,84500000,DoS
80,5686691,3,12,6,0,4.0,3.4641016151,0,0,0.0,0.0,2.1101902671,0.7033967557,1895563.66666667,3251310.01724864,5649793,53,5686691,2843345.5,3968916.11658807,5649793,36898,0,0.0,0.0,0,0,72,32,0.5275475668,0.1758491889,0,6,2.4,3.286335345,10.8,0,1,0,3.0,12,8192,42780,2,20,0.0,0,0,0.0,0,0,Normal Traffic
3185,96617,1,6,6,6,6.0,0.0,6,6,6.0,0.0,248.4034901,41.40058168,32205.66667,55716.90912,96542,4,0,0.0,0.0,0,0,96546,48273.0,68262.67444,96542,4,20,60,10.35014542,31.05043626,6,6,6.0,0.0,0.0,0,0,1,7.5,6,237,255,0,20,0.0,0,0,0.0,0,0,Normal Traffic
50926,82058862,7,11607,4380,0,1658.142857,1964.053328,20,0,6.888888889,5.30199124,142.2028007,0.194981987,5470590.8,20200000.0,78300000,1,82100000,13700000.0,32900000.0,80800000,81,80800000,10100000.0,27600000.0,78300000,1,152,192,0.08530462,0.109677368,0,4380,686.7647059,1465.729491,2148362.941,0,0,1,729.6875,11607,229,256,5,20,2501295.0,2501295,2501295,78300000.0,78300000,78300000,Normal Traffic
53,24266,2,64,32,32,32.0,0.0,76,76,76.0,0.0,8901.343444,164.8396934,8088.666667,14005.65159,24261,1,1,1.0,0.0,1,1,4,4.0,0.0,4,4,64,64,82.4198467,82.4198467,32,76,49.6,24.09979253,580.8,0,0,0,62.0,64,-1,-1,1,32,0.0,0,0,0.0,0,0,Normal Traffic
57678,87,1,6,6,6,6.0,0.0,6,6,6.0,0.0,137931.034482759,22988.5057471264,87.0,0.0,87,87,0,0.0,0.0,0,0,0,0.0,0.0,0,0,20,20,11494.2528735632,11494.2528735632,6,6,6.0,0.0,0.0,0,0,1,9.0,6,290,16349,0,20,0.0,0,0,0.0,0,0,Normal Traffic
443,5466631,8,668,351,0,83.5,130.8106592,1460,0,391.5384615,569.2869246,1053.299555,3.841488478,273331.55,1113780.711,5001311,3,465317,66473.85714,61019.09563,117518,45,5353063,446088.5833,1435414.222,5001347,3,172,268,1.463424182,2.378064296,0,1460,261.7272727,465.5009776,216691.1602,0,1,0,274.1904762,668,8192,5048,3,20,465317.0,465317,465317,5001311.0,5001311,5001311,Normal Traffic
54435,3,2,37,37,0,18.5,26.1629509039,0,0,0.0,0.0,12333333.3333333,666666.666666667,3.0,0.0,3,3,3,3.0,0.0,3,3,0,0.0,0.0,0,0,64,0,666666.666666667,0.0,0,37,24.6666666667,21.36195996,456.3333333333,0,0,1,37.0,37,117,-1,0,32,0.0,0,0,0.0,0,0,Normal Traffic
53,199,2,94,47,47,47.0,0.0,128,128,128.0,0.0,1758793.97,20100.50251,66.33333333,30.89228598,102,48,49,49.0,0.0,49,49,48,48.0,0.0,48,48,40,40,10050.25126,10050.25126,47,128,79.4,44.36552716,1968.3,0,0,0,99.25,94,-1,-1,1,20,0.0,0,0,0.0,0,0,Normal Traffic
21,141617,18,200,43,0,11.11111111,12.18914121,51,0,19.41666667,14.46710411,4702.825226,296.5745638,3454.073171,13177.7601,70957,1,141518,8324.588235,27857.07482,114223,2,141536,6153.73913,17287.27105,70957,1,384,504,127.1033845,169.4711793,0,51,15.48837209,14.05325262,197.4939092,0,1,0,15.85714286,200,8192,229,16,20,0.0,0,0,0.0,0,0,Normal Traffic
1710,4,1,6,6,6,6.0,0.0,6,6,6.0,0.0,3000000.0,500000.0,4.0,0.0,4,4,0,0.0,0.0,0,0,0,0.0,0.0,0,0,20,20,250000.0,250000.0,6,6,6.0,0.0,0.0,0,0,1,9.0,6,66,16222,0,20,0.0,0,0,0.0,0,0,Normal Traffic
53,402,2,60,30,30,30.0,0.0,172,172,172.0,0.0,1004975.124,9950.248756,134.0,230.3627574,400,1,1,1.0,0.0,1,1,1,1.0,0.0,1,1,64,40,4975.124378,4975.124378,30,172,86.8,77.77660317,6049.2,0,0,0,108.5,60,-1,-1,1,32,0.0,0,0,0.0,0,0,Normal Traffic
443,8479,2,0,0,0,0.0,0.0,0,0,0.0,0.0,0.0,235.8768723,8479.0,0.0,8479,8479,8479,8479.0,0.0,8479,8479,0,0.0,0.0,0,0,64,0,235.8768723,0.0,0,0,0.0,0.0,0.0,0,0,1,0.0,0,319,-1,0,32,0.0,0,0,0.0,0,0,Normal Traffic
6389,73,1,0,0,0,0.0,0.0,6,6,6.0,0.0,82191.78082,27397.26027,73.0,0.0,73,73,0,0.0,0.0,0,0,0,0.0,0.0,0,0,40,20,13698.63014,13698.63014,0,6,2.0,3.464101615,12.0,0,1,0,3.0,0,29200,0,0,40,0.0,0,0,0.0,0,0,Port Scanning
443,5542136,9,380,193,0,42.2222222222,69.1208683716,2724,0,942.7142857143,980.0222300686,1259.2617719955,2.8869735423,369475.733333333,1256684.63377335,4904763,1,5542136,692767.0,1706038.79416266,4904763,1,299757,49959.5,76973.225102629,152521,180,192,152,1.6239226176,1.2630509248,0,2724,410.5294117647,757.1663553711,573300.889705882,0,1,0,436.1875,380,8192,116,8,20,0.0,0,0,0.0,0,0,Normal Traffic
80,100584596,8,762,381,0,95.25,176.368729,7240,0,2319.0,3331.638186,122.8518132,0.129244442,8382049.667,28900000.0,100000000,1,100000000,14300000.0,37800000.0,100000000,1,447372,111843.0,131078.8855,251989,75,264,168,0.079535041,0.049709401,0,7240,882.6428571,2160.334041,4667043.17,0,0,1,950.5384615,762,251,235,2,32,7.0,7,7,100000000.0,100000000,100000000,DoS
80,16015877,6,2190,2166,0,365.0,882.3094695174,621,0,158.25,308.5129656919,176.2625924263,0.6243804195,1779541.88888889,3606564.55283561,9956902,32,16015877,3203175.4,4518330.34410963,9956902,34881,10201893,3400631.0,5751386.28144928,10041165,3388,132,88,0.3746282517,0.2497521678,0,2166,256.6363636364,659.7672730179,435292.854545455,0,1,0,282.3,2190,8192,6546,5,20,245279.0,245279,245279,9956902.0,9956902,9956902,Normal Traffic
56113,19245,6,11607,7215,0,1934.5,3123.682298,20,6,13.0,9.899494937,604468.6932,415.6923876,2749.285714,6791.129305,18144,10,19245,3849.0,7997.434745,18144,10,48,48.0,0.0,48,48,144,40,311.7692907,103.9230969,0,7215,1292.555556,2650.585648,7025604.278,0,1,0,1454.125,11607,8192,256,4,20,0.0,0,0,0.0,0,0,Normal Traffic
443,78976,1,0,0,0,0.0,0.0,0,0,0.0,0.0,0.0,37.98622366,39488.0,53345.54979,77209,1767,0,0.0,0.0,0,0,1767,1767.0,0.0,1767,1767,32,64,12.66207455,25.32414911,0,0,0.0,0.0,0.0,0,0,1,0.0,0,340,9,0,32,0.0,0,0,0.0,0,0,Normal Traffic
443,117779206,6,422,312,6,70.33333333,120.0027777,623,46,238.3333333,333.1311053,9.653656521,0.076414168,14700000.0,27000000.0,58500000,114536,118000000,23600000.0,31800000.0,58500000,311588,117000000,58700000.0,180240.1043,58900000,58600000,120,60,0.050942778,0.025471389,6,623,144.9,205.8664346,42380.98889,0,0,1,161.0,422,16241,16384,5,20,311692.5,311797,311588,58400000.0,58500000,58300000,Normal Traffic
56943,206,2,0,0,0,0.0,0.0,0,0,0.0,0.0,0.0,9708.737864,206.0,0.0,206,206,206,206.0,0.0,206,206,0,0.0,0.0,0,0,40,0,9708.737864,0.0,0,0,0.0,0.0,0.0,0,0,1,0.0,0,4380,-1,0,20,0.0,0,0,0.0,0,0,Normal Traffic
443,347098,5,967,517,0,193.4,243.5965928,495,0,112.5,194.3653776,4730.652438,31.69133789,34709.8,55400.37782,116599,3,232078,58019.5,66651.80173,117256,166,232979,46595.8,63451.57003,117136,3,112,128,14.40515359,17.28618431,0,517,136.8333333,205.4975485,42229.24242,0,1,0,149.2727273,967,8192,31088,4,20,0.0,0,0,0.0,0,0,Normal Traffic
5061,85,2,4,2,2,2.0,0.0,6,6,6.0,0.0,188235.2941,47058.82353,28.33333333,13.27905619,36,13,49,49.0,0.0,49,49,49,49.0,0.0,49,49,48,40,23529.41176,23529.41176,2,6,3.6,2.19089023,4.8,0,1,0,4.5,4,1024,0,1,24,0.0,0,0,0.0,0,0,Normal Traffic
53,96684,2,76,38,38,38.0,0.0,97,97,97.0,0.0,2792.602706,41.37189194,32228.0,55776.37067,96633,3,48,48.0,0.0,48,48,3,3.0,0.0,3,3,40,64,20.68594597,20.68594597,38,97,61.6,32.31563089,1044.3,0,0,0,77.0,76,-1,-1,1,20,0.0,0,0,0.0,0,0,Normal Traffic
80,2527934,5,30,6,6,6.0,0.0,0,0,0.0,0.0,11.86739844,1.977899739,631983.5,1260623.491,2522917,4,2527934,631983.5,1260623.491,2522917,4,0,0.0,0.0,0,0,100,0,1.977899739,0.0,6,6,6.0,0.0,0.0,0,0,1,7.2,30,256,-1,4,20,0.0,0,0,0.0,0,0,DDoS
80,14236,2,12,6,6,6.0,0.0,0,0,0.0,0.0,842.9334083,280.9778028,4745.333333,7713.923083,13648,46,588,588.0,0.0,588,588,14190,14190.0,0.0,14190,14190,40,64,140.4889014,140.4889014,0,6,3.6,3.286335345,10.8,1,0,0,4.5,12,0,235,1,20,0.0,0,0,0.0,0,0,DoS
80,147793,3,356,356,0,118.6666667,205.5366958,5792,0,1932.5,2362.781391,80863.09906,60.89598289,18474.125,48116.41549,137319,49,9987,4993.5,5649.076075,8988,999,147698,29539.6,60399.62996,137319,86,104,200,20.29866096,40.59732193,0,5792,1195.1,2004.581223,4018345.878,0,1,0,1327.888889,356,29200,235,1,32,0.0,0,0,0.0,0,0,DoS
47497,49,1,0,0,0,0.0,0.0,0,0,0.0,0.0,0.0,40816.32653,49.0,0.0,49,49,0,0.0,0.0,0,0,0,0.0,0.0,0,0,20,20,20408.16327,20408.16327,0,0,0.0,0.0,0.0,0,0,1,0.0,0,62,721,0,20,0.0,0,0,0.0,0,0,Normal Traffic
57355,1010,4,290,216,0,72.5,101.8282868,6,6,6.0,0.0,293069.3069,4950.49505,252.5,259.0514749,485,3,1010,336.6666667,291.2599068,540,3,0,0.0,0.0,0,0,128,20,3960.39604,990.0990099,0,216,49.33333333,86.67794798,7513.066667,0,0,1,59.2,290,57,0,2,32,0.0,0,0,0.0,0,0,Normal Traffic
443,274036,6,352,208,0,58.6666666667,87.8604954838,1460,0,630.3333333333,677.217148828,15085.6091900334,43.7898670248,24912.3636363636,39076.9379283299,85921,55,274036,54807.2,44622.4961392793,90296,171,188716,37743.2,49787.6851711344,98330,55,132,132,21.8949335124,21.8949335124,0,1460,318.0,533.9843942788,285139.333333333,0,1,0,344.5,352,8192,60,5,20,0.0,0,0,0.0,0,0,Normal Traffic
53,32127,1,54,54,54,54.0,0.0,119,119,119.0,0.0,5384.8787624117,62.2529336695,32127.0,0.0,32127,32127,0,0.0,0.0,0,0,0,0.0,0.0,0,0,32,20,31.1264668347,31.1264668347,54,119,75.6666666667,37.5277674973,1408.3333333333,0,0,0,113.5,54,-1,-1,0,32,0.0,0,0,0.0,0,0,Normal Traffic
53,49054,2,70,35,35,35.0,0.0,116,116,116.0,0.0,6156.4806132018,81.5427895788,16351.3333333333,28276.3161379507,49002,3,49,49.0,0.0,49,49,3,3.0,0.0,3,3,64,64,40.7713947894,40.7713947894,35,116,67.4,44.3655271579,1968.3,0,0,0,84.25,70,-1,-1,1,32,0.0,0,0,0.0,0,0,Normal Traffic
53,23984,2,68,34,34,34.0,0.0,94,94,94.0,0.0,10673.78252,166.7778519,7994.666667,13840.24065,23976,4,4,4.0,0.0,4,4,4,4.0,0.0,4,4,64,64,83.38892595,83.38892595,34,94,58.0,32.86335345,1080.0,0,0,0,72.5,68,-1,-1,1,32,0.0,0,0,0.0,0,0,Normal Traffic
53,25679,2,60,30,30,30.0,0.0,111,111,111.0,0.0,10981.73605,155.7693057,8559.666667,14783.361,25630,1,1,1.0,0.0,1,1,48,48.0,0.0,48,48,64,80,77.88465283,77.88465283,30,111,62.4,44.36552716,1968.3,0,0,0,78.0,60,-1,-1,1,32,0.0,0,0,0.0,0,0,Normal Traffic
53,31193,2,72,36,36,36.0,0.0,94,94,94.0,0.0,8335.2034110217,128.2338986311,10397.6666666667,18003.2247759487,31186,3,3,3.0,0.0,3,3,4,4.0,0.0,4,4,64,64,64.1169493156,64.1169493156,36,94,59.2,31.7679083353,1009.2,0,0,0,74.0,72,-1,-1,1,32,0.0,0,0,0.0,0,0,Normal Traffic
53,31598,2,78,39,39,39.0,0.0,103,103,103.0,0.0,8987.9106272549,126.5902905247,10532.6666666667,18238.7837405166,31593,1,1,1.0,0.0,1,1,4,4.0,0.0,4,4,64,64,63.2951452624,63.2951452624,39,103,64.6,35.0542436803,1228.8,0,0,0,80.75,78,-1,-1,1,32,0.0,0,0,0.0,0,0,Normal Traffic
53,278,2,92,46,46,46.0,0.0,129,129,129.0,0.0,1258992.8057554,14388.4892086331,92.6666666667,158.7713240271,276,1,1,1.0,0.0,1,1,1,1.0,0.0,1,1,80,80,7194.2446043166,7194.2446043166,46,129,79.2,45.4609722729,2066.7,0,0,0,99.0,92,-1,-1,1,40,0.0,0,0,0.0,0,0,Normal Traffic
53,30420,1,54,54,54,54.0,0.0,110,110,110.0,0.0,5391.190007,65.74621959,30420.0,0.0,30420,30420,0,0.0,0.0,0,0,0,0.0,0.0,0,0,20,20,32.8731098,32.8731098,54,110,72.66666667,32.33161507,1045.333333,0,0,0,109.0,54,-1,-1,0,20,0.0,0,0,0.0,0,0,Normal Traffic
53,55940,2,88,44,44,44.0,0.0,82,82,82.0,0.0,4504.8266,71.50518413,18646.66667,32213.83564,55844,47,49,49.0,0.0,49,49,47,47.0,0.0,47,47,40,40,35.75259206,35.75259206,44,82,59.2,20.81345719,433.2,0,0,0,74.0,88,-1,-1,1,20,0.0,0,0,0.0,0,0,Normal Traffic
41661,151,1,0,0,0,0.0,0.0,0,0,0.0,0.0,0.0,13245.03311,151.0,0.0,151,151,0,0.0,0.0,0,0,0,0.0,0.0,0,0,32,32,6622.516556,6622.516556,0,0,0.0,0.0,0.0,0,0,1,0.0,0,528,575,0,32,0.0,0,0,0.0,0,0,Normal Traffic
443,83263266,43,7138,1448,0,166.0,343.6843790179,3273,0,1657.4098360656,859.942602291,1299.9730277215,1.2490502114,808381.223300971,2678609.2790319,10024618,2,79990487,1904535.4047619,3949296.50321264,10024618,178,83263056,1387717.6,3421082.8485874,10067542,4,1376,1952,0.516434222,0.7326159894,0,3273,1044.6476190476,1007.6382609937,1015334.86501832,0,0,1,1054.6923076923,7138,892,981,8,32,60708.875,132772,1093,9926918.0,10024618,9810163,Normal Traffic
80,98737794,8,303,303,0,37.875,107.1266773,7240,0,2319.0,3331.638186,120.5009705,0.131661844,8228149.5,28500000.0,98600000,1,98600000,14100000.0,37300000.0,98600000,1,146580,36645.0,65942.68216,135255,85,264,168,0.081022673,0.050639171,0,7240,849.8571429,2170.931486,4712943.516,0,0,1,915.2307692,303,274,235,1,32,987.0,987,987,98600000.0,98600000,98600000,DoS
80,83287243,9,369,369,0,41.0,123.0,7240,0,1932.5,2845.835677,143.6474491,0.18009961,5949088.786,22200000.0,83100000,1,83200000,10400000.0,29400000.0,83100000,1,147577,29515.4,59252.50739,135108,45,296,200,0.108059766,0.072039844,0,7240,747.75,1898.970265,3606088.067,0,0,1,797.6,369,251,235,1,32,1990.0,1990,1990,83100000.0,83100000,83100000,DoS
53,161,2,88,44,44,44.0,0.0,109,109,109.0,0.0,1900621.11801242,24844.7204968944,53.6666666667,86.8926540815,154,3,3,3.0,0.0,3,3,4,4.0,0.0,4,4,40,40,12422.3602484472,12422.3602484472,44,109,70.0,35.6019662378,1267.5,0,0,0,87.5,88,-1,-1,1,20,0.0,0,0,0.0,0,0,Normal Traffic
53,48058,1,55,55,55,55.0,0.0,118,118,118.0,0.0,3599.816888,41.61638021,48058.0,0.0,48058,48058,0,0.0,0.0,0,0,0,0.0,0.0,0,0,20,32,20.8081901,20.8081901,55,118,76.0,36.37306696,1323.0,0,0,0,114.0,55,-1,-1,0,20,0.0,0,0,0.0,0,0,Normal Traffic
80,98431687,9,323,323,0,35.88888889,107.6666667,7240,0,2319.0,3331.638186,121.0788961,0.142230621,7571668.231,27300000.0,98300000,1,98300000,12300000.0,34700000.0,98300000,1,145395,36348.75,66631.92116,136097,85,296,168,0.091433971,0.05079665,0,7240,794.5333333,2103.112281,4423081.267,0,0,1,851.2857143,323,251,235,1,32,1008.0,1008,1008,98300000.0,98300000,98300000,DoS
53,30663,2,54,27,27,27.0,0.0,43,43,43.0,0.0,4565.763298,130.4503799,10221.0,17697.22913,30656,3,4,4.0,0.0,4,4,3,3.0,0.0,3,3,64,64,65.22518997,65.22518997,27,43,33.4,8.76356092,76.8,0,0,0,41.75,54,-1,-1,1,32,0.0,0,0,0.0,0,0,Normal Traffic
443,62625461,25,4393,667,0,175.72,255.9540193,1490,0,286.5789474,448.3584027,157.092656,0.702589638,1456406.07,3483087.744,10000000,4,62600000,2609394.208,4384363.704,10000000,303,62600000,3476522.611,4781563.921,10000000,223,512,452,0.399198658,0.30339098,0,1490,218.6222222,349.4251311,122097.9222,0,1,0,223.5909091,4393,8192,141,24,20,441302.1667,2409392,47573,9996232.167,10000000,9977669,Normal Traffic
53,38195,4,152,38,38,38.0,0.0,54,54,54.0,0.0,9634.768949,209.4514989,5456.428571,9660.750037,23839,1,37999,12666.33333,21927.47524,37986,1,14355,4785.0,8284.399073,14351,1,128,104,104.7257494,104.7257494,38,54,45.11111111,8.432740427,71.11111111,0,0,0,50.75,152,-1,-1,3,32,0.0,0,0,0.0,0,0,Normal Traffic
49992,24,1,6,6,6,6.0,0.0,6,6,6.0,0.0,500000.0,83333.3333333333,24.0,0.0,24,24,0,0.0,0.0,0,0,0,0.0,0.0,0,0,20,20,41666.6666666667,41666.6666666667,6,6,6.0,0.0,0.0,0,0,1,9.0,6,120,256,0,20,0.0,0,0,0.0,0,0,Normal Traffic
443,115236056,42,696,318,0,16.57142857,60.69119873,4344,0,1353.592593,1057.431875,640.3377776,0.833072593,1213011.116,3238432.757,10000000,1,115000000,2810635.512,4490835.102,10000000,4,111000000,2087020.849,4111037.822,10000000,1,1352,1736,0.36446926,0.468603334,0,4344,760.7216495,1031.942926,1064906.203,0,1,0,768.6458333,696,29200,1006,4,32,35536.36364,152957,23435,10000000.0,10000000,9999180,Normal Traffic
443,116570842,28,1049,370,0,37.46428571,96.43554061,2896,0,631.2,857.3041565,144.367148,0.454659151,2241746.962,4137457.75,10000000,2,117000000,4317438.593,4945783.342,10000000,2,111000000,4629798.167,5088696.914,10000000,47,904,808,0.240197287,0.214461863,0,2896,311.6481481,653.6587061,427269.7041,0,1,0,317.5283019,1049,29200,1039,5,32,75280.5,648518,23095,9638956.167,10000000,5432545,Normal Traffic
53,55049,2,62,31,31,31.0,0.0,212,212,212.0,0.0,8828.498247,72.66253701,18349.66667,31780.82292,55047,1,1,1.0,0.0,1,1,1,1.0,0.0,1,1,40,40,36.33126851,36.33126851,31,212,103.4,99.13778291,9828.3,0,0,0,129.25,62,-1,-1,1,20,0.0,0,0,0.0,0,0,Normal Traffic
443,30914910,12,2623,1593,0,218.5833333,471.0876117,1460,0,353.375,533.7834611,267.7348891,0.905711839,1144996.667,3182111.486,10000000,4,21000000,1905513.091,4013947.209,10000000,20184,30900000,2058596.2,4110959.981,10000000,4,264,356,0.388162217,0.517549622,0,1593,285.4137931,497.2778411,247285.2512,0,1,0,295.6071429,2623,8192,68,10,20,329450.6667,915440,35843,9975518.0,10000000,9917193,Normal Traffic
443,117979508,40,1689,517,0,42.225,94.58126,4380,0,1700.018519,1107.39866,792.4257491,0.796748534,1268596.86,8571144.002,58900000,0,118000000,3025115.59,13100000.0,58900000,29,118000000,2224638.396,11300000.0,59000000,3,812,1092,0.339041929,0.457706604,0,4380,984.1052632,1173.624958,1377395.542,0,1,0,994.5744681,1689,8192,1047,39,20,180771.5,288800,72743,58800000.0,58900000,58600000,Normal Traffic
443,115895666,22,1074,501,0,48.81818182,117.4156785,1380,0,335.2,561.4382471,67.11208683,0.362394915,2826723.561,4478141.394,10000000,1,116000000,5518841.238,4974420.688,10000000,4,111000000,5816851.421,5078033.95,10000000,50,452,408,0.189825908,0.172569007,0,1380,180.8837209,413.2121103,170744.2481,0,1,0,185.1904762,1074,8192,254,21,20,40711.0,240618,22132,9617260.833,10000000,5352788,Normal Traffic
53,60532,1,51,51,51,51.0,0.0,99,99,99.0,0.0,2478.02815,33.04037534,60532.0,0.0,60532,60532,0,0.0,0.0,0,0,0,0.0,0.0,0,0,32,20,16.52018767,16.52018767,51,99,67.0,27.71281292,768.0,0,0,0,100.5,51,-1,-1,0,32,0.0,0,0,0.0,0,0,Normal Traffic
53,917,2,74,37,37,37.0,0.0,77,77,77.0,0.0,248636.8593,4362.050164,305.6666667,523.3682579,910,3,3,3.0,0.0,3,3,4,4.0,0.0,4,4,64,64,2181.025082,2181.025082,37,77,53.0,21.9089023,480.0,0,0,0,66.25,74,-1,-1,1,32,0.0,0,0,0.0,0,0,Normal Traffic
80,5665649,3,12,6,0,4.0,3.464101615,0,0,0.0,0.0,2.118027432,0.706009144,1888549.667,3255723.491,5647922,192,5665649,2832824.5,3981149.064,5647922,17727,0,0.0,0.0,0,0,72,32,0.529506858,0.176502286,0,6,2.4,3.286335345,10.8,0,1,0,3.0,12,8192,29200,2,20,0.0,0,0,0.0,0,0,Normal Traffic
15916,21802681,1,6,6,6,6.0,0.0,6,6,6.0,0.0,1.651173083,0.275195514,4360536.2,9736575.648,21800000,4,0,0.0,0.0,0,0,21800000,5445601.25,10900000.0,21800000,4,20,100,0.045865919,0.229329595,6,6,6.0,0.0,0.0,0,0,1,7.0,6,229,0,0,20,24835.0,24835,24835,21800000.0,21800000,21800000,Normal Traffic
53,40833,1,41,41,41,41.0,0.0,73,73,73.0,0.0,2791.859525,48.97999167,40833.0,0.0,40833,40833,0,0.0,0.0,0,0,0,0.0,0.0,0,0,32,20,24.48999584,24.48999584,41,73,51.66666667,18.47520861,341.3333333,0,0,0,77.5,41,-1,-1,0,32,0.0,0,0,0.0,0,0,Normal Traffic
56400,36759,2,0,0,0,0.0,0.0,0,0,0.0,0.0,0.0,81.6126662858,18379.5,25924.6559186424,36711,48,36759,36759.0,0.0,36759,36759,0,0.0,0.0,0,0,76,32,54.4084441905,27.2042220953,0,0,0.0,0.0,0.0,0,0,1,0.0,0,351,32832,0,32,0.0,0,0,0.0,0,0,Normal Traffic
53,102500,2,62,31,31,31.0,0.0,87,87,87.0,0.0,2302.439024,39.02439024,34166.66667,59134.23958,102449,3,48,48.0,0.0,48,48,3,3.0,0.0,3,3,64,64,19.51219512,19.51219512,31,87,53.4,30.67246322,940.8,0,0,0,66.75,62,-1,-1,1,32,0.0,0,0,0.0,0,0,Normal Traffic
53,84956,2,72,36,36,36.0,0.0,92,92,92.0,0.0,3013.324544,47.08319601,28318.66667,48964.49898,84858,49,49,49.0,0.0,49,49,49,49.0,0.0,49,49,40,40,23.541598,23.541598,36,92,58.4,30.67246322,940.8,0,0,0,73.0,72,-1,-1,1,20,0.0,0,0,0.0,0,0,Normal Traffic
52073,92,1,6,6,6,6.0,0.0,6,6,6.0,0.0,130434.7826,21739.13043,92.0,0.0,92,92,0,0.0,0.0,0,0,0,0.0,0.0,0,0,20,20,10869.56522,10869.56522,6,6,6.0,0.0,0.0,0,0,1,9.0,6,286,256,0,20,0.0,0,0,0.0,0,0,Normal Traffic
10479,3,2,0,0,0,0.0,0.0,0,0,0.0,0.0,0.0,666666.6667,3.0,0.0,3,3,3,3.0,0.0,3,3,0,0.0,0.0,0,0,40,0,666666.6667,0.0,0,0,0.0,0.0,0.0,0,0,1,0.0,0,4380,-1,0,20,0.0,0,0,0.0,0,0,Normal Traffic
47472,17,1,0,0,0,0.0,0.0,0,0,0.0,0.0,0.0,117647.0588,17.0,0.0,17,17,0,0.0,0.0,0,0,0,0.0,0.0,0,0,32,32,58823.52941,58823.52941,0,0,0.0,0.0,0.0,0,0,1,0.0,0,127,345,0,32,0.0,0,0,0.0,0,0,Normal Traffic
45379,209,2,0,0,0,0.0,0.0,0,0,0.0,0.0,0.0,9569.37799,209.0,0.0,209,209,209,209.0,0.0,209,209,0,0.0,0.0,0,0,64,0,9569.37799,0.0,0,0,0.0,0.0,0.0,0,0,1,0.0,0,256,-1,0,32,0.0,0,0,0.0,0,0,Normal Traffic
53,259,2,74,37,37,37.0,0.0,139,139,139.0,0.0,1359073.359,15444.01544,86.33333333,109.6464014,210,1,1,1.0,0.0,1,1,48,48.0,0.0,48,48,64,64,7722.007722,7722.007722,37,139,77.8,55.86770087,3121.2,0,0,0,97.25,74,-1,-1,1,32,0.0,0,0,0.0,0,0,Normal Traffic
53,47896,2,68,34,34,34.0,0.0,345,345,345.0,0.0,15825.9562385168,83.514280942,15965.3333333333,27608.6111989237,47845,2,2,2.0,0.0,2,2,49,49.0,0.0,49,49,64,40,41.757140471,41.757140471,34,345,158.4,170.3417153841,29016.3,0,0,0,198.0,68,-1,-1,1,32,0.0,0,0,0.0,0,0,Normal Traffic
443,12782206,9,377,190,0,41.8888888889,68.3052787939,1460,0,518.2,670.5383906484,434.9014559772,1.4864413858,710122.555555556,2350016.90152386,9949648,1,12782206,1597775.75,3437676.32579084,9949648,3,10814961,1201662.33333333,3317832.60647731,10038306,1,192,212,0.7041038143,0.7823375715,0,1460,277.95,525.1516547878,275784.260526316,0,1,0,292.5789473684,377,8192,12501,8,20,865676.0,865676,865676,9949648.0,9949648,9949648,Normal Traffic
443,117541627,22,1694,575,0,77.0,142.9721918,1430,0,570.037037,655.403662,145.3527609,0.41687359,2448783.896,11800000.0,58700000,1,118000000,5597220.333,17600000.0,58700000,26,117000000,4517226.077,15900000.0,58700000,1,452,552,0.187167734,0.229705856,0,1430,341.7,547.0439765,299257.1122,0,1,0,348.6734694,1694,8192,369,21,20,254018.0,419230,88806,58500000.0,58700000,58300000,Normal Traffic
1311,33,1,0,0,0,0.0,0.0,6,6,6.0,0.0,181818.1818,60606.06061,33.0,0.0,33,33,0,0.0,0.0,0,0,0,0.0,0.0,0,0,40,20,30303.0303,30303.0303,0,6,2.0,3.464101615,12.0,0,1,0,3.0,0,29200,0,0,40,0.0,0,0,0.0,0,0,Port Scanning
443,330838,13,1285,681,0,98.84615385,187.9072671,1625,0,442.8888889,667.1801564,15932.26897,66.49780255,15754.19048,23060.09728,69528,3,330838,27569.83333,40124.772,129558,3,270514,33814.25,30771.079,74043,221,272,184,39.29415605,27.2036465,0,1625,229.173913,460.6882847,212233.6957,0,1,0,239.5909091,1285,8192,17706,7,20,0.0,0,0,0.0,0,0,Normal Traffic
80,63105071,7,0,0,0,0.0,0.0,0,0,0.0,0.0,0.0,0.110926109,10500000.0,11900000.0,32100000,997561,63100000,10500000.0,11900000.0,32100000,997561,0,0.0,0.0,0,0,280,0,0.110926109,0.0,0,0,0.0,0.0,0.0,0,1,0,0.0,0,29200,-1,0,40,7009540.0,7009540,7009540,18700000.0,32100000,8015908,DoS
1454,2,2,12,6,6,6.0,0.0,0,0,0.0,0.0,6000000.0,1000000.0,2.0,0.0,2,2,2,2.0,0.0,2,2,0,0.0,0.0,0,0,40,0,1000000.0,0.0,6,6,6.0,0.0,0.0,0,0,1,9.0,12,31,-1,1,20,0.0,0,0,0.0,0,0,Normal Traffic
50689,106,1,0,0,0,0.0,0.0,0,0,0.0,0.0,0.0,18867.92453,106.0,0.0,106,106,0,0.0,0.0,0,0,0,0.0,0.0,0,0,32,32,9433.962264,9433.962264,0,0,0.0,0.0,0.0,0,0,1,0.0,0,939,65535,0,32,0.0,0,0,0.0,0,0,Normal Traffic
59578,63,3,18,6,6,6.0,0.0,0,0,0.0,0.0,285714.2857,47619.04762,31.5,40.30508653,60,3,63,31.5,40.30508653,60,3,0,0.0,0.0,0,0,60,0,47619.04762,0.0,6,6,6.0,0.0,0.0,0,0,1,8.0,18,389,-1,2,20,0.0,0,0,0.0,0,0,Normal Traffic
58364,6,1,6,6,6,6.0,0.0,6,6,6.0,0.0,2000000.0,333333.333333333,6.0,0.0,6,6,0,0.0,0.0,0,0,0,0.0,0.0,0,0,20,20,166666.666666667,166666.666666667,6,6,6.0,0.0,0.0,0,0,1,9.0,6,373,257,0,20,0.0,0,0,0.0,0,0,Normal Traffic
53,24076,1,53,53,53,53.0,0.0,117,117,117.0,0.0,7060.9735836518,83.0702774547,24076.0,0.0,24076,24076,0,0.0,0.0,0,0,0,0.0,0.0,0,0,20,20,41.5351387274,41.5351387274,53,117,74.3333333333,36.9504172281,1365.3333333333,0,0,0,111.5,53,-1,-1,0,20,0.0,0,0,0.0,0,0,Normal Traffic
59506,83,2,0,0,0,0.0,0.0,0,0,0.0,0.0,0.0,36144.578313253,41.5,54.4472221514,80,3,3,3.0,0.0,3,3,0,0.0,0.0,0,0,64,32,24096.3855421687,12048.1927710843,0,0,0.0,0.0,0.0,0,0,1,0.0,0,349,32832,0,32,0.0,0,0,0.0,0,0,Normal Traffic
80,98523116,9,401,395,0,44.55555556,131.4316468,5803,0,2319.0,3175.423909,121.7582278,0.142098632,7578701.231,27300000.0,98500000,1,98500000,12300000.0,34800000.0,98500000,1,1633,408.25,502.6498947,1141,7,284,168,0.091349121,0.050749511,0,5803,799.7333333,2031.616755,4127466.638,0,0,1,856.8571429,401,251,235,2,20,1999.0,1999,1999,98500000.0,98500000,98500000,DoS
53,155,2,84,42,42,42.0,0.0,58,58,58.0,0.0,1290322.581,25806.45161,51.66666667,84.2931393,149,3,3,3.0,0.0,3,3,3,3.0,0.0,3,3,40,40,12903.22581,12903.22581,42,58,48.4,8.76356092,76.8,0,0,0,60.5,84,-1,-1,1,20,0.0,0,0,0.0,0,0,Normal Traffic
443,6388929,8,1491,517,0,186.375,239.6562643,562,0,132.2,230.1761644,440.2928879,2.817373616,375819.3529,1191557.513,4955993,1,1432935,204705.0,227233.9552,704019,30792,6303308,700367.5556,1635158.058,4999743,1,172,212,1.252166052,1.565207565,0,562,148.0526316,225.4695036,50836.49708,0,1,0,156.2777778,1491,8192,64,7,20,0.0,0,0,0.0,0,0,Normal Traffic
53,156,2,78,39,39,39.0,0.0,55,55,55.0,0.0,1205128.205,25641.02564,52.0,84.00595217,149,3,3,3.0,0.0,3,3,4,4.0,0.0,4,4,64,64,12820.51282,12820.51282,39,55,45.4,8.76356092,76.8,0,0,0,56.75,78,-1,-1,1,32,0.0,0,0,0.0,0,0,Normal Traffic
443,133353,17,597,357,0,35.11764706,90.63448733,1397,0,734.9230769,689.3608708,76121.27211,224.9668174,4598.37931,8935.155564,34224,1,133353,8334.5625,19309.62224,75132,1,102487,8540.583333,12027.81354,34224,1,364,272,127.4811965,97.48562087,0,1397,327.4516129,564.2846113,318417.1226,0,1,0,338.3666667,597,65535,31,5,20,0.0,0,0,0.0,0,0,Normal Traffic
53,48077,4,132,33,33,33.0,0.0,250,250,250.0,0.0,13145.57897,124.7998003,9615.4,13180.4651,25035,3,25043,8347.666667,14451.65459,25035,4,3,3.0,0.0,3,3,80,40,83.19986688,41.59993344,33,250,95.0,105.8851579,11211.66667,0,0,0,110.8333333,132,-1,-1,3,20,0.0,0,0,0.0,0,0,Normal Traffic
53,78701,1,57,57,57,57.0,0.0,185,185,185.0,0.0,3074.929162,25.4126377,78701.0,0.0,78701,78701,0,0.0,0.0,0,0,0,0.0,0.0,0,0,20,32,12.70631885,12.70631885,57,185,99.66666667,73.90083446,5461.333333,0,0,0,149.5,57,-1,-1,0,20,0.0,0,0,0.0,0,0,Normal Traffic
53,39233,1,53,53,53,53.0,0.0,69,69,69.0,0.0,3109.6271,50.97749344,39233.0,0.0,39233,39233,0,0.0,0.0,0,0,0,0.0,0.0,0,0,32,32,25.48874672,25.48874672,53,69,58.33333333,9.237604307,85.33333333,0,0,0,87.5,53,-1,-1,0,32,0.0,0,0,0.0,0,0,Normal Traffic
443,4250190,5,123,46,0,24.6,23.27659769,46,46,46.0,0.0,39.76292825,1.411701595,850038.0,1866720.282,4189209,47,4250190,1062547.5,2084496.48,4189209,47,0,0.0,0.0,0,0,160,32,1.176417995,0.235283599,0,46,30.71428571,21.68497395,470.2380952,0,0,1,35.83333333,123,332,365,2,32,0.0,0,0,0.0,0,0,Normal Traffic
80,84895099,6,347,329,0,57.83333333,132.8765091,5792,0,1656.428571,2120.732252,140.6677198,0.153130159,7074591.583,24500000.0,84700000,0,84800000,17000000.0,37900000.0,84700000,0,84900000,14100000.0,34600000.0,84700000,47,164,232,0.070675458,0.082454701,0,5792,853.4285714,1666.478125,2777149.341,1,0,0,919.0769231,347,0,235,3,20,10021.0,10021,10021,84700000.0,84700000,84700000,DoS
443,112269,9,554,193,0,61.5555555556,81.0310297218,1599,0,661.4,799.9611240554,34390.6153969484,124.7004961298,8636.0769230769,12583.4098019412,32268,2,112269,14033.625,15641.2163478192,34021,2,74557,18639.25,20430.1933809578,39605,213,200,112,80.1646046549,44.5358914749,0,1599,257.4,523.709952441,274272.114285714,0,1,0,275.7857142857,554,29200,31,8,20,0.0,0,0,0.0,0,0,Normal Traffic
80,15874525,6,901,487,0,150.1666667,233.4261482,477,0,118.5,199.0133161,101.5463455,0.75592813,1443138.636,3250785.569,9808231,107,10200000,2032634.4,4347590.244,9808231,107,15800000,3169916.8,4548745.748,10000000,2029,132,144,0.377964065,0.377964065,0,487,124.0,202.100635,40844.66667,0,1,0,134.3333333,901,8192,33,3,20,354941.0,354941,354941,9808231.0,9808231,9808231,Normal Traffic
34863,1,2,31,31,0,15.5,21.92031022,0,0,0.0,0.0,31000000.0,2000000.0,1.0,0.0,1,1,1,1.0,0.0,1,1,0,0.0,0.0,0,0,64,0,2000000.0,0.0,0,31,20.66666667,17.89785834,320.3333333,0,0,1,31.0,31,298,-1,0,32,0.0,0,0,0.0,0,0,Normal Traffic
59483,3,2,37,37,0,18.5,26.1629509039,0,0,0.0,0.0,12333333.3333333,666666.666666667,3.0,0.0,3,3,3,3.0,0.0,3,3,0,0.0,0.0,0,0,64,0,666666.666666667,0.0,0,37,24.6666666667,21.36195996,456.3333333333,0,0,1,37.0,37,114,-1,0,32,0.0,0,0,0.0,0,0,Normal Traffic
36603,78,2,31,31,0,15.5,21.92031022,6,6,6.0,0.0,474358.9744,38461.53846,39.0,50.91168825,75,3,3,3.0,0.0,3,3,0,0.0,0.0,0,0,64,20,25641.02564,12820.51282,0,31,17.0,16.35033129,267.3333333,0,0,1,22.66666667,31,1039,0,0,32,0.0,0,0,0.0,0,0,Normal Traffic
443,11045623,10,2498,1909,0,249.8,594.6036588,1451,0,457.4444444,653.5004038,598.8797554,1.720138375,613645.7222,2340579.613,9950171,3,1095452,121716.8889,310757.0422,948445,85,11000000,1377821.5,3481466.023,9950262,3,220,188,0.905335987,0.814802388,0,1909,330.75,603.4057616,364098.5132,0,1,0,348.1578947,2498,29200,16060,9,20,0.0,0,0,0.0,0,0,Normal Traffic
53,24350,1,53,53,53,53.0,0.0,141,141,141.0,0.0,7967.145791,82.13552361,24350.0,0.0,24350,24350,0,0.0,0.0,0,0,0,0.0,0.0,0,0,32,32,41.06776181,41.06776181,53,141,82.33333333,50.80682369,2581.333333,0,0,0,123.5,53,-1,-1,0,32,0.0,0,0,0.0,0,0,Normal Traffic
21,137012,20,176,43,0,8.8,12.6806939873,51,0,17.52,15.9846801657,4481.3592969959,328.438384959,3113.9090909091,12602.8343873985,69546,0,136914,7206.0,26728.0113904662,116734,1,136877,5703.2083333333,16791.7705257514,69546,0,656,816,145.9726155373,182.4657694217,0,51,13.347826087,15.0661023365,226.9874396135,0,1,0,13.6444444444,176,29200,227,12,32,0.0,0,0,0.0,0,0,Normal Traffic
52837,46,1,6,6,6,6.0,0.0,6,6,6.0,0.0,391304.3478,65217.3913,23.0,31.11269837,45,1,0,0.0,0.0,0,0,1,1.0,0.0,1,1,20,40,21739.13043,43478.26087,6,6,6.0,0.0,0.0,0,0,1,8.0,6,229,255,0,20,0.0,0,0,0.0,0,0,Normal Traffic
53,38659,2,76,38,38,38.0,0.0,166,166,166.0,0.0,10553.8167050363,103.4687912258,12886.3333333333,22314.587904179,38653,3,3,3.0,0.0,3,3,3,3.0,0.0,3,3,64,64,51.7343956129,51.7343956129,38,166,89.2,70.1084873607,4915.2,0,0,0,111.5,76,-1,-1,1,32,0.0,0,0,0.0,0,0,Normal Traffic
53,48809,1,48,48,48,48.0,0.0,184,184,184.0,0.0,4753.221742,40.9760495,48809.0,0.0,48809,48809,0,0.0,0.0,0,0,0,0.0,0.0,0,0,32,32,20.48802475,20.48802475,48,184,93.33333333,78.51963661,6165.333333,0,0,0,140.0,48,-1,-1,0,32,0.0,0,0,0.0,0,0,Normal Traffic
53,265,2,60,30,30,30.0,0.0,180,180,180.0,0.0,1584905.66037736,15094.3396226415,88.3333333333,148.675261336,260,1,4,4.0,0.0,4,4,1,1.0,0.0,1,1,40,40,7547.1698113208,7547.1698113208,30,180,90.0,82.1583836258,6750.0,0,0,0,112.5,60,-1,-1,1,20,0.0,0,0,0.0,0,0,Normal Traffic
16379,83,1,6,6,6,6.0,0.0,6,6,6.0,0.0,144578.3133,24096.38554,83.0,0.0,83,83,0,0.0,0.0,0,0,0,0.0,0.0,0,0,20,20,12048.19277,12048.19277,6,6,6.0,0.0,0.0,0,0,1,9.0,6,123,256,0,20,0.0,0,0,0.0,0,0,Normal Traffic
50001,23,1,2,2,2,2.0,0.0,6,6,6.0,0.0,347826.087,86956.52174,23.0,0.0,23,23,0,0.0,0.0,0,0,0,0.0,0.0,0,0,24,20,43478.26087,43478.26087,2,6,3.333333333,2.309401077,5.333333333,0,1,0,5.0,2,1024,0,0,24,0.0,0,0,0.0,0,0,Port Scanning
123,30113,1,48,48,48,48.0,0.0,48,48,48.0,0.0,3187.9918971873,66.4164978581,30113.0,0.0,30113,30113,0,0.0,0.0,0,0,0,0.0,0.0,0,0,20,20,33.208248929,33.208248929,48,48,48.0,0.0,0.0,0,0,0,72.0,48,-1,-1,0,20,0.0,0,0,0.0,0,0,Normal Traffic
443,5297431,6,611,517,0,101.8333333,204.3050823,156,0,42.0,76.05261337,147.0524109,1.887707457,588603.4444,1722954.268,5182874,3,5297431,1059486.2,2337953.406,5241661,3,94847,31615.66667,38174.27152,74116,238,132,92,1.132624474,0.755082983,0,517,70.81818182,154.9721383,24016.36364,0,1,0,77.9,611,8192,31,5,20,114554.0,114554,114554,5182874.0,5182874,5182874,Normal Traffic
443,101,2,0,0,0,0.0,0.0,0,0,0.0,0.0,0.0,19801.9802,101.0,0.0,101,101,101,101.0,0.0,101,101,0,0.0,0.0,0,0,40,0,19801.9802,0.0,0,0,0.0,0.0,0.0,0,0,1,0.0,0,63007,-1,0,20,0.0,0,0,0.0,0,0,Normal Traffic
443,5937268,9,379,192,0,42.11111111,68.84846484,1460,0,692.1428571,679.9809871,879.8659586,2.69484214,395817.8667,1456203.724,5658593,2,5937268,742158.5,1987142.688,5658593,3,131640,21940.0,34386.62486,78611,54,192,152,1.515848703,1.178993436,0,1460,307.2941176,534.8044929,286015.8456,0,1,0,326.5,379,8192,110,8,20,278672.0,278672,278672,5658593.0,5658593,5658593,Normal Traffic
49741,236,2,12,6,6,6.0,0.0,0,0,0.0,0.0,50847.4576271186,8474.5762711864,236.0,0.0,236,236,236,236.0,0.0,236,236,0,0.0,0.0,0,0,40,0,8474.5762711864,0.0,6,6,6.0,0.0,0.0,0,0,1,9.0,12,10227,-1,1,20,0.0,0,0,0.0,0,0,Normal Traffic
57228,51,1,0,0,0,0.0,0.0,0,0,0.0,0.0,0.0,39215.68627,51.0,0.0,51,51,0,0.0,0.0,0,0,0,0.0,0.0,0,0,32,32,19607.84314,19607.84314,0,0,0.0,0.0,0.0,0,0,1,0.0,0,69,636,0,32,0.0,0,0,0.0,0,0,Normal Traffic
443,38999273,23,927,453,0,40.30434783,107.802612,4344,0,1756.235294,1043.654885,1554.875138,1.461565707,696415.5893,5192780.432,38900000,1,39000000,1772694.227,8283946.95,38900000,1,113624,3443.151515,8965.212324,31855,48,748,1096,0.589754583,0.871811123,0,4344,1045.5,1167.59907,1363287.588,0,1,0,1063.842105,927,65535,972,6,32,137492.0,137492,137492,38900000.0,38900000,38900000,Normal Traffic
443,10337861,12,3227,1448,0,268.9166667,554.2302538,2297,0,776.2307692,857.9031758,1288.274238,2.418295235,430744.2083,2038668.008,10000000,0,337351,30668.27273,54052.4108,181214,0,10300000,858805.0,2879311.743,10000000,2,392,424,1.160781713,1.257513522,0,2297,512.2307692,750.7251592,563588.2646,0,1,0,532.72,3227,29200,71,5,32,337361.0,337361,337361,10000000.0,10000000,10000000,Normal Traffic
80,70163618,92,1879,373,0,20.42391304,68.47911909,3350,0,1665.875,753.6085479,3255.789917,3.249547365,309090.8282,1714035.838,10000000,1,70200000,771028.7692,2652795.716,10000000,1,60900000,450740.9926,2070966.32,10000000,45,1852,2804,1.311220867,1.938326498,0,3350,997.5458515,997.0937918,994196.0297,0,1,0,1001.921053,1879,8192,66,91,20,131250.0,827745,15041,9892124.0,10000000,9298320,Normal Traffic
80,97826269,4,378,372,0,94.5,185.0216204,4344,0,1932.5,1977.812908,122.3904389,0.102222032,10900000.0,32600000.0,97700000,3,97700000,32600000.0,56400000.0,97700000,4,88566,17713.2,33061.24562,76119,48,124,200,0.040888813,0.061333219,0,4344,1089.0,1704.681261,2905938.2,1,0,0,1197.9,378,0,235,1,20,0.0,0,0,97700000.0,97700000,97700000,DoS
53,48510,2,62,31,31,31.0,0.0,92,92,92.0,0.0,5071.119357,82.45722531,16170.0,28002.06541,48504,3,3,3.0,0.0,3,3,3,3.0,0.0,3,3,64,40,41.22861266,41.22861266,31,92,55.4,33.41107601,1116.3,0,0,0,69.25,62,-1,-1,1,32,0.0,0,0,0.0,0,0,Normal Traffic
53,293,2,94,47,47,47.0,0.0,115,115,115.0,0.0,1105802.048,13651.87713,97.66666667,128.1301422,243,1,1,1.0,0.0,1,1,49,49.0,0.0,49,49,64,64,6825.938567,6825.938567,47,115,74.2,37.24513391,1387.2,0,0,0,92.75,94,-1,-1,1,32,0.0,0,0,0.0,0,0,Normal Traffic
22,1419535,37,2698,408,0,72.91891892,103.7321279,976,0,153.2272727,312.1874708,6650.064986,57.06093897,17744.1875,107411.1972,955062,1,1419535,39431.52778,167945.0964,996926,3,464367,10799.23256,22084.1123,92660,1,764,904,26.06487336,30.99606561,0,976,115.1219512,241.4267974,58286.89852,0,1,0,116.5432099,2698,8192,245,35,20,0.0,0,0,0.0,0,0,Normal Traffic
38622,3459,5,419,312,0,83.8,130.8021407,6,6,6.0,0.0,128071.697,2601.908066,432.375,1195.250833,3390,0,3459,864.75,1726.166924,3454,1,2,0.666666667,0.577350269,1,0,160,80,1445.504481,1156.403585,0,312,75.5,126.5062581,16003.83333,0,0,1,83.88888889,419,170,0,2,32,0.0,0,0,0.0,0,0,Normal Traffic
80,6032071,4,0,0,0,0.0,0.0,0,0,0.0,0.0,0.0,0.994683252,1206414.2,1827475.806,4293613,73,6032071,2010690.333,2062459.899,4293613,281914,1456557,1456557.0,0.0,1456557,1456557,136,80,0.663122168,0.331561084,0,0,0.0,0.0,0.0,0,1,0,0.0,0,29200,11584,0,32,0.0,0,0,0.0,0,0,Normal Traffic
443,20702107,13,837,389,0,64.38461538,124.6492001,1749,0,771.2142857,702.4880156,561.9717838,1.304215073,796234.8846,4021979.753,20500000,1,20700000,1725175.583,5917468.371,20500000,1,144663,11127.92308,20357.40852,54947,1,428,460,0.627955406,0.676259668,0,1749,415.5,613.0849437,375873.1481,0,1,0,430.8888889,837,65535,1229,5,32,0.0,0,0,0.0,0,0,Normal Traffic
80,85835183,4,326,320,0,81.5,159.0251552,5792,0,2319.0,3170.403917,138.882444,0.104852109,10700000.0,30300000.0,85700000,28,85700000,28600000.0,49500000.0,85700000,998,149425,37356.25,65559.91701,135207,84,124,168,0.046600938,0.058251172,0,5792,1192.7,2426.057343,5885754.233,1,0,0,1325.222222,326,0,235,1,20,0.0,0,0,85700000.0,85700000,85700000,DoS
53,202,2,62,31,31,31.0,0.0,47,47,47.0,0.0,772277.2277,19801.9802,67.33333333,110.5637071,195,3,3,3.0,0.0,3,3,4,4.0,0.0,4,4,64,64,9900.990099,9900.990099,31,47,37.4,8.76356092,76.8,0,0,0,46.75,62,-1,-1,1,32,0.0,0,0,0.0,0,0,Normal Traffic
53,77217,4,212,53,53,53.0,0.0,81,81,81.0,0.0,4843.493013,77.70309647,15443.4,21642.34444,45148,3,45156,15052.0,26063.90055,45148,4,3,3.0,0.0,3,3,104,40,51.80206431,25.90103216,53,81,61.0,13.66260102,186.6666667,0,0,0,71.16666667,212,-1,-1,3,20,0.0,0,0,0.0,0,0,Normal Traffic
53,191985,2,70,35,35,35.0,0.0,129,129,129.0,0.0,1708.466807,20.83496106,63995.0,110838.2613,191980,1,1,1.0,0.0,1,1,4,4.0,0.0,4,4,64,80,10.41748053,10.41748053,35,129,72.6,51.48592041,2650.8,0,0,0,90.75,70,-1,-1,1,32,0.0,0,0,0.0,0,0,Normal Traffic
443,115539879,25,928,577,0,37.12,121.2701254775,2896,0,754.56,935.2388767939,171.3001620852,0.4327510158,2357956.71428571,4285367.93637346,10216970,7,115539879,4814161.625,5118474.88575787,10240017,18,112629580,4692899.16666667,5201330.37440879,10240212,46,808,808,0.2163755079,0.2163755079,0,2896,388.0784313725,747.4315445079,558653.91372549,0,1,0,395.84,928,29200,975,4,32,34027.8181818182,142526,23047,10205024.7272727,10216970,10087040,Normal Traffic
53,177,2,72,36,36,36.0,0.0,52,52,52.0,0.0,994350.2825,22598.87006,59.0,96.99484522,171,3,3,3.0,0.0,3,3,3,3.0,0.0,3,3,64,64,11299.43503,11299.43503,36,52,42.4,8.76356092,76.8,0,0,0,53.0,72,-1,-1,1,32,0.0,0,0,0.0,0,0,Normal Traffic
53,95638,2,62,31,31,31.0,0.0,132,132,132.0,0.0,3408.686924,41.82437943,31879.33333,55210.56287,95631,3,3,3.0,0.0,3,3,4,4.0,0.0,4,4,40,40,20.91218972,20.91218972,31,132,71.4,55.31997831,3060.3,0,0,0,89.25,62,-1,-1,1,20,0.0,0,0,0.0,0,0,Normal Traffic
53,172,2,146,73,73,73.0,0.0,121,121,121.0,0.0,2255813.953,23255.81395,57.33333333,58.94347575,120,3,3,3.0,0.0,3,3,49,49.0,0.0,49,49,40,40,11627.90698,11627.90698,73,121,92.2,26.29068276,691.2,0,0,0,115.25,146,-1,-1,1,20,0.0,0,0,0.0,0,0,Normal Traffic
64909,3,2,12,6,6,6.0,0.0,0,0,0.0,0.0,4000000.0,666666.666666667,3.0,0.0,3,3,3,3.0,0.0,3,3,0,0.0,0.0,0,0,40,0,666666.666666667,0.0,6,6,6.0,0.0,0.0,0,0,1,9.0,12,360,-1,1,20,0.0,0,0,0.0,0,0,Normal Traffic
123,65021470,2,96,48,48,48.0,0.0,48,48,48.0,0.0,2.952870798,0.061518142,21700000.0,37500000.0,65000000,23747,65000000,65000000.0,0.0,65000000,65000000,65000000,65000000.0,0.0,65000000,65000000,52,52,0.030759071,0.030759071,48,48,48.0,0.0,0.0,0,0,0,60.0,96,-1,-1,1,20,23936.0,23936,23936,65000000.0,65000000,65000000,Normal Traffic
80,153691,3,373,373,0,124.3333333,215.3516504,4344,0,1932.5,1754.831473,77870.53243,58.55905681,19211.375,48743.21958,139245,5,14036,7018.0,9917.879713,14031,5,153613,30722.6,60969.18766,139245,14,104,200,19.5196856,39.03937121,0,4344,1196.8,1620.025089,2624481.289,0,1,0,1329.777778,373,29200,235,1,32,0.0,0,0,0.0,0,0,DoS
53,193,2,70,35,35,35.0,0.0,87,87,87.0,0.0,1264248.705,20725.3886,64.33333333,72.88575535,144,1,1,1.0,0.0,1,1,48,48.0,0.0,48,48,40,40,10362.6943,10362.6943,35,87,55.8,28.48157299,811.2,0,0,0,69.75,70,-1,-1,1,20,0.0,0,0,0.0,0,0,Normal Traffic
80,33556,1,0,0,0,0.0,0.0,0,0,0.0,0.0,0.0,89.40278937,16778.0,15468.66795,27716,5840,0,0.0,0.0,0,0,5840,5840.0,0.0,5840,5840,32,64,29.80092979,59.60185958,0,0,0.0,0.0,0.0,0,0,1,0.0,0,1093,310,0,32,0.0,0,0,0.0,0,0,Normal Traffic
49497,51,1,6,6,6,6.0,0.0,6,6,6.0,0.0,235294.117647059,39215.6862745098,51.0,0.0,51,51,0,0.0,0.0,0,0,0,0.0,0.0,0,0,20,20,19607.8431372549,19607.8431372549,6,6,6.0,0.0,0.0,0,0,1,9.0,6,290,256,0,20,0.0,0,0,0.0,0,0,Normal Traffic
80,70878,5,449,431,0,89.8,190.7542922191,1196,0,598.0,845.6997102991,23208.8941561556,98.7612517283,11813.0,17865.3779920829,35250,45,70878,17719.5,19881.0779301995,35295,407,35735,35735.0,0.0,35735,35735,124,52,70.5437512345,28.2175004938,0,1196,205.625,427.2891083831,182575.982142857,0,1,0,235.0,449,65535,2048,4,20,0.0,0,0,0.0,0,0,Normal Traffic
53,96131,1,43,43,43,43.0,0.0,84,84,84.0,0.0,1321.113897,20.80494325,96131.0,0.0,96131,96131,0,0.0,0.0,0,0,0,0.0,0.0,0,0,32,32,10.40247163,10.40247163,43,84,56.66666667,23.67136104,560.3333333,0,0,0,85.0,43,-1,-1,0,32,0.0,0,0,0.0,0,0,Normal Traffic
53,23765,2,108,54,54,54.0,0.0,115,115,115.0,0.0,14222.59625,168.3147486,7921.666667,13717.26505,23761,2,2,2.0,0.0,2,2,2,2.0,0.0,2,2,64,40,84.15737429,84.15737429,54,115,78.4,33.41107601,1116.3,0,0,0,98.0,108,-1,-1,1,32,0.0,0,0,0.0,0,0,Normal Traffic
39977,61,1,0,0,0,0.0,0.0,0,0,0.0,0.0,0.0,32786.88525,61.0,0.0,61,61,0,0.0,0.0,0,0,0,0.0,0.0,0,0,32,32,16393.44262,16393.44262,0,0,0.0,0.0,0.0,0,0,1,0.0,0,390,7007,0,32,0.0,0,0,0.0,0,0,Normal Traffic
53,165,2,62,31,31,31.0,0.0,84,84,84.0,0.0,1393939.394,24242.42424,55.0,89.20201791,158,3,4,4.0,0.0,4,4,3,3.0,0.0,3,3,40,40,12121.21212,12121.21212,31,84,52.2,29.02929555,842.7,0,0,0,65.25,62,-1,-1,1,20,0.0,0,0,0.0,0,0,Normal Traffic
52984,28,1,6,6,6,6.0,0.0,6,6,6.0,0.0,428571.4286,71428.57143,28.0,0.0,28,28,0,0.0,0.0,0,0,0,0.0,0.0,0,0,20,20,35714.28571,35714.28571,6,6,6.0,0.0,0.0,0,0,1,9.0,6,351,258,0,20,0.0,0,0,0.0,0,0,Normal Traffic
57130,54,2,31,31,0,15.5,21.92031022,6,6,6.0,0.0,685185.1852,55555.55556,27.0,32.52691193,50,4,4,4.0,0.0,4,4,0,0.0,0.0,0,0,64,20,37037.03704,18518.51852,0,31,17.0,16.35033129,267.3333333,0,0,1,22.66666667,31,972,0,0,32,0.0,0,0,0.0,0,0,Normal Traffic
52482,999615,2,12,6,6,6.0,0.0,0,0,0.0,0.0,12.00462178,2.000770297,999615.0,0.0,999615,999615,999615,999615.0,0.0,999615,999615,0,0.0,0.0,0,0,40,0,2.000770297,0.0,6,6,6.0,0.0,0.0,0,0,1,9.0,12,7583,-1,1,20,0.0,0,0,0.0,0,0,Normal Traffic
80,85591169,6,373,355,0,62.16666667,143.4885594,4344,0,1656.428571,1760.597234,139.8275095,0.151884828,7132597.417,24700000.0,85400000,1,85400000,17100000.0,38200000.0,85400000,1,85600000,14300000.0,34900000.0,85400000,8,164,232,0.07010069,0.081784138,0,4344,855.2857143,1459.438323,2129960.22,1,0,0,921.0769231,373,0,235,3,20,12048.0,12048,12048,85400000.0,85400000,85400000,DoS
80,101289644,6,377,359,0,62.83333333,145.1212137,5792,0,1656.428571,2120.732252,118.1956963,0.128344809,8440803.667,29200000.0,101000000,24,101000000,20200000.0,45200000.0,101000000,1019,101000000,16900000.0,41300000.0,101000000,46,164,232,0.059236066,0.069108743,0,5792,855.5714286,1665.771049,2774793.187,1,0,0,921.3846154,377,0,235,3,20,12012.0,12012,12012,101000000.0,101000000,101000000,DoS
54799,87,1,6,6,6,6.0,0.0,6,6,6.0,0.0,137931.034482759,22988.5057471264,87.0,0.0,87,87,0,0.0,0.0,0,0,0,0.0,0.0,0,0,20,20,11494.2528735632,11494.2528735632,6,6,6.0,0.0,0.0,0,0,1,9.0,6,65535,16425,0,20,0.0,0,0,0.0,0,0,Normal Traffic
38422,49,2,0,0,0,0.0,0.0,0,0,0.0,0.0,0.0,40816.32653,49.0,0.0,49,49,49,49.0,0.0,49,49,0,0.0,0.0,0,0,64,0,40816.32653,0.0,0,0,0.0,0.0,0.0,0,0,1,0.0,0,357,-1,0,32,0.0,0,0,0.0,0,0,Normal Traffic
443,315283,14,994,517,0,71.0,148.1200137103,1448,0,597.7777777778,630.4242178442,20216.7576431333,72.9503335099,14331.0454545455,24863.1302620247,76889,1,315283,24252.5384615385,29224.0077408267,76889,1,250935,31366.875,47928.138807527,129574,2,460,296,44.4045508321,28.5457826778,0,1448,265.5833333333,468.9712067426,219933.992753623,0,1,0,277.1304347826,994,65535,79,6,32,0.0,0,0,0.0,0,0,Normal Traffic
53,162,2,102,51,51,51.0,0.0,112,112,112.0,0.0,2012345.679,24691.35802,54.0,53.25410782,110,4,4,4.0,0.0,4,4,48,48.0,0.0,48,48,40,40,12345.67901,12345.67901,51,112,75.4,33.41107601,1116.3,0,0,0,94.25,102,-1,-1,1,20,0.0,0,0,0.0,0,0,Normal Traffic
443,102944,10,561,194,0,56.1,78.5853393169,1910,0,859.0,843.2003320682,55515.6201429904,155.4243083618,6862.9333333333,9387.221933996,24668,4,102944,11438.2222222222,11133.8505892815,24923,48,60065,12013.0,13821.0259206761,28605,50,212,132,97.1401927261,58.2841156357,0,1910,336.1764705882,619.8802540909,384251.529411765,0,1,0,357.1875,561,8192,62,9,20,0.0,0,0,0.0,0,0,Normal Traffic
443,5994883,9,371,178,0,41.22222222,73.82035251,1448,0,600.6666667,677.8892732,663.0654843,2.502133903,428205.9286,1495369.923,5621314,1,5994883,749360.375,1969527.556,5621314,1,226017,45203.4,60880.70498,113609,48,296,200,1.501280342,1.000853561,0,1448,248.4375,485.3742156,235588.1292,0,1,0,265.0,371,29200,114,3,32,373568.0,373568,373568,5621314.0,5621314,5621314,Normal Traffic
7435,49,2,4,2,2,2.0,0.0,0,0,0.0,0.0,81632.65306,40816.32653,49.0,0.0,49,49,49,49.0,0.0,49,49,0,0.0,0.0,0,0,48,0,40816.32653,0.0,2,2,2.0,0.0,0.0,0,1,0,3.0,4,1024,-1,1,24,0.0,0,0,0.0,0,0,Normal Traffic
80,14985,1,6,6,6,6.0,0.0,6,6,6.0,0.0,800.8008008,133.4668001,14985.0,0.0,14985,14985,0,0.0,0.0,0,0,0,0.0,0.0,0,0,20,20,66.73340007,66.73340007,6,6,6.0,0.0,0.0,0,0,1,9.0,6,261,30,0,20,0.0,0,0,0.0,0,0,Normal Traffic
80,99703834,6,345,345,0,57.5,140.8456602,4344,0,1932.5,1754.831473,119.7546726,0.120356455,9063984.909,30000000.0,99600000,3,99600000,19900000.0,44500000.0,99600000,3,144658,28931.6,58050.70416,132362,15,200,200,0.060178227,0.060178227,0,4344,918.4615385,1498.807838,2246424.936,0,0,1,995.0,345,251,235,1,32,988.0,988,988,99600000.0,99600000,99600000,DoS
48896,11,2,31,31,0,15.5,21.92031022,0,0,0.0,0.0,2818181.818,181818.1818,11.0,0.0,11,11,11,11.0,0.0,11,11,0,0.0,0.0,0,0,64,0,181818.1818,0.0,0,31,20.66666667,17.89785834,320.3333333,0,0,1,31.0,31,127,-1,0,32,0.0,0,0,0.0,0,0,Normal Traffic
443,575486,15,976,469,0,65.0666666667,134.3489415486,1586,0,676.3636363636,742.9001645884,14624.1611437985,45.1792050545,23019.44,46431.5322258484,174954,2,575486,41106.1428571429,75561.1631042716,268544,3,508848,50884.8,74964.8186533746,184338,2,492,360,26.064925993,19.1142790615,0,1586,311.7037037037,563.0976698185,317078.985754986,0,1,0,323.6923076923,976,65535,357,6,32,0.0,0,0,0.0,0,0,Normal Traffic
443,10247577,8,1777,1438,0,222.125,496.3968566,1689,2,689.5,732.9202246,846.2488255,1.756512783,602798.6471,2421547.161,9999476,1,248097,35442.42857,26045.92772,74630,190,10200000,1135045.0,3324364.969,9999477,4,172,204,0.780672348,0.975840435,0,1689,456.4210526,656.1737842,430564.0351,0,1,0,481.7777778,1777,8192,33074,7,20,248097.0,248097,248097,9999476.0,9999476,9999476,Normal Traffic
53,115555335,4,156,40,38,39.0,1.154700538,100,54,77.0,26.55811238,4.015392279,0.069230901,16500000.0,43700000.0,116000000,3,116000000,38500000.0,66700000.0,116000000,3,116000000,38500000.0,66700000.0,116000000,3,104,80,0.034615451,0.034615451,38,100,55.77777778,25.89294198,670.4444444,0,0,0,62.75,156,-1,-1,3,20,174.0,174,174,116000000.0,116000000,116000000,Normal Traffic
53510,41,1,0,0,0,0.0,0.0,0,0,0.0,0.0,0.0,48780.4878048781,41.0,0.0,41,41,0,0.0,0.0,0,0,0,0.0,0.0,0,0,32,32,24390.243902439,24390.243902439,0,0,0.0,0.0,0.0,0,0,1,0.0,0,5665,40544,0,32,0.0,0,0,0.0,0,0,Normal Traffic
443,241678,6,366,197,0,61.0,81.7214782049,1316,0,440.6666666667,758.0668396212,6984.5000372396,37.2396329,30209.75,53033.5285961357,116133,79,241678,48335.6,66053.764732224,125015,102,120456,60228.0,79266.670171012,116278,4178,132,72,24.8264219333,12.4132109667,0,1316,168.8,408.6122312848,166963.955555556,0,1,0,187.5555555556,366,8192,123,5,20,0.0,0,0,0.0,0,0,Normal Traffic
53,219,2,66,33,33,33.0,0.0,107,107,107.0,0.0,1278538.81278539,18264.8401826484,73.0,124.707658145,217,1,1,1.0,0.0,1,1,1,1.0,0.0,1,1,64,64,9132.4200913242,9132.4200913242,33,107,62.6,40.5314692554,1642.8,0,0,0,78.25,66,-1,-1,1,32,0.0,0,0,0.0,0,0,Normal Traffic
43861,3,2,0,0,0,0.0,0.0,0,0,0.0,0.0,0.0,666666.6667,3.0,0.0,3,3,3,3.0,0.0,3,3,0,0.0,0.0,0,0,64,0,666666.6667,0.0,0,0,0.0,0.0,0.0,0,0,1,0.0,0,679,-1,0,32,0.0,0,0,0.0,0,0,Normal Traffic
27039,2,2,605,605,0,302.5,427.7996026,0,0,0.0,0.0,303000000.0,1000000.0,2.0,0.0,2,2,2,2.0,0.0,2,2,0,0.0,0.0,0,0,40,0,1000000.0,0.0,0,605,403.3333333,349.2969129,122008.3333,0,0,1,605.0,605,256,-1,0,20,0.0,0,0,0.0,0,0,Normal Traffic
80,14784852,8,1200,392,0,150.0,200.4053036,545,0,207.375,279.5874192,193.3735962,1.082188716,985656.8,1934581.489,4957334,148,9827518,1403931.143,2185287.846,4606623,365,14700000,2100011.714,2556117.653,4999993,8786,172,172,0.541094358,0.541094358,0,545,168.1764706,233.390562,54471.15441,0,1,0,178.6875,1200,8192,64,7,20,0.0,0,0,0.0,0,0,Normal Traffic
80,11748,2,12,6,6,6.0,0.0,0,0,0.0,0.0,1021.4504596527,170.2417432755,11748.0,0.0,11748,11748,11748,11748.0,0.0,11748,11748,0,0.0,0.0,0,0,40,0,170.2417432755,0.0,6,6,6.0,0.0,0.0,0,0,1,9.0,12,256,-1,1,20,0.0,0,0,0.0,0,0,Normal Traffic
80,67198,3,433,427,0,144.3333333,244.8148961,2267,0,569.75,1131.503535,40358.344,104.169767,11199.66667,16680.77848,32744,5,33595,16797.5,22604.08247,32781,814,34483,11494.33333,19169.55425,33624,5,72,92,44.64418584,59.52558112,0,2267,339.0,793.0373798,628908.2857,0,1,0,387.4285714,433,8192,237,2,20,0.0,0,0,0.0,0,0,Normal Traffic
53,33358,2,88,44,44,44.0,0.0,99,99,99.0,0.0,8573.6554949338,119.9112656634,11119.3333333333,19216.8294037631,33309,1,1,1.0,0.0,1,1,48,48.0,0.0,48,48,40,40,59.9556328317,59.9556328317,44,99,66.0,30.1247406628,907.5,0,0,0,82.5,88,-1,-1,1,20,0.0,0,0,0.0,0,0,Normal Traffic
19283,86,2,4,2,2,2.0,0.0,6,6,6.0,0.0,186046.5116,46511.62791,28.66666667,24.82606158,49,1,1,1.0,0.0,1,1,49,49.0,0.0,49,49,48,40,23255.81395,23255.81395,2,6,3.6,2.19089023,4.8,0,1,0,4.5,4,1024,0,1,24,0.0,0,0,0.0,0,0,Normal Traffic
53,410,1,53,53,53,53.0,0.0,113,113,113.0,0.0,404878.0488,4878.04878,410.0,0.0,410,410,0,0.0,0.0,0,0,0,0.0,0.0,0,0,32,32,2439.02439,2439.02439,53,113,73.0,34.64101615,1200.0,0,0,0,109.5,53,-1,-1,0,32,0.0,0,0,0.0,0,0,Normal Traffic
53,87299,1,51,51,51,51.0,0.0,67,67,67.0,0.0,1351.676422,22.90976987,87299.0,0.0,87299,87299,0,0.0,0.0,0,0,0,0.0,0.0,0,0,32,32,11.45488494,11.45488494,51,67,56.33333333,9.237604307,85.33333333,0,0,0,84.5,51,-1,-1,0,32,0.0,0,0,0.0,0,0,Normal Traffic
80,846185,3,26,20,0,8.666666667,10.26320288,7300,0,2320.2,3022.508098,13740.4941,9.454197368,120883.5714,317871.3208,841741,36,4028,2014.0,2672.863633,3904,124,846144,211536.0,420140.5521,841741,187,72,112,3.545324013,5.908873355,0,7300,1291.888889,2460.652985,6054813.111,0,1,0,1453.375,26,8192,229,2,20,0.0,0,0,0.0,0,0,DDoS
53,48822,2,64,32,32,32.0,0.0,64,64,64.0,0.0,3932.653312,81.93027733,16274.0,28181.33267,48815,3,3,3.0,0.0,3,3,4,4.0,0.0,4,4,64,80,40.96513867,40.96513867,32,64,44.8,17.52712184,307.2,0,0,0,56.0,64,-1,-1,1,32,0.0,0,0,0.0,0,0,Normal Traffic
443,116960303,13,578,192,0,44.46153846,65.86553902,1430,0,385.6666667,603.771229,44.5108286,0.213747736,4873345.958,16500000.0,58400000,2,117000000,9746691.917,22700000.0,58400000,226,117000000,10600000.0,23600000.0,58400000,2,272,252,0.111148823,0.102598913,0,1430,200.2307692,439.5524367,193206.3446,0,1,0,208.24,578,8192,351,6,20,150630.5,214494,86767,58300000.0,58400000,58200000,Normal Traffic
443,119236779,286,4690,672,0,16.3986014,50.82665965,4380,0,1593.421308,631.9804645,5558.461119,5.86228516,170826.3309,3137404.892,58900000,0,119000000,418374.6632,4904464.832,58900000,1,119000000,289372.8301,4084021.208,59000000,0,5740,8272,2.398588778,3.463696382,0,4380,946.8185714,915.9556623,838974.7753,0,1,0,948.1731044,4690,29200,38,285,20,959495.5,1863353,55638,58700000.0,58900000,58400000,Normal Traffic
53,194,2,84,42,42,42.0,0.0,141,141,141.0,0.0,1886597.938,20618.5567,64.66666667,70.81195756,142,3,49,49.0,0.0,49,49,3,3.0,0.0,3,3,64,64,10309.27835,10309.27835,42,141,81.6,54.22453319,2940.3,0,0,0,102.0,84,-1,-1,1,32,0.0,0,0,0.0,0,0,Normal Traffic
80,83494117,7,354,348,0,50.57142857,131.1727324,5792,0,1932.5,2181.008184,143.1118794,0.155699593,6957843.083,24100000.0,83300000,1,83400000,13900000.0,34000000.0,83300000,1,151342,30268.4,60518.22084,138065,45,220,200,0.083838242,0.07186135,0,5792,853.5,1666.73309,2777999.192,0,0,1,919.1538462,354,251,235,2,20,1017.0,1017,1017,83300000.0,83300000,83300000,DoS
53,209,2,84,42,42,42.0,0.0,58,58,58.0,0.0,956937.799,19138.75598,69.66666667,37.5277675,113,48,48,48.0,0.0,48,48,48,48.0,0.0,48,48,64,64,9569.37799,9569.37799,42,58,48.4,8.76356092,76.8,0,0,0,60.5,84,-1,-1,1,32,0.0,0,0,0.0,0,0,Normal Traffic
53,334,2,94,47,47,47.0,0.0,110,110,110.0,0.0,940119.7605,11976.0479,111.3333333,180.8102136,320,1,13,13.0,0.0,13,13,1,1.0,0.0,1,1,64,64,5988.023952,5988.023952,47,110,72.2,34.50652112,1190.7,0,0,0,90.25,94,-1,-1,1,32,0.0,0,0,0.0,0,0,Normal Traffic
53,206,2,68,34,34,34.0,0.0,91,91,91.0,0.0,1213592.233,19417.47573,68.66666667,77.39724371,154,3,49,49.0,0.0,49,49,3,3.0,0.0,3,3,64,64,9708.737864,9708.737864,34,91,56.8,31.22018578,974.7,0,0,0,71.0,68,-1,-1,1,32,0.0,0,0,0.0,0,0,Normal Traffic
80,5298991,4,12,6,0,3.0,3.464101615,0,0,0.0,0.0,2.264582069,1.132291034,1059798.2,1848031.428,4277173,64,5298991,1766330.333,2226781.97,4277173,31003,990809,990809.0,0.0,990809,990809,104,64,0.75486069,0.377430345,0,6,1.714285714,2.927700219,8.571428571,0,1,0,2.0,12,8192,29200,2,20,0.0,0,0,0.0,0,0,Normal Traffic
53204,1,2,37,37,0,18.5,26.1629509039,0,0,0.0,0.0,37000000.0,2000000.0,1.0,0.0,1,1,1,1.0,0.0,1,1,0,0.0,0.0,0,0,64,0,2000000.0,0.0,0,37,24.6666666667,21.36195996,456.3333333333,0,0,1,37.0,37,972,-1,0,32,0.0,0,0,0.0,0,0,Normal Traffic
80,89339379,8,56,20,0,7.0,5.656854249,4380,0,1934.5,2177.344966,130.5471353,0.156705813,6872259.923,22500000.0,81400000,14,88700000,12700000.0,30400000.0,81400000,71,677172,135434.4,302247.577,676111,14,172,132,0.089546179,0.067159634,0,4380,777.9333333,1627.46176,2648631.781,0,0,1,833.5,56,256,229,6,20,986.0,986,986,44300000.0,81400000,7216356,DDoS
53,30559,1,45,45,45,45.0,0.0,129,129,129.0,0.0,5693.903596,65.44716777,30559.0,0.0,30559,30559,0,0.0,0.0,0,0,0,0.0,0.0,0,0,20,20,32.72358389,32.72358389,45,129,73.0,48.49742261,2352.0,0,0,0,109.5,45,-1,-1,0,20,0.0,0,0,0.0,0,0,Normal Traffic
80,2482,3,0,0,0,0.0,0.0,0,0,0.0,0.0,0.0,1208.702659,1241.0,1685.742566,2433,49,2482,1241.0,1685.742566,2433,49,0,0.0,0.0,0,0,96,0,1208.702659,0.0,0,0,0.0,0.0,0.0,0,0,1,0.0,0,65535,-1,0,32,0.0,0,0,0.0,0,0,Normal Traffic
443,116961357,49,744,373,0,15.1836734694,62.3700894758,2836,0,992.6956521739,703.3991713123,396.7806221674,0.8122340783,1244269.75531915,3250227.74323084,10011688,1,116961357,2436694.9375,4254262.34076843,10047922,1,111910949,2486909.97777778,4350132.5855812,10048436,2,1576,1480,0.4189417878,0.3932922905,0,2836,483.4166666667,690.9851040616,477460.414035088,0,1,0,488.5052631579,744,29200,357,4,32,153419.416666667,1440334,36233,9593360.08333333,10011688,5014049,Normal Traffic
2010,75,1,0,0,0,0.0,0.0,6,6,6.0,0.0,80000.0,26666.66667,75.0,0.0,75,75,0,0.0,0.0,0,0,0,0.0,0.0,0,0,40,20,13333.33333,13333.33333,0,6,2.0,3.464101615,12.0,0,1,0,3.0,0,29200,0,0,40,0.0,0,0,0.0,0,0,Port Scanning
53,72366,2,104,52,52,52.0,0.0,176,176,176.0,0.0,6301.301716,55.27457646,24122.0,41768.40542,72352,3,11,11.0,0.0,11,11,3,3.0,0.0,3,3,64,64,27.63728823,27.63728823,52,176,101.6,67.91759713,4612.8,0,0,0,127.0,104,-1,-1,1,32,0.0,0,0,0.0,0,0,Normal Traffic
53,61248,2,76,38,38,38.0,0.0,188,188,188.0,0.0,7379.8328108673,65.3082549634,20416.0,35354.6210840959,61240,4,4,4.0,0.0,4,4,4,4.0,0.0,4,4,40,40,32.6541274817,32.6541274817,38,188,98.0,82.1583836258,6750.0,0,0,0,122.5,76,-1,-1,1,20,0.0,0,0,0.0,0,0,Normal Traffic
54338,712,1,0,0,0,0.0,0.0,0,0,0.0,0.0,0.0,2808.988764,712.0,0.0,712,712,0,0.0,0.0,0,0,0,0.0,0.0,0,0,32,32,1404.494382,1404.494382,0,0,0.0,0.0,0.0,0,0,1,0.0,0,227,229,0,32,0.0,0,0,0.0,0,0,Normal Traffic
53,199,2,92,46,46,46.0,0.0,142,142,142.0,0.0,1889447.236,20100.50251,66.33333333,73.92112914,148,4,4,4.0,0.0,4,4,47,47.0,0.0,47,47,40,40,10050.25126,10050.25126,46,142,84.4,52.58136552,2764.8,0,0,0,105.5,92,-1,-1,1,20,0.0,0,0,0.0,0,0,Normal Traffic
1937,3,2,12,6,6,6.0,0.0,0,0,0.0,0.0,4000000.0,666666.666666667,3.0,0.0,3,3,3,3.0,0.0,3,3,0,0.0,0.0,0,0,40,0,666666.666666667,0.0,6,6,6.0,0.0,0.0,0,0,1,9.0,12,4380,-1,1,20,0.0,0,0,0.0,0,0,Normal Traffic
53389,37,1,6,6,6,6.0,0.0,6,6,6.0,0.0,324324.3243,54054.05405,37.0,0.0,37,37,0,0.0,0.0,0,0,0,0.0,0.0,0,0,20,20,27027.02703,27027.02703,6,6,6.0,0.0,0.0,0,0,1,9.0,6,351,258,0,20,0.0,0,0,0.0,0,0,Normal Traffic
53,256191,2,60,30,30,30.0,0.0,98,98,98.0,0.0,999.2544625,15.61335098,85397.0,147908.4787,256187,1,1,1.0,0.0,1,1,3,3.0,0.0,3,3,40,64,7.806675488,7.806675488,30,98,57.2,37.24513391,1387.2,0,0,0,71.5,60,-1,-1,1,20,0.0,0,0,0.0,0,0,Normal Traffic
53,90719,1,46,46,46,46.0,0.0,143,143,143.0,0.0,2083.356298,22.04609839,90719.0,0.0,90719,90719,0,0.0,0.0,0,0,0,0.0,0.0,0,0,32,32,11.0230492,11.0230492,46,143,78.33333333,56.00297611,3136.333333,0,0,0,117.5,46,-1,-1,0,32,0.0,0,0,0.0,0,0,Normal Traffic
80,1094941,3,26,20,0,8.666666667,10.26320288,4380,0,2320.2,2207.341206,10618.837,7.306329747,156420.1429,411707.23,1090079,46,4190,2095.0,2630.437226,3955,235,1094893,273723.25,544240.2803,1090079,46,72,112,2.739873655,4.566456092,0,4380,1291.888889,1980.710254,3923213.111,0,1,0,1453.375,26,8192,229,2,20,0.0,0,0,0.0,0,0,DDoS
443,142925,8,532,197,0,66.5,82.80096618,3551,0,1183.666667,2050.170806,28567.43047,76.96344236,14292.5,17200.6253,42423,48,142925,20417.85714,21039.27282,52544,48,52960,26480.0,23231.28619,42907,10053,172,72,55.97341263,20.99002974,0,3551,340.25,1013.711912,1027611.841,0,1,0,371.1818182,532,8192,119,4,20,0.0,0,0,0.0,0,0,Normal Traffic
53,30781,4,336,84,84,84.0,0.0,166,166,166.0,0.0,21701.6991,194.925441,6156.2,13542.8258,30381,3,30432,10144.0,17525.77054,30381,3,4,4.0,0.0,4,4,104,40,129.950294,64.97514701,84,166,107.4285714,40.01190299,1600.952381,0,0,0,125.3333333,336,-1,-1,3,20,0.0,0,0,0.0,0,0,Normal Traffic
53,749,1,72,72,72,72.0,0.0,133,133,133.0,0.0,273698.2644,2670.226969,749.0,0.0,749,749,0,0.0,0.0,0,0,0,0.0,0.0,0,0,32,32,1335.113485,1335.113485,72,133,92.33333333,35.21836642,1240.333333,0,0,0,138.5,72,-1,-1,0,32,0.0,0,0,0.0,0,0,Normal Traffic
53,30669,1,56,56,56,56.0,0.0,84,84,84.0,0.0,4564.870064,65.21242949,30669.0,0.0,30669,30669,0,0.0,0.0,0,0,0,0.0,0.0,0,0,32,32,32.60621474,32.60621474,56,84,65.33333333,16.16580754,261.3333333,0,0,0,98.0,56,-1,-1,0,32,0.0,0,0,0.0,0,0,Normal Traffic
53,31181,4,176,44,44,44.0,0.0,172,172,172.0,0.0,16676.82242,192.4248741,6236.2,13785.20886,30895,1,30899,10299.66667,17836.08189,30895,1,3,3.0,0.0,3,3,80,40,128.2832494,64.14162471,44,172,80.57142857,62.45760467,3900.952381,0,0,0,94.0,176,-1,-1,3,20,0.0,0,0,0.0,0,0,Normal Traffic
53,226,2,66,33,33,33.0,0.0,250,250,250.0,0.0,2504424.779,17699.11504,75.33333333,125.2850084,220,3,3,3.0,0.0,3,3,3,3.0,0.0,3,3,64,64,8849.557522,8849.557522,33,250,119.8,118.855795,14126.7,0,0,0,149.75,66,-1,-1,1,32,0.0,0,0,0.0,0,0,Normal Traffic
54276,4,2,31,31,0,15.5,21.92031022,6,6,6.0,0.0,9250000.0,750000.0,2.0,1.414213562,3,1,3,3.0,0.0,3,3,0,0.0,0.0,0,0,64,20,500000.0,250000.0,0,31,17.0,16.35033129,267.3333333,0,0,1,22.66666667,31,1039,0,0,32,0.0,0,0,0.0,0,0,Normal Traffic
53,509,1,50,50,50,50.0,0.0,111,111,111.0,0.0,316306.4833,3929.273084,509.0,0.0,509,509,0,0.0,0.0,0,0,0,0.0,0.0,0,0,32,32,1964.636542,1964.636542,50,111,70.33333333,35.21836642,1240.333333,0,0,0,105.5,50,-1,-1,0,32,0.0,0,0,0.0,0,0,Normal Traffic
22,612,3,0,0,0,0.0,0.0,0,0,0.0,0.0,0.0,6535.947712,204.0,163.1839453,352,29,612,306.0,106.0660172,381,231,0,0.0,0.0,0,0,104,40,4901.960784,1633.986928,0,0,0.0,0.0,0.0,0,1,0,0.0,0,29200,28960,0,32,0.0,0,0,0.0,0,0,Port Scanning
80,85485061,6,356,356,0,59.33333333,145.3363914,5792,0,1932.5,2181.008184,139.8022047,0.140375404,7771369.182,25700000.0,85300000,1,85300000,17100000.0,38200000.0,85300000,1,149450,29890.0,59147.72817,135146,45,200,200,0.070187702,0.070187702,0,5792,919.3076923,1715.891672,2944284.231,0,0,1,995.9166667,356,251,235,1,32,998.0,998,998,85300000.0,85300000,85300000,DoS
53,270737,1,42,42,42,42.0,0.0,130,130,130.0,0.0,635.3028954,7.38724297,270737.0,0.0,270737,270737,0,0.0,0.0,0,0,0,0.0,0.0,0,0,32,32,3.693621485,3.693621485,42,130,71.33333333,50.80682369,2581.333333,0,0,0,107.0,42,-1,-1,0,32,0.0,0,0,0.0,0,0,Normal Traffic
80,179647,3,26,20,0,8.666666667,10.26320288,10220,0,2321.4,4455.182578,64754.76907,44.53177621,25663.85714,67512.00607,178766,2,629,314.5,440.5275247,626,3,179601,44900.25,89244.24056,178766,2,72,112,16.69941608,27.83236013,0,10220,1292.555556,3378.299021,11400000.0,0,1,0,1454.125,26,8192,229,2,20,0.0,0,0,0.0,0,0,DDoS
80,4173933,5,30,6,6,6.0,0.0,0,0,0.0,0.0,7.187465635,1.197910939,1043483.25,2086058.545,4172571,3,4173933,1043483.25,2086058.545,4172571,3,0,0.0,0.0,0,0,100,0,1.197910939,0.0,6,6,6.0,0.0,0.0,0,0,1,7.2,30,256,-1,4,20,0.0,0,0,0.0,0,0,DDoS
80,25741,3,26,20,0,8.666666667,10.26320288,10220,0,2900.25,4922.508194,451691.8535,271.9397071,4290.166667,8253.319633,20804,60,4689,2344.5,2826.305804,4343,346,25646,8548.666667,10845.79113,20804,188,72,92,116.5455887,155.3941183,0,10220,1453.375,3574.535052,12800000.0,0,1,0,1661.0,26,8192,229,2,20,0.0,0,0,0.0,0,0,DDoS
80,422187,3,26,20,0,8.666666667,10.26320288,5840,0,1934.5,2538.919278,27554.1407,21.31756781,52773.375,148875.8674,421222,2,779,389.5,440.5275247,701,78,422122,84424.4,188275.8747,421222,2,72,132,7.105855936,14.21171187,0,5840,1163.3,2138.329153,4572451.567,0,1,0,1292.555556,26,8192,229,2,20,0.0,0,0,0.0,0,0,DDoS
53,50147,2,76,38,38,38.0,0.0,93,93,93.0,0.0,5224.6395596945,79.765489461,16715.6666666667,28947.1877966295,50141,3,3,3.0,0.0,3,3,3,3.0,0.0,3,3,64,64,39.8827447305,39.8827447305,38,93,60.0,30.1247406628,907.5,0,0,0,75.0,76,-1,-1,1,32,0.0,0,0,0.0,0,0,Normal Traffic
80,83606252,7,312,306,0,44.57142857,115.3008487,8688,0,2319.0,3774.237539,142.417579,0.143529936,7600568.364,25200000.0,83600000,0,83600000,13900000.0,34100000.0,83600000,0,42564,10641.0,14241.21313,30277,83,220,168,0.083725796,0.05980414,0,8688,915.9230769,2467.388243,6088004.744,0,0,1,992.25,312,274,235,2,20,5.0,5,5,83600000.0,83600000,83600000,DoS
4128,21,1,6,6,6,6.0,0.0,6,6,6.0,0.0,571428.571428571,95238.0952380952,21.0,0.0,21,21,0,0.0,0.0,0,0,0,0.0,0.0,0,0,20,20,47619.0476190476,47619.0476190476,6,6,6.0,0.0,0.0,0,0,1,9.0,6,97,255,0,20,0.0,0,0,0.0,0,0,Normal Traffic
53,61089,1,50,50,50,50.0,0.0,78,78,78.0,0.0,2095.303573,32.73911834,61089.0,0.0,61089,61089,0,0.0,0.0,0,0,0,0.0,0.0,0,0,32,20,16.36955917,16.36955917,50,78,59.33333333,16.16580754,261.3333333,0,0,0,89.0,50,-1,-1,0,32,0.0,0,0,0.0,0,0,Normal Traffic
443,119073234,78,2196,462,0,28.15384615,93.05843394,4194,0,1421.021978,888.855406,1104.437963,1.419294617,708769.25,6367682.853,59000000,1,119000000,1546405.636,9369423.8,59000000,1,119000000,1322646.022,8680776.679,59000000,1,2504,2920,0.655059054,0.764235563,0,4194,773.5823529,954.149962,910402.15,0,1,0,778.1597633,2196,29200,135,10,32,976764.5,1918537,34992,58500000.0,59000000,58100000,Normal Traffic
51829,34516,16,19927,2920,0,1245.4375,1020.342032,6,0,4.0,3.098386677,578021.787,637.3855603,1643.619048,6104.89712,27603,1,34516,2301.066667,7185.341551,27603,1,28109,5621.8,12459.76869,27910,1,344,144,463.5531348,173.8324255,0,2920,867.4347826,1025.321538,1051284.257,0,1,0,906.8636364,19927,8192,357,14,20,0.0,0,0,0.0,0,0,Normal Traffic
80,5830,2,12,6,6,6.0,0.0,0,0,0.0,0.0,2058.319039,343.0531732,5830.0,0.0,5830,5830,5830,5830.0,0.0,5830,5830,0,0.0,0.0,0,0,40,0,343.0531732,0.0,6,6,6.0,0.0,0.0,0,0,1,9.0,12,253,-1,1,20,0.0,0,0,0.0,0,0,Normal Traffic
123,16052,1,48,48,48,48.0,0.0,48,48,48.0,0.0,5980.56317,124.595066,16052.0,0.0,16052,16052,0,0.0,0.0,0,0,0,0.0,0.0,0,0,20,20,62.29753302,62.29753302,48,48,48.0,0.0,0.0,0,0,0,72.0,48,-1,-1,0,20,0.0,0,0,0.0,0,0,Normal Traffic
53,98948117,2,128,85,43,64.0,29.69848481,149,87,118.0,43.84062043,3.678695573,0.040425226,33000000.0,57100000.0,98900000,23460,98900000,98900000.0,0.0,98900000,98900000,98900000,98900000.0,0.0,98900000,98900000,52,52,0.020212613,0.020212613,43,149,81.4,43.48333014,1890.8,0,0,0,101.75,128,-1,-1,1,20,23460.0,23460,23460,98900000.0,98900000,98900000,Normal Traffic
1036,73,1,2,2,2,2.0,0.0,6,6,6.0,0.0,109589.0411,27397.26027,73.0,0.0,73,73,0,0.0,0.0,0,0,0,0.0,0.0,0,0,24,20,13698.63014,13698.63014,2,6,3.333333333,2.309401077,5.333333333,0,1,0,5.0,2,1024,0,0,24,0.0,0,0,0.0,0,0,Port Scanning
53,199,2,76,38,38,38.0,0.0,77,77,77.0,0.0,1155778.89447236,20100.5025125628,66.3333333333,74.2181469274,148,3,48,48.0,0.0,48,48,3,3.0,0.0,3,3,64,64,10050.2512562814,10050.2512562814,38,77,53.6,21.3611797427,456.3,0,0,0,67.0,76,-1,-1,1,32,0.0,0,0,0.0,0,0,Normal Traffic
53,265,2,110,55,55,55.0,0.0,116,116,116.0,0.0,1290566.03773585,15094.3396226415,88.3333333333,78.0149558311,156,3,156,156.0,0.0,156,156,3,3.0,0.0,3,3,64,64,7547.1698113208,7547.1698113208,55,116,79.4,33.4110760078,1116.3,0,0,0,99.25,110,-1,-1,1,32,0.0,0,0,0.0,0,0,Normal Traffic
80,174436,3,342,342,0,114.0,197.4537921,8688,0,2319.0,3774.237539,68431.97505,45.86209269,24919.42857,62314.83669,166079,4,7986,3993.0,5641.2979,7982,4,174416,43604.0,81735.80888,166079,85,104,168,17.19828476,28.66380793,0,8688,1326.333333,2918.749818,8519100.5,0,1,0,1492.125,342,29200,235,1,32,0.0,0,0,0.0,0,0,DoS
53,106496,1,51,51,51,51.0,0.0,128,128,128.0,0.0,1680.8143028846,18.7800480769,106496.0,0.0,106496,106496,0,0.0,0.0,0,0,0,0.0,0.0,0,0,20,32,9.3900240385,9.3900240385,51,128,76.6666666667,44.4559707276,1976.3333333333,0,0,0,115.0,51,-1,-1,0,20,0.0,0,0,0.0,0,0,Normal Traffic
60717,30883,2,280,274,6,140.0,189.5046174,6,6,6.0,0.0,9260.758346,97.14082181,15441.5,21703.22843,30788,95,30883,30883.0,0.0,30883,30883,0,0.0,0.0,0,0,40,20,64.76054787,32.38027394,6,274,140.0,154.7298721,23941.33333,0,0,1,186.6666667,280,60,0,1,20,0.0,0,0,0.0,0,0,Normal Traffic
80,83874131,8,323,323,0,40.375,114.1977452,4344,0,1932.5,1754.831473,142.0938716,0.166916782,6451856.231,23200000.0,83700000,1,83700000,12000000.0,31600000.0,83700000,1,147441,29488.2,59810.49522,136146,46,264,200,0.095381018,0.071535764,0,4344,794.5333333,1425.271546,2031398.981,0,0,1,851.2857143,323,274,235,1,32,996.0,996,996,83700000.0,83700000,83700000,DoS
50300,49,1,2,2,2,2.0,0.0,6,6,6.0,0.0,163265.3061,40816.32653,49.0,0.0,49,49,0,0.0,0.0,0,0,0,0.0,0.0,0,0,24,20,20408.16327,20408.16327,2,6,3.333333333,2.309401077,5.333333333,0,1,0,5.0,2,1024,0,0,24,0.0,0,0,0.0,0,0,Port Scanning
48068,3,2,12,6,6,6.0,0.0,0,0,0.0,0.0,4000000.0,666666.6667,3.0,0.0,3,3,3,3.0,0.0,3,3,0,0.0,0.0,0,0,40,0,666666.6667,0.0,6,6,6.0,0.0,0.0,1,0,0,9.0,12,0,-1,1,20,0.0,0,0,0.0,0,0,Normal Traffic
443,118430374,16,1628,965,0,101.75,238.3835844,1460,0,402.8125,588.2965487,68.16663435,0.270200954,3820334.645,14600000.0,58800000,3,118000000,7895358.267,20500000.0,58800000,200,118000000,7880707.4,20600000.0,59000000,3,332,328,0.135100477,0.135100477,0,1460,244.6363636,462.0139215,213456.8636,0,1,0,252.28125,1628,8192,23,15,20,651881.5,1083943,219820,58500000.0,58800000,58100000,Normal Traffic
443,3,1,6,6,6,6.0,0.0,6,6,6.0,0.0,4000000.0,666666.6667,3.0,0.0,3,3,0,0.0,0.0,0,0,0,0.0,0.0,0,0,20,20,333333.3333,333333.3333,6,6,6.0,0.0,0.0,0,0,1,9.0,6,16417,114,0,20,0.0,0,0,0.0,0,0,Normal Traffic
443,141377,13,614,373,0,47.2307692308,106.2106035558,2896,0,922.5555555556,993.2030395532,63072.4941114891,155.6122990303,6732.2380952381,11807.7602698597,32270,3,141377,11781.4166666667,18267.8293802288,55208,3,104084,13010.5,18196.8217319085,43081,180,428,296,91.9527221542,63.659576876,0,2896,387.6956521739,746.4730059531,557221.948616601,0,1,0,405.3181818182,614,65535,57,5,32,0.0,0,0,0.0,0,0,Normal Traffic
443,115930344,38,846,332,0,22.26315789,61.3037119,1460,0,1013.081633,649.6465653,435.4942654,0.750450633,1348027.256,3387447.764,10000000,2,116000000,3133252.541,4629590.672,10000000,3,110000000,2298185.458,4252977.078,10000000,2,772,1124,0.327783035,0.422667598,0,1460,573.7159091,692.6629266,479781.9299,0,1,0,580.3103448,846,8192,31,37,20,26325.08333,149496,14937,9634536.667,10000000,5602173,Normal Traffic
80,3958929,5,30,6,6,6.0,0.0,0,0,0.0,0.0,7.577807028,1.262967838,989732.25,1978792.556,3957921,1,3958929,989732.25,1978792.556,3957921,1,0,0.0,0.0,0,0,100,0,1.262967838,0.0,6,6,6.0,0.0,0.0,0,0,1,7.2,30,256,-1,4,20,0.0,0,0,0.0,0,0,DDoS
80,94178209,8,56,20,0,7.0,5.656854249,11595,0,2901.75,5795.50069,123.8396878,0.12741801,8561655.364,25800000.0,85900000,1,94100000,13400000.0,32100000.0,85900000,1,80373,26791.0,45764.83199,79634,5,172,92,0.08494534,0.04247267,0,11595,897.6153846,3214.167532,10300000.0,0,0,1,972.4166667,56,256,229,6,20,1012.0,1012,1012,47000000.0,85900000,8162782,DDoS
53,30348,1,47,47,47,47.0,0.0,63,63,63.0,0.0,3624.6210623435,65.9022011335,30348.0,0.0,30348,30348,0,0.0,0.0,0,0,0,0.0,0.0,0,0,20,20,32.9511005668,32.9511005668,47,63,52.3333333333,9.237604307,85.3333333333,0,0,0,78.5,47,-1,-1,0,20,0.0,0,0,0.0,0,0,Normal Traffic
80,616080,3,26,20,0,8.666666667,10.26320288,7300,0,2320.2,3022.508098,18872.54902,12.98532658,88011.42857,227373.0441,603557,55,11993,5996.5,7985.35688,11643,350,615916,153979.0,299768.9487,603557,198,72,112,4.869497468,8.115829113,0,7300,1291.888889,2460.652985,6054813.111,0,1,0,1453.375,26,8192,229,2,20,0.0,0,0,0.0,0,0,DDoS
80,82127274,8,56,20,0,7.0,5.656854249,8760,0,2900.25,4128.319301,141.9382311,0.146114676,7466115.818,23000000.0,76600000,1,80900000,11600000.0,28700000.0,76600000,1,1273475,424491.6667,723009.2873,1259321,960,172,92,0.097409784,0.048704892,0,8760,897.1538462,2488.507044,6192667.308,0,0,1,971.9166667,56,256,229,6,20,4284933.0,4284933,4284933,76600000.0,76600000,76600000,DDoS
80,2057970,5,30,6,6,6.0,0.0,0,0,0.0,0.0,14.57747197,2.429578662,514492.5,1028321.106,2056974,1,2057970,514492.5,1028321.106,2056974,1,0,0.0,0.0,0,0,100,0,2.429578662,0.0,6,6,6.0,0.0,0.0,0,0,1,7.2,30,256,-1,4,20,0.0,0,0,0.0,0,0,DDoS
443,32167,1,0,0,0,0.0,0.0,0,0,0.0,0.0,0.0,62.1755214972,32167.0,0.0,32167,32167,0,0.0,0.0,0,0,0,0.0,0.0,0,0,32,32,31.0877607486,31.0877607486,0,0,0.0,0.0,0.0,0,0,1,0.0,0,346,62,0,32,0.0,0,0,0.0,0,0,Normal Traffic
46695,24,1,0,0,0,0.0,0.0,0,0,0.0,0.0,0.0,83333.33333,24.0,0.0,24,24,0,0.0,0.0,0,0,0,0.0,0.0,0,0,32,32,41666.66667,41666.66667,0,0,0.0,0.0,0.0,0,0,1,0.0,0,135,548,0,32,0.0,0,0,0.0,0,0,Normal Traffic
80,110064192,16,870,435,0,54.375,148.5807861,746,0,106.5714286,270.8998436,21.46020388,0.272568212,3795316.966,4919889.253,10200000,31,110000000,7335210.0,4590489.453,10200000,36246,110000000,8463690.538,3790893.073,10200000,21979,520,456,0.145369713,0.127198499,0,746,76.19354839,209.0863329,43717.09462,0,1,0,78.73333333,870,29200,349,2,32,52118.0,191721,35853,9950441.091,10200000,7556052,Normal Traffic
443,90077701,3,18,6,6,6.0,0.0,0,0,0.0,0.0,0.1998274801,0.06660916,18015540.2,24636352.9380119,45007309,23633,90054068,45027034.0,5567.7587950629,45030971,45023097,90054039,45027019.5,5756.5563056397,45031090,45022949,60,96,0.03330458,0.03330458,0,6,3.4285714286,3.2071349029,10.2857142857,0,0,1,4.0,18,250,1129,2,20,23721.5,23781,23662,45003312.5,45007309,44999316,Normal Traffic
49732,4,2,37,37,0,18.5,26.1629509,0,0,0.0,0.0,9250000.0,500000.0,4.0,0.0,4,4,4,4.0,0.0,4,4,0,0.0,0.0,0,0,64,0,500000.0,0.0,0,37,24.66666667,21.36195996,456.3333333,0,0,1,37.0,37,975,-1,0,32,0.0,0,0,0.0,0,0,Normal Traffic
123,162,2,96,48,48,48.0,0.0,48,48,48.0,0.0,1185185.185,24691.35802,54.0,53.8423625,111,4,47,47.0,0.0,47,47,4,4.0,0.0,4,4,40,40,12345.67901,12345.67901,48,48,48.0,0.0,0.0,0,0,0,60.0,96,-1,-1,1,20,0.0,0,0,0.0,0,0,Normal Traffic
53,164,2,58,29,29,29.0,0.0,83,83,83.0,0.0,1365853.659,24390.2439,54.66666667,88.62467677,157,3,4,4.0,0.0,4,4,3,3.0,0.0,3,3,64,64,12195.12195,12195.12195,29,83,50.6,29.57701811,874.8,0,0,0,63.25,58,-1,-1,1,32,0.0,0,0,0.0,0,0,Normal Traffic
53,206,2,76,38,38,38.0,0.0,90,90,90.0,0.0,1242718.447,19417.47573,68.66666667,78.0790198,155,3,3,3.0,0.0,3,3,48,48.0,0.0,48,48,64,64,9708.737864,9708.737864,38,90,58.8,28.48157299,811.2,0,0,0,73.5,76,-1,-1,1,32,0.0,0,0,0.0,0,0,Normal Traffic
53,78883,2,92,46,46,46.0,0.0,62,62,62.0,0.0,2738.232572,50.7080106,26294.33333,45537.05911,78876,3,4,4.0,0.0,4,4,3,3.0,0.0,3,3,40,64,25.3540053,25.3540053,46,62,52.4,8.76356092,76.8,0,0,0,65.5,92,-1,-1,1,20,0.0,0,0,0.0,0,0,Normal Traffic
53,25558,2,90,45,45,45.0,0.0,171,171,171.0,0.0,16902.73104,156.5067689,8519.333333,14752.45411,25554,1,1,1.0,0.0,1,1,3,3.0,0.0,3,3,64,80,78.25338446,78.25338446,45,171,95.4,69.01304225,4762.8,0,0,0,119.25,90,-1,-1,1,32,0.0,0,0,0.0,0,0,Normal Traffic
443,5926935,6,306,224,0,51.0,87.32926199,145,0,36.25,72.5,76.09329274,1.687212699,658548.3333,1857319.973,5609832,4,5926935,1185387.0,2542506.331,5732712,48,232437,77479.0,73868.53741,147116,4,132,92,1.01232762,0.67488508,0,224,41.0,75.01466523,5627.2,0,1,0,45.1,306,8192,75,3,20,317055.0,317055,317055,5609832.0,5609832,5609832,Normal Traffic
80,92348,5,518,518,0,103.6,231.656642469,494,0,164.6666666667,285.2110329797,10958.5481006627,86.6288387404,13192.5714285714,17175.7105321938,36374,70,92348,23087.0,27249.2538980428,55009,388,55506,27753.0,12993.794211084,36941,18565,172,104,54.1430242128,32.4858145277,0,518,112.4444444444,223.2056849137,49820.7777777778,0,1,0,126.5,518,65535,340,1,32,0.0,0,0,0.0,0,0,Normal Traffic
53,180,2,116,58,58,58.0,0.0,90,90,90.0,0.0,1644444.444,22222.22222,60.0,98.72689603,174,3,3,3.0,0.0,3,3,3,3.0,0.0,3,3,40,40,11111.11111,11111.11111,58,90,70.8,17.52712184,307.2,0,0,0,88.5,116,-1,-1,1,20,0.0,0,0,0.0,0,0,Normal Traffic
53,48342,2,94,47,47,47.0,0.0,128,128,128.0,0.0,7240.0810889082,82.7437838732,16114.0,27904.204539818,48335,3,4,4.0,0.0,4,4,3,3.0,0.0,3,3,40,64,41.3718919366,41.3718919366,47,128,79.4,44.3655271579,1968.3,0,0,0,99.25,94,-1,-1,1,20,0.0,0,0,0.0,0,0,Normal Traffic
80,792,2,0,0,0,0.0,0.0,0,0,0.0,0.0,0.0,2525.252525,792.0,0.0,792,792,792,792.0,0.0,792,792,0,0.0,0.0,0,0,64,0,2525.252525,0.0,0,0,0.0,0.0,0.0,0,0,1,0.0,0,251,-1,0,32,0.0,0,0,0.0,0,0,DoS
37638,43,1,0,0,0,0.0,0.0,0,0,0.0,0.0,0.0,46511.62791,43.0,0.0,43,43,0,0.0,0.0,0,0,0,0.0,0.0,0,0,32,32,23255.81395,23255.81395,0,0,0.0,0.0,0.0,0,0,1,0.0,0,16384,245,0,32,0.0,0,0,0.0,0,0,Normal Traffic
53,62738,2,82,41,41,41.0,0.0,109,109,109.0,0.0,4781.79094,63.75721253,20912.66667,36173.30986,62682,7,49,49.0,0.0,49,49,7,7.0,0.0,7,7,40,40,31.87860627,31.87860627,41,109,68.2,37.24513391,1387.2,0,0,0,85.25,82,-1,-1,1,20,0.0,0,0,0.0,0,0,Normal Traffic
53,79681,2,70,35,35,35.0,0.0,152,152,152.0,0.0,4693.716193,50.20017319,26560.33333,45999.5167,79676,1,1,1.0,0.0,1,1,4,4.0,0.0,4,4,80,64,25.1000866,25.1000866,35,152,81.8,64.08353923,4106.7,0,0,0,102.25,70,-1,-1,1,40,0.0,0,0,0.0,0,0,Normal Traffic
443,5643660,7,599,517,0,85.5714285714,191.3085266813,160,0,53.3333333333,92.3760430703,134.4871944802,1.7718997955,627073.333333333,1833670.01900553,5516525,3,5643660,940610.0,2274371.65446336,5583103,3,103925,51962.5,21141.7856506966,66912,37013,232,104,1.2403298569,0.5315699387,0,517,69.0,156.2305987955,24408.0,0,1,0,75.9,599,29200,59,3,32,127132.0,127132,127132,5516525.0,5516525,5516525,Normal Traffic
443,14769212,11,1419,626,0,129.0,209.7660602,1428,0,537.3333333,564.2670024,423.5161632,1.354168388,777326.9474,2403290.621,9964758,48,14800000,1476921.2,3237945.268,9964758,322,10700000,1333844.75,3541152.709,10100000,48,232,204,0.744792613,0.609375774,0,1428,297.8571429,441.9103173,195284.7286,0,1,0,312.75,1419,8192,252,10,20,706290.0,706290,706290,9964758.0,9964758,9964758,Normal Traffic
53,41821746,2,89,46,43,44.5,2.121320344,132,62,97.0,49.49747468,6.766814566,0.095644022,13900000.0,24000000.0,41700000,30063,41700000,41700000.0,0.0,41700000,41700000,41800000,41800000.0,0.0,41800000,41800000,52,52,0.047822011,0.047822011,43,132,65.8,37.75182115,1425.2,0,0,0,82.25,89,-1,-1,1,20,30063.0,30063,30063,41700000.0,41700000,41700000,Normal Traffic
80,115670209,16,517,433,0,32.3125,106.8604815,746,0,53.71428571,199.2599495,10.97084557,0.259358051,3988627.897,4857805.852,10000000,53,116000000,7711347.267,4123559.01,10000000,143,110000000,8492467.923,3756297.967,10000000,20511,332,424,0.138324294,0.121033757,0,746,40.93548387,151.9427382,23086.5957,0,1,0,42.3,517,8192,343,15,20,60378.63636,291799,36673,9975706.182,10000000,9800565,Normal Traffic
80,115700037,89,1436,721,0,16.1348314607,107.0204091635,2896,0,1330.7244897959,637.879812559,1139.5588404177,1.6162484028,622043.209677419,2388610.24527531,10028548,2,115700037,1314773.14772727,3357146.27171192,10051915,49,110916506,1143469.13402062,3200616.58853604,10061596,48,2856,3144,0.7692305232,0.8470178795,0,2896,701.3138297872,806.3068459719,650130.729861191,0,1,0,705.064171123,1436,29200,63,2,32,61891.2727272727,434097,23195,10021467.1818182,10028548,9999791,Normal Traffic
443,121755,17,721,485,0,42.4117647059,119.4937544516,2933,0,1431.5,1203.8754449512,288094.944766129,336.7418175845,3043.875,8326.8756174256,33157,1,121755,7609.6875,13574.9497861257,35827,48,75825,3296.7391304348,8942.8749354261,31435,1,556,776,139.6246560716,197.1171615129,0,2933,835.1666666667,1142.0860442718,1304360.53252033,0,1,0,855.5365853659,721,65535,5064,5,32,0.0,0,0,0.0,0,0,Normal Traffic
22,118,1,6,6,6,6.0,0.0,6,6,6.0,0.0,101694.9153,16949.15254,118.0,0.0,118,118,0,0.0,0.0,0,0,0,0.0,0.0,0,0,20,20,8474.576271,8474.576271,6,6,6.0,0.0,0.0,0,0,1,9.0,6,256,245,0,20,0.0,0,0,0.0,0,0,Normal Traffic
443,4405458,5,135,46,6,27.0,20.1246118,46,46,46.0,0.0,41.08539907,1.36194693,881091.6,1837858.546,4165590,3,4405458,1101364.5,2045709.151,4165590,3,0,0.0,0.0,0,0,100,20,1.134955775,0.226991155,6,46,32.42857143,18.86670032,355.952381,0,0,1,37.83333333,135,258,360,4,20,0.0,0,0,0.0,0,0,Normal Traffic
53,54031,2,64,32,32,32.0,0.0,249,249,249.0,0.0,10401.4362125447,74.0315744665,18010.3333333333,31188.750220766,54024,3,3,3.0,0.0,3,3,4,4.0,0.0,4,4,40,40,37.0157872333,37.0157872333,32,249,118.8,118.8557949786,14126.7,0,0,0,148.5,64,-1,-1,1,20,0.0,0,0,0.0,0,0,Normal Traffic
53,178,2,90,45,45,45.0,0.0,83,83,83.0,0.0,1438202.247,22471.91011,59.33333333,61.78457197,126,4,4,4.0,0.0,4,4,48,48.0,0.0,48,48,40,40,11235.95506,11235.95506,45,83,60.2,20.81345719,433.2,0,0,0,75.25,90,-1,-1,1,20,0.0,0,0,0.0,0,0,Normal Traffic
62526,99739741,5,11607,8760,0,2321.4,3802.315321,20,0,6.8,5.006662228,117.0546452,0.150391407,7124267.214,23500000.0,88200000,1,99700000,24900000.0,49900000.0,99700000,184,99700000,11100000.0,29200000.0,88200000,1,112,212,0.050130469,0.100260938,0,8760,730.0625,2254.591773,5083184.063,0,0,1,778.7333333,11607,229,256,3,20,28913.0,28913,28913,49800000.0,88200000,11500000,Normal Traffic
52048,30,1,6,6,6,6.0,0.0,6,6,6.0,0.0,400000.0,66666.66667,30.0,0.0,30,30,0,0.0,0.0,0,0,0,0.0,0.0,0,0,20,20,33333.33333,33333.33333,6,6,6.0,0.0,0.0,0,0,1,9.0,6,946,256,0,20,0.0,0,0,0.0,0,0,Normal Traffic
53,54308,2,84,42,42,42.0,0.0,155,155,155.0,0.0,7254.916403,73.65397363,18102.66667,31188.59723,54116,4,4,4.0,0.0,4,4,188,188.0,0.0,188,188,64,64,36.82698682,36.82698682,42,155,87.2,61.892649,3830.7,0,0,0,109.0,84,-1,-1,1,32,0.0,0,0,0.0,0,0,Normal Traffic
53,61408,2,60,30,30,30.0,0.0,132,132,132.0,0.0,5276.1855132882,65.1380927566,20469.3333333333,35408.0331327982,61355,4,49,49.0,0.0,49,49,4,4.0,0.0,4,4,40,40,32.5690463783,32.5690463783,30,132,70.8,55.8677008655,3121.2,0,0,0,88.5,60,-1,-1,1,20,0.0,0,0,0.0,0,0,Normal Traffic
80,1288346,6,36,6,6,6.0,0.0,0,0,0.0,0.0,27.94280418,4.657134031,257669.2,574828.7689,1285954,191,1288346,257669.2,574828.7689,1285954,191,0,0.0,0.0,0,0,120,0,4.657134031,0.0,6,6,6.0,0.0,0.0,0,0,1,7.0,36,256,-1,5,20,0.0,0,0,0.0,0,0,DDoS
80,356713,4,720,360,0,180.0,207.8460969,5792,0,1656.428571,2118.227235,34523.55255,30.83711555,35671.3,74359.57973,211963,6,223973,74657.66667,119061.1352,211963,6,356698,59449.66667,96415.3828,224207,49,136,232,11.21349656,19.62361899,0,5792,1026.25,1751.584743,3068049.114,0,1,0,1119.545455,720,29200,235,2,32,0.0,0,0,0.0,0,0,DoS
53,23683,2,60,30,30,30.0,0.0,62,62,62.0,0.0,7769.285986,168.8975214,7894.333333,13668.19027,23677,3,3,3.0,0.0,3,3,3,3.0,0.0,3,3,64,64,84.44876071,84.44876071,30,62,42.8,17.52712184,307.2,0,0,0,53.5,60,-1,-1,1,32,0.0,0,0,0.0,0,0,Normal Traffic
53,62845,1,62,62,62,62.0,0.0,94,94,94.0,0.0,2482.297717,31.8243297,62845.0,0.0,62845,62845,0,0.0,0.0,0,0,0,0.0,0.0,0,0,32,32,15.91216485,15.91216485,62,94,72.66666667,18.47520861,341.3333333,0,0,0,109.0,62,-1,-1,0,32,0.0,0,0,0.0,0,0,Normal Traffic
57294,42,1,0,0,0,0.0,0.0,0,0,0.0,0.0,0.0,47619.0476190476,42.0,0.0,42,42,0,0.0,0.0,0,0,0,0.0,0.0,0,0,32,32,23809.5238095238,23809.5238095238,0,0,0.0,0.0,0.0,0,0,1,0.0,0,8192,33304,0,32,0.0,0,0,0.0,0,0,Normal Traffic
53,72903,2,82,41,41,41.0,0.0,73,73,73.0,0.0,3127.443315,54.86742658,24301.0,41924.39971,72711,0,0,0.0,0.0,0,0,192,192.0,0.0,192,192,64,64,27.43371329,27.43371329,41,73,53.8,17.52712184,307.2,0,0,0,67.25,82,-1,-1,1,32,0.0,0,0,0.0,0,0,Normal Traffic
80,8331294,28,2016,395,0,72.0,144.8496027,2920,0,1272.487179,1008.31498,6198.67694,8.04196803,126231.7273,962018.5142,7819639,2,511655,18950.18519,44518.4242,223907,111,8301729,218466.5526,1303825.705,8043405,2,572,792,3.36082246,4.68114557,0,2920,759.4558824,971.8067254,944408.3115,0,1,0,770.7910448,2016,8192,159,27,20,0.0,0,0,0.0,0,0,Normal Traffic
2222,41,1,2,2,2,2.0,0.0,6,6,6.0,0.0,195121.9512,48780.4878,41.0,0.0,41,41,0,0.0,0.0,0,0,0,0.0,0.0,0,0,24,20,24390.2439,24390.2439,2,6,3.333333333,2.309401077,5.333333333,0,1,0,5.0,2,1024,0,0,24,0.0,0,0,0.0,0,0,Port Scanning
53,5983558,2,112,56,56,56.0,0.0,174,116,145.0,41.01219331,67.18410685,0.668498576,1994519.333,3433428.377,5959078,563,5982995,5982995.0,0.0,5982995,5982995,5959641,5959641.0,0.0,5959641,5959641,64,64,0.334249288,0.334249288,56,174,91.6,52.88478042,2796.8,0,0,0,114.5,112,-1,-1,1,32,23917.0,23917,23917,5959078.0,5959078,5959078,Normal Traffic
443,370,3,43,31,6,14.33333333,14.43375673,0,0,0.0,0.0,116216.2162,8108.108108,185.0,257.3868684,367,3,370,185.0,257.3868684,367,3,0,0.0,0.0,0,0,60,0,8108.108108,0.0,6,31,12.25,12.5,156.25,0,0,1,16.33333333,43,252,-1,2,20,0.0,0,0,0.0,0,0,Normal Traffic
443,160,3,31,31,0,10.33333333,17.89785834,0,0,0.0,0.0,193750.0,18750.0,80.0,45.254834,112,48,160,80.0,45.254834,112,48,0,0.0,0.0,0,0,60,0,18750.0,0.0,0,31,7.75,15.5,240.25,0,0,1,10.33333333,31,64055,-1,1,20,0.0,0,0,0.0,0,0,Normal Traffic
80,1864197,3,26,20,0,8.666666667,10.26320288,5755,0,1934.5,2529.124572,6240.22032,4.827815944,233024.625,658803.8859,1863481,3,571,285.5,365.5742059,544,27,1864182,372836.4,833295.7063,1863481,3,72,132,1.609271981,3.218543963,0,5755,1163.3,2131.87096,4544873.789,0,1,0,1292.555556,26,8192,229,2,20,0.0,0,0,0.0,0,0,DDoS
80,16295,2,12,6,6,6.0,0.0,0,0,0.0,0.0,736.4222154035,122.7370359006,16295.0,0.0,16295,16295,16295,16295.0,0.0,16295,16295,0,0.0,0.0,0,0,40,0,122.7370359006,0.0,6,6,6.0,0.0,0.0,0,0,1,9.0,12,64003,-1,1,20,0.0,0,0,0.0,0,0,Normal Traffic
53,35324,2,62,31,31,31.0,0.0,137,137,137.0,0.0,9511.9465519194,113.2374589514,11774.6666666667,20389.1247564316,35318,3,3,3.0,0.0,3,3,3,3.0,0.0,3,3,64,40,56.6187294757,56.6187294757,31,137,73.4,58.0585910955,3370.8,0,0,0,91.75,62,-1,-1,1,32,0.0,0,0,0.0,0,0,Normal Traffic
80,84283050,8,340,340,0,42.5,120.2081528,4344,0,1932.5,1754.831473,141.6061711,0.166106946,6483311.538,23300000.0,84100000,1,84100000,12000000.0,31800000.0,84100000,1,147388,29477.6,59257.04441,135075,34,264,200,0.094918255,0.071188691,0,4344,795.6666667,1424.876519,2030273.095,0,0,1,852.5,340,274,235,1,32,1001.0,1001,1001,84100000.0,84100000,84100000,DoS
53,30249,1,54,54,54,54.0,0.0,82,82,82.0,0.0,4496.0163972363,66.1178881947,30249.0,0.0,30249,30249,0,0.0,0.0,0,0,0,0.0,0.0,0,0,20,20,33.0589440973,33.0589440973,54,82,63.3333333333,16.1658075373,261.3333333333,0,0,0,95.0,54,-1,-1,0,20,0.0,0,0,0.0,0,0,Normal Traffic
53438,4,2,12,6,6,6.0,0.0,0,0,0.0,0.0,3000000.0,500000.0,4.0,0.0,4,4,4,4.0,0.0,4,4,0,0.0,0.0,0,0,40,0,500000.0,0.0,6,6,6.0,0.0,0.0,0,0,1,9.0,12,360,-1,1,20,0.0,0,0,0.0,0,0,Normal Traffic
443,63182460,7,175,46,0,25.0,22.24859546,46,46,46.0,0.0,5.68195667,0.174098951,6318246.0,18500000.0,58800000,3,63200000,10500000.0,23700000.0,58800000,3,59100000,19700000.0,33900000.0,58900000,121440,164,80,0.110790241,0.063308709,0,46,33.75,19.67058256,386.9318182,0,0,1,36.81818182,175,258,132,4,20,156785.0,156785,156785,58800000.0,58800000,58800000,Normal Traffic
53,218,2,76,38,38,38.0,0.0,102,102,102.0,0.0,1284403.66972477,18348.623853211,72.6666666667,121.5414881155,213,1,1,1.0,0.0,1,1,4,4.0,0.0,4,4,64,64,9174.3119266055,9174.3119266055,38,102,63.6,35.0542436803,1228.8,0,0,0,79.5,76,-1,-1,1,32,0.0,0,0,0.0,0,0,Normal Traffic
80,85653251,7,368,362,0,52.57142857,136.4634959,5792,0,1656.428571,2118.227235,139.6677868,0.163449721,6588711.615,23700000.0,85500000,1,85500000,14300000.0,34900000.0,85500000,1,150621,25103.5,53803.73128,134164,46,220,232,0.081724861,0.081724861,0,5792,797.5333333,1619.475174,2622699.838,0,0,1,854.5,368,251,235,2,20,5.0,5,5,85500000.0,85500000,85500000,DoS
80,674208,4,24,6,6,6.0,0.0,0,0,0.0,0.0,35.59732308,5.93288718,224736.0,387523.4071,672208,1,674208,224736.0,387523.4071,672208,1,0,0.0,0.0,0,0,80,0,5.93288718,0.0,6,6,6.0,0.0,0.0,0,0,1,7.5,24,256,-1,3,20,0.0,0,0,0.0,0,0,DDoS
53,120951,1,48,48,48,48.0,0.0,142,142,142.0,0.0,1570.8840770229,16.5356218634,120951.0,0.0,120951,120951,0,0.0,0.0,0,0,0,0.0,0.0,0,0,32,32,8.2678109317,8.2678109317,48,142,79.3333333333,54.2709253038,2945.3333333333,0,0,0,119.0,48,-1,-1,0,32,0.0,0,0,0.0,0,0,Normal Traffic
38145,50396,2,0,0,0,0.0,0.0,0,0,0.0,0.0,0.0,59.52853401,25198.0,35605.65486,50375,21,50396,50396.0,0.0,50396,50396,0,0.0,0.0,0,0,64,32,39.68568934,19.84284467,0,0,0.0,0.0,0.0,0,0,1,0.0,0,58,237,0,32,0.0,0,0,0.0,0,0,Normal Traffic
80,5922906,10,291,291,0,29.1,92.02227991,2920,0,1713.8,1235.840686,1495.887323,2.532540614,423064.7143,1270715.061,4813314,3,5922906,658100.6667,1565223.453,4813314,3,951981,237995.25,161329.2878,479970,155017,272,112,1.68836041,0.844180205,0,2920,553.75,1031.930779,1064881.133,0,1,0,590.6666667,291,8192,237,1,20,0.0,0,0,0.0,0,0,Normal Traffic
445,11067175,24,7630,2829,0,317.9166667,658.2025535,260,0,122.5,95.07365566,910.801537,3.975720995,257376.1628,1647986.128,10800000,1,11100000,481181.5217,2252162.483,10800000,1,11100000,582474.5789,2524921.141,11000000,3,496,416,2.168575088,1.807145907,0,2829,224.0,490.9164435,240998.9545,0,1,0,229.0909091,7630,8192,63417,22,20,256068.0,256068,256068,10800000.0,10800000,10800000,Normal Traffic
37305,45970,2,0,0,0,0.0,0.0,0,0,0.0,0.0,0.0,65.25995214,22985.0,32433.57384,45919,51,45970,45970.0,0.0,45970,45970,0,0.0,0.0,0,0,64,32,43.50663476,21.75331738,0,0,0.0,0.0,0.0,0,0,1,0.0,0,37,349,0,32,0.0,0,0,0.0,0,0,Normal Traffic
53,302,2,78,39,39,39.0,0.0,178,178,178.0,0.0,1437086.093,13245.03311,100.6666667,172.6277305,300,1,1,1.0,0.0,1,1,1,1.0,0.0,1,1,64,64,6622.516556,6622.516556,39,178,94.6,76.13343549,5796.3,0,0,0,118.25,78,-1,-1,1,32,0.0,0,0,0.0,0,0,Normal Traffic
80,36756,1,0,0,0,0.0,0.0,0,0,0.0,0.0,0.0,54.41288497,36756.0,0.0,36756,36756,0,0.0,0.0,0,0,0,0.0,0.0,0,0,32,32,27.20644249,27.20644249,0,0,0.0,0.0,0.0,0,0,1,0.0,0,284,972,0,32,0.0,0,0,0.0,0,0,Normal Traffic
443,64345664,23,3148,595,0,136.8695652,226.2495212,1460,2,510.65,567.7891821,207.644139,0.668265697,1532039.619,3524507.142,10000000,25,64300000,2924802.909,4497539.69,10100000,1219,64300000,3383929.842,4698461.671,10100000,49,472,404,0.357444443,0.310821254,0,1460,303.6590909,453.4212551,205590.8346,0,1,0,310.7209302,3148,8192,35700,22,20,710659.8333,4009997,50569,9995849.667,10000000,9975687,Normal Traffic
53,46760,1,51,51,51,51.0,0.0,99,99,99.0,0.0,3207.869974,42.77159966,46760.0,0.0,46760,46760,0,0.0,0.0,0,0,0,0.0,0.0,0,0,20,20,21.38579983,21.38579983,51,99,67.0,27.71281292,768.0,0,0,0,100.5,51,-1,-1,0,20,0.0,0,0,0.0,0,0,Normal Traffic
53,30761,2,94,47,47,47.0,0.0,110,110,110.0,0.0,10207.73057,130.0347843,10253.66667,17756.40756,30757,1,1,1.0,0.0,1,1,3,3.0,0.0,3,3,64,64,65.01739215,65.01739215,47,110,72.2,34.50652112,1190.7,0,0,0,90.25,94,-1,-1,1,32,0.0,0,0,0.0,0,0,Normal Traffic
53,178,2,68,34,34,34.0,0.0,79,79,79.0,0.0,1269662.921,22471.91011,59.33333333,96.70746266,171,3,3,3.0,0.0,3,3,4,4.0,0.0,4,4,64,64,11235.95506,11235.95506,34,79,52.0,24.64751509,607.5,0,0,0,65.0,68,-1,-1,1,32,0.0,0,0,0.0,0,0,Normal Traffic
80,67126,3,433,427,0,144.3333333,244.8148961,2266,2,570.0,1130.668239,40416.53011,104.2815005,11187.66667,16644.96201,32692,11,33473,16736.5,22611.15354,32725,748,34476,11492.0,19078.25534,33515,11,72,84,44.69207163,59.58942884,0,2266,339.125,792.5682373,628164.4107,0,1,0,387.5714286,433,8192,30016,2,20,0.0,0,0,0.0,0,0,Normal Traffic
443,138,2,0,0,0,0.0,0.0,0,0,0.0,0.0,0.0,14492.75362,138.0,0.0,138,138,138,138.0,0.0,138,138,0,0.0,0.0,0,0,64,0,14492.75362,0.0,0,0,0.0,0.0,0.0,0,0,1,0.0,0,260,-1,0,32,0.0,0,0,0.0,0,0,Normal Traffic
50538,77,1,6,6,6,6.0,0.0,6,6,6.0,0.0,155844.1558,25974.02597,77.0,0.0,77,77,0,0.0,0.0,0,0,0,0.0,0.0,0,0,20,20,12987.01299,12987.01299,6,6,6.0,0.0,0.0,0,0,1,9.0,6,115,256,0,20,0.0,0,0,0.0,0,0,Normal Traffic
53,266,2,70,35,35,35.0,0.0,83,83,83.0,0.0,887218.045112782,15037.5939849624,88.6666666667,148.3790191817,260,3,3,3.0,0.0,3,3,3,3.0,0.0,3,3,64,64,7518.7969924812,7518.7969924812,35,83,54.2,26.2906827602,691.2,0,0,0,67.75,70,-1,-1,1,32,0.0,0,0,0.0,0,0,Normal Traffic
53,180,2,80,40,40,40.0,0.0,97,97,97.0,0.0,1522222.222,22222.22222,60.0,62.23343153,127,4,4,4.0,0.0,4,4,49,49.0,0.0,49,49,40,40,11111.11111,11111.11111,40,97,62.8,31.22018578,974.7,0,0,0,78.5,80,-1,-1,1,20,0.0,0,0,0.0,0,0,Normal Traffic
443,10111465,9,3390,1583,0,376.6666667,653.3967019,1689,2,532.7272727,702.7025104,914.8031467,1.97795275,532182.3684,2292610.655,9999353,1,112109,14013.625,16705.57828,35548,18,10100000,1007911.7,3159318.683,9999381,1,192,224,0.890078737,1.087874012,0,1689,440.4761905,658.6958038,433880.1619,0,1,0,462.5,3390,8192,35040,8,20,112109.0,112109,112109,9999353.0,9999353,9999353,Normal Traffic
53,31093,2,56,28,28,28.0,0.0,109,109,109.0,0.0,8812.272859,128.6463191,10364.33333,17908.26416,31043,3,3,3.0,0.0,3,3,47,47.0,0.0,47,47,64,64,64.32315955,64.32315955,28,109,60.4,44.36552716,1968.3,0,0,0,75.5,56,-1,-1,1,32,0.0,0,0,0.0,0,0,Normal Traffic
80,9920671,5,1046,592,0,209.2,290.5842391,851,0,277.1666667,429.561831,273.0662069,1.108795968,992067.1,3031408.69,9618915,108,301756,75439.0,53763.85921,127810,191,9835482,1967096.4,4301216.068,9660967,793,112,128,0.503998167,0.6047978,0,851,225.75,347.5326342,120778.9318,0,1,0,246.2727273,1046,8192,24406,2,20,301756.0,301756,301756,9618915.0,9618915,9618915,Normal Traffic
5902,89,1,2,2,2,2.0,0.0,6,6,6.0,0.0,89887.64045,22471.91011,89.0,0.0,89,89,0,0.0,0.0,0,0,0,0.0,0.0,0,0,24,20,11235.95506,11235.95506,2,6,3.333333333,2.309401077,5.333333333,0,1,0,5.0,2,1024,0,0,24,0.0,0,0,0.0,0,0,Port Scanning
8080,1006904,3,0,0,0,0.0,0.0,6,6,6.0,0.0,17.87658009,5.95886003,201380.8,275083.1491,505843,383,1006268,503134.0,4372.748335,506226,500042,1006521,503260.5,4311.230045,506309,500212,92,60,2.979430015,2.979430015,0,6,2.571428571,3.207134903,10.28571429,0,1,0,3.0,0,8192,0,0,28,0.0,0,0,0.0,0,0,Bots
53,48578,2,62,31,31,31.0,0.0,80,80,80.0,0.0,4569.969945,82.34180082,16192.66667,28043.05729,48574,1,1,1.0,0.0,1,1,3,3.0,0.0,3,3,64,64,41.17090041,41.17090041,31,80,50.6,26.83840532,720.3,0,0,0,63.25,62,-1,-1,1,32,0.0,0,0,0.0,0,0,Normal Traffic
443,360440,19,830,227,0,43.68421053,75.21750139,2920,0,1220.411765,1006.166801,59862.94529,99.87792698,10298.28571,27073.43734,149713,3,360440,20024.44444,35750.59182,149713,3,337407,21087.9375,46151.38801,173039,48,392,352,52.71335035,47.16457663,0,2920,583.1621622,898.6569458,807584.3063,0,1,0,599.3611111,830,8192,127,7,20,0.0,0,0,0.0,0,0,Normal Traffic
443,5363904,9,376,195,0,41.77777778,70.08704905,1521,0,704.4285714,732.6058188,989.391309,2.982902006,357593.6,1300258.099,5054145,3,5363904,670488.0,1772837.874,5054145,3,286536,47756.0,87569.71421,223876,50,204,152,1.677882378,1.305019627,0,1521,312.1764706,564.1415198,318255.6544,0,1,0,331.6875,376,8192,946,7,20,309756.0,309756,309756,5054145.0,5054145,5054145,Normal Traffic
443,1232933,17,1004,427,0,59.05882353,113.2499838,2048,0,504.8,706.6889619,4908.620339,21.89900019,47420.5,203246.4618,1041971,1,1232933,77058.3125,258307.556,1041971,1,1215292,135032.4444,362372.3131,1100483,2,552,328,13.78825938,8.110740811,0,2048,216.1428571,471.3778632,222197.0899,0,1,0,224.1481481,1004,29200,126,7,32,0.0,0,0,0.0,0,0,Normal Traffic
80,1796991,3,431,425,0,143.6666667,243.6602826,2265,2,569.75,1130.16824,1508.076557,3.8954007,299498.5,704493.3377,1737248,4,1766458,883229.0,1207765.252,1737248,29210,1767787,589262.3333,1019671.161,1766677,4,72,84,1.669457443,2.225943257,0,2265,338.75,792.1895065,627564.2143,0,1,0,387.1428571,431,8192,30016,2,20,0.0,0,0,0.0,0,0,Normal Traffic
53,47382,2,84,42,42,42.0,0.0,155,155,155.0,0.0,8315.3940314888,84.4202439745,15794.0,27349.9482814867,47375,3,4,4.0,0.0,4,4,3,3.0,0.0,3,3,40,40,42.2101219873,42.2101219873,42,155,87.2,61.8926489981,3830.7,0,0,0,109.0,84,-1,-1,1,20,0.0,0,0,0.0,0,0,Normal Traffic
53,31509,2,90,45,45,45.0,0.0,99,99,99.0,0.0,9140.2456441017,126.9478561681,10503.0,18187.3995117499,31504,2,2,2.0,0.0,2,2,3,3.0,0.0,3,3,40,40,63.473928084,63.473928084,45,99,66.6,29.5770181053,874.8,0,0,0,83.25,90,-1,-1,1,20,0.0,0,0,0.0,0,0,Normal Traffic
443,117030314,78,1954,219,0,25.0512820513,45.7210336761,4380,0,1555.0272727273,882.0993667537,1478.3092866007,1.6064213927,625830.556149733,6002602.46828585,58411430,1,117030314,1519874.20779221,9316947.59895998,58411604,49,116812345,1071672.88990826,7850012.18629814,58434511,1,1584,2212,0.6664939821,0.9399274106,0,4380,915.380952381,1012.2849195551,1024720.75835866,0,1,0,920.25,1954,8192,292,76,20,204338.0,244736,163940,58201714.0,58411430,57991998,Normal Traffic
43491,67,1,6,6,6,6.0,0.0,6,6,6.0,0.0,179104.47761194,29850.7462686567,67.0,0.0,67,67,0,0.0,0.0,0,0,0,0.0,0.0,0,0,20,20,14925.3731343284,14925.3731343284,6,6,6.0,0.0,0.0,0,0,1,9.0,6,29,229,0,20,0.0,0,0,0.0,0,0,Normal Traffic
53,200,2,104,52,52,52.0,0.0,110,110,110.0,0.0,1620000.0,20000.0,66.6666666667,74.0967835559,148,3,3,3.0,0.0,3,3,49,49.0,0.0,49,49,64,64,10000.0,10000.0,52,110,75.2,31.7679083353,1009.2,0,0,0,94.0,104,-1,-1,1,32,0.0,0,0,0.0,0,0,Normal Traffic
53,244,2,70,35,35,35.0,0.0,83,83,83.0,0.0,967213.1148,16393.44262,81.33333333,136.5442541,239,2,2,2.0,0.0,2,2,3,3.0,0.0,3,3,64,64,8196.721311,8196.721311,35,83,54.2,26.29068276,691.2,0,0,0,67.75,70,-1,-1,1,32,0.0,0,0,0.0,0,0,Normal Traffic
53994,68,1,0,0,0,0.0,0.0,0,0,0.0,0.0,0.0,29411.7647058824,68.0,0.0,68,68,0,0.0,0.0,0,0,0,0.0,0.0,0,0,32,32,14705.8823529412,14705.8823529412,0,0,0.0,0.0,0.0,0,0,1,0.0,0,179,32832,0,32,0.0,0,0,0.0,0,0,Normal Traffic
53,60433,1,44,44,44,44.0,0.0,172,172,172.0,0.0,3574.2061456489,33.0945013486,60433.0,0.0,60433,60433,0,0.0,0.0,0,0,0,0.0,0.0,0,0,20,20,16.5472506743,16.5472506743,44,172,86.6666666667,73.9008344563,5461.3333333333,0,0,0,130.0,44,-1,-1,0,20,0.0,0,0,0.0,0,0,Normal Traffic
60831,101741,2,0,0,0,0.0,0.0,6,6,6.0,0.0,176.9198258323,49.1443960645,25435.25,50362.434329402,100977,0,101741,101741.0,0.0,101741,101741,4,2.0,2.8284271247,4,0,64,60,19.6577584258,29.4866376387,0,6,3.0,3.286335345,10.8,0,0,1,3.6,0,144,0,0,32,0.0,0,0,0.0,0,0,Normal Traffic
55412,79,1,6,6,6,6.0,0.0,6,6,6.0,0.0,151898.7342,25316.4557,79.0,0.0,79,79,0,0.0,0.0,0,0,0,0.0,0.0,0,0,20,20,12658.22785,12658.22785,6,6,6.0,0.0,0.0,0,0,1,9.0,6,946,256,0,20,0.0,0,0,0.0,0,0,Normal Traffic
443,4898887,5,123,46,0,24.6,23.27659769,46,46,46.0,0.0,34.49763181,1.224767993,979777.4,2061535.408,4664688,163,4898887,1224721.75,2295952.922,4664688,163,0,0.0,0.0,0,0,100,20,1.020639994,0.204127999,0,46,30.71428571,21.68497395,470.2380952,0,0,1,35.83333333,123,16333,360,2,20,0.0,0,0,0.0,0,0,Normal Traffic
37994,59,1,0,0,0,0.0,0.0,0,0,0.0,0.0,0.0,33898.3050847458,59.0,0.0,59,59,0,0.0,0.0,0,0,0,0.0,0.0,0,0,32,32,16949.1525423729,16949.1525423729,0,0,0.0,0.0,0.0,0,0,1,0.0,0,374,287,0,32,0.0,0,0,0.0,0,0,Normal Traffic
53,238,2,74,37,37,37.0,0.0,177,177,177.0,0.0,1798319.32773109,16806.7226890756,79.3333333333,133.08769039,233,1,1,1.0,0.0,1,1,4,4.0,0.0,4,4,40,64,8403.3613445378,8403.3613445378,37,177,93.0,76.6811580507,5880.0,0,0,0,116.25,74,-1,-1,1,20,0.0,0,0,0.0,0,0,Normal Traffic
80,5334860,3,12,6,0,4.0,3.4641016151,0,0,0.0,0.0,2.2493561218,0.7497853739,1778286.66666667,3050982.62258315,5301205,101,5334860,2667430.0,3724720.3252392,5301205,33655,0,0.0,0.0,0,0,72,28,0.5623390305,0.1874463435,0,6,2.4,3.286335345,10.8,0,1,0,3.0,12,8192,4380,2,20,0.0,0,0,0.0,0,0,Normal Traffic
80,918312,3,26,20,0,8.666666667,10.26320288,4380,0,1658.142857,1762.272815,12667.80789,10.88954517,102034.6667,305611.6814,916999,2,867,433.5,395.2726907,713,154,918232,153038.6667,374262.7535,916999,2,72,152,3.26686355,7.622681616,0,4380,1057.545455,1599.303183,2557770.673,0,1,0,1163.3,26,8192,229,2,20,0.0,0,0,0.0,0,0,DDoS
10010,74,2,4,2,2,2.0,0.0,6,6,6.0,0.0,216216.2162,54054.05405,24.66666667,2.309401077,26,22,48,48.0,0.0,48,48,48,48.0,0.0,48,48,48,40,27027.02703,27027.02703,2,6,3.6,2.19089023,4.8,0,1,0,4.5,4,1024,0,1,24,0.0,0,0,0.0,0,0,Normal Traffic
53,23502,1,51,51,51,51.0,0.0,67,67,67.0,0.0,5020.849289,85.0991405,23502.0,0.0,23502,23502,0,0.0,0.0,0,0,0,0.0,0.0,0,0,20,32,42.54957025,42.54957025,51,67,56.33333333,9.237604307,85.33333333,0,0,0,84.5,51,-1,-1,0,20,0.0,0,0,0.0,0,0,Normal Traffic
53,61099,1,48,48,48,48.0,0.0,176,176,176.0,0.0,3666.181116,32.73375996,61099.0,0.0,61099,61099,0,0.0,0.0,0,0,0,0.0,0.0,0,0,20,20,16.36687998,16.36687998,48,176,90.66666667,73.90083446,5461.333333,0,0,0,136.0,48,-1,-1,0,20,0.0,0,0,0.0,0,0,Normal Traffic
80,103272,1,0,0,0,0.0,0.0,0,0,0.0,0.0,0.0,19.36633357,103272.0,0.0,103272,103272,0,0.0,0.0,0,0,0,0.0,0.0,0,0,32,32,9.683166783,9.683166783,0,0,0.0,0.0,0.0,0,0,1,0.0,0,4509,156,0,32,0.0,0,0,0.0,0,0,Normal Traffic
60598,44,1,0,0,0,0.0,0.0,0,0,0.0,0.0,0.0,45454.54545,44.0,0.0,44,44,0,0.0,0.0,0,0,0,0.0,0.0,0,0,32,32,22727.27273,22727.27273,0,0,0.0,0.0,0.0,0,0,1,0.0,0,434,339,0,32,0.0,0,0,0.0,0,0,Normal Traffic
53,48554,2,78,39,39,39.0,0.0,69,69,69.0,0.0,4448.655106,82.38250196,16184.66667,28026.6028,48547,3,4,4.0,0.0,4,4,3,3.0,0.0,3,3,64,40,41.19125098,41.19125098,39,69,51.0,16.43167673,270.0,0,0,0,63.75,78,-1,-1,1,32,0.0,0,0,0.0,0,0,Normal Traffic
80,450588,3,26,20,0,8.666666667,10.26320288,5840,0,1934.5,2538.919278,25817.37641,19.97390077,56323.5,158773.3259,449267,46,951,475.5,508.4097757,835,116,450509,90101.8,200779.8028,449267,46,72,132,6.657966923,13.31593385,0,5840,1163.3,2138.329153,4572451.567,0,1,0,1292.555556,26,8192,229,2,20,0.0,0,0,0.0,0,0,DDoS
53,500,1,96,96,96,96.0,0.0,174,174,174.0,0.0,540000.0,4000.0,500.0,0.0,500,500,0,0.0,0.0,0,0,0,0.0,0.0,0,0,32,32,2000.0,2000.0,96,174,122.0,45.0333209968,2028.0,0,0,0,183.0,96,-1,-1,0,32,0.0,0,0,0.0,0,0,Normal Traffic
80,3761918,5,30,6,6,6.0,0.0,0,0,0.0,0.0,7.974655482,1.329109247,940479.5,1876287.906,3754907,1,3761918,940479.5,1876287.906,3754907,1,0,0.0,0.0,0,0,100,0,1.329109247,0.0,6,6,6.0,0.0,0.0,0,0,1,7.2,30,256,-1,4,20,0.0,0,0,0.0,0,0,DDoS
53,87972961,3,156,58,47,52.0,5.567764363,179,79,134.3333333,50.84617324,6.354225135,0.068202774,17600000.0,24400000.0,49800000,404,87900000,44000000.0,8285347.639,49800000,38100000,88000000,44000000.0,8371521.328,49900000,38100000,96,84,0.034101387,0.034101387,47,179,88.14285714,52.37820339,2743.47619,0,0,0,102.8333333,156,-1,-1,2,32,38437.0,76470,404,43900000.0,49800000,38000000,Normal Traffic
53,31278,2,68,34,34,34.0,0.0,345,345,345.0,0.0,24234.2860796726,127.8854146685,10426.0,17992.581832522,31202,1,75,75.0,0.0,75,75,1,1.0,0.0,1,1,40,40,63.9427073342,63.9427073342,34,345,158.4,170.3417153841,29016.3,0,0,0,198.0,68,-1,-1,1,20,0.0,0,0,0.0,0,0,Normal Traffic
80,1769451,3,26,20,0,8.666666667,10.26320288,4380,0,1657.285714,1561.969346,6570.964666,5.651470428,196605.6667,581665.5619,1747603,14,21348,10674.0,14901.56831,21211,137,1769367,294894.5,711729.4746,1747603,14,72,152,1.695441128,3.956029299,0,4380,1057.0,1468.855269,2157535.8,0,1,0,1162.7,26,8192,229,2,20,0.0,0,0,0.0,0,0,DDoS
443,137860,11,1879,1460,0,170.8181818182,431.2460592705,1061,2,242.6,461.1310009097,22428.5507036124,116.059770782,9190.6666666667,14925.0888615046,33292,3,137860,13786.0,17163.2114063126,35289,3,102708,25677.0,15649.1759740463,33745,2207,244,104,79.7910924126,36.2686783694,0,1460,181.8823529412,415.5688694959,172697.485294118,0,1,0,193.25,1879,65535,35040,10,20,0.0,0,0,0.0,0,0,Normal Traffic
80,1580978,5,30,6,6,6.0,0.0,0,0,0.0,0.0,18.97559612,3.162599353,395244.5,787160.1729,1575982,4,1580978,395244.5,787160.1729,1575982,4,0,0.0,0.0,0,0,100,0,3.162599353,0.0,6,6,6.0,0.0,0.0,0,0,1,7.2,30,256,-1,4,20,0.0,0,0,0.0,0,0,DDoS
6345,995,6,409,274,6,68.1666666667,102.4625134704,6,6,6.0,0.0,417085.427135678,7035.175879397,165.8333333333,359.8451981987,898,1,995,199.0,433.2833945583,974,1,0,0.0,0.0,0,0,120,20,6030.1507537689,1005.0251256281,6,274,86.125,117.1963401428,13734.9821428571,0,0,1,98.4285714286,409,62,0,5,20,0.0,0,0,0.0,0,0,Normal Traffic
53,199,2,46,23,23,23.0,0.0,23,23,23.0,0.0,462311.557788945,20100.5025125628,66.3333333333,30.8922859843,102,48,49,49.0,0.0,49,49,48,48.0,0.0,48,48,40,40,10050.2512562814,10050.2512562814,23,23,23.0,0.0,0.0,0,0,0,28.75,46,-1,-1,1,20,0.0,0,0,0.0,0,0,Normal Traffic
53218,1,2,0,0,0,0.0,0.0,0,0,0.0,0.0,0.0,2000000.0,1.0,0.0,1,1,1,1.0,0.0,1,1,0,0.0,0.0,0,0,40,0,2000000.0,0.0,0,0,0.0,0.0,0.0,1,0,0,0.0,0,0,-1,0,20,0.0,0,0,0.0,0,0,Normal Traffic
53,85827,1,49,49,49,49.0,0.0,105,105,105.0,0.0,1794.307153,23.3026903,85827.0,0.0,85827,85827,0,0.0,0.0,0,0,0,0.0,0.0,0,0,32,32,11.65134515,11.65134515,49,105,67.66666667,32.33161507,1045.333333,0,0,0,101.5,49,-1,-1,0,32,0.0,0,0,0.0,0,0,Normal Traffic
43760,52,1,0,0,0,0.0,0.0,0,0,0.0,0.0,0.0,38461.53846,52.0,0.0,52,52,0,0.0,0.0,0,0,0,0.0,0.0,0,0,32,32,19230.76923,19230.76923,0,0,0.0,0.0,0.0,0,0,1,0.0,0,115,229,0,32,0.0,0,0,0.0,0,0,Normal Traffic
443,269,2,75,69,6,37.5,44.5477272148,0,0,0.0,0.0,278810.408921933,7434.9442379182,269.0,0.0,269,269,269,269.0,0.0,269,269,0,0.0,0.0,0,0,40,0,7434.9442379182,0.0,6,69,48.0,36.3730669589,1323.0,0,0,1,72.0,75,327,-1,1,20,0.0,0,0,0.0,0,0,Normal Traffic
55954,48,2,12,6,6,6.0,0.0,0,0,0.0,0.0,250000.0,41666.66667,48.0,0.0,48,48,48,48.0,0.0,48,48,0,0.0,0.0,0,0,40,0,41666.66667,0.0,6,6,6.0,0.0,0.0,0,0,1,9.0,12,37,-1,1,20,0.0,0,0,0.0,0,0,Normal Traffic
80,7152900,4,24,6,6,6.0,0.0,0,0,0.0,0.0,3.355282473,0.559213745,2384300.0,4129724.41,7152895,1,7152900,2384300.0,4129724.41,7152895,1,0,0.0,0.0,0,0,80,0,0.559213745,0.0,6,6,6.0,0.0,0.0,0,0,1,7.5,24,256,-1,3,20,5.0,5,5,7152895.0,7152895,7152895,DDoS
53,1563693,2,97,50,47,48.5,2.121320344,138,108,123.0,21.21320344,219.35252,2.55804688,521231.0,823887.3551,1472422,30900,1532793,1532793.0,0.0,1532793,1532793,1503322,1503322.0,0.0,1503322,1503322,40,64,1.27902344,1.27902344,47,138,78.6,41.91419807,1756.8,0,0,0,98.25,97,-1,-1,1,20,0.0,0,0,0.0,0,0,Normal Traffic
53,505,1,51,51,51,51.0,0.0,113,113,113.0,0.0,324752.4752,3960.39604,505.0,0.0,505,505,0,0.0,0.0,0,0,0,0.0,0.0,0,0,32,32,1980.19802,1980.19802,51,113,71.66666667,35.79571669,1281.333333,0,0,0,107.5,51,-1,-1,0,32,0.0,0,0,0.0,0,0,Normal Traffic
53,208,2,46,23,23,23.0,0.0,23,23,23.0,0.0,442307.6923,19230.76923,69.33333333,118.3568052,206,1,1,1.0,0.0,1,1,1,1.0,0.0,1,1,64,64,9615.384615,9615.384615,23,23,23.0,0.0,0.0,0,0,0,28.75,46,-1,-1,1,32,0.0,0,0,0.0,0,0,Normal Traffic
123,66058041,2,96,48,48,48.0,0.0,48,48,48.0,0.0,2.906534876,0.06055281,22000000.0,38000000.0,65900000,58245,66000000,66000000.0,0.0,66000000,66000000,66000000,66000000.0,0.0,66000000,66000000,40,40,0.030276405,0.030276405,48,48,48.0,0.0,0.0,0,0,0,60.0,96,-1,-1,1,20,58245.0,58245,58245,65900000.0,65900000,65900000,Normal Traffic
50314,8405,3,18,6,6,6.0,0.0,0,0,0.0,0.0,2141.582391,356.9303986,4202.5,5938.989855,8402,3,8405,4202.5,5938.989855,8402,3,0,0.0,0.0,0,0,60,0,356.9303986,0.0,6,6,6.0,0.0,0.0,0,0,1,8.0,18,351,-1,2,20,0.0,0,0,0.0,0,0,Normal Traffic
50948,3,2,0,0,0,0.0,0.0,0,0,0.0,0.0,0.0,666666.6667,3.0,0.0,3,3,3,3.0,0.0,3,3,0,0.0,0.0,0,0,40,0,666666.6667,0.0,0,0,0.0,0.0,0.0,0,0,1,0.0,0,360,-1,0,20,0.0,0,0,0.0,0,0,Normal Traffic
80,22732,1,0,0,0,0.0,0.0,0,0,0.0,0.0,0.0,87.98169981,22732.0,0.0,22732,22732,0,0.0,0.0,0,0,0,0.0,0.0,0,0,32,32,43.9908499,43.9908499,0,0,0.0,0.0,0.0,0,0,1,0.0,0,373,675,0,32,0.0,0,0,0.0,0,0,Normal Traffic
443,113993125,75,34727,1060,0,463.0266667,454.389908,1460,0,209.2982456,300.8338985,409.2966133,1.15796457,870176.5267,2269655.412,10100000,34,114000000,1539765.432,2859796.903,10100000,12955,114000000,2034762.964,3220409.593,10100000,48,1572,1212,0.657934415,0.500030155,0,1460,350.8045113,413.3732347,170877.4312,0,1,0,353.4621212,34727,8192,403,45,20,3918984.222,17200000,47803,8741309.333,10100000,5169095,Normal Traffic
443,118488957,18,1405,474,0,78.05555556,123.8905932,1430,0,248.6,457.3094541,53.81936141,0.320704992,3202404.243,13500000.0,58900000,1,118000000,6969938.647,19600000.0,58900000,133,118000000,6231348.316,18600000.0,59000000,1,372,412,0.151912891,0.168792101,0,1430,163.5128205,345.5515707,119405.888,0,1,0,167.8157895,1405,8192,368,17,20,301575.0,515555,87595,58900000.0,58900000,58900000,Normal Traffic
53,251132,4,136,34,34,34.0,0.0,103,103,103.0,0.0,1361.833617,23.89181785,50226.4,94999.27055,218256,3,32828,10942.66667,18947.19247,32821,3,48,48.0,0.0,48,48,80,40,15.92787857,7.963939283,34,103,53.71428571,33.66855252,1133.571429,0,0,0,62.66666667,136,-1,-1,3,20,0.0,0,0,0.0,0,0,Normal Traffic
443,94993,1,0,0,0,0.0,0.0,0,0,0.0,0.0,0.0,21.0541829398,94993.0,0.0,94993,94993,0,0.0,0.0,0,0,0,0.0,0.0,0,0,32,32,10.5270914699,10.5270914699,0,0,0.0,0.0,0.0,0,0,1,0.0,0,304,252,0,32,0.0,0,0,0.0,0,0,Normal Traffic
53,222,2,78,39,39,39.0,0.0,141,141,141.0,0.0,1621621.622,18018.01802,74.0,126.439709,220,1,1,1.0,0.0,1,1,1,1.0,0.0,1,1,64,80,9009.009009,9009.009009,39,141,79.8,55.86770087,3121.2,0,0,0,99.75,78,-1,-1,1,32,0.0,0,0,0.0,0,0,Normal Traffic
53,54697,2,98,49,49,49.0,0.0,126,126,126.0,0.0,6398.888422,73.13015339,18232.33333,31573.2655,54690,3,4,4.0,0.0,4,4,3,3.0,0.0,3,3,40,40,36.5650767,36.5650767,49,126,79.8,42.17463693,1778.7,0,0,0,99.75,98,-1,-1,1,20,0.0,0,0,0.0,0,0,Normal Traffic
53,303,2,134,67,67,67.0,0.0,195,195,195.0,0.0,1729372.937,13201.32013,101.0,168.8756939,296,3,3,3.0,0.0,3,3,4,4.0,0.0,4,4,40,40,6600.660066,6600.660066,67,195,118.2,70.10848736,4915.2,0,0,0,147.75,134,-1,-1,1,20,0.0,0,0,0.0,0,0,Normal Traffic
53,223,2,84,42,42,42.0,0.0,102,102,102.0,0.0,1291479.821,17937.21973,74.33333333,87.52333022,172,3,48,48.0,0.0,48,48,3,3.0,0.0,3,3,64,64,8968.609865,8968.609865,42,102,66.0,32.86335345,1080.0,0,0,0,82.5,84,-1,-1,1,32,0.0,0,0,0.0,0,0,Normal Traffic
49413,4,2,0,0,0,0.0,0.0,0,0,0.0,0.0,0.0,500000.0,4.0,0.0,4,4,4,4.0,0.0,4,4,0,0.0,0.0,0,0,64,0,500000.0,0.0,0,0,0.0,0.0,0.0,0,0,1,0.0,0,4703,-1,0,32,0.0,0,0,0.0,0,0,Normal Traffic
35052,4,2,0,0,0,0.0,0.0,0,0,0.0,0.0,0.0,500000.0,4.0,0.0,4,4,4,4.0,0.0,4,4,0,0.0,0.0,0,0,64,0,500000.0,0.0,0,0,0.0,0.0,0.0,0,0,1,0.0,0,370,-1,0,32,0.0,0,0,0.0,0,0,Normal Traffic
53,49495,2,66,33,33,33.0,0.0,61,61,61.0,0.0,3798.3634710577,80.8162440651,16498.3333333333,28530.9275231867,49443,3,3,3.0,0.0,3,3,49,49.0,0.0,49,49,64,40,40.4081220325,40.4081220325,33,61,44.2,15.3362316101,235.2,0,0,0,55.25,66,-1,-1,1,32,0.0,0,0,0.0,0,0,Normal Traffic
443,2758848,11,1244,603,0,113.0909091,223.4168546,216,0,73.5,79.20678182,664.0452827,6.886932517,153269.3333,436634.2328,1762378,4,2758848,275884.8,581380.6154,1801687,147,2708347,386906.7143,677455.7936,1763134,4,360,264,3.987171457,2.89976106,0,603,91.6,171.5500234,29429.41053,0,1,0,96.42105263,1244,29200,57,4,32,0.0,0,0,0.0,0,0,Normal Traffic
443,5063721,9,752,517,0,83.55555556,173.3451118,1448,0,466.0,636.7533723,884.7248891,3.357214981,316482.5625,1231795.393,4935448,4,5063721,632965.125,1738618.366,4935448,4,63188,9026.857143,13981.86686,30829,48,296,264,1.777349108,1.579865873,0,1448,248.8888889,470.521099,221390.1046,0,1,0,263.5294118,752,29200,12579,3,32,0.0,0,0,0.0,0,0,Normal Traffic
443,223754,13,1225,741,0,94.23076923,208.9242901,2836,0,642.2857143,1043.277961,25568.258,89.38387694,11776.52632,17377.48714,51439,1,223754,18646.16667,18969.23229,51525,1,176586,29431.0,34622.87043,78192,4,428,232,58.09952001,31.28435693,0,2836,272.4285714,651.8800174,424947.5571,0,1,0,286.05,1225,65535,352,6,32,0.0,0,0,0.0,0,0,Normal Traffic
53,30764,1,42,42,42,42.0,0.0,127,127,127.0,0.0,5493.433884,65.01105188,30764.0,0.0,30764,30764,0,0.0,0.0,0,0,0,0.0,0.0,0,0,32,20,32.50552594,32.50552594,42,127,70.33333333,49.07477288,2408.333333,0,0,0,105.5,42,-1,-1,0,32,0.0,0,0,0.0,0,0,Normal Traffic
443,173278,13,934,303,0,71.84615385,96.02937585,1410,0,413.3,561.735614,29242.02726,132.7346807,7876.272727,11330.8454,33939,3,173278,14439.83333,12127.35343,33939,3,148000,16444.44444,24617.90399,56413,12,272,212,75.02394995,57.71073073,0,1410,211.125,398.6981328,158960.2011,0,1,0,220.3043478,934,8192,123,12,20,0.0,0,0,0.0,0,0,Normal Traffic
53,219,2,130,65,65,65.0,0.0,193,193,193.0,0.0,2356164.384,18264.84018,73.0,84.59314393,167,3,3,3.0,0.0,3,3,49,49.0,0.0,49,49,64,64,9132.420091,9132.420091,65,193,116.2,70.10848736,4915.2,0,0,0,145.25,130,-1,-1,1,32,0.0,0,0,0.0,0,0,Normal Traffic
80,69965,3,433,427,0,144.3333333,244.8148961,2267,2,570.25,1131.168238,38790.82398,100.050025,11660.83333,16417.63137,32813,5,36081,18040.5,20895.71249,32816,3265,37177,12392.33333,20543.48851,36106,5,72,84,42.87858215,57.17144286,0,2267,339.25,792.9155513,628715.0714,0,1,0,387.7142857,433,8192,30016,2,20,0.0,0,0,0.0,0,0,Normal Traffic
80,363090,4,26,20,0,6.5,9.433981132,10135,6,2901.75,4870.635987,32038.88843,22.03310474,51870.0,136780.6327,362059,4,727,242.3333333,302.0137966,587,24,362258,120752.6667,208977.4366,362059,4,104,80,11.01655237,11.01655237,0,10135,1292.555556,3350.634907,11200000.0,0,1,1,1454.125,26,29200,229,2,20,0.0,0,0,0.0,0,0,DDoS
43780,4,2,31,31,0,15.5,21.92031022,0,0,0.0,0.0,7750000.0,500000.0,4.0,0.0,4,4,4,4.0,0.0,4,4,0,0.0,0.0,0,0,64,0,500000.0,0.0,0,31,20.66666667,17.89785834,320.3333333,0,0,1,31.0,31,972,-1,0,32,0.0,0,0,0.0,0,0,Normal Traffic
80,105,2,12,6,6,6.0,0.0,0,0,0.0,0.0,114285.714285714,19047.619047619,105.0,0.0,105,105,105,105.0,0.0,105,105,0,0.0,0.0,0,0,40,0,19047.619047619,0.0,6,6,6.0,0.0,0.0,0,0,1,9.0,12,63832,-1,1,20,0.0,0,0,0.0,0,0,Normal Traffic
443,5294169,9,357,200,0,39.66666667,73.03766152,2636,0,1026.0,1098.081236,1230.2214,2.83330585,378154.9286,1355009.766,5085546,4,5294169,661771.125,1787679.3,5085546,4,124821,24964.2,33961.62363,66131,194,192,132,1.69998351,1.13332234,0,2636,407.0625,806.2508682,650040.4625,0,1,0,434.2,357,8192,237,3,20,208619.0,208619,208619,5085546.0,5085546,5085546,Normal Traffic
1061,46,1,0,0,0,0.0,0.0,6,6,6.0,0.0,130434.7826,43478.26087,46.0,0.0,46,46,0,0.0,0.0,0,0,0,0.0,0.0,0,0,40,20,21739.13043,21739.13043,0,6,2.0,3.464101615,12.0,0,1,0,3.0,0,29200,0,0,40,0.0,0,0,0.0,0,0,Port Scanning
53,230,2,76,38,38,38.0,0.0,133,133,133.0,0.0,1486956.522,17391.30435,76.66666667,89.75707957,177,4,49,49.0,0.0,49,49,4,4.0,0.0,4,4,40,40,8695.652174,8695.652174,38,133,76.0,52.03364296,2707.5,0,0,0,95.0,76,-1,-1,1,20,0.0,0,0,0.0,0,0,Normal Traffic
53,202,2,66,33,33,33.0,0.0,82,82,82.0,0.0,1138613.861,19801.9802,67.33333333,115.7598088,201,0,1,1.0,0.0,1,1,0,0.0,0.0,0,0,64,40,9900.990099,9900.990099,33,82,52.6,26.83840532,720.3,0,0,0,65.75,66,-1,-1,1,32,0.0,0,0,0.0,0,0,Normal Traffic
443,70271527,15,1397,437,0,93.13333333,164.5083006,1460,0,265.1111111,505.5534985,87.78804536,0.469606986,2195985.219,4158350.444,10000000,45,60700000,4335830.571,5101747.5,10000000,626,70200000,4132242.471,5025178.283,10000000,45,312,368,0.213457721,0.256149265,0,1460,181.4411765,389.2386657,151506.7389,0,1,0,186.9393939,1397,8192,5771,10,20,110045.1429,631344,23082,9928744.429,10000000,9546817,Normal Traffic
53,189787,1,47,47,47,47.0,0.0,97,97,97.0,0.0,758.7453303,10.53812959,189787.0,0.0,189787,189787,0,0.0,0.0,0,0,0,0.0,0.0,0,0,20,32,5.269064794,5.269064794,47,97,63.66666667,28.86751346,833.3333333,0,0,0,95.5,47,-1,-1,0,20,0.0,0,0,0.0,0,0,Normal Traffic
80,116492105,67,2732,385,0,40.7761194,103.2900918,4380,0,1767.240964,1057.001841,1282.601941,1.287640909,781826.2081,2648142.444,9999710,2,116000000,1765031.894,3778440.76,10000000,48,111000000,1354070.646,3431730.188,10000000,57,1352,1804,0.575146273,0.712494636,0,4380,989.4900662,1165.642237,1358721.825,0,1,0,996.0866667,2732,8192,1147,66,20,97165.09091,848977,21855,9996800.727,9999710,9988595,Normal Traffic
80,109410897,4,532,520,0,133.0,258.0620081,0,0,0.0,0.0,4.862404153,0.063979002,18200000.0,44700000.0,109000000,17,109000000,36500000.0,63200000.0,109000000,615,109000000,54700000.0,77400000.0,109000000,5237,136,104,0.03655943,0.027419572,0,520,66.5,183.2897784,33595.14286,0,1,0,76.0,532,29200,235,2,32,5254.0,5254,5254,109000000.0,109000000,109000000,DoS
53,175,2,46,23,23,23.0,0.0,23,23,23.0,0.0,525714.2857,22857.14286,58.33333333,100.1715196,174,0,0,0.0,0.0,0,0,1,1.0,0.0,1,1,64,64,11428.57143,11428.57143,23,23,23.0,0.0,0.0,0,0,0,28.75,46,-1,-1,1,32,0.0,0,0,0.0,0,0,Normal Traffic
53,100981,1,43,43,43,43.0,0.0,113,113,113.0,0.0,1544.84507,19.80570602,100981.0,0.0,100981,100981,0,0.0,0.0,0,0,0,0.0,0.0,0,0,32,32,9.902853012,9.902853012,43,113,66.33333333,40.41451884,1633.333333,0,0,0,99.5,43,-1,-1,0,32,0.0,0,0,0.0,0,0,Normal Traffic
80,15916419,6,360,336,0,60.0,135.233132035,312,0,81.0,154.0259718359,42.9744906816,0.6282820275,1768491.0,3612089.24613114,9949317,75,15916419,3183283.8,4534255.36972552,9949317,27260,10093431,3364477.0,5775013.36444748,10032800,640,132,88,0.3769692165,0.251312811,0,336,62.1818181818,129.5853527076,16792.3636363636,0,1,0,68.4,360,8192,16384,5,20,144170.0,144170,144170,9949317.0,9949317,9949317,Normal Traffic
123,97,2,96,48,48,48.0,0.0,48,48,48.0,0.0,1979381.443,41237.1134,32.33333333,27.15388247,49,1,47,47.0,0.0,47,47,1,1.0,0.0,1,1,80,80,20618.5567,20618.5567,48,48,48.0,0.0,0.0,0,0,0,60.0,96,-1,-1,1,40,0.0,0,0,0.0,0,0,Normal Traffic
53,60921,2,86,43,43,43.0,0.0,103,103,103.0,0.0,4793.0926938166,65.6588040249,20307.0,35166.6935750292,60914,3,3,3.0,0.0,3,3,4,4.0,0.0,4,4,88,88,32.8294020124,32.8294020124,43,103,67.0,32.8633534503,1080.0,0,0,0,83.75,86,-1,-1,1,44,0.0,0,0,0.0,0,0,Normal Traffic
443,5298871,8,378,197,0,47.25,73.61046121,1460,0,712.8333333,707.5157713,878.4890215,2.642072245,407605.4615,1374735.971,4979787,48,5298871,756981.5714,1863658.157,4979787,49,97055,19411.0,25676.52631,54015,48,172,132,1.509755569,1.132316677,0,1460,310.3333333,545.2960751,297347.8095,0,1,0,332.5,378,8192,119,7,20,0.0,0,0,0.0,0,0,Normal Traffic
53,31190,2,78,39,39,39.0,0.0,137,137,137.0,0.0,11285.66848,128.2462328,10396.66667,17922.68441,31092,49,49,49.0,0.0,49,49,49,49.0,0.0,49,49,40,48,64.12311638,64.12311638,39,137,78.2,53.67681064,2881.2,0,0,0,97.75,78,-1,-1,1,20,0.0,0,0,0.0,0,0,Normal Traffic
6004,39,1,0,0,0,0.0,0.0,6,6,6.0,0.0,153846.1538,51282.05128,39.0,0.0,39,39,0,0.0,0.0,0,0,0,0.0,0.0,0,0,40,20,25641.02564,25641.02564,0,6,2.0,3.464101615,12.0,0,1,0,3.0,0,29200,0,0,40,0.0,0,0,0.0,0,0,Port Scanning
80,23285,1,0,0,0,0.0,0.0,0,0,0.0,0.0,0.0,85.8922052824,23285.0,0.0,23285,23285,0,0.0,0.0,0,0,0,0.0,0.0,0,0,32,32,42.9461026412,42.9461026412,0,0,0.0,0.0,0.0,0,0,1,0.0,0,382,1073,0,32,0.0,0,0,0.0,0,0,Normal Traffic
53,215,2,62,31,31,31.0,0.0,47,47,47.0,0.0,725581.395348837,18604.6511627907,71.6666666667,103.7368465558,191,3,191,191.0,0.0,191,191,3,3.0,0.0,3,3,40,40,9302.3255813954,9302.3255813954,31,47,37.4,8.7635609201,76.8,0,0,0,46.75,62,-1,-1,1,20,0.0,0,0,0.0,0,0,Normal Traffic
80,82685521,8,56,20,0,7.0,5.656854249,5840,0,1933.5,2189.772933,140.9799425,0.169316222,6360424.692,21800000.0,79000000,3,81500000,11600000.0,29700000.0,79000000,3,1211757,242351.4,531252.151,1192572,15,172,132,0.096752127,0.072564095,0,5840,777.5333333,1633.102694,2667024.41,0,0,1,833.0714286,56,256,229,6,20,2481272.0,2481272,2481272,79000000.0,79000000,79000000,DDoS
80,626571,3,26,20,0,8.666666667,10.26320288,4380,0,1658.142857,1762.272815,18566.13217,15.95988324,69619.0,208348.97,625216,2,995,497.5,385.3731957,770,225,626459,104409.8333,255142.1474,625216,2,72,152,4.787964971,11.17191827,0,4380,1057.545455,1599.303183,2557770.673,0,1,0,1163.3,26,8192,229,2,20,0.0,0,0,0.0,0,0,DDoS
80,85131442,6,344,326,0,57.33333333,131.6520667,4344,0,1449.375,1729.380148,140.2419567,0.164451578,6548572.462,23600000.0,85000000,2,85000000,17000000.0,38000000.0,85000000,2,85100000,12200000.0,32100000.0,85000000,48,164,264,0.070479248,0.09397233,0,4344,796.3333333,1422.64872,2023929.381,1,0,0,853.2142857,344,0,235,3,20,9004.0,9004,9004,85000000.0,85000000,85000000,DoS
34586,3,2,0,0,0,0.0,0.0,0,0,0.0,0.0,0.0,666666.6667,3.0,0.0,3,3,3,3.0,0.0,3,3,0,0.0,0.0,0,0,64,0,666666.6667,0.0,0,0,0.0,0.0,0.0,0,0,1,0.0,0,4734,-1,0,32,0.0,0,0,0.0,0,0,Normal Traffic
80,84734148,8,398,398,0,49.75,140.7142495,5792,0,1932.5,2181.008184,141.5367981,0.165222644,6518011.385,23500000.0,84600000,1,84600000,12100000.0,32000000.0,84600000,1,148477,29695.4,59243.51224,135202,45,264,200,0.09441294,0.070809705,0,5792,799.5333333,1620.425908,2625780.124,0,0,1,856.6428571,398,274,235,1,32,8021.0,8021,8021,84600000.0,84600000,84600000,DoS
80,32516,1,6,6,6,6.0,0.0,6,6,6.0,0.0,369.0490835,61.50818059,32516.0,0.0,32516,32516,0,0.0,0.0,0,0,0,0.0,0.0,0,0,20,20,30.75409029,30.75409029,6,6,6.0,0.0,0.0,0,0,1,9.0,6,64240,30016,0,20,0.0,0,0,0.0,0,0,Normal Traffic
443,115546040,34,1370,541,0,40.29411765,108.4252373,2920,0,910.7317073,819.0269234,335.0179721,0.649091912,1561432.973,3587873.654,9998467,8,116000000,3501395.152,4744700.194,10000000,48,111000000,2763685.4,4525398.271,10000000,49,692,964,0.294255,0.354836912,0,2920,509.3421053,744.4500888,554205.9347,0,1,0,516.1333333,1370,8192,127,33,20,71609.54545,558239,22132,9978673.0,9998467,9800578,Normal Traffic
61792,22906,2,0,0,0,0.0,0.0,0,0,0.0,0.0,0.0,218.2834192,5726.5,11419.00563,22855,1,22882,22882.0,0.0,22882,22882,22880,11440.0,16177.18894,22879,1,76,60,87.31336768,130.9700515,0,0,0.0,0.0,0.0,0,0,1,0.0,0,972,0,0,32,0.0,0,0,0.0,0,0,Normal Traffic
53,901,2,76,38,38,38.0,0.0,61,61,61.0,0.0,219755.8269,4439.511654,300.3333333,478.3349593,852,1,1,1.0,0.0,1,1,48,48.0,0.0,48,48,40,40,2219.755827,2219.755827,38,61,47.2,12.59761882,158.7,0,0,0,59.0,76,-1,-1,1,20,0.0,0,0,0.0,0,0,Normal Traffic
53,787,2,62,31,31,31.0,0.0,59,59,59.0,0.0,228716.6455,5082.592122,262.3333333,448.3127628,780,3,3,3.0,0.0,3,3,4,4.0,0.0,4,4,64,64,2541.296061,2541.296061,31,59,42.2,15.33623161,235.2,0,0,0,52.75,62,-1,-1,1,32,0.0,0,0,0.0,0,0,Normal Traffic
443,15745381,21,2024,522,0,96.380952381,190.0074935866,2920,0,1055.0,756.0840967051,2272.6665045451,3.3660665309,302795.788461538,1576971.93305996,9997891,2,15745381,787269.05,2504779.12662169,9997992,178,15725322,507268.451612903,2031790.86466439,9997942,2,432,652,1.3337244745,2.0323420564,0,2920,662.6666666667,759.1284227745,576275.962264151,0,1,0,675.1698113208,2024,8192,31,20,20,61373.5,67978,54769,7811266.5,9997891,5624642,Normal Traffic
9110,72,1,0,0,0,0.0,0.0,6,6,6.0,0.0,83333.33333,27777.77778,72.0,0.0,72,72,0,0.0,0.0,0,0,0,0.0,0.0,0,0,40,20,13888.88889,13888.88889,0,6,2.0,3.464101615,12.0,0,1,0,3.0,0,29200,0,0,40,0.0,0,0,0.0,0,0,Port Scanning
80,10404766,8,382,382,0,47.75,135.0573952,5840,0,2326.4,3185.599598,1154.663161,1.249427426,867063.8333,2026186.445,5398950,4,5401499,771642.7143,2040835.686,5399823,4,10400000,2601186.75,3007393.992,5398950,158,264,168,0.768878416,0.48054901,0,5840,858.1428571,2102.911164,4422235.363,0,1,0,924.1538462,382,29200,235,1,32,732.0,732,732,5398950.0,5398950,5398950,DoS
53,30913,2,122,61,61,61.0,0.0,127,127,127.0,0.0,12163.1675993918,129.3953999935,10304.3333333333,17803.4757936009,30862,3,48,48.0,0.0,48,48,3,3.0,0.0,3,3,64,64,64.6976999968,64.6976999968,61,127,87.4,36.1496887953,1306.8,0,0,0,109.25,122,-1,-1,1,32,0.0,0,0,0.0,0,0,Normal Traffic
80,5260212,3,0,0,0,0.0,0.0,0,0,0.0,0.0,0.0,0.760425625,1753404.0,3022809.242,5243831,114,5260212,2630106.0,3696365.343,5243831,16381,0,0.0,0.0,0,0,104,40,0.570319219,0.190106406,0,0,0.0,0.0,0.0,0,1,0,0.0,0,29200,65535,0,32,0.0,0,0,0.0,0,0,Normal Traffic
80,916593,4,546,534,0,136.5,265.0150939,177,2,47.75,86.18729605,804.0646176,8.727974139,130941.8571,245697.0792,679579,77,237014,79004.66667,71442.09059,139903,363,819922,273307.3333,391552.9702,722073,1272,92,84,4.36398707,4.36398707,0,534,81.88888889,178.9835498,32035.11111,0,1,0,92.125,546,8192,30016,3,20,0.0,0,0,0.0,0,0,Normal Traffic
80,11876004,8,383,383,0,47.875,135.4109486,10184,0,2326.4,4437.056321,1011.703937,1.094644293,989667.0,2344285.984,6874030,1,6880664,982952.0,2599899.583,6878970,1,11900000,2968988.75,3512039.924,6874030,161,264,168,0.673627257,0.421017036,0,10184,858.2142857,2712.447154,7357369.566,0,1,0,924.2307692,383,29200,235,1,32,757.0,757,757,6874030.0,6874030,6874030,DoS
80,99813760,7,326,302,0,46.57142857,112.6689208,10136,0,1932.5,4060.245892,119.432431,0.130242564,8317813.333,28800000.0,99700000,3,99700000,16600000.0,40700000.0,99700000,3,99800000,20000000.0,44600000.0,99700000,162,184,200,0.070130611,0.060111953,0,10136,851.9285714,2699.9395,7289673.302,1,0,0,917.4615385,326,0,235,4,20,13016.0,13016,13016,99700000.0,99700000,99700000,DoS
56466,2,4,89,46,6,22.25,19.7378654705,0,0,0.0,0.0,44500000.0,2000000.0,0.6666666667,0.5773502692,1,0,2,0.6666666667,0.5773502692,1,0,0,0.0,0.0,0,0,80,0,2000000.0,0.0,6,46,19.0,18.574175621,345.0,0,0,1,23.75,89,123,-1,3,20,0.0,0,0,0.0,0,0,Normal Traffic
80,98290856,5,347,335,0,69.4,148.5052188,5792,0,1449.375,1895.881019,121.496551,0.132260523,8190904.667,28400000.0,98300000,1,98300000,24600000.0,49100000.0,98300000,1,98300000,14000000.0,37100000.0,98300000,46,144,264,0.050869432,0.081391091,0,5792,853.4285714,1566.024497,2452432.725,1,0,0,919.0769231,347,0,235,2,20,14005.0,14005,14005,98300000.0,98300000,98300000,DoS
53,191,2,68,34,34,34.0,0.0,79,79,79.0,0.0,1183246.073,20942.40838,63.66666667,69.17610377,139,3,49,49.0,0.0,49,49,3,3.0,0.0,3,3,64,64,10471.20419,10471.20419,34,79,52.0,24.64751509,607.5,0,0,0,65.0,68,-1,-1,1,32,0.0,0,0,0.0,0,0,Normal Traffic
51964,3,2,0,0,0,0.0,0.0,0,0,0.0,0.0,0.0,666666.6667,3.0,0.0,3,3,3,3.0,0.0,3,3,0,0.0,0.0,0,0,40,0,666666.6667,0.0,0,0,0.0,0.0,0.0,0,0,1,0.0,0,389,-1,0,20,0.0,0,0,0.0,0,0,Normal Traffic
443,816987,9,703,267,0,78.11111111,103.3022803,1448,0,395.0,587.483144,5695.317061,23.256184,45388.16667,60803.42345,209192,3,721761,90220.125,99851.44917,304465,189,722023,80224.77778,82129.33522,209192,3,296,328,11.01608716,12.24009684,0,1448,232.65,442.7331708,196012.6605,0,1,0,244.8947368,703,29200,252,4,32,0.0,0,0,0.0,0,0,Normal Traffic
59021,52400,2,0,0,0,0.0,0.0,0,0,0.0,0.0,0.0,57.2519083969,26200.0,36980.2704424941,52349,51,52400,52400.0,0.0,52400,52400,0,0.0,0.0,0,0,76,32,38.1679389313,19.0839694656,0,0,0.0,0.0,0.0,0,0,1,0.0,0,179,32832,0,32,0.0,0,0,0.0,0,0,Normal Traffic
53,148,2,64,32,32,32.0,0.0,60,60,60.0,0.0,1243243.243,27027.02703,49.33333333,80.25168742,142,3,3,3.0,0.0,3,3,3,3.0,0.0,3,3,40,40,13513.51351,13513.51351,32,60,43.2,15.33623161,235.2,0,0,0,54.0,64,-1,-1,1,20,0.0,0,0,0.0,0,0,Normal Traffic
53,37029590,4,207,57,46,51.75,5.560275773,208,62,132.5,60.03054778,19.9030019,0.21604344,5289941.429,13200000.0,35300000,46524,37000000,12300000.0,19900000.0,35300000,414184,36900000,12300000.0,19900000.0,35300000,394671,112,92,0.10802172,0.10802172,46,208,88.22222222,55.94814067,3130.194444,0,0,0,99.25,207,-1,-1,3,20,479882.0,479882,479882,35300000.0,35300000,35300000,Normal Traffic
53,30966,2,60,30,30,30.0,0.0,94,94,94.0,0.0,8008.783827,129.1739327,10322.0,17873.03228,30960,3,3,3.0,0.0,3,3,3,3.0,0.0,3,3,40,40,64.58696635,64.58696635,30,94,55.6,35.05424368,1228.8,0,0,0,69.5,60,-1,-1,1,20,0.0,0,0,0.0,0,0,Normal Traffic
63689,38,1,6,6,6,6.0,0.0,6,6,6.0,0.0,315789.47368421,52631.5789473684,38.0,0.0,38,38,0,0.0,0.0,0,0,0,0.0,0.0,0,0,20,20,26315.7894736842,26315.7894736842,6,6,6.0,0.0,0.0,0,0,1,9.0,6,7300,256,0,20,0.0,0,0,0.0,0,0,Normal Traffic
53,255,2,80,40,40,40.0,0.0,56,56,56.0,0.0,752941.1765,15686.27451,85.0,140.2961154,247,4,4,4.0,0.0,4,4,4,4.0,0.0,4,4,64,64,7843.137255,7843.137255,40,56,46.4,8.76356092,76.8,0,0,0,58.0,80,-1,-1,1,32,0.0,0,0,0.0,0,0,Normal Traffic
80,1077452,6,1440,360,0,240.0,185.9032006,5792,0,1932.5,2181.008184,12097.98673,11.13738709,97950.18182,146389.0987,435945,22,898947,179789.4,177810.6479,435945,3021,1077430,215486.0,389777.8984,898961,47,200,200,5.568693547,5.568693547,0,5792,1002.692308,1674.306492,2803302.231,0,1,0,1086.25,1440,29200,235,4,32,0.0,0,0,0.0,0,0,DoS
80,38631,3,26,20,0,8.666666667,10.26320288,11595,0,2901.75,5795.50069,301131.2159,181.2016256,6438.5,14405.03194,35776,3,2612,1306.0,1842.720272,2609,3,38528,12842.66667,19896.5277,35776,185,72,92,77.65783956,103.5437861,0,11595,1454.125,4097.537534,16800000.0,0,1,0,1661.857143,26,8192,229,2,20,0.0,0,0,0.0,0,0,DDoS
443,5296787,10,546,342,0,54.6,119.6143804,1632,0,432.4545455,693.9594172,1001.172975,3.964667637,264839.35,1114798.964,4999815,1,296969,32996.55556,31030.85156,67025,1,5245839,524583.9,1573261.013,4999896,2,328,360,1.88793697,2.076730667,0,1632,241.0454545,523.4182046,273966.6169,0,1,0,252.5238095,546,29200,157,2,32,0.0,0,0,0.0,0,0,Normal Traffic
53,41311,2,84,42,42,42.0,0.0,70,70,70.0,0.0,5422.284622,96.8265111,13770.33333,23844.8548,41304,3,3,3.0,0.0,3,3,4,4.0,0.0,4,4,40,40,48.41325555,48.41325555,42,70,53.2,15.33623161,235.2,0,0,0,66.5,84,-1,-1,1,20,0.0,0,0,0.0,0,0,Normal Traffic
36654,57,1,0,0,0,0.0,0.0,0,0,0.0,0.0,0.0,35087.7193,57.0,0.0,57,57,0,0.0,0.0,0,0,0,0.0,0.0,0,0,32,32,17543.85965,17543.85965,0,0,0.0,0.0,0.0,0,0,1,0.0,0,114,436,0,32,0.0,0,0,0.0,0,0,Normal Traffic
443,383319,10,533,198,0,53.3,78.42625694,1398,0,335.25,532.8455558,11885.66181,57.39345036,18253.28571,31187.99169,133998,1,348146,38682.88889,43736.03358,133998,19,348282,31662.0,53165.9189,169209,1,340,392,26.08793198,31.30551838,0,1398,198.0869565,407.4956679,166052.7194,0,1,0,207.0909091,533,29200,118,4,32,0.0,0,0,0.0,0,0,Normal Traffic
53603,5315165,1,6,6,6,6.0,0.0,6,6,6.0,0.0,7.901918379,1.316986396,885860.8333,2153902.786,5282453,1,0,0.0,0.0,0,0,5310864,1062172.8,2359232.331,5282453,1,20,120,0.188140914,1.128845483,6,6,6.0,0.0,0.0,0,0,1,6.857142857,6,229,0,0,20,32712.0,32712,32712,5282453.0,5282453,5282453,Normal Traffic
139,63713,49,2488,194,0,50.7755102,65.99850545,440,0,106.2666667,130.7039121,89086.99951,1239.935335,816.8333333,4939.474867,42360,1,63713,1327.354167,7097.643725,48491,1,63492,2189.37931,8028.049258,42446,1,1592,976,769.0738154,470.8615196,0,440,70.95,98.52685813,9707.541772,0,1,0,71.84810127,2488,65535,269,22,32,0.0,0,0,0.0,0,0,Normal Traffic
80,81857256,7,388,382,0,55.42857143,144.0218237,5792,0,1932.5,2181.008184,146.3889774,0.158813044,6821438.0,23600000.0,81700000,3,81700000,13600000.0,33400000.0,81700000,3,148553,29710.6,59242.74732,135211,45,220,200,0.085514716,0.073298328,0,5792,855.9285714,1665.964468,2775437.61,0,0,1,921.7692308,388,274,235,2,20,2123.0,2123,2123,81700000.0,81700000,81700000,DoS
53,156149,1,46,46,46,46.0,0.0,97,97,97.0,0.0,915.7919679281,12.8082792717,156149.0,0.0,156149,156149,0,0.0,0.0,0,0,0,0.0,0.0,0,0,32,20,6.4041396359,6.4041396359,46,97,63.0,29.4448637287,867.0,0,0,0,94.5,46,-1,-1,0,32,0.0,0,0,0.0,0,0,Normal Traffic
54996,60,1,0,0,0,0.0,0.0,0,0,0.0,0.0,0.0,33333.3333333333,60.0,0.0,60,60,0,0.0,0.0,0,0,0,0.0,0.0,0,0,32,32,16666.6666666667,16666.6666666667,0,0,0.0,0.0,0.0,0,0,1,0.0,0,806,473,0,32,0.0,0,0,0.0,0,0,Normal Traffic
53345,72,1,0,0,0,0.0,0.0,0,0,0.0,0.0,0.0,27777.77778,72.0,0.0,72,72,0,0.0,0.0,0,0,0,0.0,0.0,0,0,32,32,13888.88889,13888.88889,0,0,0.0,0.0,0.0,0,0,1,0.0,0,46,33304,0,32,0.0,0,0,0.0,0,0,Normal Traffic
53,222,2,84,42,42,42.0,0.0,102,102,102.0,0.0,1297297.2972973,18018.018018018,74.0,122.1106056,215,3,3,3.0,0.0,3,3,4,4.0,0.0,4,4,40,40,9009.009009009,9009.009009009,42,102,66.0,32.8633534503,1080.0,0,0,0,82.5,84,-1,-1,1,20,0.0,0,0,0.0,0,0,Normal Traffic
15737,8415,15,19897,2896,0,1326.466667,1136.570208,0,0,0.0,0.0,2364468.212,2495.543672,420.75,1499.275751,6672,1,8415,601.0714286,1780.551404,6672,1,6947,1389.4,3101.203041,6937,1,496,208,1782.531194,713.0124777,0,2896,904.4090909,1122.979992,1261084.063,0,1,0,947.4761905,19897,29200,362,10,32,0.0,0,0,0.0,0,0,Normal Traffic
53,30910,2,82,41,41,41.0,0.0,95,95,95.0,0.0,8799.741184,129.4079586,10303.33333,17839.83465,30903,3,3,3.0,0.0,3,3,4,4.0,0.0,4,4,64,64,64.70397929,64.70397929,41,95,62.6,29.57701811,874.8,0,0,0,78.25,82,-1,-1,1,32,0.0,0,0,0.0,0,0,Normal Traffic
3371,22,1,0,0,0,0.0,0.0,6,6,6.0,0.0,272727.2727,90909.09091,22.0,0.0,22,22,0,0.0,0.0,0,0,0,0.0,0.0,0,0,40,20,45454.54545,45454.54545,0,6,2.0,3.464101615,12.0,0,1,0,3.0,0,29200,0,0,40,0.0,0,0,0.0,0,0,Port Scanning
53,83871,1,59,59,59,59.0,0.0,317,317,317.0,0.0,4483.075199,23.84614467,83871.0,0.0,83871,83871,0,0.0,0.0,0,0,0,0.0,0.0,0,0,32,32,11.92307234,11.92307234,59,317,145.0,148.9563695,22188.0,0,0,0,217.5,59,-1,-1,0,32,0.0,0,0,0.0,0,0,Normal Traffic
53,231,2,64,32,32,32.0,0.0,213,213,213.0,0.0,2121212.12121212,17316.0173160173,77.0,127.3067162407,224,3,4,4.0,0.0,4,4,3,3.0,0.0,3,3,80,80,8658.0086580087,8658.0086580087,32,213,104.4,99.1377829084,9828.3,0,0,0,130.5,64,-1,-1,1,40,0.0,0,0,0.0,0,0,Normal Traffic
443,46870,8,375,182,0,46.875,78.1490106,1448,0,732.4,724.2436054,86131.85406,277.3629187,3905.833333,5985.788576,15301,10,46870,6695.714286,9570.028644,24460,15,24952,6238.0,7469.992459,15347,48,264,168,170.6848731,106.6780457,0,1448,288.3571429,531.7890859,282799.6319,0,1,0,310.5384615,375,29200,939,3,32,0.0,0,0,0.0,0,0,Normal Traffic
443,63077861,7,187,46,6,26.71428571,20.0890873,46,46,46.0,0.0,4.423104962,0.142680805,7884732.625,20700000.0,58900000,3,63100000,10500000.0,23800000.0,58900000,3,59000000,59000000.0,0.0,59000000,59000000,140,40,0.11097396,0.031706846,6,46,32.5,18.86354509,355.8333333,0,0,1,36.11111111,187,257,676,6,20,84803.0,84803,84803,58900000.0,58900000,58900000,Normal Traffic
443,115929566,33,1251,616,0,37.90909091,137.8235656,1418,0,647.9666667,701.5347944,178.4704344,0.543433415,1869831.71,3861701.684,10000000,1,116000000,3622798.938,4799614.383,10000000,1,111000000,3826490.517,4948475.89,10000000,2,1064,968,0.284655599,0.258777817,0,1418,323.28125,575.0747493,330710.9673,0,1,0,328.4126984,1251,29200,350,4,32,78372.18182,497203,36290,10000000.0,10000000,9998947,Normal Traffic
443,94976,1,0,0,0,0.0,0.0,0,0,0.0,0.0,0.0,21.0579514825,94976.0,0.0,94976,94976,0,0.0,0.0,0,0,0,0.0,0.0,0,0,32,32,10.5289757412,10.5289757412,0,0,0.0,0.0,0.0,0,0,1,0.0,0,304,252,0,32,0.0,0,0,0.0,0,0,Normal Traffic
50157,100819,2,0,0,0,0.0,0.0,6,6,6.0,0.0,178.5377756177,49.5938265605,25204.75,50268.2604922496,100607,0,100819,100819.0,0.0,100819,100819,4,2.0,2.8284271247,4,0,64,60,19.8375306242,29.7562959363,0,6,3.0,3.286335345,10.8,0,0,1,3.6,0,115,0,0,32,0.0,0,0,0.0,0,0,Normal Traffic
53,218,2,62,31,31,31.0,0.0,121,121,121.0,0.0,1394495.413,18348.62385,72.66666667,121.5332602,213,2,2,2.0,0.0,2,2,3,3.0,0.0,3,3,64,64,9174.311927,9174.311927,31,121,67.0,49.29503018,2430.0,0,0,0,83.75,62,-1,-1,1,32,0.0,0,0,0.0,0,0,Normal Traffic
27000,104,1,2,2,2,2.0,0.0,6,6,6.0,0.0,76923.07692,19230.76923,104.0,0.0,104,104,0,0.0,0.0,0,0,0,0.0,0.0,0,0,24,20,9615.384615,9615.384615,2,6,3.333333333,2.309401077,5.333333333,0,1,0,5.0,2,1024,0,0,24,0.0,0,0,0.0,0,0,Port Scanning
53,173,2,72,36,36,36.0,0.0,100,100,100.0,0.0,1572254.335,23121.38728,57.66666667,94.68544415,167,3,3,3.0,0.0,3,3,3,3.0,0.0,3,3,64,64,11560.69364,11560.69364,36,100,61.6,35.05424368,1228.8,0,0,0,77.0,72,-1,-1,1,32,0.0,0,0,0.0,0,0,Normal Traffic
3128,45,1,0,0,0,0.0,0.0,6,6,6.0,0.0,133333.3333,44444.44444,45.0,0.0,45,45,0,0.0,0.0,0,0,0,0.0,0.0,0,0,40,20,22222.22222,22222.22222,0,6,2.0,3.464101615,12.0,0,1,0,3.0,0,29200,0,0,40,0.0,0,0,0.0,0,0,Port Scanning
443,4903122,5,123,46,0,24.6,23.27659769,46,46,46.0,0.0,34.46783498,1.223710118,980624.4,2111858.745,4757985,3,4903122,1225780.5,2355498.125,4757985,3,0,0.0,0.0,0,0,100,20,1.019758431,0.203951686,0,46,30.71428571,21.68497395,470.2380952,0,0,1,35.83333333,123,254,123,2,20,0.0,0,0,0.0,0,0,Normal Traffic
80,147170,3,26,20,0,8.666666667,10.26320288,7215,0,2321.4,3327.769794,79044.64225,54.35890467,21024.28571,55306.89365,146448,3,466,233.0,325.2691193,463,3,147155,36788.75,73106.46418,146448,3,72,112,20.38458925,33.97431542,0,7215,1292.555556,2650.585648,7025604.278,0,1,0,1454.125,26,8192,229,2,20,0.0,0,0,0.0,0,0,DDoS
32781,52,2,4,2,2,2.0,0.0,6,6,6.0,0.0,307692.3077,76923.07692,17.33333333,27.42869544,49,1,49,49.0,0.0,49,49,1,1.0,0.0,1,1,48,40,38461.53846,38461.53846,2,6,3.6,2.19089023,4.8,0,1,0,4.5,4,1024,0,1,24,0.0,0,0,0.0,0,0,Normal Traffic
41884,2,3,31,31,0,10.33333333,17.89785834,0,0,0.0,0.0,15500000.0,1500000.0,1.0,0.0,1,1,2,1.0,0.0,1,1,0,0.0,0.0,0,0,96,0,1500000.0,0.0,0,31,7.75,15.5,240.25,0,0,1,10.33333333,31,939,-1,1,32,0.0,0,0,0.0,0,0,Normal Traffic
50000,742,1,0,0,0,0.0,0.0,0,0,0.0,0.0,0.0,2695.41779,742.0,0.0,742,742,0,0.0,0.0,0,0,0,0.0,0.0,0,0,32,32,1347.708895,1347.708895,0,0,0.0,0.0,0.0,0,0,1,0.0,0,227,229,0,32,0.0,0,0,0.0,0,0,Normal Traffic
443,5984082,7,328,210,0,46.85714286,78.80445963,159,0,53.0,91.7986928,81.38257464,1.671100095,664898.0,1835482.688,5556029,3,5984082,997347.0,2316992.127,5725186,3,300178,150089.0,31102.79888,172082,128096,232,104,1.169770067,0.501330029,0,210,44.27272727,75.06675817,5635.018182,0,1,0,48.7,328,29200,7240,3,32,428050.0,428050,428050,5556029.0,5556029,5556029,Normal Traffic
80,5900566,3,0,0,0,0.0,0.0,0,0,0.0,0.0,0.0,0.677901069,1966855.333,3277298.123,5750157,9,5900566,2950283.0,3959632.512,5750166,150400,0,0.0,0.0,0,0,72,24,0.508425802,0.169475267,0,0,0.0,0.0,0.0,0,1,0,0.0,0,8192,29200,0,20,0.0,0,0,0.0,0,0,Normal Traffic
2179,75,1,2,2,2,2.0,0.0,6,6,6.0,0.0,106666.6667,26666.66667,75.0,0.0,75,75,0,0.0,0.0,0,0,0,0.0,0.0,0,0,24,20,13333.33333,13333.33333,2,6,3.333333333,2.309401077,5.333333333,0,1,0,5.0,2,1024,0,0,24,0.0,0,0,0.0,0,0,Port Scanning
33933,23,1,0,0,0,0.0,0.0,0,0,0.0,0.0,0.0,86956.52174,23.0,0.0,23,23,0,0.0,0.0,0,0,0,0.0,0.0,0,0,32,32,43478.26087,43478.26087,0,0,0.0,0.0,0.0,0,0,1,0.0,0,361,333,0,32,0.0,0,0,0.0,0,0,Normal Traffic
53,61961,2,74,37,37,37.0,0.0,98,98,98.0,0.0,4357.579768,64.5567373,20653.66667,35729.03982,61910,3,48,48.0,0.0,48,48,3,3.0,0.0,3,3,64,64,32.27836865,32.27836865,37,98,61.4,33.41107601,1116.3,0,0,0,76.75,74,-1,-1,1,32,0.0,0,0,0.0,0,0,Normal Traffic
53,339,2,78,39,39,39.0,0.0,119,119,119.0,0.0,932153.392330384,11799.4100294985,113.0,190.5255888326,333,3,3,3.0,0.0,3,3,3,3.0,0.0,3,3,40,40,5899.7050147493,5899.7050147493,39,119,71.0,43.8178046004,1920.0,0,0,0,88.75,78,-1,-1,1,20,0.0,0,0,0.0,0,0,Normal Traffic
53,60258,1,56,56,56,56.0,0.0,93,93,93.0,0.0,2472.7007202363,33.1906136944,60258.0,0.0,60258,60258,0,0.0,0.0,0,0,0,0.0,0.0,0,0,20,20,16.5953068472,16.5953068472,56,93,68.3333333333,21.36195996,456.3333333333,0,0,0,102.5,56,-1,-1,0,20,0.0,0,0,0.0,0,0,Normal Traffic
54847,1049978,6,11607,4380,0,1934.5,2177.344966,20,0,8.666666667,10.26320288,11079.27976,8.571608167,131247.25,369998.9523,1046947,1,1049978,209995.6,467871.1786,1046947,16,2475,1237.5,7.778174593,1243,1232,132,72,5.714405445,2.857202722,0,4380,1163.3,1903.962654,3625073.789,0,1,1,1292.555556,11607,29200,256,5,20,0.0,0,0,0.0,0,0,Normal Traffic
53,69966226,3,180,88,41,60.0,24.7588368063,170,67,103.3333333333,57.8129166652,7.0033790303,0.0857556616,13993245.2,21382268.1961386,48643822,470,69965756,34982878.0,19669590.7464798,48891379,21074377,69718669,34859334.5,19580081.6345833,48704543,21014126,72,72,0.0428778308,0.0428778308,41,170,77.2857142857,43.8433358133,1922.2380952381,0,0,0,90.1666666667,180,-1,-1,2,20,154139.0,247557,60721,34828739.0,48643822,21013656,Normal Traffic
6002,34,1,2,2,2,2.0,0.0,6,6,6.0,0.0,235294.1176,58823.52941,34.0,0.0,34,34,0,0.0,0.0,0,0,0,0.0,0.0,0,0,24,20,29411.76471,29411.76471,2,6,3.333333333,2.309401077,5.333333333,0,1,0,5.0,2,1024,0,0,24,0.0,0,0,0.0,0,0,Port Scanning
50500,100,1,0,0,0,0.0,0.0,6,6,6.0,0.0,60000.0,20000.0,100.0,0.0,100,100,0,0.0,0.0,0,0,0,0.0,0.0,0,0,40,20,10000.0,10000.0,0,6,2.0,3.464101615,12.0,0,1,0,3.0,0,29200,0,0,40,0.0,0,0,0.0,0,0,Port Scanning
53,528,1,46,46,46,46.0,0.0,62,62,62.0,0.0,204545.4545,3787.878788,528.0,0.0,528,528,0,0.0,0.0,0,0,0,0.0,0.0,0,0,32,32,1893.939394,1893.939394,46,62,51.33333333,9.237604307,85.33333333,0,0,0,77.0,46,-1,-1,0,32,0.0,0,0,0.0,0,0,Normal Traffic
1717,98,2,4,2,2,2.0,0.0,6,6,6.0,0.0,163265.3061,40816.32653,32.66666667,27.42869544,49,1,1,1.0,0.0,1,1,49,49.0,0.0,49,49,48,40,20408.16327,20408.16327,2,6,3.6,2.19089023,4.8,0,1,0,4.5,4,1024,0,1,24,0.0,0,0,0.0,0,0,Normal Traffic
53,1002,2,72,36,36,36.0,0.0,135,135,135.0,0.0,341317.365269461,3992.0159680639,334.0,572.4430102639,995,3,4,4.0,0.0,4,4,3,3.0,0.0,3,3,40,40,1996.0079840319,1996.0079840319,36,135,75.6,54.224533193,2940.3,0,0,0,94.5,72,-1,-1,1,20,0.0,0,0,0.0,0,0,Normal Traffic
3030,31,1,0,0,0,0.0,0.0,6,6,6.0,0.0,193548.3871,64516.12903,31.0,0.0,31,31,0,0.0,0.0,0,0,0,0.0,0.0,0,0,40,20,32258.06452,32258.06452,0,6,2.0,3.464101615,12.0,0,1,0,3.0,0,29200,0,0,40,0.0,0,0,0.0,0,0,Port Scanning
443,116010448,43,1140,517,0,26.51162791,109.1766529,2836,0,896.0512821,753.066641,311.0581902,0.706832888,1432227.753,3461954.172,10000000,1,116000000,2762153.524,4450775.921,10100000,1,111000000,2927695.447,4606308.743,10100000,2,1384,1256,0.370656271,0.336176617,0,2836,434.7710843,678.1004553,459820.2274,0,1,0,440.0731707,1140,29200,349,4,32,102639.8182,763844,36236,10000000.0,10000000,9997324,Normal Traffic
53,93882,2,78,39,39,39.0,0.0,97,97,97.0,0.0,2897.254,42.60667647,31294.0,54160.36783,93833,1,1,1.0,0.0,1,1,48,48.0,0.0,48,48,40,40,21.30333823,21.30333823,39,97,62.2,31.76790834,1009.2,0,0,0,77.75,78,-1,-1,1,20,0.0,0,0,0.0,0,0,Normal Traffic
443,114713302,35,2480,791,0,70.8571428571,207.4991343507,2788,0,1012.4285714286,761.2383089849,392.2997526477,0.6712386328,1509385.55263158,3532232.0628297,10015769,3,114681129,3372974.38235294,4701916.44704393,10079541,3,114680911,2797095.3902439,4459908.8294017,10048184,50,1128,1352,0.3051084695,0.3661301634,0,2788,576.9487179487,742.8018368075,551754.568764569,0,1,0,584.4415584416,2480,29200,68,5,32,413224.727272727,2635475,32149,10012332.4545455,10015769,10001394,Normal Traffic
53,76617,2,56,28,28,28.0,0.0,238,238,238.0,0.0,6943.628699,52.20773458,25539.0,44190.68401,76566,3,48,48.0,0.0,48,48,3,3.0,0.0,3,3,64,40,26.10386729,26.10386729,28,238,112.0,115.0217371,13230.0,0,0,0,140.0,56,-1,-1,1,32,0.0,0,0,0.0,0,0,Normal Traffic
80,40338,2,12,6,6,6.0,0.0,0,0,0.0,0.0,297.4862412613,49.5810402102,40338.0,0.0,40338,40338,40338,40338.0,0.0,40338,40338,0,0.0,0.0,0,0,40,0,49.5810402102,0.0,6,6,6.0,0.0,0.0,0,0,1,9.0,12,237,-1,1,20,0.0,0,0,0.0,0,0,Normal Traffic
80,85281184,8,367,367,0,45.875,129.7540943,4344,0,1932.5,1754.831473,140.2654072,0.164162824,6560091.077,23600000.0,85100000,0,85200000,12200000.0,32200000.0,85100000,0,143443,28688.6,57052.7248,130262,16,264,200,0.093807328,0.070355496,0,4344,797.4666667,1424.276702,2028564.124,0,0,1,854.4285714,367,274,235,1,32,1051.0,1051,1051,85100000.0,85100000,85100000,DoS
6676,83,3,31,31,0,10.33333333,17.89785834,0,0,0.0,0.0,373493.9759,48192.77108,27.66666667,44.46721639,79,1,4,2.0,1.414213562,3,1,0,0.0,0.0,0,0,60,20,36144.57831,12048.19277,0,31,6.2,13.86362146,192.2,0,0,1,7.75,31,31,0,1,20,0.0,0,0,0.0,0,0,Normal Traffic
80,3964,3,18,6,6,6.0,0.0,0,0,0.0,0.0,4540.86781,756.8113017,1982.0,2798.72864,3961,3,3964,1982.0,2798.72864,3961,3,0,0.0,0.0,0,0,60,0,756.8113017,0.0,6,6,6.0,0.0,0.0,1,0,1,8.0,18,0,-1,2,20,0.0,0,0,0.0,0,0,DDoS
123,16178,1,48,48,48,48.0,0.0,48,48,48.0,0.0,5933.984423,123.6246755,16178.0,0.0,16178,16178,0,0.0,0.0,0,0,0,0.0,0.0,0,0,20,20,61.81233774,61.81233774,48,48,48.0,0.0,0.0,0,0,0,72.0,48,-1,-1,0,20,0.0,0,0,0.0,0,0,Normal Traffic
1805,59,2,4,2,2,2.0,0.0,6,6,6.0,0.0,271186.4407,67796.61017,19.66666667,25.4820198,49,3,3,3.0,0.0,3,3,49,49.0,0.0,49,49,48,40,33898.30508,33898.30508,2,6,3.6,2.19089023,4.8,0,1,0,4.5,4,1024,0,1,24,0.0,0,0,0.0,0,0,Normal Traffic
80,84298332,5,395,383,0,79.0,169.967644,4344,0,1656.428571,1946.27472,142.2329448,0.142351571,7663484.727,25400000.0,84100000,6,84200000,21000000.0,42100000.0,84100000,6,146783,24463.83333,53563.75872,133296,55,144,232,0.059313155,0.083038416,0,4344,922.7692308,1607.572142,2584288.192,1,0,0,999.6666667,395,0,235,2,20,12850.0,12850,12850,84100000.0,84100000,84100000,DoS
123,22815,1,48,48,48,48.0,0.0,48,48,48.0,0.0,4207.758054,87.66162612,22815.0,0.0,22815,22815,0,0.0,0.0,0,0,0,0.0,0.0,0,0,20,20,43.83081306,43.83081306,48,48,48.0,0.0,0.0,0,0,0,72.0,48,-1,-1,0,20,0.0,0,0,0.0,0,0,Normal Traffic
53,238,2,60,30,30,30.0,0.0,132,132,132.0,0.0,1361344.538,16806.72269,79.33333333,132.2132116,232,3,3,3.0,0.0,3,3,3,3.0,0.0,3,3,40,64,8403.361345,8403.361345,30,132,70.8,55.86770087,3121.2,0,0,0,88.5,60,-1,-1,1,20,0.0,0,0,0.0,0,0,Normal Traffic
53,30678,1,51,51,51,51.0,0.0,371,371,371.0,0.0,13755.78591,65.19329813,30678.0,0.0,30678,30678,0,0.0,0.0,0,0,0,0.0,0.0,0,0,20,20,32.59664906,32.59664906,51,371,157.6666667,184.7520861,34133.33333,0,0,0,236.5,51,-1,-1,0,20,0.0,0,0,0.0,0,0,Normal Traffic
53,203,2,84,42,42,42.0,0.0,113,113,113.0,0.0,1527093.596,19704.4335,67.66666667,110.2739014,195,4,4,4.0,0.0,4,4,4,4.0,0.0,4,4,64,64,9852.216749,9852.216749,42,113,70.4,38.88830158,1512.3,0,0,0,88.0,84,-1,-1,1,32,0.0,0,0,0.0,0,0,Normal Traffic
53,711,1,42,42,42,42.0,0.0,115,115,115.0,0.0,220815.752461322,2812.9395218003,711.0,0.0,711,711,0,0.0,0.0,0,0,0,0.0,0.0,0,0,20,20,1406.4697609001,1406.4697609001,42,115,66.3333333333,42.1465696508,1776.3333333333,0,0,0,99.5,42,-1,-1,0,20,0.0,0,0,0.0,0,0,Normal Traffic
80,1863489,3,26,20,0,8.666666667,10.26320288,4380,0,1657.285714,1561.969346,6239.371416,5.366277987,207054.3333,618230.2083,1855657,3,7109,3554.5,5022.579467,7106,3,1863392,310565.3333,756942.3774,1855657,47,72,152,1.609883396,3.756394591,0,4380,1057.0,1468.855269,2157535.8,0,1,0,1162.7,26,8192,229,2,20,0.0,0,0,0.0,0,0,DDoS
53,69482,1,78,78,78,78.0,0.0,130,130,130.0,0.0,2993.5810713566,28.7844333784,69482.0,0.0,69482,69482,0,0.0,0.0,0,0,0,0.0,0.0,0,0,32,32,14.3922166892,14.3922166892,78,130,95.3333333333,30.0222139979,901.3333333333,0,0,0,143.0,78,-1,-1,0,32,0.0,0,0,0.0,0,0,Normal Traffic
59424,53,1,0,0,0,0.0,0.0,0,0,0.0,0.0,0.0,37735.84906,53.0,0.0,53,53,0,0.0,0.0,0,0,0,0.0,0.0,0,0,32,32,18867.92453,18867.92453,0,0,0.0,0.0,0.0,0,0,1,0.0,0,369,342,0,32,0.0,0,0,0.0,0,0,Normal Traffic
443,11257947,9,1074,768,0,119.3333333333,252.4717806013,1462,0,553.0,661.6083937396,439.2452726949,1.4212182736,750529.8,2569908.90282247,10002792,3,1255152,156894.0,306759.215960755,889743,162,11229377,1871562.83333333,3999052.02156983,10002844,3,296,232,0.7994352789,0.6217829947,0,1462,290.8823529412,497.9146365534,247918.985294118,0,1,0,309.0625,1074,29200,124,3,32,1255152.0,1255152,1255152,10002792.0,10002792,10002792,Normal Traffic
53,122838,1,52,52,52,52.0,0.0,178,178,178.0,0.0,1872.3847669288,16.2816066689,122838.0,0.0,122838,122838,0,0.0,0.0,0,0,0,0.0,0.0,0,0,32,32,8.1408033345,8.1408033345,52,178,94.0,72.7461339179,5292.0,0,0,0,141.0,52,-1,-1,0,32,0.0,0,0,0.0,0,0,Normal Traffic
53,31250,1,55,55,55,55.0,0.0,98,98,98.0,0.0,4896.0,64.0,31250.0,0.0,31250,31250,0,0.0,0.0,0,0,0,0.0,0.0,0,0,20,32,32.0,32.0,55,98,69.3333333333,24.8260615752,616.3333333333,0,0,0,104.0,55,-1,-1,0,20,0.0,0,0,0.0,0,0,Normal Traffic
53,50023,1,55,55,55,55.0,0.0,83,83,83.0,0.0,2758.7309837475,39.9816084601,50023.0,0.0,50023,50023,0,0.0,0.0,0,0,0,0.0,0.0,0,0,20,20,19.9908042301,19.9908042301,55,83,64.3333333333,16.1658075373,261.3333333333,0,0,0,96.5,55,-1,-1,0,20,0.0,0,0,0.0,0,0,Normal Traffic
53,24470,2,78,39,39,39.0,0.0,90,90,90.0,0.0,10543.52268,163.4654679,8156.666667,14122.56493,24464,3,3,3.0,0.0,3,3,3,3.0,0.0,3,3,64,40,81.73273396,81.73273396,39,90,59.4,27.93385043,780.3,0,0,0,74.25,78,-1,-1,1,32,0.0,0,0,0.0,0,0,Normal Traffic
443,118629236,21,1195,572,0,56.9047619,130.1295142,1418,0,312.8823529,480.0842221,54.9105787,0.320325758,3206195.568,13400000.0,59000000,1,119000000,5931461.8,18000000.0,59000000,1,119000000,7412032.625,20000000.0,59000000,1,680,552,0.17702213,0.143303629,0,1418,167.025641,350.5854117,122910.1309,0,1,0,171.4210526,1195,29200,357,8,32,710151.5,1383287,37016,58600000.0,59000000,58200000,Normal Traffic
53,31844,2,70,35,35,35.0,0.0,101,101,101.0,0.0,8541.640497,125.6123603,10614.66667,18341.8564,31794,1,1,1.0,0.0,1,1,49,49.0,0.0,49,49,64,64,62.80618013,62.80618013,35,101,61.4,36.1496888,1306.8,0,0,0,76.75,70,-1,-1,1,32,0.0,0,0,0.0,0,0,Normal Traffic
443,15340321,5,0,0,0,0.0,0.0,6,6,6.0,0.0,0.391126105,0.391126105,3068064.2,3217004.059,8191978,88436,15300000,3812971.25,3177983.123,8191978,1011902,0,0.0,0.0,0,0,200,20,0.325938421,0.065187684,0,6,0.857142857,2.267786838,5.142857143,0,1,0,1.0,0,29200,0,0,40,7059907.0,7059907,7059907,8191978.0,8191978,8191978,Normal Traffic
80,6017710,3,0,0,0,0.0,0.0,0,0,0.0,0.0,0.0,0.66470468,2005903.33333333,3373924.13920294,5901196,73,6017710,3008855.0,4090387.86920776,5901196,116514,0,0.0,0.0,0,0,104,40,0.49852851,0.16617617,0,0,0.0,0.0,0.0,0,1,0,0.0,0,29200,28960,0,32,0.0,0,0,0.0,0,0,Normal Traffic
53,157,2,74,37,37,37.0,0.0,131,131,131.0,0.0,2140127.389,25477.70701,52.33333333,84.58329228,150,3,3,3.0,0.0,3,3,4,4.0,0.0,4,4,64,64,12738.8535,12738.8535,37,131,74.6,51.48592041,2650.8,0,0,0,93.25,74,-1,-1,1,32,0.0,0,0,0.0,0,0,Normal Traffic
80,11710126,8,430,430,0,53.75,152.027958,5840,0,2326.4,3185.599598,1030.048695,1.110150309,975843.8333,2307054.119,6704145,76,6707209,958172.7143,2534047.825,6704853,244,11700000,2927512.5,3450294.553,6704145,123,264,168,0.683169421,0.426980888,0,5840,861.5714286,2102.114127,4418883.802,0,1,0,927.8461538,430,29200,235,1,32,925.0,925,925,6704145.0,6704145,6704145,DoS
443,91,2,0,0,0,0.0,0.0,0,0,0.0,0.0,0.0,21978.02198,91.0,0.0,91,91,91,91.0,0.0,91,91,0,0.0,0.0,0,0,64,0,21978.02198,0.0,0,0,0.0,0.0,0.0,0,0,1,0.0,0,1324,-1,0,32,0.0,0,0,0.0,0,0,Normal Traffic
443,5453242,9,588,342,0,65.33333333,121.7610365,1448,0,624.0,735.0931914,679.9624884,2.567280161,419480.1538,1365679.269,4959771,19,5453242,681655.25,1730565.623,4959771,19,302888,75722.0,87003.10062,152821,223,296,168,1.650394389,0.916885772,0,1448,247.2,489.075834,239195.1714,0,1,0,264.8571429,588,29200,5592,3,32,0.0,0,0,0.0,0,0,Normal Traffic
55294,66,1,0,0,0,0.0,0.0,0,0,0.0,0.0,0.0,30303.0303,66.0,0.0,66,66,0,0.0,0.0,0,0,0,0.0,0.0,0,0,32,32,15151.51515,15151.51515,0,0,0.0,0.0,0.0,0,0,1,0.0,0,122,33304,0,32,0.0,0,0,0.0,0,0,Normal Traffic
53,314,2,66,33,33,33.0,0.0,77,77,77.0,0.0,700636.9427,12738.8535,104.6666667,167.479352,298,4,12,12.0,0.0,12,12,4,4.0,0.0,4,4,64,64,6369.426752,6369.426752,33,77,50.6,24.09979253,580.8,0,0,0,63.25,66,-1,-1,1,32,0.0,0,0,0.0,0,0,Normal Traffic
53,23943,1,48,48,48,48.0,0.0,216,216,216.0,0.0,11026.18719,83.53172117,23943.0,0.0,23943,23943,0,0.0,0.0,0,0,0,0.0,0.0,0,0,20,20,41.76586059,41.76586059,48,216,104.0,96.99484522,9408.0,0,0,0,156.0,48,-1,-1,0,20,0.0,0,0,0.0,0,0,Normal Traffic
80,115166733,16,437,437,0,27.3125,109.25,746,0,53.28571429,199.3768865,10.27206355,0.26049189,3971266.655,4976242.29,10200000,18,115000000,7677782.2,4425081.552,10200000,8028,113000000,8667758.462,3832273.914,10200000,21055,520,456,0.138929008,0.121562882,0,746,38.16129032,153.0076462,23411.33978,0,1,0,39.43333333,437,29200,340,1,32,42531.27273,102178,36475,10200000.0,10200000,10200000,Normal Traffic
5686,82,1,6,6,6,6.0,0.0,6,6,6.0,0.0,146341.4634,24390.2439,82.0,0.0,82,82,0,0.0,0.0,0,0,0,0.0,0.0,0,0,20,20,12195.12195,12195.12195,6,6,6.0,0.0,0.0,0,0,1,9.0,6,58,256,0,20,0.0,0,0,0.0,0,0,Normal Traffic
53,30947,2,62,31,31,31.0,0.0,130,130,130.0,0.0,10404.88577,129.2532394,10315.66667,17861.19661,30940,3,3,3.0,0.0,3,3,4,4.0,0.0,4,4,40,40,64.6266197,64.6266197,31,130,70.6,54.22453319,2940.3,0,0,0,88.25,62,-1,-1,1,20,0.0,0,0,0.0,0,0,Normal Traffic
54744,8592,28,57604,3578,6,2057.285714,861.9236392,6,6,6.0,0.0,6705074.488,3375.232775,306.8571429,673.1570569,3729,1,8592,318.2222222,684.0543351,3729,1,0,0.0,0.0,0,0,560,20,3258.845438,116.3873371,6,3578,1969.0,917.0666505,841011.2414,0,0,1,2036.896552,57604,62,0,27,20,0.0,0,0,0.0,0,0,Normal Traffic
53,165,2,86,43,43,43.0,0.0,99,99,99.0,0.0,1721212.121,24242.42424,55.0,89.20201791,158,3,4,4.0,0.0,4,4,3,3.0,0.0,3,3,64,64,12121.21212,12121.21212,43,99,65.4,30.67246322,940.8,0,0,0,81.75,86,-1,-1,1,32,0.0,0,0,0.0,0,0,Normal Traffic
80,98970677,6,371,371,0,61.83333333,151.4601158,4344,0,1932.5,1754.831473,120.9044978,0.121248034,8997334.273,29800000.0,98800000,3,98800000,19800000.0,44200000.0,98800000,3,149309,29861.8,60670.93407,138067,48,200,200,0.060624017,0.060624017,0,4344,920.4615385,1497.995973,2243991.936,0,0,1,997.1666667,371,251,235,1,32,1002.0,1002,1002,98800000.0,98800000,98800000,DoS
389,96608235,22,2986,1305,0,135.7272727,379.2933507,2910,0,488.0,898.1484658,96.57561801,0.362287956,2841418.676,16600000.0,96600000,2,96600000,4600386.19,21100000.0,96600000,3,96600000,8050681.917,27900000.0,96600000,2,728,408,0.227723858,0.134564098,0,2910,259.1666667,627.564658,393837.4,0,1,0,266.5714286,2986,65535,0,10,32,22008.0,22008,22008,96600000.0,96600000,96600000,Normal Traffic
42989,6125085,1,6,6,6,6.0,0.0,6,6,6.0,0.0,6.857047698,1.142841283,1020847.5,2489658.931,6102832,1,0,0.0,0.0,0,0,6113844,1222768.8,2728041.497,6102832,1,20,120,0.16326304,0.979578243,6,6,6.0,0.0,0.0,0,0,1,6.857142857,6,229,0,0,20,22253.0,22253,22253,6102832.0,6102832,6102832,Normal Traffic
50684,77,3,43,31,6,14.33333333,14.43375673,6,6,6.0,0.0,636363.6364,51948.05195,25.66666667,41.00406484,73,1,4,2.0,1.414213562,3,1,0,0.0,0.0,0,0,60,20,38961.03896,12987.01299,6,31,11.0,11.18033989,125.0,0,0,1,13.75,43,980,0,2,20,0.0,0,0,0.0,0,0,Normal Traffic
443,162379,10,929,677,0,92.9,210.9699557336,805,0,157.1666666667,322.1368756704,11528.5843612782,98.5349090708,10825.2666666667,16890.4781521875,41058,3,162379,18042.1111111111,27045.8333225492,77053,3,116075,23215.0,21041.1853991167,41058,48,332,200,61.5843181692,36.9505909015,0,805,110.1176470588,243.388547993,59237.9852941176,0,1,0,117.0,929,65535,351,5,32,0.0,0,0,0.0,0,0,Normal Traffic
53,193,2,62,31,31,31.0,0.0,47,47,47.0,0.0,808290.1554,20725.3886,64.33333333,29.16047553,98,47,47,47.0,0.0,47,47,48,48.0,0.0,48,48,64,64,10362.6943,10362.6943,31,47,37.4,8.76356092,76.8,0,0,0,46.75,62,-1,-1,1,32,0.0,0,0,0.0,0,0,Normal Traffic
60989,5,3,43,31,6,14.33333333,14.43375673,0,0,0.0,0.0,8600000.0,600000.0,2.5,2.121320344,4,1,5,2.5,2.121320344,4,1,0,0.0,0.0,0,0,60,0,600000.0,0.0,6,31,12.25,12.5,156.25,0,0,1,16.33333333,43,946,-1,2,20,0.0,0,0,0.0,0,0,Normal Traffic
53,31258,4,112,28,28,28.0,0.0,222,222,222.0,0.0,17787.44641,191.9508606,6251.6,13642.76287,30653,1,30658,10219.33333,17696.07449,30653,1,49,49.0,0.0,49,49,80,40,127.9672404,63.98362019,28,222,83.42857143,94.66230708,8960.952381,0,0,0,97.33333333,112,-1,-1,3,20,0.0,0,0,0.0,0,0,Normal Traffic
53,90548,1,44,44,44,44.0,0.0,135,135,135.0,0.0,1976.852056,22.08773247,90548.0,0.0,90548,90548,0,0.0,0.0,0,0,0,0.0,0.0,0,0,20,20,11.04386624,11.04386624,44,135,74.33333333,52.5388745,2760.333333,0,0,0,111.5,44,-1,-1,0,20,0.0,0,0,0.0,0,0,Normal Traffic
53,127762,2,62,31,31,31.0,0.0,90,90,90.0,0.0,1894.146929,31.30821371,42587.33333,73757.36292,127755,3,3,3.0,0.0,3,3,4,4.0,0.0,4,4,64,40,15.65410685,15.65410685,31,90,54.6,32.31563089,1044.3,0,0,0,68.25,62,-1,-1,1,32,0.0,0,0,0.0,0,0,Normal Traffic
443,5974735,8,368,187,0,46.0,70.73289798,2713,2,693.0,1346.849905,525.5463213,2.008457279,543157.7273,1675300.42,5592582,3,5974735,853533.5714,2090918.929,5592582,3,182954,60984.66667,51379.10574,96067,2010,172,84,1.338971519,0.66948576,0,2713,241.5384615,744.789077,554710.7692,0,1,0,261.6666667,368,8192,15544,7,20,382150.0,382150,382150,5592582.0,5592582,5592582,Normal Traffic
54629,7087,26,52566,2920,6,2021.769231,833.2230101,6,6,6.0,0.0,7418089.46,3809.792578,272.5769231,451.322871,2477,48,7087,283.48,458.1723766,2477,48,0,0.0,0.0,0,0,520,20,3668.689149,141.1034288,6,2920,1929.714286,892.315957,796227.7672,0,0,1,2001.185185,52566,62,0,25,20,0.0,0,0,0.0,0,0,Normal Traffic
53,74434,4,148,37,37,37.0,0.0,93,93,93.0,0.0,4487.196711,80.60832415,14886.8,20756.58066,42778,3,31653,10551.0,18268.8059,31646,3,3,3.0,0.0,3,3,104,40,53.73888277,26.86944138,37,93,53.0,27.32520204,746.6666667,0,0,0,61.83333333,148,-1,-1,3,20,0.0,0,0,0.0,0,0,Normal Traffic
80,25871,1,6,6,6,6.0,0.0,11,0,5.5,7.778174593,657.1064126,115.9599552,12935.5,18191.73616,25799,72,0,0.0,0.0,0,0,25799,25799.0,0.0,25799,25799,20,64,38.65331839,77.30663677,0,11,5.75,4.5,20.25,1,0,0,7.666666667,6,0,235,0,20,0.0,0,0,0.0,0,0,DoS
80,100779817,8,56,20,0,7.0,5.656854249,11595,0,2901.75,5795.50069,115.727537,0.119071461,9161801.545,29200000.0,97100000,4,100000000,14300000.0,36500000.0,97100000,4,560943,186981.0,323057.248,560015,4,172,92,0.079380974,0.039690487,0,11595,897.6153846,3214.167532,10300000.0,0,0,1,972.4166667,56,256,229,6,20,3085935.0,3085935,3085935,97100000.0,97100000,97100000,DDoS
53,23791,2,80,40,40,40.0,0.0,56,56,56.0,0.0,8070.2786768106,168.1308057669,7930.3333333333,13729.6780855683,23784,3,3,3.0,0.0,3,3,4,4.0,0.0,4,4,80,64,84.0654028834,84.0654028834,40,56,46.4,8.7635609201,76.8,0,0,0,58.0,80,-1,-1,1,40,0.0,0,0,0.0,0,0,Normal Traffic
80,100296713,6,372,372,0,62.0,151.8683641,2896,0,1656.428571,1302.532387,119.315974,0.129615414,8358059.417,28900000.0,100000000,2,100000000,20000000.0,44800000.0,100000000,4,151373,25228.83333,55130.98705,137201,2,200,232,0.059822499,0.069792915,0,2896,854.7857143,1218.289986,1484230.489,0,0,1,920.5384615,372,274,235,1,32,1003.0,1003,1003,100000000.0,100000000,100000000,DoS
1187,75,1,2,2,2,2.0,0.0,6,6,6.0,0.0,106666.6667,26666.66667,75.0,0.0,75,75,0,0.0,0.0,0,0,0,0.0,0.0,0,0,24,20,13333.33333,13333.33333,2,6,3.333333333,2.309401077,5.333333333,0,1,0,5.0,2,1024,0,0,24,0.0,0,0,0.0,0,0,Port Scanning
9944,84,2,4,2,2,2.0,0.0,6,6,6.0,0.0,190476.1905,47619.04762,28.0,23.57965225,48,2,2,2.0,0.0,2,2,48,48.0,0.0,48,48,48,40,23809.52381,23809.52381,2,6,3.6,2.19089023,4.8,0,1,0,4.5,4,1024,0,1,24,0.0,0,0,0.0,0,0,Normal Traffic
65388,81387224,5,11613,11595,0,2322.6,5183.42983,20,0,6.888888889,5.30199124,143.4500334,0.172017171,6260555.692,22300000.0,80500000,3,81400000,20300000.0,40600000.0,81300000,6,81300000,10200000.0,28400000.0,80500000,3,112,192,0.061434704,0.110582467,0,11595,778.7333333,2992.233243,8953459.781,0,0,1,834.3571429,11613,229,256,3,20,837289.0,837289,837289,80500000.0,80500000,80500000,Normal Traffic
53,30597,1,49,49,49,49.0,0.0,177,177,177.0,0.0,7386.3450665098,65.3658855443,30597.0,0.0,30597,30597,0,0.0,0.0,0,0,0,0.0,0.0,0,0,20,32,32.6829427722,32.6829427722,49,177,91.6666666667,73.9008344563,5461.3333333333,0,0,0,137.5,49,-1,-1,0,20,0.0,0,0,0.0,0,0,Normal Traffic
59680,81,1,0,0,0,0.0,0.0,0,0,0.0,0.0,0.0,24691.3580246914,81.0,0.0,81,81,0,0.0,0.0,0,0,0,0.0,0.0,0,0,32,32,12345.6790123457,12345.6790123457,0,0,0.0,0.0,0.0,0,0,1,0.0,0,357,32832,0,32,0.0,0,0,0.0,0,0,Normal Traffic
53,188,2,86,43,43,43.0,0.0,102,102,102.0,0.0,1542553.191,21276.59574,62.66666667,105.0825073,184,1,3,3.0,0.0,3,3,1,1.0,0.0,1,1,64,64,10638.29787,10638.29787,43,102,66.6,32.31563089,1044.3,0,0,0,83.25,86,-1,-1,1,32,0.0,0,0,0.0,0,0,Normal Traffic
52199,51,1,0,0,0,0.0,0.0,0,0,0.0,0.0,0.0,39215.68627,51.0,0.0,51,51,0,0.0,0.0,0,0,0,0.0,0.0,0,0,32,32,19607.84314,19607.84314,0,0,0.0,0.0,0.0,0,0,1,0.0,0,331,65535,0,32,0.0,0,0,0.0,0,0,Normal Traffic
53,164,2,64,32,32,32.0,0.0,71,71,71.0,0.0,1256097.561,24390.2439,54.66666667,89.48929172,158,3,3,3.0,0.0,3,3,3,3.0,0.0,3,3,64,64,12195.12195,12195.12195,32,71,47.6,21.36117974,456.3,0,0,0,59.5,64,-1,-1,1,32,0.0,0,0,0.0,0,0,Normal Traffic
53,154,2,58,29,29,29.0,0.0,45,45,45.0,0.0,961038.961038961,25974.025974026,51.3333333333,82.85127237,147,3,3,3.0,0.0,3,3,4,4.0,0.0,4,4,80,80,12987.012987013,12987.012987013,29,45,35.4,8.7635609201,76.8,0,0,0,44.25,58,-1,-1,1,40,0.0,0,0,0.0,0,0,Normal Traffic
80,98421824,6,372,354,0,62.0,143.080397,5792,0,1656.428571,2120.732252,121.5888866,0.132084526,8201818.667,28400000.0,98400000,21,98400000,19700000.0,44000000.0,98400000,986,98400000,16400000.0,40200000.0,98400000,45,164,232,0.060962089,0.071122437,0,5792,855.2142857,1665.886236,2775176.951,1,0,0,921.0,372,0,235,3,20,11998.0,11998,11998,98400000.0,98400000,98400000,DoS
22,13579259,20,2008,640,0,100.4,141.9141327,976,0,83.18181818,217.2857356,350.019099,3.903011203,261139.5962,716208.1127,2900352,48,11200000,590556.2105,1029491.042,2964925,484,13600000,424348.5312,878915.0241,2900352,48,648,1064,1.472834416,2.430176787,0,976,88.01851852,189.5902723,35944.47135,0,1,0,89.67924528,2008,29200,247,16,32,0.0,0,0,0.0,0,0,Brute Force
53,48810794,2,129,69,60,64.5,6.363961031,137,76,106.5,43.13351365,7.006646931,0.081949087,16300000.0,28100000.0,48800000,23389,48800000,48800000.0,0.0,48800000,48800000,48800000,48800000.0,0.0,48800000,48800000,52,40,0.040974543,0.040974543,60,137,82.2,31.1560588,970.7,0,0,0,102.75,129,-1,-1,1,20,23876.0,23876,23876,48800000.0,48800000,48800000,Normal Traffic
53,234,2,58,29,29,29.0,0.0,83,83,83.0,0.0,957264.957264957,17094.0170940171,78.0,92.9569792969,182,3,49,49.0,0.0,49,49,3,3.0,0.0,3,3,40,40,8547.0085470086,8547.0085470086,29,83,50.6,29.5770181053,874.8,0,0,0,63.25,58,-1,-1,1,20,0.0,0,0,0.0,0,0,Normal Traffic
53,23649,2,70,35,35,35.0,0.0,63,63,63.0,0.0,8287.876866,169.1403442,7883.0,13647.69435,23642,3,3,3.0,0.0,3,3,4,4.0,0.0,4,4,64,40,84.5701721,84.5701721,35,63,46.2,15.33623161,235.2,0,0,0,57.75,70,-1,-1,1,32,0.0,0,0,0.0,0,0,Normal Traffic
80,69849,3,26,20,0,8.666666667,10.26320288,7300,0,2320.2,3022.508098,166459.076,114.5327778,9978.428571,19364.2469,51443,73,17902,8951.0,12097.18281,17505,397,69669,17417.25,24150.1986,51443,188,72,112,42.94979169,71.58298616,0,7300,1291.888889,2460.652985,6054813.111,0,1,0,1453.375,26,8192,229,2,20,0.0,0,0,0.0,0,0,DDoS
80,92476550,8,56,20,0,7.0,5.656854249,4380,0,1934.5,2177.344966,126.1184592,0.151389731,7113580.769,22800000.0,82600000,3,91600000,13100000.0,30900000.0,82600000,3,915448,183089.6,407580.5876,912189,17,172,132,0.086508418,0.064881313,0,4380,777.9333333,1627.46176,2648631.781,0,0,1,833.5,56,256,229,6,20,1012.0,1012,1012,45800000.0,82600000,8914782,DDoS
53,30748,1,49,49,49,49.0,0.0,177,177,177.0,0.0,7350.071549,65.04488097,30748.0,0.0,30748,30748,0,0.0,0.0,0,0,0,0.0,0.0,0,0,20,32,32.52244048,32.52244048,49,177,91.66666667,73.90083446,5461.333333,0,0,0,137.5,49,-1,-1,0,20,0.0,0,0,0.0,0,0,Normal Traffic
80,464602,6,420,420,0,70.0,171.4642819948,1448,0,818.2,754.0187000334,9709.3856677328,23.6761787508,46460.2,130384.934128654,416550,3,464602,92920.4,194642.436730277,440658,3,440471,110117.75,204589.037740499,416550,49,204,168,12.9142793186,10.7618994322,0,1448,375.9166666667,610.6682566639,372915.71969697,0,1,0,410.0909090909,420,65535,285,1,32,0.0,0,0,0.0,0,0,Normal Traffic
80,4128866,5,30,6,6,6.0,0.0,0,0,0.0,0.0,7.265917567,1.210986261,1032216.5,2063331.697,4127214,197,4128866,1032216.5,2063331.697,4127214,197,0,0.0,0.0,0,0,100,0,1.210986261,0.0,6,6,6.0,0.0,0.0,0,0,1,7.2,30,256,-1,4,20,0.0,0,0,0.0,0,0,DDoS
443,67439028,173,4620,1338,0,26.70520231,115.5593064,4230,0,1663.609302,954.402184,5372.200797,5.753345081,174261.0543,2974717.417,58000000,1,67400000,392087.3721,4459705.098,58000000,2,67400000,314972.028,4001675.687,58100000,1,3484,4312,2.565280152,3.188064929,0,4230,931.3521851,1082.85286,1172570.316,0,1,0,933.7525773,4620,8192,146,27,20,761623.0,1454227,69019,32900000.0,58000000,7764816,Normal Traffic
443,5270516,5,135,46,6,27.0,20.1246117975,46,46,46.0,0.0,34.3419885264,1.1384084594,1054103.2,2229175.76533855,5039229,4,5270516,1317629.0,2483078.88078235,5039229,4,0,0.0,0.0,0,0,100,20,0.9486737162,0.1897347432,6,46,32.4285714286,18.8667003197,355.9523809524,0,0,1,37.8333333333,135,16402,1013,4,20,218238.0,218238,218238,5039229.0,5039229,5039229,Normal Traffic
53,105769,1,44,44,44,44.0,0.0,140,140,140.0,0.0,1739.640159,18.90913217,105769.0,0.0,105769,105769,0,0.0,0.0,0,0,0,0.0,0.0,0,0,20,20,9.454566083,9.454566083,44,140,76.0,55.42562584,3072.0,0,0,0,114.0,44,-1,-1,0,20,0.0,0,0,0.0,0,0,Normal Traffic
50582,381,2,12,6,6,6.0,0.0,6,6,6.0,0.0,47244.094488189,7874.0157480315,190.5,256.6797615707,372,9,381,381.0,0.0,381,381,0,0.0,0.0,0,0,40,20,5249.343832021,2624.6719160105,6,6,6.0,0.0,0.0,0,0,1,8.0,12,31,256,1,20,0.0,0,0,0.0,0,0,Normal Traffic
80,5205080,3,12,6,0,4.0,3.464101615,0,0,0.0,0.0,2.30544007,0.768480023,1735026.667,2931673.669,5119875,37,5205080,2602540.0,3560049.298,5119875,85205,0,0.0,0.0,0,0,72,32,0.576360018,0.192120006,0,6,2.4,3.286335345,10.8,0,1,0,3.0,12,8192,29200,2,20,0.0,0,0,0.0,0,0,Normal Traffic
57066,41,1,6,6,6,6.0,0.0,6,6,6.0,0.0,292682.9268,48780.4878,41.0,0.0,41,41,0,0.0,0.0,0,0,0,0.0,0.0,0,0,20,20,24390.2439,24390.2439,6,6,6.0,0.0,0.0,0,0,1,9.0,6,913,256,0,20,0.0,0,0,0.0,0,0,Normal Traffic
53,31056,2,86,43,43,43.0,0.0,142,142,142.0,0.0,11913.96188,128.7995878,10352.0,17883.43938,31002,4,50,50.0,0.0,50,50,4,4.0,0.0,4,4,64,40,64.39979392,64.39979392,43,142,82.6,54.22453319,2940.3,0,0,0,103.25,86,-1,-1,1,32,0.0,0,0,0.0,0,0,Normal Traffic
5101,39,2,4,2,2,2.0,0.0,6,6,6.0,0.0,410256.4103,102564.1026,13.0,19.92485885,36,1,2,2.0,0.0,2,2,1,1.0,0.0,1,1,48,40,51282.05128,51282.05128,2,6,3.6,2.19089023,4.8,0,1,0,4.5,4,1024,0,1,24,0.0,0,0,0.0,0,0,Normal Traffic
80,1874501,3,26,20,0,8.666666667,10.26320288,5840,0,2321.4,3173.373883,6205.918268,4.267802471,267785.8571,708019.89,1873424,3,781,390.5,481.539718,731,50,1874291,468572.75,936567.5487,1873424,3,72,112,1.600425927,2.667376544,0,5840,1292.555556,2554.159212,6523729.278,0,1,0,1454.125,26,8192,229,2,20,0.0,0,0,0.0,0,0,DDoS
25126,5719671,1,1375,1375,1375,1375.0,0.0,6,0,5.0,2.449489743,245.6434994,1.223846616,953278.5,2324355.499,5697840,3,0,0.0,0.0,0,0,5715884,1143176.8,2546139.308,5697840,3,20,132,0.174835231,1.049011385,0,1375,347.5,634.1901472,402197.1429,0,0,1,397.1428571,1375,229,0,0,20,21831.0,21831,21831,5697840.0,5697840,5697840,Normal Traffic
443,637984,14,840,357,0,60.0,113.3245849,1448,0,636.8888889,715.1652684,10301.19878,36.05106084,28999.27273,103245.4657,488785,1,637984,49075.69231,132638.5443,488785,1,596080,74510.0,178378.8158,513353,2,460,296,21.94412399,14.10693685,0,1448,273.8333333,517.5215741,267828.5797,0,1,0,285.7391304,840,65535,972,6,32,0.0,0,0,0.0,0,0,Normal Traffic
53,442,1,78,78,78,78.0,0.0,159,159,159.0,0.0,536199.095022625,4524.8868778281,442.0,0.0,442,442,0,0.0,0.0,0,0,0,0.0,0.0,0,0,40,40,2262.443438914,2262.443438914,78,159,105.0,46.7653718044,2187.0,0,0,0,157.5,78,-1,-1,0,40,0.0,0,0,0.0,0,0,Normal Traffic
53,111130,2,88,44,44,44.0,0.0,73,73,73.0,0.0,2105.642041,35.99388104,37043.33333,64118.50485,111081,0,0,0.0,0.0,0,0,49,49.0,0.0,49,49,64,64,17.99694052,17.99694052,44,73,55.6,15.88395417,252.3,0,0,0,69.5,88,-1,-1,1,32,0.0,0,0,0.0,0,0,Normal Traffic
443,720753,8,1680,1037,0,210.0,379.0465482,2733,0,519.5714286,986.267857,7377.007102,20.8115679,51482.35714,73064.64389,206577,2,696265,99466.42857,88251.26326,229676,19046,696578,116096.3333,102235.2438,231177,4,184,152,11.09950288,9.712065021,0,2733,332.3125,698.4580845,487843.6958,0,1,0,354.4666667,1680,8192,64,3,20,0.0,0,0,0.0,0,0,Normal Traffic
53,185,2,118,59,59,59.0,0.0,187,187,187.0,0.0,2659459.459,21621.62162,61.66666667,101.6136474,179,3,3,3.0,0.0,3,3,3,3.0,0.0,3,3,40,40,10810.81081,10810.81081,59,187,110.2,70.10848736,4915.2,0,0,0,137.75,118,-1,-1,1,20,0.0,0,0,0.0,0,0,Normal Traffic
64543,26,1,6,6,6,6.0,0.0,6,6,6.0,0.0,461538.461538462,76923.0769230769,26.0,0.0,26,26,0,0.0,0.0,0,0,0,0.0,0.0,0,0,20,20,38461.5384615385,38461.5384615385,6,6,6.0,0.0,0.0,0,0,1,9.0,6,343,255,0,20,0.0,0,0,0.0,0,0,Normal Traffic
49688,28,1,6,6,6,6.0,0.0,6,6,6.0,0.0,428571.4286,71428.57143,28.0,0.0,28,28,0,0.0,0.0,0,0,0,0.0,0.0,0,0,20,20,35714.28571,35714.28571,6,6,6.0,0.0,0.0,0,0,1,9.0,6,114,16195,0,20,0.0,0,0,0.0,0,0,Normal Traffic
53,50474,2,82,41,41,41.0,0.0,91,91,91.0,0.0,5230.41566,79.24872211,16824.66667,29097.01889,50423,3,48,48.0,0.0,48,48,3,3.0,0.0,3,3,64,64,39.62436106,39.62436106,41,91,61.0,27.38612788,750.0,0,0,0,76.25,82,-1,-1,1,32,0.0,0,0,0.0,0,0,Normal Traffic
52466,185,1,0,0,0,0.0,0.0,0,0,0.0,0.0,0.0,10810.81081,185.0,0.0,185,185,0,0.0,0.0,0,0,0,0.0,0.0,0,0,32,32,5405.405405,5405.405405,0,0,0.0,0.0,0.0,0,0,1,0.0,0,126,33304,0,32,0.0,0,0,0.0,0,0,Normal Traffic
443,105203590,22,1379,252,0,62.68181818,74.93386695,388,0,102.1875,127.4857203,44.19050719,0.513290469,1984973.396,9595740.694,58300000,0,105000000,5009694.762,15000000.0,58400000,338,105000000,3390858.419,12500000.0,58300000,1,440,640,0.209118339,0.304172129,0,388,85.36363636,109.1781357,11919.86532,0,0,1,86.94444444,1379,255,480,13,20,3477108.5,6867449,86768,49100000.0,58300000,39900000,Normal Traffic
49931,3,2,12,6,6,6.0,0.0,0,0,0.0,0.0,4000000.0,666666.666666667,3.0,0.0,3,3,3,3.0,0.0,3,3,0,0.0,0.0,0,0,40,0,666666.666666667,0.0,6,6,6.0,0.0,0.0,0,0,1,9.0,12,5932,-1,1,20,0.0,0,0,0.0,0,0,Normal Traffic
443,5116234,5,123,46,0,24.6,23.27659769,46,46,46.0,0.0,33.03210916,1.172737603,1023246.8,2260329.355,5066467,47,5116234,1279058.5,2525045.911,5066467,47,0,0.0,0.0,0,0,160,32,0.977281336,0.195456267,0,46,30.71428571,21.68497395,470.2380952,0,0,1,35.83333333,123,332,179,2,32,49449.0,49449,49449,5066467.0,5066467,5066467,Normal Traffic
53,230,2,68,34,34,34.0,0.0,130,130,130.0,0.0,1426086.957,17391.30435,76.66666667,129.3303264,226,1,1,1.0,0.0,1,1,3,3.0,0.0,3,3,64,64,8695.652174,8695.652174,34,130,72.4,52.58136552,2764.8,0,0,0,90.5,68,-1,-1,1,32,0.0,0,0,0.0,0,0,Normal Traffic
137,2999900,3,150,50,50,50.0,0.0,0,0,0.0,0.0,50.00166672,1.000033334,1499950.0,147.0782105,1500054,1499846,2999900,1499950.0,147.0782105,1500054,1499846,0,0.0,0.0,0,0,84,0,1.000033334,0.0,50,50,50.0,0.0,0.0,0,0,0,66.66666667,150,-1,-1,2,20,0.0,0,0,0.0,0,0,Normal Traffic
80,5455379,3,0,0,0,0.0,0.0,0,0,0.0,0.0,0.0,0.733221285,1818459.667,3119574.665,5420579,128,5455379,2727689.5,3808320.853,5420579,34800,0,0.0,0.0,0,0,72,32,0.549915964,0.183305321,0,0,0.0,0.0,0.0,0,1,0,0.0,0,8192,8190,0,20,0.0,0,0,0.0,0,0,Normal Traffic
80,84902250,7,620,301,0,88.57142857,145.1411464,5792,0,1656.428571,2120.732252,143.8713344,0.164895512,6530942.308,23400000.0,84500000,6,84800000,14100000.0,34500000.0,84500000,6,84900000,14200000.0,34500000.0,84500000,46,196,232,0.082447756,0.082447756,0,5792,814.7333333,1612.801709,2601129.352,1,0,0,872.9285714,620,0,235,4,20,18014.0,18014,18014,84500000.0,84500000,84500000,DoS
53,31816,1,53,53,53,53.0,0.0,117,117,117.0,0.0,5343.223535,62.86145336,31816.0,0.0,31816,31816,0,0.0,0.0,0,0,0,0.0,0.0,0,0,32,32,31.43072668,31.43072668,53,117,74.33333333,36.95041723,1365.333333,0,0,0,111.5,53,-1,-1,0,32,0.0,0,0,0.0,0,0,Normal Traffic
53,196,2,82,41,41,41.0,0.0,127,127,127.0,0.0,1714285.714,20408.16327,65.33333333,106.2324495,188,4,4,4.0,0.0,4,4,4,4.0,0.0,4,4,64,64,10204.08163,10204.08163,41,127,75.4,47.10413995,2218.8,0,0,0,94.25,82,-1,-1,1,32,0.0,0,0,0.0,0,0,Normal Traffic
53,30807,2,66,33,33,33.0,0.0,87,87,87.0,0.0,7790.43723829,129.8406206382,10269.0,17781.2335905021,30801,3,3,3.0,0.0,3,3,3,3.0,0.0,3,3,64,40,64.9203103191,64.9203103191,33,87,54.6,29.5770181053,874.8,0,0,0,68.25,66,-1,-1,1,32,0.0,0,0,0.0,0,0,Normal Traffic
53,44750,2,68,34,34,34.0,0.0,90,90,90.0,0.0,5541.899441,89.38547486,14916.66667,25790.53591,44697,3,3,3.0,0.0,3,3,50,50.0,0.0,50,50,64,64,44.69273743,44.69273743,34,90,56.4,30.67246322,940.8,0,0,0,70.5,68,-1,-1,1,32,0.0,0,0,0.0,0,0,Normal Traffic
443,63047403,15,2180,1852,0,145.3333333,475.6480792,1606,0,249.5,552.0534743,89.97991559,0.459971365,2251692.964,4138706.284,10000000,73,63000000,4503385.929,5004433.266,10100000,50537,63000000,4845921.846,5048891.869,10100000,248,312,364,0.237916223,0.222055142,0,1852,189.1,499.8227513,249822.7828,0,1,0,195.6206897,2180,8192,133,9,20,461339.0,2516477,50156,9997287.333,10000000,9988515,Normal Traffic
57816,72,1,6,6,6,6.0,0.0,6,6,6.0,0.0,166666.666666667,27777.7777777778,72.0,0.0,72,72,0,0.0,0.0,0,0,0,0.0,0.0,0,0,20,20,13888.8888888889,13888.8888888889,6,6,6.0,0.0,0.0,0,0,1,9.0,6,1619,258,0,20,0.0,0,0,0.0,0,0,Normal Traffic
53,1226,2,76,38,38,38.0,0.0,82,82,82.0,0.0,195758.5644,3262.642741,408.6666667,663.1631272,1174,4,48,48.0,0.0,48,48,4,4.0,0.0,4,4,64,64,1631.32137,1631.32137,38,82,55.6,24.09979253,580.8,0,0,0,69.5,76,-1,-1,1,32,0.0,0,0,0.0,0,0,Normal Traffic
50206,30358,3,0,0,0,0.0,0.0,0,0,0.0,0.0,0.0,98.82073918,15179.0,21460.69081,30354,4,30358,15179.0,21460.69081,30354,4,0,0.0,0.0,0,0,96,0,98.82073918,0.0,0,0,0.0,0.0,0.0,0,0,1,0.0,0,349,-1,0,32,0.0,0,0,0.0,0,0,Normal Traffic
53,31525,2,68,34,34,34.0,0.0,82,82,82.0,0.0,7359.2386994449,126.8834258525,10508.3333333333,18116.9627789355,31428,48,49,49.0,0.0,49,49,48,48.0,0.0,48,48,64,88,63.4417129262,63.4417129262,34,82,53.2,26.2906827602,691.2,0,0,0,66.5,68,-1,-1,1,32,0.0,0,0,0.0,0,0,Normal Traffic
80,95486,1,0,0,0,0.0,0.0,0,0,0.0,0.0,0.0,20.9454789184,95486.0,0.0,95486,95486,0,0.0,0.0,0,0,0,0.0,0.0,0,0,32,32,10.4727394592,10.4727394592,0,0,0.0,0.0,0.0,0,0,1,0.0,0,238,31,0,32,0.0,0,0,0.0,0,0,Normal Traffic
80,896903,3,26,20,0,8.666666667,10.26320288,5840,0,2321.4,3173.373883,12970.18741,8.919582162,128129.0,338691.9316,896210,3,570,285.0,337.9970414,524,46,896887,224221.75,447992.2514,896210,3,72,112,3.344843311,5.574738851,0,5840,1292.555556,2554.159212,6523729.278,0,1,0,1454.125,26,8192,229,2,20,0.0,0,0,0.0,0,0,DDoS
80,100020685,8,371,341,0,46.375,119.0773308,4344,0,1932.5,2181.008184,119.6352534,0.139971047,7693898.846,27700000.0,99800000,1,99900000,14300000.0,37700000.0,99800000,1,100000000,20000000.0,44600000.0,99900000,65,204,200,0.079983455,0.059987592,0,4344,798.1333333,1620.241731,2625183.267,1,0,0,855.1428571,371,0,235,5,20,20017.0,20017,20017,99800000.0,99800000,99800000,DoS
80,116009358,17,519,435,0,30.52941176,104.2485717,796,0,106.5333333,279.9269973,18.24852785,0.275839816,3742237.355,4807247.451,10000000,73,116000000,7250584.875,4424089.811,10000000,289,111000000,7895222.357,4231093.104,10000000,727,364,444,0.146539902,0.129299914,0,796,64.15151515,203.1923536,41287.13258,0,1,0,66.15625,519,8192,288,15,20,58915.45455,302827,34417,9989579.909,10000000,9782890,Normal Traffic
135,13874536,11,686,168,0,62.36363636,80.65143858,172,0,93.33333333,77.75517132,89.804805,1.2252662,867158.5,3456298.705,13800000,2,13900000,1387453.6,4371259.312,13800000,2,473,94.6,87.53170854,214,5,244,144,0.792819306,0.432446894,0,172,69.22222222,78.24287643,6121.947712,0,1,0,73.29411765,686,8192,2052,9,20,0.0,0,0,0.0,0,0,Normal Traffic
53,149,2,62,31,31,31.0,0.0,47,47,47.0,0.0,1046979.86577181,26845.6375838926,49.6666666667,50.0533049192,101,1,1,1.0,0.0,1,1,47,47.0,0.0,47,47,40,40,13422.8187919463,13422.8187919463,31,47,37.4,8.7635609201,76.8,0,0,0,46.75,62,-1,-1,1,20,0.0,0,0,0.0,0,0,Normal Traffic
53,107085463,2,109,55,54,54.5,0.707106781,107,71,89.0,25.45584412,2.68010234,0.037353343,35700000.0,61600000.0,107000000,417,107000000,107000000.0,0.0,107000000,107000000,107000000,107000000.0,0.0,107000000,107000000,64,64,0.018676671,0.018676671,54,107,68.4,22.7112307,515.8,0,0,0,85.5,109,-1,-1,1,32,204842.0,204842,204842,107000000.0,107000000,107000000,Normal Traffic
53,191,2,100,50,50,50.0,0.0,78,78,78.0,0.0,1340314.136,20942.40838,63.66666667,73.4325087,144,0,0,0.0,0.0,0,0,47,47.0,0.0,47,47,64,64,10471.20419,10471.20419,50,78,61.2,15.33623161,235.2,0,0,0,76.5,100,-1,-1,1,32,0.0,0,0,0.0,0,0,Normal Traffic
53,24117,2,70,35,35,35.0,0.0,73,73,73.0,0.0,8956.337853,165.8581084,8039.0,13917.89427,24110,3,3,3.0,0.0,3,3,4,4.0,0.0,4,4,40,40,82.92905419,82.92905419,35,73,50.2,20.81345719,433.2,0,0,0,62.75,70,-1,-1,1,20,0.0,0,0,0.0,0,0,Normal Traffic
53,45963,1,45,45,45,45.0,0.0,90,90,90.0,0.0,2937.1450949677,43.5132606662,45963.0,0.0,45963,45963,0,0.0,0.0,0,0,0,0.0,0.0,0,0,20,32,21.7566303331,21.7566303331,45,90,60.0,25.9807621135,675.0,0,0,0,90.0,45,-1,-1,0,20,0.0,0,0,0.0,0,0,Normal Traffic
53,60538,1,39,39,39,39.0,0.0,90,90,90.0,0.0,2130.892993,33.03710066,60538.0,0.0,60538,60538,0,0.0,0.0,0,0,0,0.0,0.0,0,0,20,20,16.51855033,16.51855033,39,90,56.0,29.44486373,867.0,0,0,0,84.0,39,-1,-1,0,20,0.0,0,0,0.0,0,0,Normal Traffic
123,117,2,96,48,48,48.0,0.0,48,48,48.0,0.0,1641025.641,34188.03419,39.0,61.48983656,110,3,4,4.0,0.0,4,4,3,3.0,0.0,3,3,64,64,17094.01709,17094.01709,48,48,48.0,0.0,0.0,0,0,0,60.0,96,-1,-1,1,32,0.0,0,0,0.0,0,0,Normal Traffic
443,113794977,21,2357,1398,0,112.2380952,326.281459,1418,0,271.95,507.4054203,68.50917506,0.360297098,2844874.425,4492699.991,10000000,4,114000000,5687920.95,4977125.887,10000000,233,114000000,5987296.105,4938082.406,10000000,4,680,648,0.184542416,0.175754682,0,1418,185.6190476,422.4646588,178476.3879,0,1,0,190.1463415,2357,29200,391,4,32,336130.9091,3239994,36235,10000000.0,10000000,9968000,Normal Traffic
80,82226466,8,56,20,0,7.0,5.656854249,11595,0,2901.75,5795.50069,141.8399764,0.145938414,7475133.273,23500000.0,78300000,3,81600000,11700000.0,29400000.0,78300000,3,628030,209343.3333,361782.9848,627094,6,172,92,0.097292276,0.048646138,0,11595,897.6153846,3214.167532,10300000.0,0,0,1,972.4166667,56,256,229,6,20,3298916.0,3298916,3298916,78300000.0,78300000,78300000,DDoS
443,15973105,10,1193,837,0,119.3,262.0873688,341,0,64.625,118.9717103,107.0549527,1.126894239,939594.4118,2643872.181,9790574,2,16000000,1774789.444,3529968.847,9790574,3,10300000,1472969.857,3805555.267,10100000,2,212,172,0.626052355,0.500841884,0,837,90.0,202.6387042,41062.44444,0,1,0,95.0,1193,8192,10240,5,20,311522.0,520417,102627,7675029.0,9790574,5559484,Normal Traffic
53,850892,6,254,51,38,42.33333333,6.713171133,79,70,74.5,5.196152423,648.7309788,11.7523728,94543.55556,260736.5519,788926,3,820065,164013.0,349672.2378,789065,3,850754,283584.6667,491176.1227,850746,4,144,80,7.051423682,4.700949122,38,79,54.81818182,16.75003392,280.5636364,0,0,0,60.3,254,-1,-1,5,20,0.0,0,0,0.0,0,0,Normal Traffic
6547,56,1,0,0,0,0.0,0.0,6,6,6.0,0.0,107142.8571,35714.28571,56.0,0.0,56,56,0,0.0,0.0,0,0,0,0.0,0.0,0,0,40,20,17857.14286,17857.14286,0,6,2.0,3.464101615,12.0,0,1,0,3.0,0,29200,0,0,40,0.0,0,0,0.0,0,0,Port Scanning
80,5978806,3,0,0,0,0.0,0.0,0,0,0.0,0.0,0.0,0.669029903,1992935.333,3351624.957,5862477,67,5978806,2989403.0,4063140.217,5862477,116329,0,0.0,0.0,0,0,104,40,0.501772427,0.167257476,0,0,0.0,0.0,0.0,0,1,0,0.0,0,29200,28960,0,32,0.0,0,0,0.0,0,0,Normal Traffic
6567,27,1,2,2,2,2.0,0.0,6,6,6.0,0.0,296296.2963,74074.07407,27.0,0.0,27,27,0,0.0,0.0,0,0,0,0.0,0.0,0,0,24,20,37037.03704,37037.03704,2,6,3.333333333,2.309401077,5.333333333,0,1,0,5.0,2,1024,0,0,24,0.0,0,0,0.0,0,0,Port Scanning
1044,52,1,0,0,0,0.0,0.0,6,6,6.0,0.0,115384.6154,38461.53846,52.0,0.0,52,52,0,0.0,0.0,0,0,0,0.0,0.0,0,0,40,20,19230.76923,19230.76923,0,6,2.0,3.464101615,12.0,0,1,0,3.0,0,29200,0,0,40,0.0,0,0,0.0,0,0,Port Scanning
53,48548,1,43,43,43,43.0,0.0,75,75,75.0,0.0,2430.584164,41.19634176,48548.0,0.0,48548,48548,0,0.0,0.0,0,0,0,0.0,0.0,0,0,20,20,20.59817088,20.59817088,43,75,53.66666667,18.47520861,341.3333333,0,0,0,80.5,43,-1,-1,0,20,0.0,0,0,0.0,0,0,Normal Traffic
49741,54,1,6,6,6,6.0,0.0,6,6,6.0,0.0,222222.2222,37037.03704,54.0,0.0,54,54,0,0.0,0.0,0,0,0,0.0,0.0,0,0,20,20,18518.51852,18518.51852,6,6,6.0,0.0,0.0,0,0,1,9.0,6,351,253,0,20,0.0,0,0,0.0,0,0,Normal Traffic
53,261,2,68,34,34,34.0,0.0,386,386,386.0,0.0,3218390.8045977,15325.6704980843,87.0,144.6271067262,254,3,3,3.0,0.0,3,3,4,4.0,0.0,4,4,64,64,7662.8352490422,7662.8352490422,34,386,174.8,192.7983402418,37171.2,0,0,0,218.5,68,-1,-1,1,32,0.0,0,0,0.0,0,0,Normal Traffic
53,71252,1,42,42,42,42.0,0.0,165,165,165.0,0.0,2905.181609,28.06938753,71252.0,0.0,71252,71252,0,0.0,0.0,0,0,0,0.0,0.0,0,0,20,32,14.03469376,14.03469376,42,165,83.0,71.01408311,5043.0,0,0,0,124.5,42,-1,-1,0,20,0.0,0,0,0.0,0,0,Normal Traffic
1272,17,1,2,2,2,2.0,0.0,6,6,6.0,0.0,470588.2353,117647.0588,17.0,0.0,17,17,0,0.0,0.0,0,0,0,0.0,0.0,0,0,24,20,58823.52941,58823.52941,2,6,3.333333333,2.309401077,5.333333333,0,1,0,5.0,2,1024,0,0,24,0.0,0,0,0.0,0,0,Port Scanning
53,492,1,88,88,88,88.0,0.0,166,166,166.0,0.0,516260.162601626,4065.0406504065,492.0,0.0,492,492,0,0.0,0.0,0,0,0,0.0,0.0,0,0,32,32,2032.5203252033,2032.5203252033,88,166,114.0,45.0333209968,2028.0,0,0,0,171.0,88,-1,-1,0,32,0.0,0,0,0.0,0,0,Normal Traffic
443,2558,4,64,46,6,16.0,20.0,0,0,0.0,0.0,25019.54652,1563.721658,852.6666667,1304.782102,2355,3,2558,852.6666667,1304.782102,2355,3,0,0.0,0.0,0,0,80,0,1563.721658,0.0,6,46,14.0,17.88854382,320.0,0,0,1,17.5,64,255,-1,3,20,0.0,0,0,0.0,0,0,Normal Traffic
53,166,2,104,52,52,52.0,0.0,68,68,68.0,0.0,1445783.133,24096.38554,55.33333333,89.77935917,159,3,4,4.0,0.0,4,4,3,3.0,0.0,3,3,40,40,12048.19277,12048.19277,52,68,58.4,8.76356092,76.8,0,0,0,73.0,104,-1,-1,1,20,0.0,0,0,0.0,0,0,Normal Traffic
53,39453,1,47,47,47,47.0,0.0,63,63,63.0,0.0,2788.127646,50.69322992,39453.0,0.0,39453,39453,0,0.0,0.0,0,0,0,0.0,0.0,0,0,40,20,25.34661496,25.34661496,47,63,52.33333333,9.237604307,85.33333333,0,0,0,78.5,47,-1,-1,0,40,0.0,0,0,0.0,0,0,Normal Traffic
443,614,2,0,0,0,0.0,0.0,0,0,0.0,0.0,0.0,3257.32899,614.0,0.0,614,614,614,614.0,0.0,614,614,0,0.0,0.0,0,0,64,0,3257.32899,0.0,0,0,0.0,0.0,0.0,0,0,1,0.0,0,342,-1,0,32,0.0,0,0,0.0,0,0,Normal Traffic
51732,221,1,0,0,0,0.0,0.0,0,0,0.0,0.0,0.0,13574.66063,110.5,154.8563851,220,1,0,0.0,0.0,0,0,1,1.0,0.0,1,1,32,64,4524.886878,9049.773756,0,0,0.0,0.0,0.0,0,0,1,0.0,0,395,229,0,32,0.0,0,0,0.0,0,0,Normal Traffic
80,211548,1,6,6,6,6.0,0.0,6,6,6.0,0.0,56.72471496,9.45411916,211548.0,0.0,211548,211548,0,0.0,0.0,0,0,0,0.0,0.0,0,0,20,20,4.72705958,4.72705958,6,6,6.0,0.0,0.0,0,0,1,9.0,6,262,154,0,20,0.0,0,0,0.0,0,0,Normal Traffic
443,4,2,37,37,0,18.5,26.1629509,0,0,0.0,0.0,9250000.0,500000.0,4.0,0.0,4,4,4,4.0,0.0,4,4,0,0.0,0.0,0,0,64,0,500000.0,0.0,0,37,24.66666667,21.36195996,456.3333333,0,0,1,37.0,37,65535,-1,0,32,0.0,0,0,0.0,0,0,Normal Traffic
9081,50,2,4,2,2,2.0,0.0,6,6,6.0,0.0,320000.0,80000.0,16.66666667,27.13546265,48,1,1,1.0,0.0,1,1,48,48.0,0.0,48,48,48,40,40000.0,40000.0,2,6,3.6,2.19089023,4.8,0,1,0,4.5,4,1024,0,1,24,0.0,0,0,0.0,0,0,Normal Traffic
443,11379101,14,2855,517,0,203.9285714,232.4463426,562,0,189.125,261.6544477,516.8246595,2.636412138,392382.7931,994077.0545,4959007,165,6419871,493836.2308,611429.9571,1810978,19774,11300000,752896.8667,1349249.094,4999542,223,292,332,1.230325665,1.406086474,0,562,189.7096774,242.7741328,58939.27957,0,1,0,196.0333333,2855,8192,70,13,20,0.0,0,0,0.0,0,0,Normal Traffic
53,197,2,62,31,31,31.0,0.0,47,47,47.0,0.0,791878.172588833,20304.5685279188,65.6666666667,108.5418506077,191,3,3,3.0,0.0,3,3,3,3.0,0.0,3,3,40,80,10152.2842639594,10152.2842639594,31,47,37.4,8.7635609201,76.8,0,0,0,46.75,62,-1,-1,1,20,0.0,0,0,0.0,0,0,Normal Traffic
53,199,2,72,36,36,36.0,0.0,68,68,68.0,0.0,1045226.131,20100.50251,66.33333333,32.62412195,104,47,48,48.0,0.0,48,48,47,47.0,0.0,47,47,64,64,10050.25126,10050.25126,36,68,48.8,17.52712184,307.2,0,0,0,61.0,72,-1,-1,1,32,0.0,0,0,0.0,0,0,Normal Traffic
53,51262,2,66,33,33,33.0,0.0,61,61,61.0,0.0,3667.433966681,78.0305099294,17087.3333333333,29595.2634780185,51261,0,0,0.0,0.0,0,0,1,1.0,0.0,1,1,88,64,39.0152549647,39.0152549647,33,61,44.2,15.3362316101,235.2,0,0,0,55.25,66,-1,-1,1,44,0.0,0,0,0.0,0,0,Normal Traffic
80,1731751,3,26,20,0,8.666666667,10.26320288,11595,0,2901.75,5795.50069,6717.478437,4.042151556,288625.1667,706688.0152,1731146,4,548,274.0,299.8132752,486,62,1731704,577234.6667,999316.5662,1731146,4,72,92,1.732350667,2.309800889,0,11595,1454.125,4097.537534,16800000.0,0,1,0,1661.857143,26,8192,229,2,20,0.0,0,0,0.0,0,0,DDoS
55046,1,2,37,31,6,18.5,17.6776695297,0,0,0.0,0.0,37000000.0,2000000.0,1.0,0.0,1,1,1,1.0,0.0,1,1,0,0.0,0.0,0,0,40,0,2000000.0,0.0,6,31,22.6666666667,14.4337567297,208.3333333333,0,0,1,34.0,37,110,-1,1,20,0.0,0,0,0.0,0,0,Normal Traffic
80,648859,3,26,20,0,8.666666667,10.26320288,11595,0,2901.75,5795.50069,17928.3943,10.78816815,108143.1667,264433.6616,647916,5,739,369.5,188.7975106,503,236,648841,216280.3333,373807.7325,647916,5,72,92,4.623500637,6.164667516,0,11595,1454.125,4097.537534,16800000.0,0,1,0,1661.857143,26,8192,229,2,20,0.0,0,0,0.0,0,0,DDoS
443,335474,2,12,6,6,6.0,0.0,0,0,0.0,0.0,35.77028324,5.961713874,335474.0,0.0,335474,335474,335474,335474.0,0.0,335474,335474,0,0.0,0.0,0,0,40,0,5.961713874,0.0,6,6,6.0,0.0,0.0,0,0,1,9.0,12,254,-1,1,20,0.0,0,0,0.0,0,0,Normal Traffic
40291,41,1,0,0,0,0.0,0.0,0,0,0.0,0.0,0.0,48780.4878048781,41.0,0.0,41,41,0,0.0,0.0,0,0,0,0.0,0.0,0,0,32,32,24390.243902439,24390.243902439,0,0,0.0,0.0,0.0,0,0,1,0.0,0,4728,36200,0,32,0.0,0,0,0.0,0,0,Normal Traffic
80,8999451,3,0,0,0,0.0,0.0,0,0,0.0,0.0,0.0,0.3333536679,4499725.5,2122848.40131379,6000806,2998645,8999451,4499725.5,2122848.40131379,6000806,2998645,0,0.0,0.0,0,0,92,0,0.3333536679,0.0,0,0,0.0,0.0,0.0,0,1,0,0.0,0,8192,-1,0,28,2998645.0,2998645,2998645,6000806.0,6000806,6000806,Normal Traffic
50632,308,3,43,31,6,14.33333333,14.43375673,6,6,6.0,0.0,159090.9091,12987.01299,102.6666667,135.7215286,259,15,308,154.0,148.492424,259,49,0,0.0,0.0,0,0,60,20,9740.25974,3246.753247,6,31,11.0,11.18033989,125.0,0,0,1,13.75,43,340,0,2,20,0.0,0,0,0.0,0,0,Normal Traffic
80,115851351,17,589,499,0,34.64705882,119.6698276,1460,2,416.4705882,659.0476195,66.19689744,0.29347953,3510647.0,4726542.124,10000000,1,116000000,7240709.438,4479036.18,10100000,170,111000000,6940441.25,4820430.05,10100000,2,352,344,0.146739765,0.146739765,0,1460,219.1142857,499.0362931,249037.2218,0,1,0,225.5588235,589,8192,8190,16,20,98626.45455,217223,86589,9996560.636,10000000,9959351,Normal Traffic
53560,40,1,0,0,0,0.0,0.0,0,0,0.0,0.0,0.0,50000.0,40.0,0.0,40,40,0,0.0,0.0,0,0,0,0.0,0.0,0,0,20,20,25000.0,25000.0,0,0,0.0,0.0,0.0,0,0,1,0.0,0,13140,62831,0,20,0.0,0,0,0.0,0,0,Normal Traffic
3048,263,2,0,0,0,0.0,0.0,0,0,0.0,0.0,0.0,7604.562738,263.0,0.0,263,263,263,263.0,0.0,263,263,0,0.0,0.0,0,0,40,0,7604.562738,0.0,0,0,0.0,0.0,0.0,0,0,1,0.0,0,123,-1,0,20,0.0,0,0,0.0,0,0,Normal Traffic
53,24071,2,72,36,36,36.0,0.0,52,52,52.0,0.0,7311.702879,166.1750654,8023.666667,13852.38248,24019,4,48,48.0,0.0,48,48,4,4.0,0.0,4,4,40,40,83.08753272,83.08753272,36,52,42.4,8.76356092,76.8,0,0,0,53.0,72,-1,-1,1,20,0.0,0,0,0.0,0,0,Normal Traffic
80,9992124,5,403,391,0,80.6,173.5448069,545,0,220.4,296.3280277,150.6186272,1.000788221,1110236.0,2057261.649,4760280,22,5277962,1319490.5,2297624.735,4760280,73892,9906818,2476704.5,2661705.317,4845761,61197,124,112,0.50039411,0.50039411,0,545,136.8181818,232.6292407,54116.36364,0,1,0,150.5,403,8192,60,3,20,0.0,0,0,0.0,0,0,Normal Traffic
52912,1,2,12,6,6,6.0,0.0,0,0,0.0,0.0,12000000.0,2000000.0,1.0,0.0,1,1,1,1.0,0.0,1,1,0,0.0,0.0,0,0,40,0,2000000.0,0.0,6,6,6.0,0.0,0.0,1,0,0,9.0,12,0,-1,1,20,0.0,0,0,0.0,0,0,Normal Traffic
443,151012,20,897,421,0,44.85,108.8897438503,2796,0,1269.2727272727,784.7852713182,190852.382592112,278.1235928271,3683.2195121951,7779.1743023029,23307,1,151012,7948.0,10164.7723317129,23564,1,124869,5946.1428571429,12882.0090447326,44607,1,652,712,132.4398061081,145.6837867189,0,2796,670.2558139535,835.5905836457,698211.623477298,0,1,0,686.2142857143,897,65535,118,6,32,0.0,0,0,0.0,0,0,Normal Traffic
53,3745480,2,96,51,45,48.0,4.242640687,216,135,175.5,57.27564928,119.3438491,1.067953907,1248493.333,2019706.798,3579660,24071,3721409,3721409.0,0.0,3721409,3721409,3603731,3603731.0,0.0,3603731,3603731,64,40,0.533976954,0.533976954,45,216,98.4,76.02499589,5779.8,0,0,0,123.0,96,-1,-1,1,32,0.0,0,0,0.0,0,0,Normal Traffic
53,60885,2,84,42,42,42.0,0.0,142,142,142.0,0.0,6044.181654,65.69762667,20295.0,35147.64102,60880,2,3,3.0,0.0,3,3,2,2.0,0.0,2,2,64,80,32.84881334,32.84881334,42,142,82.0,54.77225575,3000.0,0,0,0,102.5,84,-1,-1,1,32,0.0,0,0,0.0,0,0,Normal Traffic
53,236847,1,53,53,53,53.0,0.0,230,230,230.0,0.0,1194.8641950289,8.4442699295,236847.0,0.0,236847,236847,0,0.0,0.0,0,0,0,0.0,0.0,0,0,20,32,4.2221349648,4.2221349648,53,230,112.0,102.1909976466,10443.0,0,0,0,168.0,53,-1,-1,0,20,0.0,0,0,0.0,0,0,Normal Traffic
47925,1,2,31,31,0,15.5,21.92031022,0,0,0.0,0.0,31000000.0,2000000.0,1.0,0.0,1,1,1,1.0,0.0,1,1,0,0.0,0.0,0,0,64,0,2000000.0,0.0,0,31,20.66666667,17.89785834,320.3333333,0,0,1,31.0,31,292,-1,0,32,0.0,0,0,0.0,0,0,Normal Traffic
37890,55,1,0,0,0,0.0,0.0,0,0,0.0,0.0,0.0,36363.6363636364,55.0,0.0,55,55,0,0.0,0.0,0,0,0,0.0,0.0,0,0,32,32,18181.8181818182,18181.8181818182,0,0,0.0,0.0,0.0,0,0,1,0.0,0,122,408,0,32,0.0,0,0,0.0,0,0,Normal Traffic
55481,2,2,37,31,6,18.5,17.6776695297,0,0,0.0,0.0,18500000.0,1000000.0,2.0,0.0,2,2,2,2.0,0.0,2,2,0,0.0,0.0,0,0,40,0,1000000.0,0.0,6,31,22.6666666667,14.4337567297,208.3333333333,0,0,1,34.0,37,110,-1,1,20,0.0,0,0,0.0,0,0,Normal Traffic
80,85013289,5,388,376,0,77.6,166.8376456,5792,0,1449.375,2046.673464,140.9544336,0.152917269,7084440.75,24500000.0,84900000,5,84900000,21200000.0,42400000.0,84900000,5,85000000,12100000.0,32100000.0,84900000,14,144,264,0.058814334,0.094102935,0,5792,856.3571429,1664.152064,2769402.093,1,0,0,922.2307692,388,0,235,2,20,3972.0,3972,3972,84900000.0,84900000,84900000,DoS
51770,3,2,0,0,0,0.0,0.0,0,0,0.0,0.0,0.0,666666.6667,3.0,0.0,3,3,3,3.0,0.0,3,3,0,0.0,0.0,0,0,64,0,666666.6667,0.0,0,0,0.0,0.0,0.0,0,0,1,0.0,0,4171,-1,0,32,0.0,0,0,0.0,0,0,Normal Traffic
39433,249,2,0,0,0,0.0,0.0,0,0,0.0,0.0,0.0,8032.1285140562,249.0,0.0,249,249,249,249.0,0.0,249,249,0,0.0,0.0,0,0,64,0,8032.1285140562,0.0,0,0,0.0,0.0,0.0,0,0,1,0.0,0,118,-1,0,32,0.0,0,0,0.0,0,0,Normal Traffic
55919,115,1,0,0,0,0.0,0.0,0,0,0.0,0.0,0.0,17391.30435,115.0,0.0,115,115,0,0.0,0.0,0,0,0,0.0,0.0,0,0,20,20,8695.652174,8695.652174,0,0,0.0,0.0,0.0,0,0,1,0.0,0,526,258,0,20,0.0,0,0,0.0,0,0,Normal Traffic
80,6196478,3,0,0,0,0.0,0.0,0,0,0.0,0.0,0.0,0.645527992,2065492.667,3556879.854,6172601,100,6196478,3098239.0,4347804.436,6172601,23877,0,0.0,0.0,0,0,104,40,0.484145994,0.161381998,0,0,0.0,0.0,0.0,0,1,0,0.0,0,29200,65535,0,32,0.0,0,0,0.0,0,0,Normal Traffic
53,24463,2,44,22,22,22.0,0.0,91,91,91.0,0.0,9238.441728,163.512243,8154.333333,14040.58123,24367,47,47,47.0,0.0,47,47,49,49.0,0.0,49,49,64,64,81.75612149,81.75612149,22,91,49.6,37.79285647,1428.3,0,0,0,62.0,44,-1,-1,1,32,0.0,0,0,0.0,0,0,Normal Traffic
443,232629,17,1503,1110,0,88.41176471,268.2445383,2920,2,1314.941176,653.4583451,102553.8518,146.1554664,7049.363636,13657.32474,39734,7,232622,14538.875,21176.08716,70461,48,199849,12490.5625,25527.33067,92346,48,360,344,73.07773321,73.07773321,0,2920,681.6285714,790.5484353,624966.8286,0,1,0,701.6764706,1503,29200,32190,16,20,0.0,0,0,0.0,0,0,Normal Traffic
53,99368,1,43,43,43,43.0,0.0,113,113,113.0,0.0,1569.921906,20.12720393,99368.0,0.0,99368,99368,0,0.0,0.0,0,0,0,0.0,0.0,0,0,20,20,10.06360196,10.06360196,43,113,66.33333333,40.41451884,1633.333333,0,0,0,99.5,43,-1,-1,0,20,0.0,0,0,0.0,0,0,Normal Traffic
53,190080,2,72,36,36,36.0,0.0,85,85,85.0,0.0,1273.148148,21.04377104,63360.0,109736.677,190073,3,3,3.0,0.0,3,3,4,4.0,0.0,4,4,40,64,10.52188552,10.52188552,36,85,55.6,26.83840532,720.3,0,0,0,69.5,72,-1,-1,1,20,0.0,0,0,0.0,0,0,Normal Traffic
443,5858872,9,379,186,0,42.11111111,75.69749739,1418,0,662.1666667,660.1649541,742.8050997,2.560219783,418490.8571,1193395.908,4368683,7,5858872,732359.0,1543451.359,4368683,68,1453375,290675.0,624402.2295,1407098,48,296,200,1.53613187,1.024087913,0,1418,272.0,495.8450027,245862.2667,0,1,0,290.1333333,379,29200,349,3,32,0.0,0,0,0.0,0,0,Normal Traffic
80,110608407,35,5244,437,0,149.8285714,210.4565745,796,0,415.3043478,406.5601191,133.769217,0.524372438,1940498.368,3829890.623,10200000,43,111000000,3252491.382,4540077.936,10200000,62,111000000,5026581.136,4812137.356,10200000,620,1128,744,0.316431643,0.207940794,0,796,250.779661,326.5410186,106629.0368,0,1,0,255.1034483,5244,29200,308,12,32,992391.4,9078790,23691,10100000.0,10200000,9001246,Normal Traffic
53230,94,1,6,6,6,6.0,0.0,6,6,6.0,0.0,127659.5745,21276.59574,94.0,0.0,94,94,0,0.0,0.0,0,0,0,0.0,0.0,0,0,20,20,10638.29787,10638.29787,6,6,6.0,0.0,0.0,0,0,1,9.0,6,14600,64240,0,20,0.0,0,0,0.0,0,0,Normal Traffic
80,85792173,10,644,322,0,64.4,135.7671209,4344,0,1932.5,1754.831473,142.6587015,0.186497199,5719478.2,22100000.0,85400000,1,85700000,9517510.556,28500000.0,85400000,1,361547,72309.4,104202.532,227108,43,328,200,0.11656075,0.06993645,0,4344,719.9411765,1350.937474,1825032.059,0,0,1,764.9375,644,251,235,2,32,999.0,999,999,85400000.0,85400000,85400000,DoS
443,216047,20,871,389,0,43.55,103.3779346,2896,0,1367.0,759.8703367,187524.011,226.8025013,4500.979167,10048.07681,47451,1,216047,11370.89474,13905.47446,47451,1,176426,6300.928571,17106.59988,72356,46,652,936,92.57244951,134.2300518,0,2896,810.28,877.9912612,770868.6547,0,1,0,826.8163265,871,65535,122,6,32,0.0,0,0,0.0,0,0,Normal Traffic
59502,18,1,0,0,0,0.0,0.0,0,0,0.0,0.0,0.0,111111.111111111,18.0,0.0,18,18,0,0.0,0.0,0,0,0,0.0,0.0,0,0,32,32,55555.5555555556,55555.5555555556,0,0,0.0,0.0,0.0,0,0,1,0.0,0,349,32832,0,32,0.0,0,0,0.0,0,0,Normal Traffic
50037,244185,6,11601,7300,0,1933.5,2864.553281,20,6,13.0,9.899494937,47615.5374,32.76204517,34883.57143,81344.70781,218155,70,244185,48837.0,95286.9657,218155,70,390,390.0,0.0,390,390,144,40,24.57153388,8.190511293,0,7300,1291.888889,2460.652985,6054813.111,0,1,0,1453.375,11601,8192,256,4,20,0.0,0,0,0.0,0,0,Normal Traffic
53,233,2,86,43,43,43.0,0.0,114,114,114.0,0.0,1347639.485,17167.38197,77.66666667,131.925484,230,1,1,1.0,0.0,1,1,2,2.0,0.0,2,2,64,64,8583.690987,8583.690987,43,114,71.4,38.88830158,1512.3,0,0,0,89.25,86,-1,-1,1,32,0.0,0,0,0.0,0,0,Normal Traffic
443,5558164,8,375,194,0,46.875,72.7411015667,1601,0,623.6,829.6163571194,628.4449325353,2.3389018388,463180.333333333,1546881.31256593,5374720,22,5558164,794023.428571429,2020071.98626879,5374720,48,118820,29705.0,32975.4641109619,64594,222,172,112,1.4393242085,0.8995776303,0,1601,249.5,546.3551606222,298503.961538462,0,1,0,268.6923076923,375,8192,110,7,20,183396.0,183396,183396,5374720.0,5374720,5374720,Normal Traffic
53,245,2,80,40,40,40.0,0.0,168,168,168.0,0.0,1697959.184,16326.53061,81.66666667,57.44852769,148,48,48,48.0,0.0,48,48,49,49.0,0.0,49,49,64,64,8163.265306,8163.265306,40,168,91.2,70.10848736,4915.2,0,0,0,114.0,80,-1,-1,1,32,0.0,0,0,0.0,0,0,Normal Traffic
53,169,2,54,27,27,27.0,0.0,91,91,91.0,0.0,1396449.704,23668.63905,56.33333333,92.37604307,163,3,3,3.0,0.0,3,3,3,3.0,0.0,3,3,64,64,11834.31953,11834.31953,27,91,52.6,35.05424368,1228.8,0,0,0,65.75,54,-1,-1,1,32,0.0,0,0,0.0,0,0,Normal Traffic
53,226,2,92,46,46,46.0,0.0,131,131,131.0,0.0,1566371.68141593,17699.1150442478,75.3333333333,129.616099823,225,0,0,0.0,0.0,0,0,1,1.0,0.0,1,1,64,64,8849.5575221239,8849.5575221239,46,131,80.0,46.5564173879,2167.5,0,0,0,100.0,92,-1,-1,1,32,0.0,0,0,0.0,0,0,Normal Traffic
123,68029968,2,96,48,48,48.0,0.0,48,48,48.0,0.0,2.822285614,0.058797617,22700000.0,39200000.0,68000000,23884,68000000,68000000.0,0.0,68000000,68000000,68000000,68000000.0,0.0,68000000,68000000,52,52,0.029398808,0.029398808,48,48,48.0,0.0,0.0,0,0,0,60.0,96,-1,-1,1,20,23884.0,23884,23884,68000000.0,68000000,68000000,Normal Traffic
80,3055784,5,30,6,6,6.0,0.0,0,0,0.0,0.0,9.81744783,1.636241305,763946.0,1523986.907,3049924,2,3055784,763946.0,1523986.907,3049924,2,0,0.0,0.0,0,0,100,0,1.636241305,0.0,6,6,6.0,0.0,0.0,0,0,1,7.2,30,256,-1,4,20,0.0,0,0,0.0,0,0,DDoS
55341,4,3,43,31,6,14.33333333,14.43375673,0,0,0.0,0.0,10800000.0,750000.0,2.0,1.414213562,3,1,4,2.0,1.414213562,3,1,0,0.0,0.0,0,0,60,0,750000.0,0.0,6,31,12.25,12.5,156.25,0,0,1,16.33333333,43,64,-1,2,20,0.0,0,0,0.0,0,0,Normal Traffic
53,151,2,90,45,45,45.0,0.0,61,61,61.0,0.0,1403973.51,26490.06623,50.33333333,81.11925378,144,3,4,4.0,0.0,4,4,3,3.0,0.0,3,3,40,40,13245.03311,13245.03311,45,61,51.4,8.76356092,76.8,0,0,0,64.25,90,-1,-1,1,20,0.0,0,0,0.0,0,0,Normal Traffic
53,100483,1,46,46,46,46.0,0.0,159,159,159.0,0.0,2040.146094,19.90386434,100483.0,0.0,100483,100483,0,0.0,0.0,0,0,0,0.0,0.0,0,0,40,20,9.951932168,9.951932168,46,159,83.66666667,65.24058042,4256.333333,0,0,0,125.5,46,-1,-1,0,40,0.0,0,0,0.0,0,0,Normal Traffic
53,31972,2,84,42,42,42.0,0.0,97,97,97.0,0.0,8695.10822,125.1094708,10657.33333,18416.62131,31923,2,2,2.0,0.0,2,2,47,47.0,0.0,47,47,64,64,62.55473539,62.55473539,42,97,64.0,30.12474066,907.5,0,0,0,80.0,84,-1,-1,1,32,0.0,0,0,0.0,0,0,Normal Traffic
80,52781,5,30,6,6,6.0,0.0,0,0,0.0,0.0,568.3863511,94.73105852,13195.25,25422.23328,51328,314,52781,13195.25,25422.23328,51328,314,0,0.0,0.0,0,0,100,0,94.73105852,0.0,6,6,6.0,0.0,0.0,0,0,1,7.2,30,256,-1,4,20,0.0,0,0,0.0,0,0,DDoS
80,98375633,6,312,294,0,52.0,118.5917366,5792,0,1656.428571,2429.118623,121.03607,0.132146545,8197969.417,28400000.0,98400000,5,98400000,19700000.0,44000000.0,98400000,5,98400000,16400000.0,40200000.0,98400000,47,164,232,0.060990713,0.071155832,0,5792,850.9285714,1851.391596,3427650.841,1,0,0,916.3846154,312,0,235,3,20,13967.0,13967,13967,98400000.0,98400000,98400000,DoS
80,3302051,5,30,6,6,6.0,0.0,0,0,0.0,0.0,9.085262463,1.51421041,825512.75,1647024.261,3296047,4,3302051,825512.75,1647024.261,3296047,4,0,0.0,0.0,0,0,100,0,1.51421041,0.0,6,6,6.0,0.0,0.0,0,0,1,7.2,30,256,-1,4,20,0.0,0,0,0.0,0,0,DDoS
80,3963894,5,30,6,6,6.0,0.0,0,0,0.0,0.0,7.568315399,1.2613859,990973.5,1980639.721,3961933,5,3963894,990973.5,1980639.721,3961933,5,0,0.0,0.0,0,0,100,0,1.2613859,0.0,6,6,6.0,0.0,0.0,0,0,1,7.2,30,256,-1,4,20,0.0,0,0,0.0,0,0,DDoS
80,98274899,6,394,376,0,65.66666667,152.0600758,8688,0,1932.5,3506.021777,121.9945288,0.12210646,8934081.727,29600000.0,98200000,2,98300000,19700000.0,43900000.0,98200000,2,98300000,19700000.0,43900000.0,98300000,188,164,200,0.06105323,0.06105323,0,8688,922.6923077,2465.463222,6078508.897,1,0,0,999.5833333,394,0,235,3,20,11008.0,11008,11008,98200000.0,98200000,98200000,DoS
53,238,2,78,39,39,39.0,0.0,170,170,170.0,0.0,1756302.521,16806.72269,79.33333333,135.6773133,236,1,1,1.0,0.0,1,1,1,1.0,0.0,1,1,64,64,8403.361345,8403.361345,39,170,91.4,71.75165503,5148.3,0,0,0,114.25,78,-1,-1,1,32,0.0,0,0,0.0,0,0,Normal Traffic
57316,148219,2,12,6,6,6.0,0.0,6,6,6.0,0.0,121.4419204,20.24032007,74109.5,104716.1503,148155,64,148219,148219.0,0.0,148219,148219,0,0.0,0.0,0,0,40,20,13.49354671,6.746773356,6,6,6.0,0.0,0.0,1,0,1,8.0,12,544,255,1,20,0.0,0,0,0.0,0,0,Normal Traffic
80,174758,4,428,428,0,107.0,214.0,2267,0,566.75,1133.5,15421.32549,45.77758958,24965.42857,38678.23428,104762,2,174689,58229.66667,40298.37508,104762,34839,139824,46608.0,79768.91527,138715,2,92,92,22.88879479,22.88879479,0,2267,299.4444444,751.2880791,564433.7778,0,1,0,336.875,428,8192,237,1,20,0.0,0,0,0.0,0,0,Normal Traffic
80,480154,3,26,20,0,8.666666667,10.26320288,4380,0,1933.5,1757.789948,24215.14764,18.7439863,60019.25,168329.9395,476607,48,3208,1604.0,2046.367025,3051,157,480096,96019.2,212759.297,476607,48,72,132,6.247995435,12.49599087,0,4380,1162.7,1645.241762,2706820.456,0,1,0,1291.888889,26,8192,229,2,20,0.0,0,0,0.0,0,0,DDoS
80,82248946,8,56,20,0,7.0,5.656854249,5840,0,1934.5,2375.523332,141.8012092,0.170214947,6326842.0,19700000.0,71300000,2,81900000,11700000.0,26600000.0,71300000,5,364740,72948.0,162604.427,363823,2,172,132,0.097265684,0.072949263,0,5840,777.9333333,1723.622534,2970874.638,0,0,1,833.5,56,256,229,6,20,4005.0,4005,4005,40900000.0,71300000,10600000,DDoS
443,119999962,25,1876,869,6,75.04,238.9538797899,597,6,59.7272727273,173.8987614124,26.5833417514,0.3916667907,2608694.82608696,4357445.83793761,10029532,15,119999962,4999998.41666667,4993386.90139559,10033257,109799,109856888,5231280.38095238,5087061.63450631,10143112,28336,500,440,0.2083333993,0.1833333914,6,869,66.5833333333,206.8982516234,42806.8865248227,0,0,1,68.0,1876,65073,65535,24,20,142882.666666667,143468,142643,9857114.16666667,10029532,9108287,Normal Traffic
53,197,2,62,31,31,31.0,0.0,59,59,59.0,0.0,913705.5838,20304.56853,65.66666667,88.09275415,166,1,1,1.0,0.0,1,1,30,30.0,0.0,30,30,64,64,10152.28426,10152.28426,31,59,42.2,15.33623161,235.2,0,0,0,52.75,62,-1,-1,1,32,0.0,0,0,0.0,0,0,Normal Traffic
53,24035,1,47,47,47,47.0,0.0,119,119,119.0,0.0,6906.59455,83.21198253,24035.0,0.0,24035,24035,0,0.0,0.0,0,0,0,0.0,0.0,0,0,32,40,41.60599126,41.60599126,47,119,71.0,41.56921938,1728.0,0,0,0,106.5,47,-1,-1,0,32,0.0,0,0,0.0,0,0,Normal Traffic
51823,5,3,43,31,6,14.3333333333,14.4337567297,0,0,0.0,0.0,8600000.0,600000.0,2.5,2.1213203436,4,1,5,2.5,2.1213203436,4,1,0,0.0,0.0,0,0,60,0,600000.0,0.0,6,31,12.25,12.5,156.25,0,0,1,16.3333333333,43,88,-1,2,20,0.0,0,0,0.0,0,0,Normal Traffic
80,105961,5,439,439,0,87.8,196.3267684245,576,0,192.0,332.5537550532,9578.9960457149,75.4994762224,15137.2857142857,24440.7291947566,50931,42,105961,26490.25,29091.6234378558,52373,977,53361,26680.5,35674.2442176425,51906,1455,172,104,47.187172639,28.3123035834,0,576,112.7777777778,226.3922358307,51253.4444444445,0,1,0,126.875,439,65535,75,1,32,0.0,0,0,0.0,0,0,Normal Traffic
445,10706436,25,7978,3120,0,319.12,715.946653,420,0,168.4,138.0916553,1059.736405,4.203079344,243328.0909,1613505.408,10700000,1,10700000,446101.5,2184681.926,10700000,1,10700000,563489.9474,2455410.424,10700000,2,524,424,2.33504408,1.868035264,0,3120,246.6521739,537.0458792,288418.2763,0,1,0,252.1333333,7978,8192,2051,23,20,3291.0,3291,3291,10700000.0,10700000,10700000,Normal Traffic
80,2196997,5,30,6,6,6.0,0.0,0,0,0.0,0.0,13.65500272,2.275833786,549249.25,1098494.5,2196991,1,2196997,549249.25,1098494.5,2196991,1,0,0.0,0.0,0,0,100,0,2.275833786,0.0,6,6,6.0,0.0,0.0,0,0,1,7.2,30,256,-1,4,20,0.0,0,0,0.0,0,0,DDoS
80,82893287,9,314,314,0,34.88888889,104.6666667,8688,0,2319.0,3774.237539,143.6666397,0.168891843,6376406.692,23000000.0,82800000,1,82800000,10400000.0,29300000.0,82800000,1,65557,16389.25,24111.33491,51223,191,296,168,0.108573328,0.060318515,0,8688,793.9333333,2307.006795,5322280.352,0,0,1,850.6428571,314,251,235,1,32,1988.0,1988,1988,82800000.0,82800000,82800000,DoS
80,97516038,8,342,342,0,42.75,120.9152596,4344,0,1932.5,1754.831473,122.4106336,0.143566128,7501233.692,27000000.0,97500000,16,97500000,13900000.0,36900000.0,97500000,215,6528,1305.6,2171.018033,5094,16,264,200,0.082037787,0.061528341,0,4344,795.8,1424.830927,2030143.171,0,0,1,852.6428571,342,274,235,1,32,6609.0,6609,6609,97500000.0,97500000,97500000,DoS
53,30940,1,95,95,95,95.0,0.0,177,177,177.0,0.0,8791.208791,64.64124111,30940.0,0.0,30940,30940,0,0.0,0.0,0,0,0,0.0,0.0,0,0,32,32,32.32062056,32.32062056,95,177,122.3333333,47.34272207,2241.333333,0,0,0,183.5,95,-1,-1,0,32,0.0,0,0,0.0,0,0,Normal Traffic
19394,104,1,6,6,6,6.0,0.0,6,6,6.0,0.0,115384.6154,19230.76923,104.0,0.0,104,104,0,0.0,0.0,0,0,0,0.0,0.0,0,0,20,20,9615.384615,9615.384615,6,6,6.0,0.0,0.0,0,0,1,9.0,6,288,253,0,20,0.0,0,0,0.0,0,0,Normal Traffic
5432,42,1,2,2,2,2.0,0.0,6,6,6.0,0.0,190476.1905,47619.04762,42.0,0.0,42,42,0,0.0,0.0,0,0,0,0.0,0.0,0,0,24,20,23809.52381,23809.52381,2,6,3.333333333,2.309401077,5.333333333,0,1,0,5.0,2,1024,0,0,24,0.0,0,0,0.0,0,0,Port Scanning
80,99167655,6,355,337,0,59.16666667,136.1417154,5792,0,1656.428571,2120.732252,120.5030007,0.13109113,8263971.25,28600000.0,99000000,1,99000000,19800000.0,44300000.0,99000000,1,99200000,16500000.0,40400000.0,99000000,51,164,232,0.060503599,0.070587532,0,5792,854.0,1666.285828,2776508.462,1,0,0,919.6923077,355,0,235,3,20,9000.0,9000,9000,99000000.0,99000000,99000000,DoS
80,86395556,7,288,288,0,41.14285714,108.8537682,5792,0,1932.5,2537.820147,137.5417967,0.150470702,7199629.667,24600000.0,85400000,0,86400000,14400000.0,34800000.0,85400000,0,1083,216.6,238.964014,608,2,240,200,0.081022686,0.069448017,0,5792,848.7857143,1852.375115,3431293.566,0,0,1,914.0769231,288,251,235,1,32,985.0,985,985,85400000.0,85400000,85400000,DoS
80,110343,4,698,686,0,174.5,341.01173,6,0,3.0,4.242640687,6380.105671,54.3759006,22068.6,33000.16347,79513,8,110343,36781.0,50881.73284,94888,202,15585,15585.0,0.0,15585,15585,100,52,36.2506004,18.1253002,0,686,100.5714286,258.1671662,66650.28571,0,1,0,117.3333333,698,29200,30,3,20,0.0,0,0,0.0,0,0,Normal Traffic
80,63,2,0,0,0,0.0,0.0,0,0,0.0,0.0,0.0,31746.03175,63.0,0.0,63,63,63,63.0,0.0,63,63,0,0.0,0.0,0,0,40,0,31746.03175,0.0,0,0,0.0,0.0,0.0,0,0,1,0.0,0,255,-1,0,20,0.0,0,0,0.0,0,0,Normal Traffic
443,123623,26,814,213,0,31.30769231,65.01062635,2896,0,1628.64,1032.964015,335940.723,412.5445912,2472.46,5181.470716,22291,3,123623,4944.92,7553.37835,25439,3,97153,4048.041667,8808.301492,35433,4,840,808,210.3168504,202.2277408,0,2896,798.6538462,1074.509535,1154570.741,0,1,0,814.3137255,814,29200,126,7,32,0.0,0,0,0.0,0,0,Normal Traffic
53,60269,1,49,49,49,49.0,0.0,100,100,100.0,0.0,2472.2494151222,33.1845559077,60269.0,0.0,60269,60269,0,0.0,0.0,0,0,0,0.0,0.0,0,0,20,32,16.5922779538,16.5922779538,49,100,66.0,29.4448637287,867.0,0,0,0,99.0,49,-1,-1,0,20,0.0,0,0,0.0,0,0,Normal Traffic
0,25068,4,0,0,0,0.0,0.0,0,0,0.0,0.0,0.0,319.1319611,3581.142857,9415.768926,24934,1,25005,8335.0,14431.44733,24999,3,25001,8333.666667,14432.60203,24999,1,0,0,159.5659805,159.5659805,0,0,0.0,0.0,0.0,0,0,0,0.0,0,-1,-1,0,0,0.0,0,0,0.0,0,0,Normal Traffic
53,23720,2,66,33,33,33.0,0.0,129,129,129.0,0.0,13659.35919,168.6340641,7906.666667,13628.97286,23644,4,4,4.0,0.0,4,4,72,72.0,0.0,72,72,40,40,84.31703204,84.31703204,33,129,71.4,52.58136552,2764.8,0,0,0,89.25,66,-1,-1,1,20,0.0,0,0,0.0,0,0,Normal Traffic
43782,76,2,31,31,0,15.5,21.92031022,6,6,6.0,0.0,486842.1053,39473.68421,38.0,14.14213562,48,28,48,48.0,0.0,48,48,0,0.0,0.0,0,0,64,20,26315.78947,13157.89474,0,31,17.0,16.35033129,267.3333333,0,0,1,22.66666667,31,972,0,0,32,0.0,0,0,0.0,0,0,Normal Traffic
443,5858143,8,384,203,0,48.0,75.36387918,1460,0,602.6,709.1556952,579.8765923,2.219133265,488178.5833,1626043.372,5650939,45,5858143,836877.5714,2123213.626,5650939,45,91063,22765.75,25565.46012,49179,208,172,112,1.365620471,0.853512794,0,1460,242.6428571,485.257522,235474.8626,0,1,0,261.3076923,384,8192,60,7,20,207159.0,207159,207159,5650939.0,5650939,5650939,Normal Traffic
37821,48,1,0,0,0,0.0,0.0,0,0,0.0,0.0,0.0,41666.66667,48.0,0.0,48,48,0,0.0,0.0,0,0,0,0.0,0.0,0,0,32,32,20833.33333,20833.33333,0,0,0.0,0.0,0.0,0,0,1,0.0,0,130,342,0,32,0.0,0,0,0.0,0,0,Normal Traffic
80,4163926,4,24,6,6,6.0,0.0,0,0,0.0,0.0,5.763791191,0.960631865,1387975.333,2403176.092,4162924,1,4163926,1387975.333,2403176.092,4162924,1,0,0.0,0.0,0,0,80,0,0.960631865,0.0,6,6,6.0,0.0,0.0,0,0,1,7.5,24,256,-1,3,20,0.0,0,0,0.0,0,0,DDoS
53,326,2,78,39,39,39.0,0.0,167,167,167.0,0.0,1263803.681,12269.93865,108.6666667,183.0200353,320,3,3,3.0,0.0,3,3,3,3.0,0.0,3,3,40,40,6134.969325,6134.969325,39,167,90.2,70.10848736,4915.2,0,0,0,112.75,78,-1,-1,1,20,0.0,0,0,0.0,0,0,Normal Traffic
53,23906,2,62,31,31,31.0,0.0,127,127,127.0,0.0,13218.43889,167.3220112,7968.666667,13798.67147,23902,1,1,1.0,0.0,1,1,3,3.0,0.0,3,3,40,40,83.66100561,83.66100561,31,127,69.4,52.58136552,2764.8,0,0,0,86.75,62,-1,-1,1,20,0.0,0,0,0.0,0,0,Normal Traffic
53,239,2,68,34,34,34.0,0.0,133,133,133.0,0.0,1397489.54,16736.40167,79.66666667,54.84827557,143,48,48,48.0,0.0,48,48,48,48.0,0.0,48,48,64,64,8368.200837,8368.200837,34,133,73.6,54.22453319,2940.3,0,0,0,92.0,68,-1,-1,1,32,0.0,0,0,0.0,0,0,Normal Traffic
80,4066350,2,0,0,0,0.0,0.0,0,0,0.0,0.0,0.0,0.491841578,4066350.0,0.0,4066350,4066350,4066350,4066350.0,0.0,4066350,4066350,0,0.0,0.0,0,0,64,0,0.491841578,0.0,0,0,0.0,0.0,0.0,0,0,1,0.0,0,284,-1,0,32,0.0,0,0,0.0,0,0,DoS
445,10729527,25,7882,3072,0,315.28,704.4069917,420,0,153.6363636,139.7734716,1049.626885,4.38043541,233250.587,1581436.404,10700000,1,10700000,447063.625,2189383.85,10700000,1,10700000,510920.8095,2340590.92,10700000,1,524,464,2.330018835,2.050416575,0,3072,234.625,519.4266735,269804.0691,0,1,0,239.6170213,7882,8192,2051,23,20,3230.0,3230,3230,10700000.0,10700000,10700000,Normal Traffic
53,160,2,86,43,43,43.0,0.0,99,99,99.0,0.0,1775000.0,25000.0,53.33333333,87.17989065,154,3,3,3.0,0.0,3,3,3,3.0,0.0,3,3,40,40,12500.0,12500.0,43,99,65.4,30.67246322,940.8,0,0,0,81.75,86,-1,-1,1,20,0.0,0,0,0.0,0,0,Normal Traffic
53,112731,4,172,43,43,43.0,0.0,121,121,121.0,0.0,3672.459217,53.22404662,22546.2,31063.63468,61718,3,61768,20589.33333,35618.47695,61718,3,48,48.0,0.0,48,48,80,64,35.48269775,17.74134887,43,121,65.28571429,38.06010284,1448.571429,0,0,0,76.16666667,172,-1,-1,3,20,0.0,0,0,0.0,0,0,Normal Traffic
80,9293803,4,24,6,6,6.0,0.0,0,0,0.0,0.0,2.582365906,0.430394318,3097934.333,5364829.662,9292706,1,9293803,3097934.333,5364829.662,9292706,1,0,0.0,0.0,0,0,80,0,0.430394318,0.0,6,6,6.0,0.0,0.0,0,0,1,7.5,24,256,-1,3,20,1097.0,1097,1097,9292706.0,9292706,9292706,DDoS
443,50798,1,6,6,6,6.0,0.0,6,6,6.0,0.0,236.2297728257,39.3716288043,50798.0,0.0,50798,50798,0,0.0,0.0,0,0,0,0.0,0.0,0,0,20,20,19.6858144021,19.6858144021,6,6,6.0,0.0,0.0,0,0,1,9.0,6,245,41,0,20,0.0,0,0,0.0,0,0,Normal Traffic
58082,3,2,258,258,0,129.0,182.4335495,0,0,0.0,0.0,86000000.0,666666.6667,3.0,0.0,3,3,3,3.0,0.0,3,3,0,0.0,0.0,0,0,64,0,666666.6667,0.0,0,258,172.0,148.9563695,22188.0,0,0,1,258.0,258,122,-1,0,32,0.0,0,0,0.0,0,0,Normal Traffic
443,5816887,8,368,187,0,46.0,70.73289798,2713,2,693.0,1346.849905,539.8076325,2.062959105,528807.9091,1642988.835,5481411,49,5816887,830983.8571,2051175.133,5481411,49,208431,69477.0,60269.3614,116583,1560,172,84,1.37530607,0.687653035,0,2713,241.5384615,744.789077,554710.7692,0,1,0,261.6666667,368,8192,30016,7,20,335427.0,335427,335427,5481411.0,5481411,5481411,Normal Traffic
53,59645,1,54,54,54,54.0,0.0,70,70,70.0,0.0,2078.967223,33.5317294,59645.0,0.0,59645,59645,0,0.0,0.0,0,0,0,0.0,0.0,0,0,20,20,16.7658647,16.7658647,54,70,59.33333333,9.237604307,85.33333333,0,0,0,89.0,54,-1,-1,0,20,0.0,0,0,0.0,0,0,Normal Traffic
51155,238212,6,11601,5755,0,1933.5,2530.040612,20,6,13.0,9.899494937,48809.46384,33.58353064,34030.28571,88499.44169,234713,44,238212,47642.4,104583.6992,234713,44,48,48.0,0.0,48,48,144,40,25.18764798,8.395882659,0,5755,1291.888889,2219.676353,4926963.111,0,1,0,1453.375,11601,8192,256,4,20,0.0,0,0,0.0,0,0,Normal Traffic
53,30973,2,62,31,31,31.0,0.0,47,47,47.0,0.0,5036.6448196817,129.1447389662,10324.3333333333,17876.2077167763,30966,3,3,3.0,0.0,3,3,4,4.0,0.0,4,4,40,40,64.5723694831,64.5723694831,31,47,37.4,8.7635609201,76.8,0,0,0,46.75,62,-1,-1,1,20,0.0,0,0,0.0,0,0,Normal Traffic
443,115412170,35,1288,517,0,36.8,109.3536626246,4380,0,1222.425,1189.3139562531,434.832825689,0.6498448127,1559623.91891892,3602593.99266202,10022539,0,115412170,3394475.58823529,4738816.00344205,10048002,4,110588046,2835590.92307692,4578221.78081975,10048260,48,720,812,0.3032609126,0.3465839001,0,4380,660.3289473684,1047.2346109401,1096700.33035088,0,1,0,669.1333333333,1288,29200,292,34,20,33443.6363636364,111761,25459,10020020.0909091,10022539,9996349,Normal Traffic
53,23450,1,51,51,51,51.0,0.0,135,135,135.0,0.0,7931.769723,85.28784648,23450.0,0.0,23450,23450,0,0.0,0.0,0,0,0,0.0,0.0,0,0,32,32,42.64392324,42.64392324,51,135,79.0,48.49742261,2352.0,0,0,0,118.5,51,-1,-1,0,32,0.0,0,0,0.0,0,0,Normal Traffic
53,195,2,68,34,34,34.0,0.0,66,66,66.0,0.0,1025641.026,20512.82051,65.0,106.5222981,188,3,4,4.0,0.0,4,4,3,3.0,0.0,3,3,40,40,10256.41026,10256.41026,34,66,46.8,17.52712184,307.2,0,0,0,58.5,68,-1,-1,1,20,0.0,0,0,0.0,0,0,Normal Traffic
54563,36165,2,44,38,6,22.0,22.627417,6,6,6.0,0.0,1382.552191,82.95313148,18082.5,25515.9482,36125,40,36165,36165.0,0.0,36165,36165,0,0.0,0.0,0,0,40,20,55.30208765,27.65104383,6,38,22.0,18.47520861,341.3333333,0,0,1,29.33333333,44,351,0,1,20,0.0,0,0,0.0,0,0,Normal Traffic
50092,10047598,1,6,6,6,6.0,0.0,6,6,6.0,0.0,3.582945894,0.597157649,2009519.6,4474496.559,10000000,3,0,0.0,0.0,0,0,10000000,2508433.0,5003538.288,10000000,3,20,100,0.099526275,0.497631374,6,6,6.0,0.0,0.0,0,0,1,7.0,6,229,0,0,20,33869.0,33869,33869,10000000.0,10000000,10000000,Normal Traffic
52830,49,2,0,0,0,0.0,0.0,0,0,0.0,0.0,0.0,40816.32653,49.0,0.0,49,49,49,49.0,0.0,49,49,0,0.0,0.0,0,0,40,0,40816.32653,0.0,0,0,0.0,0.0,0.0,1,0,0,0.0,0,0,-1,0,20,0.0,0,0,0.0,0,0,Normal Traffic
80,2202456,5,30,6,6,6.0,0.0,0,0,0.0,0.0,13.62115747,2.270192912,550614.0,1100474.128,2201325,1,2202456,550614.0,1100474.128,2201325,1,0,0.0,0.0,0,0,100,0,2.270192912,0.0,6,6,6.0,0.0,0.0,0,0,1,7.2,30,256,-1,4,20,0.0,0,0,0.0,0,0,DDoS
443,80128716,50,3295,359,0,65.9,127.1745145179,2920,0,924.6388888889,872.2236647118,871.9595606649,1.5225502927,662220.79338843,2374609.77513461,10005546,1,75383371,1538436.14285714,3524824.95678264,10044776,3,80089898,1128026.73239437,3036370.93590538,10044790,1,1048,1452,0.6239960216,0.8985542711,0,2920,568.0406504065,793.8961549796,630271.104891377,0,1,0,572.6967213115,3295,8192,12501,46,20,766937.285714286,5130623,38439,10002115.7142857,10005546,10000030,Normal Traffic
4271,9429,2,6,6,0,3.0,4.2426406871,0,0,0.0,0.0,636.3347120585,212.1115706862,9429.0,0.0,9429,9429,9429,9429.0,0.0,9429,9429,0,0.0,0.0,0,0,52,0,212.1115706862,0.0,0,6,2.0,3.4641016151,12.0,0,0,1,3.0,6,98,-1,1,20,0.0,0,0,0.0,0,0,Normal Traffic
80,109701262,5,152,134,0,30.4,57.97240723,1577,0,527.6666667,908.7542756,15.8156795,0.072925323,15700000.0,41400000.0,110000000,23,110000000,27400000.0,54800000.0,110000000,23,24052,12026.0,15747.26802,23161,891,112,72,0.045578327,0.027346996,0,1577,192.7777778,520.8838109,271319.9444,0,1,0,216.875,152,65535,946,4,20,0.0,0,0,0.0,0,0,Normal Traffic
443,17001,3,77,46,0,25.6666666667,23.4591844132,0,0,0.0,0.0,4529.1453443915,176.460208223,8500.5,11997.4807563922,16984,17,17001,8500.5,11997.4807563922,16984,17,0,0.0,0.0,0,0,96,0,176.460208223,0.0,0,46,30.75,21.6852484422,470.25,0,0,1,41.0,77,1958,-1,1,32,0.0,0,0,0.0,0,0,Normal Traffic
123,66021208,2,96,48,48,48.0,0.0,48,48,48.0,0.0,2.908156421,0.060586592,22000000.0,38100000.0,66000000,23327,66000000,66000000.0,0.0,66000000,66000000,66000000,66000000.0,0.0,66000000,66000000,64,64,0.030293296,0.030293296,48,48,48.0,0.0,0.0,0,0,0,60.0,96,-1,-1,1,32,23327.0,23327,23327,66000000.0,66000000,66000000,Normal Traffic
45774,237,4,115,46,0,28.75,20.1225412577,6,6,6.0,0.0,561181.434599156,29535.864978903,39.5,68.222430329,170,1,237,79.0,133.3716611578,233,1,2,1.0,0.0,1,1,128,60,16877.6371308017,12658.2278481013,0,46,21.375,18.5852283894,345.4107142857,0,0,1,24.4285714286,115,118,0,2,32,0.0,0,0,0.0,0,0,Normal Traffic
80,189542,1,0,0,0,0.0,0.0,0,0,0.0,0.0,0.0,10.55175106,189542.0,0.0,189542,189542,0,0.0,0.0,0,0,0,0.0,0.0,0,0,32,32,5.275875532,5.275875532,0,0,0.0,0.0,0.0,0,0,1,0.0,0,237,110,0,32,0.0,0,0,0.0,0,0,Normal Traffic
64571,215,2,12,6,6,6.0,0.0,0,0,0.0,0.0,55813.9534883721,9302.3255813954,215.0,0.0,215,215,215,215.0,0.0,215,215,0,0.0,0.0,0,0,40,0,9302.3255813954,0.0,6,6,6.0,0.0,0.0,0,0,1,9.0,12,123,-1,1,20,0.0,0,0,0.0,0,0,Normal Traffic
59848,28,1,0,0,0,0.0,0.0,0,0,0.0,0.0,0.0,71428.57143,28.0,0.0,28,28,0,0.0,0.0,0,0,0,0.0,0.0,0,0,32,32,35714.28571,35714.28571,0,0,0.0,0.0,0.0,0,0,1,0.0,0,132,313,0,32,0.0,0,0,0.0,0,0,Normal Traffic
80,98305979,8,356,356,0,44.5,125.8650071,4344,0,1656.428571,1757.579003,121.5694114,0.152584819,7021855.643,26300000.0,98300000,1,98300000,14000000.0,37200000.0,98300000,1,11744,1957.333333,3970.2768,10005,33,264,232,0.08137857,0.071206249,0,4344,746.9375,1389.025532,1929391.929,0,0,1,796.7333333,356,274,235,1,32,972.0,972,972,98300000.0,98300000,98300000,DoS
38416,18197,3,31,31,0,10.33333333,17.89785834,0,0,0.0,0.0,1703.577513,164.8623399,9098.5,12865.80788,18196,1,18197,9098.5,12865.80788,18196,1,0,0.0,0.0,0,0,96,0,164.8623399,0.0,0,31,7.75,15.5,240.25,0,0,1,10.33333333,31,1006,-1,1,32,0.0,0,0,0.0,0,0,Normal Traffic
53,23257,1,61,61,61,61.0,0.0,122,122,122.0,0.0,7868.598701,85.99561422,23257.0,0.0,23257,23257,0,0.0,0.0,0,0,0,0.0,0.0,0,0,20,20,42.99780711,42.99780711,61,122,81.33333333,35.21836642,1240.333333,0,0,0,122.0,61,-1,-1,0,20,0.0,0,0,0.0,0,0,Normal Traffic
53,223,2,64,32,32,32.0,0.0,102,102,102.0,0.0,1201793.722,17937.21973,74.33333333,88.23453594,173,3,3,3.0,0.0,3,3,47,47.0,0.0,47,47,64,64,8968.609865,8968.609865,32,102,60.0,38.34057903,1470.0,0,0,0,75.0,64,-1,-1,1,32,0.0,0,0,0.0,0,0,Normal Traffic
443,62631417,7,169,46,0,24.1428571429,23.1979063095,46,46,46.0,0.0,4.167237666,0.1436978506,7828927.125,20628758.3061667,58776289,18,62631417,10438569.5,23729197.5760973,58776289,18,58798327,58798327.0,0.0,58798327,58798327,224,64,0.1117649949,0.0319328557,0,46,30.7,21.684864153,470.2333333333,0,0,1,34.1111111111,169,1296,152,3,32,22363.0,22363,22363,58776289.0,58776289,58776289,Normal Traffic
48042,59,1,0,0,0,0.0,0.0,0,0,0.0,0.0,0.0,33898.30508,59.0,0.0,59,59,0,0.0,0.0,0,0,0,0.0,0.0,0,0,32,32,16949.15254,16949.15254,0,0,0.0,0.0,0.0,0,0,1,0.0,0,114,338,0,32,0.0,0,0,0.0,0,0,Normal Traffic
80,3003625,3,0,0,0,0.0,0.0,0,0,0.0,0.0,0.0,0.998793125,1501812.5,710169.2607,2003978,999647,3003625,1501812.5,710169.2607,2003978,999647,0,0.0,0.0,0,0,120,0,0.998793125,0.0,0,0,0.0,0.0,0.0,0,1,0,0.0,0,29200,-1,0,40,0.0,0,0,0.0,0,0,DoS
80,10106790,5,30,6,6,6.0,0.0,0,0,0.0,0.0,2.968301508,0.494716918,2526697.5,5051393.733,10100000,1,10100000,2526697.5,5051393.733,10100000,1,0,0.0,0.0,0,0,100,0,0.494716918,0.0,6,6,6.0,0.0,0.0,0,0,1,7.2,30,256,-1,4,20,3002.0,3002,3002,10100000.0,10100000,10100000,DDoS
80,5330947,3,12,6,0,4.0,3.464101615,0,0,0.0,0.0,2.251007185,0.750335728,1776982.333,3057223.589,5307134,160,5330947,2665473.5,3735872.106,5307134,23813,0,0.0,0.0,0,0,72,32,0.562751796,0.187583932,0,6,2.4,3.286335345,10.8,0,1,0,3.0,12,8192,65535,2,20,0.0,0,0,0.0,0,0,Normal Traffic
53,167,2,84,42,42,42.0,0.0,70,70,70.0,0.0,1341317.365,23952.09581,55.66666667,55.89573627,115,4,4,4.0,0.0,4,4,48,48.0,0.0,48,48,40,40,11976.0479,11976.0479,42,70,53.2,15.33623161,235.2,0,0,0,66.5,84,-1,-1,1,20,0.0,0,0,0.0,0,0,Normal Traffic
80,97580784,7,356,356,0,50.85714286,134.5553524,5792,0,1932.5,2362.781391,122.4728836,0.133222951,8131732.0,28200000.0,97500000,2,97600000,16300000.0,39800000.0,97500000,4,42480,8496.0,13191.28263,30210,2,232,200,0.071735435,0.061487516,0,5792,853.6428571,1759.498775,3095835.94,0,0,1,919.3076923,356,251,235,1,32,1118.0,1118,1118,97500000.0,97500000,97500000,DoS
80,19974074,13,287,287,0,22.07692308,79.59947816,2896,0,1082.076923,862.341431,718.6315621,1.301687377,798962.96,2747259.043,9996194,6,10100000,841131.9167,2883121.537,9996202,44,20000000,1662574.25,3865773.101,10000000,67,424,412,0.650843689,0.650843689,0,2896,531.6296296,798.9542756,638327.9345,0,1,0,552.0769231,287,29200,4667,1,32,60189.0,97389,22989,9926848.0,9996194,9857502,Normal Traffic
443,13981,3,77,46,0,25.66666667,23.45918441,0,0,0.0,0.0,5507.47443,214.5769258,6990.5,9881.817267,13978,3,13981,6990.5,9881.817267,13978,3,0,0.0,0.0,0,0,96,0,214.5769258,0.0,0,46,30.75,21.68524844,470.25,0,0,1,41.0,77,404,-1,1,32,0.0,0,0,0.0,0,0,Normal Traffic
80,99206789,7,314,308,0,44.85714286,116.0566364,4344,0,1932.5,1977.812908,120.0421878,0.131039419,8267232.417,28600000.0,99100000,1,99100000,16500000.0,40500000.0,99100000,1,100521,20104.2,39290.76418,89962,55,220,200,0.070559687,0.060479732,0,4344,850.6428571,1567.228107,2456203.94,0,0,1,916.0769231,314,251,235,2,20,982.0,982,982,99100000.0,99100000,99100000,DoS
34936,4,3,6,6,0,2.0,3.464101615,0,0,0.0,0.0,1500000.0,750000.0,2.0,1.414213562,3,1,4,2.0,1.414213562,3,1,0,0.0,0.0,0,0,84,0,750000.0,0.0,0,6,1.5,3.0,9.0,0,0,1,2.0,6,1028,-1,1,20,0.0,0,0,0.0,0,0,Normal Traffic
53,79229,2,94,47,47,47.0,0.0,175,175,175.0,0.0,5604.008633,50.48656426,26409.66667,45737.68833,79223,3,3,3.0,0.0,3,3,3,3.0,0.0,3,3,64,40,25.24328213,25.24328213,47,175,98.2,70.10848736,4915.2,0,0,0,122.75,94,-1,-1,1,32,0.0,0,0,0.0,0,0,Normal Traffic
53,200,2,46,23,23,23.0,0.0,23,23,23.0,0.0,460000.0,20000.0,66.66666667,104.2704816,187,3,10,10.0,0.0,10,10,3,3.0,0.0,3,3,64,64,10000.0,10000.0,23,23,23.0,0.0,0.0,0,0,0,28.75,46,-1,-1,1,32,0.0,0,0,0.0,0,0,Normal Traffic
53,940637,1,43,43,43,43.0,0.0,265,265,265.0,0.0,327.4376832,2.126218722,940637.0,0.0,940637,940637,0,0.0,0.0,0,0,0,0.0,0.0,0,0,20,20,1.063109361,1.063109361,43,265,117.0,128.1717598,16428.0,0,0,0,175.5,43,-1,-1,0,20,0.0,0,0,0.0,0,0,Normal Traffic
80,5856118,3,0,0,0,0.0,0.0,0,0,0.0,0.0,0.0,0.683046346,1952039.333,3344575.485,5813946,42,5856118,2928059.0,4081260.535,5813946,42172,0,0.0,0.0,0,0,104,40,0.512284759,0.170761586,0,0,0.0,0.0,0.0,0,1,0,0.0,0,29200,28960,0,32,0.0,0,0,0.0,0,0,Normal Traffic
137,816,10,680,68,68,68.0,0.0,62,62,62.0,0.0,1593137.255,24509.80392,42.94736842,38.16553664,136,1,654,72.66666667,128.0185533,404,1,538,59.77777778,81.35689549,266,1,320,320,12254.90196,12254.90196,62,68,65.14285714,3.070597894,9.428571429,0,0,0,68.4,680,-1,-1,9,32,0.0,0,0,0.0,0,0,Normal Traffic
53,37984,2,100,50,50,50.0,0.0,112,112,112.0,0.0,8529.907329,105.3074979,12661.33333,21763.13926,37791,1,1,1.0,0.0,1,1,192,192.0,0.0,192,192,64,64,52.65374895,52.65374895,50,112,74.8,33.95879857,1153.2,0,0,0,93.5,100,-1,-1,1,32,0.0,0,0,0.0,0,0,Normal Traffic
443,36462,2,0,0,0,0.0,0.0,0,0,0.0,0.0,0.0,82.27743953,18231.0,25778.28481,36459,3,3,3.0,0.0,3,3,0,0.0,0.0,0,0,64,44,54.85162635,27.42581318,0,0,0.0,0.0,0.0,0,0,1,0.0,0,65535,349,0,32,0.0,0,0,0.0,0,0,Normal Traffic
53,198,2,84,42,42,42.0,0.0,114,114,114.0,0.0,1575757.576,20202.0202,66.0,111.718396,195,1,1,1.0,0.0,1,1,2,2.0,0.0,2,2,40,40,10101.0101,10101.0101,42,114,70.8,39.43602414,1555.2,0,0,0,88.5,84,-1,-1,1,20,0.0,0,0,0.0,0,0,Normal Traffic
443,116084228,23,860,478,0,37.39130435,108.5552809,2896,0,500.3478261,792.2806326,106.5433282,0.396263995,2579649.511,4352943.707,10000000,6,116000000,5276555.818,5010497.615,10000000,40,111000000,5025746.636,5137279.355,10000000,50,744,744,0.198131998,0.198131998,0,2896,263.1489362,600.8033744,360964.6947,0,1,0,268.8695652,860,29200,126,4,32,37070.0,103664,30871,9636612.333,10000000,5486600,Normal Traffic
5647,36,3,43,31,6,14.33333333,14.43375673,6,6,6.0,0.0,1361111.111,111111.1111,12.0,17.34935157,32,1,4,2.0,1.414213562,3,1,0,0.0,0.0,0,0,60,20,83333.33333,27777.77778,6,31,11.0,11.18033989,125.0,0,0,1,13.75,43,1022,0,2,20,0.0,0,0,0.0,0,0,Normal Traffic
53,237,2,92,46,46,46.0,0.0,191,191,191.0,0.0,2000000.0,16877.63713,79.0,135.099963,235,1,1,1.0,0.0,1,1,1,1.0,0.0,1,1,80,80,8438.818565,8438.818565,46,191,104.0,79.41977084,6307.5,0,0,0,130.0,92,-1,-1,1,40,0.0,0,0,0.0,0,0,Normal Traffic
53744,3,2,43,37,6,21.5,21.92031022,0,0,0.0,0.0,14300000.0,666666.6667,3.0,0.0,3,3,3,3.0,0.0,3,3,0,0.0,0.0,0,0,40,0,666666.6667,0.0,6,37,16.33333333,17.89785834,320.3333333,0,0,1,24.5,43,40958,-1,1,20,0.0,0,0,0.0,0,0,Normal Traffic
110,104,1,0,0,0,0.0,0.0,6,6,6.0,0.0,57692.30769,19230.76923,104.0,0.0,104,104,0,0.0,0.0,0,0,0,0.0,0.0,0,0,40,20,9615.384615,9615.384615,0,6,2.0,3.464101615,12.0,0,1,0,3.0,0,29200,0,0,40,0.0,0,0,0.0,0,0,Port Scanning
3920,36,1,0,0,0,0.0,0.0,6,6,6.0,0.0,166666.6667,55555.55556,36.0,0.0,36,36,0,0.0,0.0,0,0,0,0.0,0.0,0,0,40,20,27777.77778,27777.77778,0,6,2.0,3.464101615,12.0,0,1,0,3.0,0,29200,0,0,40,0.0,0,0,0.0,0,0,Port Scanning
1186,51,1,2,2,2,2.0,0.0,6,6,6.0,0.0,156862.7451,39215.68627,51.0,0.0,51,51,0,0.0,0.0,0,0,0,0.0,0.0,0,0,24,20,19607.84314,19607.84314,2,6,3.333333333,2.309401077,5.333333333,0,1,0,5.0,2,1024,0,0,24,0.0,0,0,0.0,0,0,Port Scanning
80,152810,3,430,430,0,143.3333333,248.2606158,2266,0,566.5,1133.0,17642.82442,45.80852038,25468.33333,34286.16006,87913,4,120498,60249.0,39122.80399,87913,32585,120301,40100.33333,68627.80625,119343,4,104,136,19.63222302,26.17629736,0,2266,337.0,793.8247378,630157.7143,0,1,0,385.1428571,430,29200,235,1,32,0.0,0,0,0.0,0,0,Normal Traffic
53,126641,1,66,66,66,66.0,0.0,82,82,82.0,0.0,1168.65786,15.79267378,126641.0,0.0,126641,126641,0,0.0,0.0,0,0,0,0.0,0.0,0,0,20,20,7.896336889,7.896336889,66,82,71.33333333,9.237604307,85.33333333,0,0,0,107.0,66,-1,-1,0,20,0.0,0,0,0.0,0,0,Normal Traffic
80,62421,3,442,436,0,147.3333333,250.0106664,859,0,217.75,427.5093566,21034.58772,112.1417472,10403.5,11037.04904,23475,3,26247,13123.5,14410.12909,23313,2934,39235,13078.33333,13270.63135,26536,3,72,92,48.06074879,64.08099838,0,859,164.125,319.0586321,101798.4107,0,1,0,187.5714286,442,8192,31,2,20,0.0,0,0,0.0,0,0,Normal Traffic
80,25172543,7,433,431,0,61.85714286,162.7773823,1770,0,252.8571429,668.9971172,87.51598915,0.556161529,1936349.462,3839564.244,10000000,68,20100000,3347496.333,5162026.529,10000000,114,25100000,4191384.167,4922958.216,10000000,2159,164,188,0.278080764,0.278080764,0,1770,146.8666667,462.533067,213936.8381,0,1,0,157.3571429,433,8192,946,3,20,42448.5,61722,23175,10000000.0,10000000,9999586,Normal Traffic
443,7863,5,37,37,0,7.4,16.5469030335,0,0,0.0,0.0,4705.583110772,635.8896095638,1965.75,3787.3425489825,7645,1,7863,1965.75,3787.3425489825,7645,1,0,0.0,0.0,0,0,160,0,635.8896095638,0.0,0,37,6.1666666667,15.1051867472,228.1666666667,0,0,1,7.4,37,33181,-1,1,32,0.0,0,0,0.0,0,0,Normal Traffic
53,47072,4,140,35,35,35.0,0.0,97,97,97.0,0.0,7095.513256,127.46431,9414.4,12894.46121,24148,3,24154,8051.333333,13940.12225,24148,3,3,3.0,0.0,3,3,104,40,84.97620666,42.48810333,35,97,52.71428571,30.25290226,915.2380952,0,0,0,61.5,140,-1,-1,3,20,0.0,0,0,0.0,0,0,Normal Traffic
53,29058,2,68,34,34,34.0,0.0,124,124,124.0,0.0,10874.80212,137.655723,9686.0,16770.58195,29051,3,4,4.0,0.0,4,4,3,3.0,0.0,3,3,64,40,68.82786152,68.82786152,34,124,70.0,49.29503018,2430.0,0,0,0,87.5,68,-1,-1,1,32,0.0,0,0,0.0,0,0,Normal Traffic
53,182,2,84,42,42,42.0,0.0,106,106,106.0,0.0,1626373.626,21978.02198,60.66666667,64.93329911,131,3,3,3.0,0.0,3,3,48,48.0,0.0,48,48,40,40,10989.01099,10989.01099,42,106,67.6,35.05424368,1228.8,0,0,0,84.5,84,-1,-1,1,20,0.0,0,0,0.0,0,0,Normal Traffic
53,31292,2,82,41,41,41.0,0.0,121,121,121.0,0.0,10354.08411,127.8281989,10430.66667,18022.29137,31241,3,3,3.0,0.0,3,3,48,48.0,0.0,48,48,64,88,63.91409945,63.91409945,41,121,73.0,43.8178046,1920.0,0,0,0,91.25,82,-1,-1,1,32,0.0,0,0,0.0,0,0,Normal Traffic
443,299263,1,6,6,6,6.0,0.0,6,6,6.0,0.0,40.09850867,6.683084778,299263.0,0.0,299263,299263,0,0.0,0.0,0,0,0,0.0,0.0,0,0,20,20,3.341542389,3.341542389,6,6,6.0,0.0,0.0,1,0,0,9.0,6,0,33,0,20,0.0,0,0,0.0,0,0,Normal Traffic
53,31276,1,56,56,56,56.0,0.0,116,116,116.0,0.0,5499.4244788336,63.9467962655,31276.0,0.0,31276,31276,0,0.0,0.0,0,0,0,0.0,0.0,0,0,32,32,31.9733981328,31.9733981328,56,116,76.0,34.6410161514,1200.0,0,0,0,114.0,56,-1,-1,0,32,0.0,0,0,0.0,0,0,Normal Traffic
80,47060,3,442,436,0,147.3333333333,250.0106664391,860,0,218.0,428.0093456924,27921.8019549511,148.746281343,7843.3333333333,11909.4831066116,23313,3,23321,11660.5,16245.7782977609,23148,173,23939,7979.6666666667,13453.9003018951,23513,3,72,92,63.7484062898,84.9978750531,0,860,164.25,319.3698035641,101997.071428571,0,1,0,187.7142857143,442,8192,31,2,20,0.0,0,0,0.0,0,0,Normal Traffic
443,1248064,3,0,0,0,0.0,0.0,6,6,6.0,0.0,14.42233732,4.807445772,249612.8,222616.2824,493872,86919,1160862,580431.0,509.1168825,580791,580071,1161145,580572.5,409.4148263,580862,580283,92,60,2.403722886,2.403722886,0,6,2.571428571,3.207134903,10.28571429,0,1,0,3.0,0,8192,0,0,28,0.0,0,0,0.0,0,0,Normal Traffic
53,119,2,46,23,23,23.0,0.0,23,23,23.0,0.0,773109.2437,33613.44538,39.66666667,63.51640208,113,2,4,4.0,0.0,4,4,2,2.0,0.0,2,2,64,64,16806.72269,16806.72269,23,23,23.0,0.0,0.0,0,0,0,28.75,46,-1,-1,1,32,0.0,0,0,0.0,0,0,Normal Traffic
80,99999186,2,16,8,8,8.0,0.0,0,0,0.0,0.0,0.160001302,0.040000326,33300000.0,57700000.0,100000000,48,100000000,100000000.0,0.0,100000000,100000000,100000000,100000000.0,0.0,100000000,100000000,64,64,0.020000163,0.020000163,0,8,4.8,4.38178046,19.2,0,0,1,6.0,16,229,235,1,32,48.0,48,48,100000000.0,100000000,100000000,DoS
80,98384659,6,344,326,0,57.33333333,131.6520667,8688,0,2319.0,3776.347044,121.3502199,0.111806049,9838465.9,31100000.0,98300000,3,98300000,19700000.0,44000000.0,98300000,3,98400000,24600000.0,49200000.0,98300000,189,164,168,0.060985118,0.050820931,0,8688,995.4166667,2561.039578,6558923.72,1,0,0,1085.909091,344,0,235,3,20,23996.0,23996,23996,98300000.0,98300000,98300000,DoS
8579,737,3,43,31,6,14.33333333,14.43375673,6,6,6.0,0.0,66485.75305,5427.408412,245.6666667,363.8328371,664,3,667,333.5,467.3975824,664,3,0,0.0,0.0,0,0,60,20,4070.556309,1356.852103,6,31,11.0,11.18033989,125.0,0,0,1,13.75,43,1013,0,2,20,0.0,0,0,0.0,0,0,Normal Traffic
80,150558,3,343,343,0,114.3333333,198.0311423,7240,0,2319.0,3331.638186,79291.70154,53.13566865,21508.28571,51244.05309,137300,46,12999,6499.5,7778.8817,12000,999,150459,37614.75,66732.28771,137300,46,104,168,19.92587574,33.2097929,0,7240,1326.444444,2635.588459,6946326.528,0,1,0,1492.25,343,29200,235,1,32,0.0,0,0,0.0,0,0,DoS
443,92,1,6,6,6,6.0,0.0,6,6,6.0,0.0,130434.782608696,21739.1304347826,92.0,0.0,92,92,0,0.0,0.0,0,0,0,0.0,0.0,0,0,20,20,10869.5652173913,10869.5652173913,6,6,6.0,0.0,0.0,0,0,1,9.0,6,256,58,0,20,0.0,0,0,0.0,0,0,Normal Traffic
443,61675477,16,907,604,0,56.6875,155.0495485,2952,0,306.25,852.9775788,74.29208857,0.453989192,2284276.926,4213540.778,10000000,54,61700000,4111698.467,5052860.931,10100000,106,61600000,5599154.545,5175989.657,10100000,1886,520,392,0.259422396,0.194566797,0,2952,158.0,561.1471668,314886.1429,0,1,0,163.6428571,907,29200,66,3,32,203254.5,796044,84543,10000000.0,10000000,9997902,Normal Traffic
443,64490968,7,169,46,0,24.14285714,23.19790631,46,46,46.0,0.0,4.047078344,0.139554426,8061371.0,20300000.0,58100000,48,64500000,10700000.0,23300000.0,58100000,48,58300000,58300000.0,0.0,58300000,58300000,140,40,0.108542331,0.031012095,0,46,30.7,21.68486415,470.2333333,0,0,1,34.11111111,169,16348,1047,3,20,225998.5,233804,218193,32000000.0,58100000,5959530,Normal Traffic
58220,280,2,12,6,6,6.0,0.0,0,0,0.0,0.0,42857.14286,7142.857143,280.0,0.0,280,280,280,280.0,0.0,280,280,0,0.0,0.0,0,0,40,0,7142.857143,0.0,6,6,6.0,0.0,0.0,0,0,1,9.0,12,4380,-1,1,20,0.0,0,0,0.0,0,0,Normal Traffic
80,5999869,3,0,0,0,0.0,0.0,0,0,0.0,0.0,0.0,0.6666812225,1999956.33333333,3362805.8326972,5882398,15,5999869,2999934.5,4076418.97474542,5882398,117471,0,0.0,0.0,0,0,104,40,0.5000109169,0.1666703056,0,0,0.0,0.0,0.0,0,1,0,0.0,0,29200,28960,0,32,0.0,0,0,0.0,0,0,Normal Traffic
61364,14301,2,12,6,6,6.0,0.0,0,0,0.0,0.0,839.1021607,139.8503601,14301.0,0.0,14301,14301,14301,14301.0,0.0,14301,14301,0,0.0,0.0,0,0,40,0,139.8503601,0.0,6,6,6.0,0.0,0.0,0,0,1,9.0,12,32,-1,1,20,0.0,0,0,0.0,0,0,Normal Traffic
80,85234093,8,668,334,0,83.5,154.6119567,7240,0,2319.0,3003.171157,143.8743532,0.152521128,7102841.083,24500000.0,84900000,3,85100000,12200000.0,32100000.0,84900000,3,358387,89596.75,110725.6875,227931,71,264,168,0.093859156,0.058661972,0,7240,875.9285714,2008.569199,4034350.225,0,0,1,943.3076923,668,251,235,2,32,2967.0,2967,2967,84900000.0,84900000,84900000,DoS
53,31076,1,66,66,66,66.0,0.0,82,82,82.0,0.0,4762.517699,64.35834728,31076.0,0.0,31076,31076,0,0.0,0.0,0,0,0,0.0,0.0,0,0,20,20,32.17917364,32.17917364,66,82,71.33333333,9.237604307,85.33333333,0,0,0,107.0,66,-1,-1,0,20,0.0,0,0,0.0,0,0,Normal Traffic
53,49935,2,66,33,33,33.0,0.0,107,107,107.0,0.0,5607.289476,80.10413538,16645.0,28789.29129,49888,1,1,1.0,0.0,1,1,46,46.0,0.0,46,46,40,40,40.05206769,40.05206769,33,107,62.6,40.53146926,1642.8,0,0,0,78.25,66,-1,-1,1,20,0.0,0,0,0.0,0,0,Normal Traffic
443,15889617,15,1910,1527,0,127.3333333,391.0859728,2920,0,1092.565217,967.0595933,1701.677265,2.391498801,429449.1081,1791580.379,9954645,30,11000000,784585.7143,2640707.315,9954645,175,15800000,718008.3636,2328411.877,10100000,48,312,484,0.944012685,1.447486116,0,2920,693.3076923,912.8858277,833360.5344,0,1,0,711.5526316,1910,8192,2083,14,20,1029555.0,1029555,1029555,9954645.0,9954645,9954645,Normal Traffic
52089,17,1,6,6,6,6.0,0.0,6,6,6.0,0.0,705882.3529,117647.0588,17.0,0.0,17,17,0,0.0,0.0,0,0,0,0.0,0.0,0,0,20,20,58823.52941,58823.52941,6,6,6.0,0.0,0.0,0,0,1,9.0,6,8508,64240,0,20,0.0,0,0,0.0,0,0,Normal Traffic
443,371659,26,1181,661,0,45.42307692,139.0580233,4380,0,2065.869565,1389.9591,131023.3305,131.8412846,7742.895833,15030.64753,64073,1,371659,14866.36,23439.43721,103903,1,338000,15363.63636,20439.36822,64073,4,568,472,69.9566,61.88468462,0,4380,973.92,1383.389476,1913766.442,0,1,0,993.7959184,1181,65535,64,6,20,0.0,0,0,0.0,0,0,Normal Traffic
587,67,1,2,2,2,2.0,0.0,6,6,6.0,0.0,119402.9851,29850.74627,67.0,0.0,67,67,0,0.0,0.0,0,0,0,0.0,0.0,0,0,24,20,14925.37313,14925.37313,2,6,3.333333333,2.309401077,5.333333333,0,1,0,5.0,2,1024,0,0,24,0.0,0,0,0.0,0,0,Port Scanning
53,23926,2,66,33,33,33.0,0.0,75,75,75.0,0.0,9027.8358271337,167.1821449469,7975.3333333333,13807.6203718575,23919,3,3,3.0,0.0,3,3,4,4.0,0.0,4,4,64,64,83.5910724735,83.5910724735,33,75,49.8,23.0043474152,529.2,0,0,0,62.25,66,-1,-1,1,32,0.0,0,0,0.0,0,0,Normal Traffic
53,101016,1,39,39,39,39.0,0.0,137,137,137.0,0.0,1742.29825,19.79884375,101016.0,0.0,101016,101016,0,0.0,0.0,0,0,0,0.0,0.0,0,0,32,32,9.899421874,9.899421874,39,137,71.66666667,56.58032638,3201.333333,0,0,0,107.5,39,-1,-1,0,32,0.0,0,0,0.0,0,0,Normal Traffic
53,270,2,68,34,34,34.0,0.0,345,345,345.0,0.0,2807407.407,14814.81481,90.0,150.6884203,264,3,3,3.0,0.0,3,3,3,3.0,0.0,3,3,64,64,7407.407407,7407.407407,34,345,158.4,170.3417154,29016.3,0,0,0,198.0,68,-1,-1,1,32,0.0,0,0,0.0,0,0,Normal Traffic
443,8,1,0,0,0,0.0,0.0,0,0,0.0,0.0,0.0,375000.0,4.0,1.414213562,5,3,0,0.0,0.0,0,0,3,3.0,0.0,3,3,20,40,125000.0,250000.0,0,0,0.0,0.0,0.0,0,0,1,0.0,0,64070,16060,0,20,0.0,0,0,0.0,0,0,Normal Traffic
51382,3,2,0,0,0,0.0,0.0,0,0,0.0,0.0,0.0,666666.6667,3.0,0.0,3,3,3,3.0,0.0,3,3,0,0.0,0.0,0,0,64,0,666666.6667,0.0,0,0,0.0,0.0,0.0,0,0,1,0.0,0,357,-1,0,32,0.0,0,0,0.0,0,0,Normal Traffic
53,234,2,68,34,34,34.0,0.0,190,190,190.0,0.0,1914529.915,17094.01709,78.0,93.43982021,183,4,4,4.0,0.0,4,4,47,47.0,0.0,47,47,40,40,8547.008547,8547.008547,34,190,96.4,85.44471897,7300.8,0,0,0,120.5,68,-1,-1,1,20,0.0,0,0,0.0,0,0,Normal Traffic
53,30780,1,55,55,55,55.0,0.0,183,183,183.0,0.0,7732.293697,64.97725796,30780.0,0.0,30780,30780,0,0.0,0.0,0,0,0,0.0,0.0,0,0,32,32,32.48862898,32.48862898,55,183,97.66666667,73.90083446,5461.333333,0,0,0,146.5,55,-1,-1,0,32,0.0,0,0,0.0,0,0,Normal Traffic
53,151,2,76,38,38,38.0,0.0,54,54,54.0,0.0,1218543.046,26490.06623,50.33333333,85.44783984,149,1,1,1.0,0.0,1,1,1,1.0,0.0,1,1,40,40,13245.03311,13245.03311,38,54,44.4,8.76356092,76.8,0,0,0,55.5,76,-1,-1,1,20,0.0,0,0,0.0,0,0,Normal Traffic
53,216,2,72,36,36,36.0,0.0,164,164,164.0,0.0,1851851.852,18518.51852,72.0,83.62415919,165,3,3,3.0,0.0,3,3,48,48.0,0.0,48,48,40,40,9259.259259,9259.259259,36,164,87.2,70.10848736,4915.2,0,0,0,109.0,72,-1,-1,1,20,0.0,0,0,0.0,0,0,Normal Traffic
53,116671,4,144,36,36,36.0,0.0,180,180,180.0,0.0,4319.839549,51.4266613,23334.2,37516.61429,86147,3,30520,10173.33333,17615.53406,30514,3,4,4.0,0.0,4,4,104,40,34.28444086,17.14222043,36,180,77.14285714,70.26480525,4937.142857,0,0,0,90.0,144,-1,-1,3,20,0.0,0,0,0.0,0,0,Normal Traffic
443,88876814,15,917,389,0,61.1333333333,114.8731391372,1569,0,635.1,728.424548064,81.776108671,0.2812882109,3703200.58333333,18124941.9958616,88797176,1,88876814,6348343.85714286,23730407.5600431,88797176,1,64467,7163.0,10951.5149066237,28688,1,324,212,0.1687729265,0.1125152844,0,1569,279.5384615385,529.8322927696,280722.258461539,0,1,0,290.72,917,65535,31,14,20,79604.0,79604,79604,88797176.0,88797176,88797176,Normal Traffic
32930,72,1,6,6,6,6.0,0.0,6,6,6.0,0.0,166666.6667,27777.77778,72.0,0.0,72,72,0,0.0,0.0,0,0,0,0.0,0.0,0,0,20,20,13888.88889,13888.88889,6,6,6.0,0.0,0.0,0,0,1,9.0,6,31,246,0,20,0.0,0,0,0.0,0,0,Normal Traffic
80,116211427,16,611,527,0,38.1875,130.358592,250,0,18.28571429,66.71112071,7.460540004,0.258150173,4007290.586,4875076.271,10000000,75,116000000,7747428.467,4128108.101,10000000,36201,111000000,8515078.769,3737491.293,10000000,19484,332,424,0.137680092,0.120470081,0,527,27.96774194,102.7165952,10550.69892,0,1,0,28.9,611,8192,343,15,20,58264.81818,273512,36047,10000000.0,10000000,9952044,Normal Traffic
80,23201,1,0,0,0,0.0,0.0,0,0,0.0,0.0,0.0,86.2031809,23201.0,0.0,23201,23201,0,0.0,0.0,0,0,0,0.0,0.0,0,0,32,32,43.10159045,43.10159045,0,0,0.0,0.0,0.0,0,0,1,0.0,0,229,29,0,32,0.0,0,0,0.0,0,0,Normal Traffic
45660,58,1,0,0,0,0.0,0.0,0,0,0.0,0.0,0.0,34482.75862,58.0,0.0,58,58,0,0.0,0.0,0,0,0,0.0,0.0,0,0,32,32,17241.37931,17241.37931,0,0,0.0,0.0,0.0,0,0,1,0.0,0,118,244,0,32,0.0,0,0,0.0,0,0,Normal Traffic
53,238913,1,44,44,44,44.0,0.0,146,146,146.0,0.0,795.2685705675,8.3712481112,238913.0,0.0,238913,238913,0,0.0,0.0,0,0,0,0.0,0.0,0,0,20,20,4.1856240556,4.1856240556,44,146,78.0,58.8897274573,3468.0,0,0,0,117.0,44,-1,-1,0,20,0.0,0,0,0.0,0,0,Normal Traffic
53,73702,1,48,48,48,48.0,0.0,205,205,205.0,0.0,3432.742666,27.13630566,73702.0,0.0,73702,73702,0,0.0,0.0,0,0,0,0.0,0.0,0,0,32,20,13.56815283,13.56815283,48,205,100.3333333,90.64399226,8216.333333,0,0,0,150.5,48,-1,-1,0,32,0.0,0,0,0.0,0,0,Normal Traffic
443,11042440,13,5855,1349,0,450.3846154,615.1308179,1451,0,649.3571429,632.704647,1353.505204,2.445111769,424709.2308,1806283.97,9206865,3,1835575,152964.5833,333460.6623,1197986,17295,11000000,847650.9231,2532980.083,9206916,3,296,288,1.177276037,1.267835732,0,1451,533.7857143,617.8539536,381743.5079,0,1,0,553.5555556,5855,8192,22933,10,20,0.0,0,0,0.0,0,0,Normal Traffic
443,208464,15,836,357,0,55.73333333,110.1346362,3677,0,1221.538462,1034.197403,80186.50702,134.3157572,7720.888889,14114.43926,58826,1,208464,14890.28571,17113.60832,58826,1,161049,13420.75,26618.50161,84795,3,492,424,71.95486991,62.36088725,0,3677,576.4137931,902.652382,814781.3227,0,1,0,597.0,836,65535,972,6,32,0.0,0,0,0.0,0,0,Normal Traffic
53,156,2,92,46,46,46.0,0.0,85,85,85.0,0.0,1679487.17948718,25641.0256410256,52.0,84.8704895709,150,3,3,3.0,0.0,3,3,3,3.0,0.0,3,3,40,40,12820.5128205128,12820.5128205128,46,85,61.6,21.3611797427,456.3,0,0,0,77.0,92,-1,-1,1,20,0.0,0,0,0.0,0,0,Normal Traffic
20636,4,2,12,6,6,6.0,0.0,0,0,0.0,0.0,3000000.0,500000.0,4.0,0.0,4,4,4,4.0,0.0,4,4,0,0.0,0.0,0,0,40,0,500000.0,0.0,6,6,6.0,0.0,0.0,0,0,1,9.0,12,673,-1,1,20,0.0,0,0,0.0,0,0,Normal Traffic
80,5599938,3,12,6,0,4.0,3.4641016151,0,0,0.0,0.0,2.1428808676,0.7142936225,1866646.0,3213011.355749,5576688,82,5599938,2799969.0,3926873.66869906,5576688,23250,0,0.0,0.0,0,0,72,32,0.5357202169,0.1785734056,0,6,2.4,3.286335345,10.8,0,1,0,3.0,12,8192,29200,2,20,0.0,0,0,0.0,0,0,Normal Traffic
53,66578,4,160,40,40,40.0,0.0,221,221,221.0,0.0,9042.025894,90.11985941,13315.6,18233.36711,33847,2,33852,11284.0,19540.13119,33847,2,4,4.0,0.0,4,4,104,40,60.07990628,30.03995314,40,221,91.71428571,88.3189566,7800.238095,0,0,0,107.0,160,-1,-1,3,20,0.0,0,0,0.0,0,0,Normal Traffic
40700,53,1,0,0,0,0.0,0.0,0,0,0.0,0.0,0.0,37735.8490566038,53.0,0.0,53,53,0,0.0,0.0,0,0,0,0.0,0.0,0,0,32,32,18867.9245283019,18867.9245283019,0,0,0.0,0.0,0.0,0,0,1,0.0,0,130,322,0,32,0.0,0,0,0.0,0,0,Normal Traffic
80,8253073,8,367,367,0,45.875,129.7540943,10184,0,2326.4,4437.056321,1453.882693,1.575170848,687756.0833,1646200.114,4994209,1,3258864,465552.0,1230912.043,3256998,1,8252981,2063245.25,2487580.276,5004846,162,264,168,0.969335907,0.605834942,0,10184,857.0714286,2712.666144,7358557.61,0,1,0,923.0,367,29200,235,1,32,0.0,0,0,0.0,0,0,DoS
80,1800592,3,26,20,0,8.666666667,10.26320288,11595,0,2901.75,5795.50069,6460.652941,3.887610297,300098.6667,734493.4575,1799377,14,984,492.0,609.5260454,923,61,1800578,600192.6667,1038524.18,1799377,183,72,92,1.666118699,2.221491598,0,11595,1454.125,4097.537534,16800000.0,0,1,0,1661.857143,26,8192,229,2,20,0.0,0,0,0.0,0,0,DDoS
80,100005680,6,317,317,0,52.83333333,129.4147081,5792,0,1932.5,2181.008184,119.1132344,0.119993184,9091425.455,30100000.0,99900000,1,99900000,20000000.0,44700000.0,99900000,1,139452,27890.4,57313.55229,130185,45,200,200,0.059996592,0.059996592,0,5792,916.3076923,1716.99235,2948062.731,0,0,1,992.6666667,317,274,235,1,32,2.0,2,2,99900000.0,99900000,99900000,DoS
47758,52,1,0,0,0,0.0,0.0,0,0,0.0,0.0,0.0,38461.53846,52.0,0.0,52,52,0,0.0,0.0,0,0,0,0.0,0.0,0,0,32,32,19230.76923,19230.76923,0,0,0.0,0.0,0.0,0,0,1,0.0,0,1224,268,0,32,0.0,0,0,0.0,0,0,Normal Traffic
80,100029836,9,352,352,0,39.11111111,117.3333333,5792,0,1656.428571,1947.638216,119.4343656,0.159952277,6668655.733,25800000.0,99900000,0,99900000,12500000.0,35300000.0,99900000,0,152473,25412.16667,55956.7729,139161,47,296,232,0.089973156,0.069979121,0,5792,702.7647059,1451.163995,2105876.941,0,0,1,746.6875,352,274,235,1,32,997.0,997,997,99900000.0,99900000,99900000,DoS
443,5881869,9,1394,504,0,154.8888888889,213.1017623369,1486,0,490.7142857143,677.0206088162,820.9975434679,2.7202237928,392124.6,1451508.54518113,5638540,119,5881869,735233.625,1981375.30015153,5638540,119,172396,28732.6666666667,21604.6562172756,44106,228,192,152,1.5301258835,1.1900979094,0,1486,284.0588235294,477.1817618304,227702.433823529,0,1,0,301.8125,1394,8192,118,8,20,0.0,0,0,0.0,0,0,Normal Traffic
53,99419,4,136,34,34,34.0,0.0,153,153,153.0,0.0,7523.712771,80.46751627,14202.71429,28416.06575,75460,1,99186,33062.0,57260.73369,99181,1,75696,25232.0,43700.5079,75693,1,80,80,40.23375813,40.23375813,34,153,86.88888889,62.71850693,3933.611111,0,0,0,97.75,136,-1,-1,3,20,0.0,0,0,0.0,0,0,Normal Traffic
53,172,2,64,32,32,32.0,0.0,79,79,79.0,0.0,1290697.6744186,23255.8139534884,57.3333333333,98.4394907206,171,0,0,0.0,0.0,0,0,1,1.0,0.0,1,1,64,64,11627.9069767442,11627.9069767442,32,79,50.8,25.7429602027,662.7,0,0,0,63.5,64,-1,-1,1,32,0.0,0,0,0.0,0,0,Normal Traffic
53724,974982,1,6,6,6,6.0,0.0,6,6,6.0,0.0,36.92375859,6.153959765,194996.4,419343.4384,944940,4,0,0.0,0.0,0,0,950990,237747.5,471466.6996,944940,4,20,100,1.025659961,5.128299805,6,6,6.0,0.0,0.0,0,0,1,7.0,6,229,0,0,20,0.0,0,0,0.0,0,0,Normal Traffic
37213,3,2,0,0,0,0.0,0.0,0,0,0.0,0.0,0.0,666666.6667,3.0,0.0,3,3,3,3.0,0.0,3,3,0,0.0,0.0,0,0,64,0,666666.6667,0.0,0,0,0.0,0.0,0.0,0,0,1,0.0,0,5934,-1,0,32,0.0,0,0,0.0,0,0,Normal Traffic
53,332,2,80,40,40,40.0,0.0,414,414,414.0,0.0,2734939.759,12048.19277,110.6666667,185.618785,325,3,3,3.0,0.0,3,3,4,4.0,0.0,4,4,64,64,6024.096386,6024.096386,40,414,189.6,204.8482365,41962.8,0,0,0,237.0,80,-1,-1,1,32,0.0,0,0,0.0,0,0,Normal Traffic
443,120387,6,1886,1350,32,314.3333333333,526.1812108643,1350,27,345.0,572.1280451088,29994.9330077168,91.3719919925,12038.7,13926.228667518,38640,1,120387,24077.4,36018.7128073728,80932,1,56782,14195.5,10160.8744538384,23637,4,120,112,49.8392683595,41.532723633,27,1350,413.4166666667,576.2853551897,332104.810606061,0,0,0,451.0,1886,-1,-1,5,20,0.0,0,0,0.0,0,0,Normal Traffic
80,98386792,6,350,350,0,58.33333333,142.8869017,4344,0,1932.5,1977.812908,121.4085728,0.121967591,8944253.818,29700000.0,98300000,1,98400000,19700000.0,44000000.0,98300000,1,42504,8500.8,13126.32124,30062,56,200,200,0.060983795,0.060983795,0,4344,918.8461538,1610.20029,2592744.974,0,0,1,995.4166667,350,251,235,1,32,4.0,4,4,98300000.0,98300000,98300000,DoS
53,31259,2,76,38,38,38.0,0.0,86,86,86.0,0.0,7933.71509,127.9631466,10419.66667,18001.50678,31206,4,49,49.0,0.0,49,49,4,4.0,0.0,4,4,64,64,63.98157331,63.98157331,38,86,57.2,26.29068276,691.2,0,0,0,71.5,76,-1,-1,1,32,0.0,0,0,0.0,0,0,Normal Traffic
80,5832559,4,24,6,6,6.0,0.0,0,0,0.0,0.0,4.114831929,0.685805321,1944186.333,3366935.01,5831988,189,5832559,1944186.333,3366935.01,5831988,189,0,0.0,0.0,0,0,80,0,0.685805321,0.0,6,6,6.0,0.0,0.0,0,0,1,7.5,24,256,-1,3,20,571.0,571,571,5831988.0,5831988,5831988,DDoS
80,1833604,3,26,20,0,8.666666667,10.26320288,10135,0,2321.4,4413.201989,6344.336073,4.362992227,261943.4286,692515.1117,1832420,4,833,416.5,471.6402231,750,83,1833539,458384.75,916023.5855,1832420,4,72,112,1.636122085,2.726870142,0,10135,1292.555556,3350.634907,11200000.0,0,1,0,1454.125,26,8192,229,2,20,0.0,0,0,0.0,0,0,DDoS
80,117405747,232,2680,473,0,11.55172414,48.93318084,4380,2,1945.547337,860.9015317,5623.87291,4.85495825,206336.9895,1393754.318,10000000,0,117000000,508249.987,2165285.149,10100000,83,112000000,333096.8309,1788708.688,10100000,1,4652,6764,1.976053182,2.878905068,0,4380,1156.348511,1159.420835,1344256.673,0,1,0,1158.377193,2680,8192,8190,231,20,198774.6364,1694326,48994,10000000.0,10000000,9992827,Normal Traffic
80,10080738,4,24,6,6,6.0,0.0,0,0,0.0,0.0,2.380778074,0.396796346,3360246.0,5817529.136,10100000,990,10100000,3360246.0,5817529.136,10100000,990,0,0.0,0.0,0,0,80,0,0.396796346,0.0,6,6,6.0,0.0,0.0,0,0,1,7.5,24,256,-1,3,20,2988.0,2988,2988,10100000.0,10100000,10100000,DDoS
53,60179,1,59,59,59,59.0,0.0,117,117,117.0,0.0,2924.608252,33.23418468,60179.0,0.0,60179,60179,0,0.0,0.0,0,0,0,0.0,0.0,0,0,32,40,16.61709234,16.61709234,59,117,78.33333333,33.48631561,1121.333333,0,0,0,117.5,59,-1,-1,0,32,0.0,0,0,0.0,0,0,Normal Traffic
22,1282013,41,2728,456,0,66.53658537,110.1299454,976,0,157.952381,319.1214275,7302.578055,64.74193319,15634.30488,106018.5969,956282,0,1282013,32050.325,159208.6464,997602,0,325622,7942.0,19210.94035,97211,0,1328,1360,31.98095495,32.76097824,0,976,111.452381,241.6427915,58391.23867,0,1,0,112.7951807,2728,29200,243,24,32,0.0,0,0,0.0,0,0,Normal Traffic
443,4017060,6,322,196,0,53.66666667,86.03642639,1581,0,659.8,793.8899168,901.4055055,2.738321061,401706.0,833557.3494,2166845,89,4017060,803412.0,1077073.802,2166845,16403,3985934,996483.5,1158505.632,2183527,251,132,112,1.493629669,1.244691391,0,1581,301.75,576.7763274,332670.9318,0,1,0,329.1818182,322,8192,237,2,20,0.0,0,0,0.0,0,0,Normal Traffic
53,48321,1,55,55,55,55.0,0.0,107,107,107.0,0.0,3352.579624,41.3898719,48321.0,0.0,48321,48321,0,0.0,0.0,0,0,0,0.0,0.0,0,0,32,32,20.69493595,20.69493595,55,107,72.33333333,30.022214,901.3333333,0,0,0,108.5,55,-1,-1,0,32,0.0,0,0,0.0,0,0,Normal Traffic
53,48397,1,44,44,44,44.0,0.0,76,76,76.0,0.0,2479.492531,41.32487551,48397.0,0.0,48397,48397,0,0.0,0.0,0,0,0,0.0,0.0,0,0,20,20,20.66243775,20.66243775,44,76,54.66666667,18.47520861,341.3333333,0,0,0,82.0,44,-1,-1,0,20,0.0,0,0,0.0,0,0,Normal Traffic
53,55599457,4,130,35,30,32.5,2.886751346,226,132,179.0,54.2709253,15.21597594,0.143886297,7942779.571,21000000.0,55600000,3,55600000,18500000.0,32100000.0,55600000,3,55600000,18500000.0,32100000.0,55600000,4,80,80,0.071943149,0.071943149,30,226,97.33333333,84.32526312,7110.75,0,0,0,109.5,130,-1,-1,3,20,183.0,183,183,55600000.0,55600000,55600000,Normal Traffic
53,50533,2,100,50,50,50.0,0.0,78,78,78.0,0.0,5065.996478,79.15619496,16844.33333,29130.21614,50481,4,4,4.0,0.0,4,4,48,48.0,0.0,48,48,64,40,39.57809748,39.57809748,50,78,61.2,15.33623161,235.2,0,0,0,76.5,100,-1,-1,1,32,0.0,0,0,0.0,0,0,Normal Traffic
443,51431,1,0,0,0,0.0,0.0,0,0,0.0,0.0,0.0,38.88705256,51431.0,0.0,51431,51431,0,0.0,0.0,0,0,0,0.0,0.0,0,0,32,32,19.44352628,19.44352628,0,0,0.0,0.0,0.0,0,0,1,0.0,0,245,18,0,32,0.0,0,0,0.0,0,0,Normal Traffic
59199,825,3,286,274,6,95.33333333,154.7298721,0,0,0.0,0.0,346666.6667,3636.363636,412.5,577.7062402,821,4,825,412.5,577.7062402,821,4,0,0.0,0.0,0,0,60,0,3636.363636,0.0,6,274,73.0,134.0,17956.0,0,0,1,97.33333333,286,60,-1,2,20,0.0,0,0,0.0,0,0,Normal Traffic
80,85429297,7,363,357,0,51.85714286,134.5739308,10136,0,2319.0,4414.366206,139.9753998,0.140467034,7766299.727,25700000.0,85300000,0,85300000,14200000.0,34800000.0,85300000,0,151584,37896.0,66554.2755,137252,187,220,168,0.081939103,0.058527931,0,10136,919.8461538,2798.262641,7830273.808,0,0,1,996.5,363,274,235,2,20,991.0,991,991,85300000.0,85300000,85300000,DoS
16522,77,3,43,31,6,14.33333333,14.43375673,6,6,6.0,0.0,636363.6364,51948.05195,25.66666667,40.15387071,72,1,5,2.5,2.121320344,4,1,0,0.0,0.0,0,0,60,20,38961.03896,12987.01299,6,31,11.0,11.18033989,125.0,0,0,1,13.75,43,1214,0,2,20,0.0,0,0,0.0,0,0,Normal Traffic
37522,43,3,77,46,0,25.66666667,23.45918441,0,0,0.0,0.0,1790697.674,69767.44186,21.5,24.74873734,39,4,43,21.5,24.74873734,39,4,0,0.0,0.0,0,0,96,0,69767.44186,0.0,0,46,30.75,21.68524844,470.25,0,0,1,41.0,77,122,-1,1,32,0.0,0,0,0.0,0,0,Normal Traffic
80,115689613,18,662,373,0,36.77777778,108.0041151,1121,0,121.4,330.1051348,21.46260097,0.285246006,3615300.406,4785992.168,10000000,46,116000000,6805271.353,4662479.059,10100000,739,111000000,7899572.357,4268971.263,10100000,606,380,312,0.15558873,0.129657275,0,1121,73.02941176,232.7672118,54180.57487,0,1,0,75.24242424,662,29200,33,2,20,41859.90909,138035,31947,10000000.0,10000000,9960006,Normal Traffic
59976,53017,2,0,0,0,0.0,0.0,0,0,0.0,0.0,0.0,56.5856234793,26508.5,37406.6558315495,52959,58,53017,53017.0,0.0,53017,53017,0,0.0,0.0,0,0,76,32,37.7237489862,18.8618744931,0,0,0.0,0.0,0.0,0,0,1,0.0,0,357,32832,0,32,0.0,0,0,0.0,0,0,Normal Traffic
63234,223,1,0,0,0,0.0,0.0,0,0,0.0,0.0,0.0,13452.9148,111.5,88.38834765,174,49,0,0.0,0.0,0,0,49,49.0,0.0,49,49,32,64,4484.304933,8968.609865,0,0,0.0,0.0,0.0,0,0,1,0.0,0,269,65535,0,32,0.0,0,0,0.0,0,0,Normal Traffic
53,31200,4,144,36,36,36.0,0.0,164,164,164.0,0.0,15128.2051282051,192.3076923077,6240.0,13770.3807318462,30872,3,30878,10292.6666666667,17822.2254596146,30872,3,4,4.0,0.0,4,4,104,40,128.2051282051,64.1025641026,36,164,72.5714285714,62.4576046687,3900.9523809524,0,0,0,84.6666666667,144,-1,-1,3,20,0.0,0,0,0.0,0,0,Normal Traffic
53,141,2,70,35,35,35.0,0.0,63,63,63.0,0.0,1390070.92198582,28368.7943262411,47.0,74.4781847255,133,4,4,4.0,0.0,4,4,4,4.0,0.0,4,4,40,40,14184.3971631206,14184.3971631206,35,63,46.2,15.3362316101,235.2,0,0,0,57.75,70,-1,-1,1,20,0.0,0,0,0.0,0,0,Normal Traffic
80,2010516,4,442,436,0,110.5,217.0184324,859,0,174.2,382.8265926,653.066178,4.476462759,251314.5,467972.2239,1216120,4,1986650,662216.6667,600944.4457,1216176,23324,1987268,496817.0,601462.5283,1216196,4,104,124,1.989539004,2.486923755,0,859,131.3,289.7677422,83965.34444,0,1,0,145.8888889,442,8192,31,2,20,0.0,0,0,0.0,0,0,Normal Traffic
443,12818750,10,599,202,0,59.9,75.33104716,1625,2,329.9,640.7009096,304.0858118,1.560214529,674671.0526,2890517.172,12600000,2,12800000,1424301.111,4195093.287,12600000,353,12800000,1420437.333,4198631.766,12600000,210,212,204,0.780107265,0.780107265,0,1625,185.6190476,455.3146688,207311.4476,0,1,0,194.9,599,8192,16616,9,20,207696.0,207696,207696,12600000.0,12600000,12600000,Normal Traffic
53,318,2,64,32,32,32.0,0.0,122,122,122.0,0.0,968553.4591,12578.61635,106.0,182.7320443,317,0,0,0.0,0.0,0,0,1,1.0,0.0,1,1,64,64,6289.308176,6289.308176,32,122,68.0,49.29503018,2430.0,0,0,0,85.0,64,-1,-1,1,32,0.0,0,0,0.0,0,0,Normal Traffic
123,118,2,96,48,48,48.0,0.0,48,48,48.0,0.0,1627118.6440678,33898.3050847458,39.3333333333,62.0671679178,111,3,4,4.0,0.0,4,4,3,3.0,0.0,3,3,40,40,16949.1525423729,16949.1525423729,48,48,48.0,0.0,0.0,0,0,0,60.0,96,-1,-1,1,20,0.0,0,0,0.0,0,0,Normal Traffic
443,4882,2,12,6,6,6.0,0.0,0,0,0.0,0.0,2458.009013,409.6681688,4882.0,0.0,4882,4882,4882,4882.0,0.0,4882,4882,0,0.0,0.0,0,0,40,0,409.6681688,0.0,6,6,6.0,0.0,0.0,0,0,1,9.0,12,63785,-1,1,20,0.0,0,0,0.0,0,0,Normal Traffic
53,157,2,76,38,38,38.0,0.0,66,66,66.0,0.0,1324840.764,25477.70701,52.33333333,50.083264,104,4,4,4.0,0.0,4,4,49,49.0,0.0,49,49,40,40,12738.8535,12738.8535,38,66,49.2,15.33623161,235.2,0,0,0,61.5,76,-1,-1,1,20,0.0,0,0,0.0,0,0,Normal Traffic
80,46036477,8,346,310,0,43.25,107.8037237629,966,0,122.25,340.9372585766,28.7598027972,0.347550487,3069098.46666667,4574798.52948961,10000450,40,40081213,5725887.57142857,5329350.98125994,10015554,113,46021235,6574462.14285714,4724357.89404781,10015616,5884,172,220,0.1737752435,0.1737752435,0,966,77.8823529412,240.6277941014,57901.7352941177,0,1,0,82.75,346,8192,30,7,20,32773.75,86009,14988,9987529.5,10000450,9950549,Normal Traffic
53,30823,2,68,34,34,34.0,0.0,99,99,99.0,0.0,8629.919216,129.7732213,10274.33333,17751.51431,30772,3,48,48.0,0.0,48,48,3,3.0,0.0,3,3,64,40,64.88661065,64.88661065,34,99,60.0,35.60196624,1267.5,0,0,0,75.0,68,-1,-1,1,32,0.0,0,0,0.0,0,0,Normal Traffic
443,62818376,268,25945,5592,0,96.8097014925,493.4360732733,4194,0,1481.1873350924,953.2486138669,9349.4139358203,10.299534009,97242.0681114551,2306095.9914158,58586660,0,62818376,235274.816479401,3586469.77568141,58586660,1,62795846,166126.576719577,3015709.18716934,58608889,0,8584,12136,4.2662675648,6.0332664442,0,5592,906.350308642,1047.6910725167,1097656.58343113,0,1,0,907.7511591963,25945,29200,313,62,32,3068457.0,3068457,3068457,58586660.0,58586660,58586660,Normal Traffic
80,5467895,4,24,6,6,6.0,0.0,0,0,0.0,0.0,4.389257658,0.731542943,1822631.667,3156022.066,5466892,3,5467895,1822631.667,3156022.066,5466892,3,0,0.0,0.0,0,0,80,0,0.731542943,0.0,6,6,6.0,0.0,0.0,0,0,1,7.5,24,256,-1,3,20,1003.0,1003,1003,5466892.0,5466892,5466892,DDoS
53,150,2,90,45,45,45.0,0.0,105,105,105.0,0.0,2000000.0,26666.66667,50.0,80.54191455,143,3,4,4.0,0.0,4,4,3,3.0,0.0,3,3,40,40,13333.33333,13333.33333,45,105,69.0,32.86335345,1080.0,0,0,0,86.25,90,-1,-1,1,20,0.0,0,0,0.0,0,0,Normal Traffic
53,197,2,70,35,35,35.0,0.0,83,83,83.0,0.0,1197969.54314721,20304.5685279188,65.6666666667,108.5418506077,191,3,3,3.0,0.0,3,3,3,3.0,0.0,3,3,40,40,10152.2842639594,10152.2842639594,35,83,54.2,26.2906827602,691.2,0,0,0,67.75,70,-1,-1,1,20,0.0,0,0,0.0,0,0,Normal Traffic
53,23600,1,57,57,57,57.0,0.0,142,142,142.0,0.0,8432.20339,84.74576271,23600.0,0.0,23600,23600,0,0.0,0.0,0,0,0,0.0,0.0,0,0,32,20,42.37288136,42.37288136,57,142,85.33333333,49.07477288,2408.333333,0,0,0,128.0,57,-1,-1,0,32,0.0,0,0,0.0,0,0,Normal Traffic
80,100639045,4,353,347,0,88.25,172.5231868,4344,0,1656.428571,1946.27472,118.7213174,0.109301514,10100000.0,31800000.0,101000000,1,101000000,33500000.0,58100000.0,101000000,3,78347,13057.83333,27715.18736,69178,1,124,232,0.039746005,0.069555509,0,4344,996.1666667,1655.473172,2740591.424,1,0,0,1086.727273,353,0,235,1,20,0.0,0,0,101000000.0,101000000,101000000,DoS
80,110,2,0,0,0,0.0,0.0,0,0,0.0,0.0,0.0,18181.81818,110.0,0.0,110,110,110,110.0,0.0,110,110,0,0.0,0.0,0,0,64,0,18181.81818,0.0,0,0,0.0,0.0,0.0,0,0,1,0.0,0,251,-1,0,32,0.0,0,0,0.0,0,0,DoS
53,53639,1,46,46,46,46.0,0.0,357,357,357.0,0.0,7513.19003,37.28630288,53639.0,0.0,53639,53639,0,0.0,0.0,0,0,0,0.0,0.0,0,0,32,32,18.64315144,18.64315144,46,357,149.6666667,179.5559337,32240.33333,0,0,0,224.5,46,-1,-1,0,32,0.0,0,0,0.0,0,0,Normal Traffic
46008,4,3,76,45,0,25.3333333333,23.0289672659,0,0,0.0,0.0,19000000.0,750000.0,2.0,1.4142135624,3,1,4,2.0,1.4142135624,3,1,0,0.0,0.0,0,0,96,0,750000.0,0.0,0,45,30.25,21.2190951739,450.25,0,0,1,40.3333333333,76,134,-1,1,32,0.0,0,0,0.0,0,0,Normal Traffic
443,940592,10,851,267,0,85.1,99.87041604,1448,0,395.0,587.483144,5104.232228,21.26320445,49504.84211,73971.98975,292941,1,845289,93921.0,92590.916,292941,245,845575,93952.77778,129136.9166,388663,1,328,328,10.63160222,10.63160222,0,1448,228.6190476,431.9181029,186553.2476,0,1,0,240.05,851,29200,252,5,32,0.0,0,0,0.0,0,0,Normal Traffic
3325,25,1,0,0,0,0.0,0.0,6,6,6.0,0.0,240000.0,80000.0,25.0,0.0,25,25,0,0.0,0.0,0,0,0,0.0,0.0,0,0,40,20,40000.0,40000.0,0,6,2.0,3.464101615,12.0,0,1,0,3.0,0,29200,0,0,40,0.0,0,0,0.0,0,0,Port Scanning
53,48840,2,74,37,37,37.0,0.0,117,117,117.0,0.0,6306.3063063063,81.9000819001,16280.0,28191.7249738288,48833,3,3,3.0,0.0,3,3,4,4.0,0.0,4,4,40,40,40.95004095,40.95004095,37,117,69.0,43.8178046004,1920.0,0,0,0,86.25,74,-1,-1,1,20,0.0,0,0,0.0,0,0,Normal Traffic
53,61412,4,160,40,40,40.0,0.0,226,226,226.0,0.0,9965.479059,97.70077509,12282.4,16793.92826,30794,3,30845,10281.66667,17764.21601,30794,3,3,3.0,0.0,3,3,128,40,65.13385006,32.56692503,40,226,93.14285714,90.75870678,8237.142857,0,0,0,108.6666667,160,-1,-1,3,32,0.0,0,0,0.0,0,0,Normal Traffic
53,31092,1,51,51,51,51.0,0.0,112,112,112.0,0.0,5242.506111,64.32522835,31092.0,0.0,31092,31092,0,0.0,0.0,0,0,0,0.0,0.0,0,0,20,20,32.16261418,32.16261418,51,112,71.33333333,35.21836642,1240.333333,0,0,0,107.0,51,-1,-1,0,20,0.0,0,0,0.0,0,0,Normal Traffic
47802,1,2,31,31,0,15.5,21.9203102168,0,0,0.0,0.0,31000000.0,2000000.0,1.0,0.0,1,1,1,1.0,0.0,1,1,0,0.0,0.0,0,0,64,0,2000000.0,0.0,0,31,20.6666666667,17.8978583449,320.3333333333,0,0,1,31.0,31,61,-1,0,32,0.0,0,0,0.0,0,0,Normal Traffic
80,81106330,8,56,20,0,7.0,5.656854249,8675,0,2900.25,4088.041942,143.7249103,0.147953927,7373302.727,21800000.0,72500000,1,80700000,11500000.0,27100000.0,72500000,1,423439,141146.3333,234485.28,411829,191,172,92,0.098635951,0.049317976,0,8675,897.1538462,2471.828063,6109933.974,0,0,1,971.9166667,56,256,229,6,20,1002.0,1002,1002,40300000.0,72500000,8137801,DDoS
53,1163,2,68,34,34,34.0,0.0,190,190,190.0,0.0,385210.6621,3439.380911,387.6666667,587.4541117,1066,48,49,49.0,0.0,49,49,48,48.0,0.0,48,48,40,40,1719.690456,1719.690456,34,190,96.4,85.44471897,7300.8,0,0,0,120.5,68,-1,-1,1,20,0.0,0,0,0.0,0,0,Normal Traffic
443,5113305,7,599,517,0,85.5714285714,191.3085266813,160,0,53.3333333333,92.3760430703,148.436285338,1.9556822838,568145.0,1662085.81818298,4999993,2,5113305,852217.5,2064129.07718318,5065538,2,89773,44886.5,29816.5716422932,65970,23803,232,104,1.3689775986,0.5867046851,0,517,69.0,156.2305987955,24408.0,0,1,0,75.9,599,29200,59,3,32,0.0,0,0,0.0,0,0,Normal Traffic
443,1002805,9,703,267,0,78.1111111111,103.3022802803,1448,0,359.0909090909,569.9183195065,4639.9848425167,19.9440569203,52779.2105263158,73086.6697844103,267459,3,905411,113176.375,128768.016796472,362479,198,907534,90753.4,93617.6545710144,267459,3,296,360,8.9748256142,10.9692313062,0,1448,221.5714285714,434.4990876203,188789.457142857,0,1,0,232.65,703,29200,254,4,32,0.0,0,0,0.0,0,0,Normal Traffic
61906,30,1,6,6,6,6.0,0.0,6,6,6.0,0.0,400000.0,66666.6666666667,30.0,0.0,30,30,0,0.0,0.0,0,0,0,0.0,0.0,0,0,20,20,33333.3333333333,33333.3333333333,6,6,6.0,0.0,0.0,0,0,1,9.0,6,247,253,0,20,0.0,0,0,0.0,0,0,Normal Traffic
80,5142683,3,0,0,0,0.0,0.0,0,0,0.0,0.0,0.0,0.777804115,1714227.667,2968354.338,5141788,138,5142683,2571341.5,3635160.302,5141788,895,0,0.0,0.0,0,0,104,40,0.583353086,0.194451029,0,0,0.0,0.0,0.0,0,1,0,0.0,0,29200,28960,0,32,0.0,0,0,0.0,0,0,Web Attacks
443,116473707,56,1243,450,0,22.19642857,86.33579678,4344,0,1447.482759,1121.569502,731.4698072,0.97876167,1030740.77,2999125.974,10000000,1,116000000,2117703.764,4050015.974,10000000,2,112000000,1961123.0,3990399.99,10000000,1,1800,1864,0.480795206,0.497966464,0,4344,740.8434783,1070.100885,1145115.905,0,1,0,747.3421053,1243,29200,1039,5,32,141849.0,1325323,23096,10000000.0,10000000,10000000,Normal Traffic
41084,750,1,0,0,0,0.0,0.0,0,0,0.0,0.0,0.0,2666.666667,750.0,0.0,750,750,0,0.0,0.0,0,0,0,0.0,0.0,0,0,32,32,1333.333333,1333.333333,0,0,0.0,0.0,0.0,0,0,1,0.0,0,227,229,0,32,0.0,0,0,0.0,0,0,Normal Traffic
80,35457,3,26,20,0,8.666666667,10.26320288,5840,0,2320.2,2436.833027,327918.3236,225.6254054,5065.285714,9325.797405,24662,45,24797,12398.5,17464.83039,24748,49,35371,8842.75,11460.37679,24771,45,72,112,84.60952703,141.0158784,0,5840,1291.888889,2110.95076,4456113.111,0,1,0,1453.375,26,8192,229,2,20,0.0,0,0,0.0,0,0,DDoS
27353,97,2,4,2,2,2.0,0.0,6,6,6.0,0.0,164948.4536,41237.1134,32.33333333,27.13546265,48,1,1,1.0,0.0,1,1,48,48.0,0.0,48,48,48,40,20618.5567,20618.5567,2,6,3.6,2.19089023,4.8,0,1,0,4.5,4,1024,0,1,24,0.0,0,0,0.0,0,0,Normal Traffic
443,117567656,14,1080,432,0,77.1428571429,120.5422729188,1522,0,277.8,534.2177458677,44.6296216027,0.2466664811,4198844.85714286,15346447.9092888,58838589,4,117567656,9043665.84615385,21982047.1622784,58917188,39,117504917,8393208.35714286,21263894.7052882,58878052,4,292,312,0.1190803702,0.1275861109,0,1522,174.9,394.249295366,155432.506896552,0,1,0,180.9310344828,1080,8192,16,13,20,219325.5,377788,60863,58533343.0,58838589,58228097,Normal Traffic
53,194,2,86,43,43,43.0,0.0,59,59,59.0,0.0,1051546.39175258,20618.5567010309,64.6666666667,70.811957559,142,3,49,49.0,0.0,49,49,3,3.0,0.0,3,3,40,40,10309.2783505155,10309.2783505155,43,59,49.4,8.7635609201,76.8,0,0,0,61.75,86,-1,-1,1,20,0.0,0,0,0.0,0,0,Normal Traffic
80,121,2,0,0,0,0.0,0.0,0,0,0.0,0.0,0.0,16528.9256198347,121.0,0.0,121,121,121,121.0,0.0,121,121,0,0.0,0.0,0,0,64,0,16528.9256198347,0.0,0,0,0.0,0.0,0.0,0,0,1,0.0,0,237,-1,0,32,0.0,0,0,0.0,0,0,Normal Traffic
53,140119,2,74,37,37,37.0,0.0,121,121,121.0,0.0,2255.225915,28.54716348,46706.33333,80890.81417,140111,4,4,4.0,0.0,4,4,4,4.0,0.0,4,4,64,40,14.27358174,14.27358174,37,121,70.6,46.00869483,2116.8,0,0,0,88.25,74,-1,-1,1,32,0.0,0,0,0.0,0,0,Normal Traffic
53,163,2,94,47,47,47.0,0.0,103,103,103.0,0.0,1840490.79754601,24539.8773006135,54.3333333333,88.0473357537,156,3,3,3.0,0.0,3,3,4,4.0,0.0,4,4,64,64,12269.9386503067,12269.9386503067,47,103,69.4,30.6724632203,940.8,0,0,0,86.75,94,-1,-1,1,32,0.0,0,0,0.0,0,0,Normal Traffic
21,8955843,9,106,25,0,11.77777778,9.679589064,34,0,12.53333333,14.54975045,32.82773045,2.679814731,389384.4783,1021949.376,3516728,3,6184226,773028.25,1451408.443,3559098,3,8955757,639696.9286,1262927.702,3516728,4,296,488,1.004930524,1.674884207,0,34,11.76,12.68292816,160.8566667,0,1,0,12.25,106,29200,227,6,32,0.0,0,0,0.0,0,0,Brute Force
80,3780938,5,30,6,6,6.0,0.0,0,0,0.0,0.0,7.934538995,1.322423166,945234.5,1889139.233,3778943,1,3780938,945234.5,1889139.233,3778943,1,0,0.0,0.0,0,0,100,0,1.322423166,0.0,6,6,6.0,0.0,0.0,0,0,1,7.2,30,256,-1,4,20,0.0,0,0,0.0,0,0,DDoS
51207,3963,3,43,31,6,14.3333333333,14.4337567297,0,0,0.0,0.0,10850.365884431,757.0022710068,1981.5,2796.6073195928,3959,4,3963,1981.5,2796.6073195928,3959,4,0,0.0,0.0,0,0,60,0,757.0022710068,0.0,6,31,12.25,12.5,156.25,0,0,1,16.3333333333,43,946,-1,2,20,0.0,0,0,0.0,0,0,Normal Traffic
22,1451943,39,2632,408,0,67.48717949,103.3753691,976,0,150.7727273,313.3839211,6381.793225,57.16477851,17706.62195,106101.3949,953597,1,1451943,38209.02632,163981.1762,997016,3,498237,11586.90698,24549.64981,108047,1,804,904,26.86055858,30.30421993,0,976,110.3095238,240.100831,57648.40906,0,1,0,111.6385542,2632,8192,245,24,20,0.0,0,0,0.0,0,0,Normal Traffic
4646,3,2,12,6,6,6.0,0.0,0,0,0.0,0.0,4000000.0,666666.6667,3.0,0.0,3,3,3,3.0,0.0,3,3,0,0.0,0.0,0,0,40,0,666666.6667,0.0,6,6,6.0,0.0,0.0,0,0,1,9.0,12,360,-1,1,20,0.0,0,0,0.0,0,0,Normal Traffic
46854,100,1,0,0,0,0.0,0.0,0,0,0.0,0.0,0.0,20000.0,100.0,0.0,100,100,0,0.0,0.0,0,0,0,0.0,0.0,0,0,32,32,10000.0,10000.0,0,0,0.0,0.0,0.0,0,0,1,0.0,0,905,229,0,32,0.0,0,0,0.0,0,0,Normal Traffic
443,704982,7,376,201,0,53.71428571,78.68653906,3502,0,1169.333333,2020.150819,5509.360523,14.18475933,78331.33333,104964.0788,325780,19,704982,117497.0,110468.9597,325780,14859,414185,207092.5,288959.8932,411418,2767,152,72,9.929331529,4.255427798,0,3502,353.0909091,1046.421565,1094998.091,0,1,0,388.4,376,8192,60,6,20,0.0,0,0,0.0,0,0,Normal Traffic
80,1406492,3,439,439,0,146.3333333,253.4567682,859,0,214.75,429.5,922.8634077,4.976921305,234415.3333,551315.6802,1359549,3,1382713,691356.5,944966.8958,1359549,23164,1383360,461120.0,798201.8056,1382804,3,104,136,2.132966274,2.843955031,0,859,162.25,320.7138244,102857.3571,0,1,0,185.4285714,439,29200,31,1,32,0.0,0,0,0.0,0,0,Normal Traffic
80,83289234,8,56,20,0,7.0,5.656854249,4380,0,1933.5,1757.789948,139.9580647,0.168088951,6406864.154,22000000.0,79700000,1,81600000,11700000.0,30000000.0,79700000,1,1668362,333672.4,736476.4716,1651056,13,172,132,0.096050829,0.072038122,0,4380,777.5333333,1434.571657,2057995.838,0,0,1,833.0714286,56,256,229,6,20,1927028.0,1927028,1927028,79700000.0,79700000,79700000,DDoS
80,115766342,18,846,427,0,47.0,136.7969728,276,0,39.42857143,100.2256794,12.07604884,0.276418858,3734398.129,4820513.944,10000000,53,116000000,6809784.824,4657518.449,10000000,28588,111000000,8514143.692,3739344.443,10000000,60089,380,292,0.155485607,0.12093325,0,427,42.36363636,118.7194219,14094.30114,0,1,0,43.6875,846,29200,1024,2,20,44572.36364,205991,28224,10000000.0,10000000,9998200,Normal Traffic
53,60898,2,62,31,31,31.0,0.0,102,102,102.0,0.0,4367.959539,65.68360209,20299.33333,35154.28054,60892,3,3,3.0,0.0,3,3,3,3.0,0.0,3,3,64,80,32.84180104,32.84180104,31,102,59.4,38.88830158,1512.3,0,0,0,74.25,62,-1,-1,1,32,0.0,0,0,0.0,0,0,Normal Traffic
80,20352573,6,834,810,0,139.0,328.7302846,463,0,118.75,229.5174285,64.31619236,0.491338368,2261397.0,4444175.92,10200000,53,20300000,4063018.0,5527926.498,10200000,4634,20300000,6772072.667,5828438.832,10200000,42892,140,92,0.294803021,0.196535347,0,810,119.0,267.3787576,71491.4,0,1,0,130.9,834,29200,8201,5,20,57869.0,79300,36438,10100000.0,10200000,10000000,Normal Traffic
41294,42,1,0,0,0,0.0,0.0,0,0,0.0,0.0,0.0,47619.0476190476,42.0,0.0,42,42,0,0.0,0.0,0,0,0,0.0,0.0,0,0,32,32,23809.5238095238,23809.5238095238,0,0,0.0,0.0,0.0,0,0,1,0.0,0,134,345,0,32,0.0,0,0,0.0,0,0,Normal Traffic
443,196159,46,1313,570,0,28.54347826,111.4687214,4344,0,1735.098361,865.2067134,546260.9414,545.475864,1850.556604,7183.492207,53508,0,196159,4359.088889,10642.99391,53533,1,172527,2875.45,9029.586284,53699,1,1192,1960,234.5036425,310.9722215,0,4344,992.1666667,1071.471575,1148051.336,0,1,0,1001.439252,1313,29200,61,28,20,0.0,0,0,0.0,0,0,Normal Traffic
80,99394744,7,416,410,0,59.42857143,154.6036407,5792,0,2319.0,3170.403917,120.8413998,0.12073073,9035885.818,29900000.0,99200000,1,99300000,16500000.0,40500000.0,99200000,1,150351,37587.75,67852.89577,139074,86,220,168,0.070426259,0.050304471,0,5792,923.9230769,2163.43756,4680462.077,0,0,1,1000.916667,416,274,235,2,20,1988.0,1988,1988,99200000.0,99200000,99200000,DoS
53,169,2,86,43,43,43.0,0.0,59,59,59.0,0.0,1207100.592,23668.63905,56.33333333,92.37604307,163,3,3,3.0,0.0,3,3,3,3.0,0.0,3,3,40,40,11834.31953,11834.31953,43,59,49.4,8.76356092,76.8,0,0,0,61.75,86,-1,-1,1,20,0.0,0,0,0.0,0,0,Normal Traffic
80,75045773,8,56,20,0,7.0,5.656854249,8675,0,2321.4,3769.536019,155.4118178,0.173227611,6253814.417,20600000.0,71700000,3,73200000,10500000.0,27000000.0,71700000,123,1857123,464280.75,927898.8953,1856129,3,172,112,0.106601607,0.066626004,0,8675,833.5,2386.768615,5696664.423,0,0,1,897.6153846,56,256,229,6,20,1444667.0,1444667,1444667,71700000.0,71700000,71700000,DDoS
53,86184,2,70,35,35,35.0,0.0,221,221,221.0,0.0,5940.777871,46.41232711,28728.0,49754.0255,86179,1,1,1.0,0.0,1,1,4,4.0,0.0,4,4,64,64,23.20616356,23.20616356,35,221,109.4,101.8763957,10378.8,0,0,0,136.75,70,-1,-1,1,32,0.0,0,0,0.0,0,0,Normal Traffic
53,224,2,140,70,70,70.0,0.0,198,198,198.0,0.0,2392857.143,17857.14286,74.66666667,88.08140174,173,3,48,48.0,0.0,48,48,3,3.0,0.0,3,3,40,40,8928.571429,8928.571429,70,198,121.2,70.10848736,4915.2,0,0,0,151.5,140,-1,-1,1,20,0.0,0,0,0.0,0,0,Normal Traffic
53,88552,4,168,42,42,42.0,0.0,170,170,170.0,0.0,5736.742253,67.75679827,17710.4,24409.0126,48254,3,48261,16087.0,27857.43917,48254,3,4,4.0,0.0,4,4,80,40,45.17119884,22.58559942,42,170,78.57142857,62.45760467,3900.952381,0,0,0,91.66666667,168,-1,-1,3,20,0.0,0,0,0.0,0,0,Normal Traffic
53,157,2,94,47,47,47.0,0.0,63,63,63.0,0.0,1401273.885,25477.70701,52.33333333,85.44783984,151,3,3,3.0,0.0,3,3,3,3.0,0.0,3,3,40,40,12738.8535,12738.8535,47,63,53.4,8.76356092,76.8,0,0,0,66.75,94,-1,-1,1,20,0.0,0,0,0.0,0,0,Normal Traffic
53,33153,1,54,54,54,54.0,0.0,116,116,116.0,0.0,5127.7410792387,60.3263656381,33153.0,0.0,33153,33153,0,0.0,0.0,0,0,0,0.0,0.0,0,0,20,20,30.1631828191,30.1631828191,54,116,74.6666666667,35.7957166898,1281.3333333333,0,0,0,112.0,54,-1,-1,0,20,0.0,0,0,0.0,0,0,Normal Traffic
53,30897,2,66,33,33,33.0,0.0,92,92,92.0,0.0,8091.40046,129.4624074,10299.0,17833.19511,30891,3,3,3.0,0.0,3,3,3,3.0,0.0,3,3,64,40,64.73120368,64.73120368,33,92,56.6,32.31563089,1044.3,0,0,0,70.75,66,-1,-1,1,32,0.0,0,0,0.0,0,0,Normal Traffic
443,5654541,9,384,191,0,42.66666667,76.89440812,1418,0,651.0,656.3764164,758.6822697,2.652735209,403895.7857,1427630.29,5362658,3,5654541,706817.625,1881703.979,5362658,3,218183,43636.6,70250.38862,162324,49,296,200,1.591641125,1.061094083,0,1418,268.125,490.6041004,240692.3833,0,1,0,286.0,384,29200,349,3,32,291880.0,291880,291880,5362658.0,5362658,5362658,Normal Traffic
80,85440238,7,346,340,0,49.42857143,128.1494663,5792,0,1656.428571,2118.227235,139.7585058,0.163857221,6572326.0,23700000.0,85300000,1,85300000,14200000.0,34800000.0,85300000,1,151643,25273.83333,54624.62267,136107,46,220,232,0.081928611,0.081928611,0,5792,796.0666667,1619.90769,2624100.924,0,0,1,852.9285714,346,251,235,2,20,985.0,985,985,85300000.0,85300000,85300000,DoS
51411,3,2,12,6,6,6.0,0.0,0,0,0.0,0.0,4000000.0,666666.666666667,3.0,0.0,3,3,3,3.0,0.0,3,3,0,0.0,0.0,0,0,40,0,666666.666666667,0.0,6,6,6.0,0.0,0.0,0,0,1,9.0,12,4380,-1,1,20,0.0,0,0,0.0,0,0,Normal Traffic
59458,31625,2,0,0,0,0.0,0.0,0,0,0.0,0.0,0.0,94.8616600791,15812.5,22331.1392566524,31603,22,31625,31625.0,0.0,31625,31625,0,0.0,0.0,0,0,76,32,63.2411067194,31.6205533597,0,0,0.0,0.0,0.0,0,0,1,0.0,0,64,33304,0,32,0.0,0,0,0.0,0,0,Normal Traffic
53,92375,1,55,55,55,55.0,0.0,71,71,71.0,0.0,1364.005413,21.65087957,92375.0,0.0,92375,92375,0,0.0,0.0,0,0,0,0.0,0.0,0,0,20,20,10.82543978,10.82543978,55,71,60.33333333,9.237604307,85.33333333,0,0,0,90.5,55,-1,-1,0,20,0.0,0,0,0.0,0,0,Normal Traffic
53,59945,1,45,45,45,45.0,0.0,77,77,77.0,0.0,2035.198932,33.36391692,59945.0,0.0,59945,59945,0,0.0,0.0,0,0,0,0.0,0.0,0,0,20,32,16.68195846,16.68195846,45,77,55.66666667,18.47520861,341.3333333,0,0,0,83.5,45,-1,-1,0,20,0.0,0,0,0.0,0,0,Normal Traffic
53,257,2,72,36,36,36.0,0.0,179,179,179.0,0.0,1673151.751,15564.20233,85.66666667,146.6469684,255,1,1,1.0,0.0,1,1,1,1.0,0.0,1,1,64,64,7782.101167,7782.101167,36,179,93.2,78.32432572,6134.7,0,0,0,116.5,72,-1,-1,1,32,0.0,0,0,0.0,0,0,Normal Traffic
443,163387,13,1305,821,0,100.3846154,229.7068924,1418,0,494.0,613.9271711,32175.14245,128.5291975,8169.35,15076.76455,37777,2,163387,13615.58333,17851.80277,37870,2,124746,17820.85714,22243.93077,48169,3,428,264,79.56569372,48.96350383,0,1418,238.9545455,441.7839892,195173.0931,0,1,0,250.3333333,1305,65535,353,6,32,0.0,0,0,0.0,0,0,Normal Traffic
53,317,2,70,35,35,35.0,0.0,135,135,135.0,0.0,1072555.205,12618.29653,105.6666667,181.2879845,315,1,1,1.0,0.0,1,1,1,1.0,0.0,1,1,40,40,6309.148265,6309.148265,35,135,75.0,54.77225575,3000.0,0,0,0,93.75,70,-1,-1,1,20,0.0,0,0,0.0,0,0,Normal Traffic
53,24114,2,72,36,36,36.0,0.0,79,79,79.0,0.0,9538.027702,165.8787426,8038.0,13878.07533,24063,3,48,48.0,0.0,48,48,3,3.0,0.0,3,3,80,64,82.93937132,82.93937132,36,79,53.2,23.55206997,554.7,0,0,0,66.5,72,-1,-1,1,40,0.0,0,0,0.0,0,0,Normal Traffic
53,89842910,2,98,52,46,49.0,4.242640687,180,80,130.0,70.71067812,3.984732908,0.044522155,29900000.0,51800000.0,89800000,30091,89800000,89800000.0,0.0,89800000,89800000,89800000,89800000.0,0.0,89800000,89800000,52,52,0.022261078,0.022261078,46,180,80.8,57.21188688,3273.2,0,0,0,101.0,98,-1,-1,1,20,31058.0,31058,31058,89800000.0,89800000,89800000,Normal Traffic
53931,96,2,31,31,0,15.5,21.92031022,6,6,6.0,0.0,385416.6667,31250.0,48.0,66.46803743,95,1,1,1.0,0.0,1,1,0,0.0,0.0,0,0,64,20,20833.33333,10416.66667,0,31,17.0,16.35033129,267.3333333,0,0,1,22.66666667,31,972,0,0,32,0.0,0,0,0.0,0,0,Normal Traffic
80,85264462,7,305,305,0,43.57142857,115.2791643,4344,0,1656.428571,1757.579003,139.5657666,0.164195019,6558804.769,23600000.0,85100000,1,85100000,14200000.0,34700000.0,85100000,1,159806,26634.33333,57004.94973,142181,16,232,232,0.08209751,0.08209751,0,4344,793.3333333,1424.107523,2028082.238,0,0,1,850.0,305,251,235,1,32,990.0,990,990,85100000.0,85100000,85100000,DoS
53,199,2,72,36,36,36.0,0.0,52,52,52.0,0.0,884422.1106,20100.50251,66.33333333,74.21814693,148,3,3,3.0,0.0,3,3,48,48.0,0.0,48,48,40,40,10050.25126,10050.25126,36,52,42.4,8.76356092,76.8,0,0,0,53.0,72,-1,-1,1,20,0.0,0,0,0.0,0,0,Normal Traffic
53,197,2,74,37,37,37.0,0.0,103,103,103.0,0.0,1421319.797,20304.56853,65.66666667,106.8097998,189,4,4,4.0,0.0,4,4,4,4.0,0.0,4,4,40,40,10152.28426,10152.28426,37,103,63.4,36.1496888,1306.8,0,0,0,79.25,74,-1,-1,1,20,0.0,0,0,0.0,0,0,Normal Traffic
443,370018,14,936,389,0,66.8571428571,119.1836702437,1770,0,752.6666666667,749.8571530632,20836.8241545006,62.1591382041,16819.0,34202.8429060677,88116,1,370018,28462.9230769231,41259.3994391208,88191,1,279128,34891.0,47982.7955744854,99452,3,304,192,37.8359971677,24.3231410364,0,1770,321.25,565.9640678408,320315.326086957,0,1,0,335.2173913043,936,65535,292,13,20,0.0,0,0,0.0,0,0,Normal Traffic
54299,1830427,1,6,6,6,6.0,0.0,6,6,6.0,0.0,22.94546573,3.824244288,305071.1667,735339.321,1806000,1,0,0.0,0.0,0,0,1811011,362202.2,807109.1834,1806000,1,20,120,0.546320613,3.277923676,6,6,6.0,0.0,0.0,0,0,1,6.857142857,6,229,0,0,20,0.0,0,0,0.0,0,0,Normal Traffic
80,100342750,8,658,329,0,82.25,152.2974064,4344,0,1932.5,1754.831473,122.111463,0.139521789,7718673.077,27700000.0,100000000,1,100000000,14300000.0,37800000.0,100000000,1,363566,72713.2,105425.2593,231138,15,264,200,0.079726737,0.059795052,0,4344,816.8666667,1414.514549,2000851.41,0,0,1,875.2142857,658,274,235,2,32,1000.0,1000,1000,100000000.0,100000000,100000000,DoS
55834,38,1,6,6,6,6.0,0.0,6,6,6.0,0.0,315789.4737,52631.57895,38.0,0.0,38,38,0,0.0,0.0,0,0,0,0.0,0.0,0,0,20,20,26315.78947,26315.78947,6,6,6.0,0.0,0.0,0,0,1,9.0,6,115,256,0,20,0.0,0,0,0.0,0,0,Normal Traffic
53,91889,1,49,49,49,49.0,0.0,224,224,224.0,0.0,2970.975851,21.76539085,91889.0,0.0,91889,91889,0,0.0,0.0,0,0,0,0.0,0.0,0,0,20,32,10.88269543,10.88269543,49,224,107.3333333,101.0362971,10208.33333,0,0,0,161.0,49,-1,-1,0,20,0.0,0,0,0.0,0,0,Normal Traffic
80,426398,3,579,579,0,193.0,334.2858059,925,0,231.25,462.5,3527.221047,16.41658732,71066.33333,109462.5758,212409,3,212706,106353.0,150014.1178,212429,277,213989,71329.66667,122387.9503,212649,3,104,136,7.03568028,9.38090704,0,925,188.0,360.1813036,129730.5714,0,1,0,214.8571429,579,29200,4959,1,32,0.0,0,0,0.0,0,0,Normal Traffic
443,117692450,44,1414,517,0,32.13636364,85.15419418,2820,0,1407.25,960.3532476,729.4350657,0.883659062,1142645.146,8074216.274,58300000,0,118000000,2737033.721,12400000.0,58300000,48,118000000,1994413.508,10600000.0,58300000,1,940,1212,0.373855757,0.509803305,0,2820,817.6095238,997.120185,994248.6634,0,1,0,825.4711538,1414,8192,123,39,20,553203.0,1001151,105255,58200000.0,58300000,58200000,Normal Traffic
80,40851485,7,1299,1299,0,185.5714285714,490.975850439,487,0,70.4285714286,183.7043432102,43.8662144106,0.3427048001,3142421.92307692,4875533.76853619,10217158,58,30763094,5127182.33333333,5577027.91936808,10240044,23251,40828294,6804715.66666667,5238346.23961378,10240049,22057,232,220,0.1713524,0.1713524,0,1299,119.4666666667,349.5427353122,122180.123809524,0,1,0,128.0,1299,29200,5679,1,32,44261.75,108380,22886,10168609.5,10217158,10065501,Normal Traffic
53,93360,4,120,30,30,30.0,0.0,107,107,107.0,0.0,3577.549272,64.26735219,18672.0,28011.49384,62871,3,30486,10162.0,17595.90415,30480,3,3,3.0,0.0,3,3,104,40,42.84490146,21.42245073,30,107,52.0,37.57215281,1411.666667,0,0,0,60.66666667,120,-1,-1,3,20,0.0,0,0,0.0,0,0,Normal Traffic
53,30825,2,70,35,35,35.0,0.0,85,85,85.0,0.0,7785.888078,129.7648013,10275.0,17752.66901,30774,3,48,48.0,0.0,48,48,3,3.0,0.0,3,3,64,40,64.88240065,64.88240065,35,85,55.0,27.38612788,750.0,0,0,0,68.75,70,-1,-1,1,32,0.0,0,0,0.0,0,0,Normal Traffic
80,98356970,8,382,376,0,47.75,132.649646,5803,0,1932.5,2539.075088,121.7707296,0.142338667,7565920.769,27300000.0,98400000,0,98400000,14100000.0,37200000.0,98400000,0,3736,747.2,1226.222329,2918,9,252,200,0.081336381,0.061002286,0,5803,798.4666667,1797.220587,3230001.838,0,0,1,855.5,382,274,235,2,20,1008.0,1008,1008,98400000.0,98400000,98400000,DoS
443,5484809,8,391,210,0,48.875,77.4328049712,1992,0,743.2,922.5688050222,748.7954457484,2.3701828086,457067.416666667,1488477.69294559,5180268,3,5484809,783544.142857143,1940353.67638363,5180268,3,81398,20349.5,25015.6892702693,54665,52,172,112,1.458574036,0.9116087725,0,1992,293.3571428571,621.5691813891,386348.247252747,0,1,0,315.9230769231,391,8192,119,7,20,304538.0,304538,304538,5180268.0,5180268,5180268,Normal Traffic
80,5681676,3,0,0,0,0.0,0.0,0,0,0.0,0.0,0.0,0.704017617,1893892.0,3259363.525,5657455,38,5681676,2840838.0,3983297.961,5657455,24221,0,0.0,0.0,0,0,104,40,0.528013213,0.176004404,0,0,0.0,0.0,0.0,0,1,0,0.0,0,29200,65535,0,32,0.0,0,0,0.0,0,0,Normal Traffic
80,81907228,8,354,354,0,44.25,125.1579003,7240,0,1932.5,2695.639126,145.884561,0.170925086,6300556.0,22700000.0,81800000,1,81800000,11700000.0,30900000.0,81800000,1,145410,29082.0,58942.40851,134188,46,264,200,0.097671478,0.073253608,0,7240,796.6,1877.430455,3524745.114,0,0,1,853.5,354,274,235,1,32,1012.0,1012,1012,81800000.0,81800000,81800000,DoS
53,167,2,106,53,53,53.0,0.0,101,101,101.0,0.0,1844311.377,23952.09581,55.66666667,90.35670054,160,3,4,4.0,0.0,4,4,3,3.0,0.0,3,3,64,64,11976.0479,11976.0479,53,101,72.2,26.29068276,691.2,0,0,0,90.25,106,-1,-1,1,32,0.0,0,0,0.0,0,0,Normal Traffic
57393,50,1,0,0,0,0.0,0.0,0,0,0.0,0.0,0.0,40000.0,50.0,0.0,50,50,0,0.0,0.0,0,0,0,0.0,0.0,0,0,20,20,20000.0,20000.0,0,0,0.0,0.0,0.0,0,0,1,0.0,0,115,256,0,20,0.0,0,0,0.0,0,0,Normal Traffic
53,172008,1,48,48,48,48.0,0.0,193,193,193.0,0.0,1401.0976233664,11.627366169,172008.0,0.0,172008,172008,0,0.0,0.0,0,0,0,0.0,0.0,0,0,32,32,5.8136830845,5.8136830845,48,193,96.3333333333,83.7157890325,7008.3333333333,0,0,0,144.5,48,-1,-1,0,32,0.0,0,0,0.0,0,0,Normal Traffic
58987,95904644,6,11607,4380,0,1934.5,2188.714486,20,0,6.888888889,5.30199124,121.6729401,0.156405356,6850331.714,23600000.0,88700000,1,95900000,19200000.0,42900000.0,95900000,155,95900000,12000000.0,31100000.0,88700000,1,132,192,0.062562142,0.093843214,0,4380,729.6875,1589.290899,2525845.563,0,0,1,778.3333333,11607,229,256,4,20,37294.0,37294,37294,47900000.0,88700000,7096543,Normal Traffic
53,61121130,2,89,45,44,44.5,0.7071067812,141,60,100.5,57.2756492761,4.7446766773,0.0654438162,20373710.0,35220195.0351837,61042487,30877,61090253,61090253.0,0.0,61090253,61090253,61073364,61073364.0,0.0,61073364,61073364,64,52,0.0327219081,0.0327219081,44,141,66.8,42.032130567,1766.7,0,0,0,83.5,89,-1,-1,1,32,47766.0,47766,47766,61042487.0,61042487,61042487,Normal Traffic
80,9930769,5,30,6,6,6.0,0.0,0,0,0.0,0.0,3.02091409,0.503485682,2482692.25,4960711.863,9923759,3,9930769,2482692.25,4960711.863,9923759,3,0,0.0,0.0,0,0,100,0,0.503485682,0.0,6,6,6.0,0.0,0.0,0,0,1,7.2,30,256,-1,4,20,7010.0,7010,7010,9923759.0,9923759,9923759,DDoS
443,15100663,7,2120,1350,23,302.8571428571,482.4594727613,1350,27,398.5714285714,629.0336125473,325.1512864038,0.9271116109,1161589.46153846,4110574.41064396,14841904,1,15038394,2506399.0,6043446.72050879,14841904,1,15062629,2510438.16666667,6071962.60136916,14904436,4,140,140,0.4635558055,0.4635558055,23,1350,417.3333333333,581.5476478043,338197.666666667,0,0,0,447.1428571429,2120,-1,-1,6,20,196490.0,196490,196490,14841904.0,14841904,14841904,Normal Traffic
58036,72,1,0,0,0,0.0,0.0,0,0,0.0,0.0,0.0,27777.7777777778,72.0,0.0,72,72,0,0.0,0.0,0,0,0,0.0,0.0,0,0,32,32,13888.8888888889,13888.8888888889,0,0,0.0,0.0,0.0,0,0,1,0.0,0,115,353,0,32,0.0,0,0,0.0,0,0,Normal Traffic
49619,161,1,0,0,0,0.0,0.0,0,0,0.0,0.0,0.0,12422.36025,161.0,0.0,161,161,0,0.0,0.0,0,0,0,0.0,0.0,0,0,32,32,6211.180124,6211.180124,0,0,0.0,0.0,0.0,0,0,1,0.0,0,334,65535,0,32,0.0,0,0,0.0,0,0,Normal Traffic
443,3839839,2,46,46,0,23.0,32.52691193,64,0,35.25,27.09704781,48.69995851,1.562565514,767967.8,1704288.395,3816639,1,23195,23195.0,0.0,23195,23195,3816705,1272235.0,2203571.329,3816700,1,64,128,0.520855171,1.041710343,0,64,33.28571429,24.66248356,608.2380952,0,0,1,38.83333333,46,1008,290,0,32,0.0,0,0,0.0,0,0,Normal Traffic
80,980,4,0,0,0,0.0,0.0,0,0,0.0,0.0,0.0,4081.632653,326.6666667,561.4751404,975,1,980,326.6666667,561.4751404,975,1,0,0.0,0.0,0,0,128,0,4081.632653,0.0,0,0,0.0,0.0,0.0,0,0,1,0.0,0,251,-1,0,32,0.0,0,0,0.0,0,0,DoS
53,31604,2,108,54,54,54.0,0.0,115,115,115.0,0.0,10694.8487533224,126.5662574358,10534.6666666667,18241.3817550462,31598,3,3,3.0,0.0,3,3,3,3.0,0.0,3,3,40,40,63.2831287179,63.2831287179,54,115,78.4,33.4110760078,1116.3,0,0,0,98.0,108,-1,-1,1,20,0.0,0,0,0.0,0,0,Normal Traffic
53,140,2,86,43,43,43.0,0.0,59,59,59.0,0.0,1457142.85714286,28571.4285714286,46.6666666667,73.9008344563,132,4,4,4.0,0.0,4,4,4,4.0,0.0,4,4,40,40,14285.7142857143,14285.7142857143,43,59,49.4,8.7635609201,76.8,0,0,0,61.75,86,-1,-1,1,20,0.0,0,0,0.0,0,0,Normal Traffic
443,1670,1,6,6,6,6.0,0.0,6,6,6.0,0.0,7185.628743,1197.60479,1670.0,0.0,1670,1670,0,0.0,0.0,0,0,0,0.0,0.0,0,0,20,20,598.8023952,598.8023952,6,6,6.0,0.0,0.0,1,0,1,9.0,6,0,0,0,20,0.0,0,0,0.0,0,0,Normal Traffic
53,120790,1,60,60,60,60.0,0.0,166,166,166.0,0.0,1871.015813,16.55766206,120790.0,0.0,120790,120790,0,0.0,0.0,0,0,0,0.0,0.0,0,0,20,20,8.278831029,8.278831029,60,166,95.33333333,61.19912853,3745.333333,0,0,0,143.0,60,-1,-1,0,20,0.0,0,0,0.0,0,0,Normal Traffic
53,250913,1,41,41,41,41.0,0.0,188,188,188.0,0.0,912.6669403339,7.9708903086,250913.0,0.0,250913,250913,0,0.0,0.0,0,0,0,0.0,0.0,0,0,40,44,3.9854451543,3.9854451543,41,188,90.0,84.8704895709,7203.0,0,0,0,135.0,41,-1,-1,0,40,0.0,0,0,0.0,0,0,Normal Traffic
80,100547793,7,341,335,0,48.71428571,126.259936,4344,0,1932.5,1977.812908,118.7097165,0.129291749,8378982.75,29000000.0,100000000,2,100000000,16700000.0,41000000.0,100000000,2,152532,30506.4,59862.9973,136962,93,220,200,0.069618634,0.059673115,0,4344,852.5714286,1566.525441,2454001.956,0,0,1,918.1538462,341,251,235,2,20,1996.0,1996,1996,100000000.0,100000000,100000000,DoS
80,211410,3,26,20,0,8.666666667,10.26320288,11595,0,2901.75,5795.50069,55025.77929,33.11101651,35235.0,85856.62166,210488,4,839,419.5,587.6057352,835,4,211364,70454.66667,121273.1935,210488,6,72,92,14.19043565,18.92058086,0,11595,1454.125,4097.537534,16800000.0,0,1,0,1661.857143,26,8192,229,2,20,0.0,0,0,0.0,0,0,DDoS
80,96,2,0,0,0,0.0,0.0,0,0,0.0,0.0,0.0,20833.33333,96.0,0.0,96,96,96,96.0,0.0,96,96,0,0.0,0.0,0,0,40,0,20833.33333,0.0,0,0,0.0,0.0,0.0,0,0,1,0.0,0,256,-1,0,20,0.0,0,0,0.0,0,0,Normal Traffic
53,540,1,99,99,99,99.0,0.0,181,181,181.0,0.0,518518.5185,3703.703704,540.0,0.0,540,540,0,0.0,0.0,0,0,0,0.0,0.0,0,0,32,32,1851.851852,1851.851852,99,181,126.3333333,47.34272207,2241.333333,0,0,0,189.5,99,-1,-1,0,32,0.0,0,0,0.0,0,0,Normal Traffic
53,113151,1,41,41,41,41.0,0.0,144,144,144.0,0.0,1634.983341,17.67549558,113151.0,0.0,113151,113151,0,0.0,0.0,0,0,0,0.0,0.0,0,0,24,32,8.837747788,8.837747788,41,144,75.33333333,59.46707773,3536.333333,0,0,0,113.0,41,-1,-1,0,24,0.0,0,0,0.0,0,0,Normal Traffic
443,115279390,22,1210,822,0,55.0,179.1998087,1448,0,287.7,531.4094566,60.40975755,0.364332254,2811692.439,4472655.503,10000000,2,115000000,5489494.762,4990033.944,10000000,2,111000000,5820466.474,5091132.638,10000000,49,712,648,0.190840704,0.17349155,0,1448,161.9534884,397.4328307,157952.8549,0,1,0,165.8095238,1210,29200,128,4,32,41776.27273,148758,30902,10000000.0,10000000,9960007,Normal Traffic
443,77195,1,6,6,6,6.0,0.0,6,6,6.0,0.0,155.4504825442,25.9084137574,77195.0,0.0,77195,77195,0,0.0,0.0,0,0,0,0.0,0.0,0,0,20,20,12.9542068787,12.9542068787,6,6,6.0,0.0,0.0,1,0,1,9.0,6,0,123,0,20,0.0,0,0,0.0,0,0,Normal Traffic
53,543,1,51,51,51,51.0,0.0,108,108,108.0,0.0,292817.6796,3683.241252,543.0,0.0,543,543,0,0.0,0.0,0,0,0,0.0,0.0,0,0,20,20,1841.620626,1841.620626,51,108,70.0,32.90896534,1083.0,0,0,0,105.0,51,-1,-1,0,20,0.0,0,0,0.0,0,0,Normal Traffic
53,233,2,68,34,34,34.0,0.0,137,137,137.0,0.0,1467811.159,17167.38197,77.66666667,131.9330638,230,0,0,0.0,0.0,0,0,3,3.0,0.0,3,3,64,64,8583.690987,8583.690987,34,137,75.2,56.41542342,3182.7,0,0,0,94.0,68,-1,-1,1,32,0.0,0,0,0.0,0,0,Normal Traffic
443,5263347,7,635,517,0,90.7142857143,190.7072051477,154,0,38.5,77.0,149.9046139272,2.089924909,526334.7,1545049.8645234,4920874,4,5263347,877224.5,2049995.26562417,5060542,4,241555,80518.3333333333,72190.4443422627,139985,196,232,136,1.3299522148,0.7599726942,0,517,65.75,150.0479468824,22514.3863636364,0,1,0,71.7272727273,635,29200,115,3,32,0.0,0,0,0.0,0,0,Normal Traffic
443,1650,2,0,0,0,0.0,0.0,0,0,0.0,0.0,0.0,1212.121212,1650.0,0.0,1650,1650,1650,1650.0,0.0,1650,1650,0,0.0,0.0,0,0,64,0,1212.121212,0.0,0,0,0.0,0.0,0.0,0,0,1,0.0,0,485,-1,0,32,0.0,0,0,0.0,0,0,Normal Traffic
80,201737,3,26,20,0,8.666666667,10.26320288,4380,0,1657.285714,1561.969346,57634.44485,49.56948899,22415.22222,57599.21685,174290,12,26921,13460.5,18071.52801,26239,682,201685,33614.16667,69742.70709,174290,16,72,152,14.8708467,34.69864229,0,4380,1057.0,1468.855269,2157535.8,0,1,0,1162.7,26,8192,229,2,20,0.0,0,0,0.0,0,0,DDoS
37545,43,1,0,0,0,0.0,0.0,0,0,0.0,0.0,0.0,46511.62791,43.0,0.0,43,43,0,0.0,0.0,0,0,0,0.0,0.0,0,0,32,32,23255.81395,23255.81395,0,0,0.0,0.0,0.0,0,0,1,0.0,0,114,306,0,32,0.0,0,0,0.0,0,0,Normal Traffic
3321,4,2,12,6,6,6.0,0.0,0,0,0.0,0.0,3000000.0,500000.0,4.0,0.0,4,4,4,4.0,0.0,4,4,0,0.0,0.0,0,0,40,0,500000.0,0.0,6,6,6.0,0.0,0.0,0,0,1,9.0,12,513,-1,1,20,0.0,0,0,0.0,0,0,Normal Traffic
53,61912,2,74,37,37,37.0,0.0,121,121,121.0,0.0,5104.018607,64.60783047,20637.33333,35738.84769,61905,3,3,3.0,0.0,3,3,4,4.0,0.0,4,4,80,64,32.30391523,32.30391523,37,121,70.6,46.00869483,2116.8,0,0,0,88.25,74,-1,-1,1,40,0.0,0,0,0.0,0,0,Normal Traffic
80,18673,2,12,6,6,6.0,0.0,11,0,5.5,7.778174593,1231.72495,214.2130349,6224.333333,10595.74397,18459,40,214,214.0,0.0,214,214,18633,18633.0,0.0,18633,18633,40,64,107.1065174,107.1065174,0,11,5.8,3.898717738,15.2,1,0,0,7.25,12,0,235,1,20,0.0,0,0,0.0,0,0,DoS
80,10359013,4,465,453,0,116.25,224.5178167,1460,0,551.2,751.8678075,310.936959,0.86880864,1294876.625,3518222.381,9999734,54,359279,119759.6667,103592.4846,179905,142,10200000,2544958.75,4970609.96,9999800,208,92,112,0.386137173,0.482671467,0,1460,322.1,572.3368181,327569.4333,0,1,0,357.8888889,465,8192,123,3,20,0.0,0,0,0.0,0,0,Normal Traffic
53,278,2,68,34,34,34.0,0.0,66,66,66.0,0.0,719424.4604,14388.48921,92.66666667,155.3072224,272,3,3,3.0,0.0,3,3,3,3.0,0.0,3,3,80,80,7194.244604,7194.244604,34,66,46.8,17.52712184,307.2,0,0,0,58.5,68,-1,-1,1,40,0.0,0,0,0.0,0,0,Normal Traffic
80,678979,1,0,0,0,0.0,0.0,0,0,0.0,0.0,0.0,2.945599201,678979.0,0.0,678979,678979,0,0.0,0.0,0,0,0,0.0,0.0,0,0,20,20,1.472799601,1.472799601,0,0,0.0,0.0,0.0,0,0,1,0.0,0,256,256,0,20,0.0,0,0,0.0,0,0,Normal Traffic
8300,32,1,0,0,0,0.0,0.0,6,6,6.0,0.0,187500.0,62500.0,32.0,0.0,32,32,0,0.0,0.0,0,0,0,0.0,0.0,0,0,40,20,31250.0,31250.0,0,6,2.0,3.464101615,12.0,0,1,0,3.0,0,29200,0,0,40,0.0,0,0,0.0,0,0,Port Scanning
443,3266393,9,357,200,0,39.66666667,73.03766152,1460,0,497.4285714,676.7515194,1175.302543,4.898369547,217759.5333,439467.7147,1498946,25,3266393,408299.125,548491.0193,1498946,25,2837987,472997.8333,662289.6409,1550039,49,204,152,2.75533287,2.143036677,0,1460,225.8235294,478.9247377,229368.9044,0,1,0,239.9375,357,8192,110,3,20,0.0,0,0,0.0,0,0,Normal Traffic
443,5111984,8,353,196,0,44.125,75.28695106,1490,0,600.2,798.9212727,656.1053399,2.543043953,425998.6667,1407390.992,4894587,4,5111984,730283.4286,1836470.422,4894587,4,142350,35587.5,38421.83807,70782,50,172,112,1.564950125,0.978093828,0,1490,239.5714286,526.6754532,277387.033,0,1,0,258.0,353,8192,110,3,20,0.0,0,0,0.0,0,0,Normal Traffic
50667,5431,3,31,31,0,10.33333333,17.89785834,0,0,0.0,0.0,5707.972749,552.3844596,2715.5,3836.054288,5428,3,5431,2715.5,3836.054288,5428,3,0,0.0,0.0,0,0,96,0,552.3844596,0.0,0,31,7.75,15.5,240.25,0,0,1,10.33333333,31,61,-1,1,32,0.0,0,0,0.0,0,0,Normal Traffic
53,18283,2,88,44,44,44.0,0.0,172,172,172.0,0.0,23628.50736,218.7824755,6094.333333,10510.68467,18231,4,4,4.0,0.0,4,4,48,48.0,0.0,48,48,40,40,109.3912378,109.3912378,44,172,95.2,70.10848736,4915.2,0,0,0,119.0,88,-1,-1,1,20,0.0,0,0,0.0,0,0,Normal Traffic
123,88098,1,48,48,48,48.0,0.0,48,48,48.0,0.0,1089.695566,22.70199096,88098.0,0.0,88098,88098,0,0.0,0.0,0,0,0,0.0,0.0,0,0,32,32,11.35099548,11.35099548,48,48,48.0,0.0,0.0,0,0,0,72.0,48,-1,-1,0,32,0.0,0,0,0.0,0,0,Normal Traffic
51162,59,1,0,0,0,0.0,0.0,0,0,0.0,0.0,0.0,33898.30508,59.0,0.0,59,59,0,0.0,0.0,0,0,0,0.0,0.0,0,0,32,32,16949.15254,16949.15254,0,0,0.0,0.0,0.0,0,0,1,0.0,0,972,245,0,32,0.0,0,0,0.0,0,0,Normal Traffic
443,110180252,14,1254,591,6,89.57142857,212.434864,722,0,122.375,248.8683387,29.15222957,0.272281098,3799319.034,4925851.051,10000000,3,110000000,8473624.385,3749988.824,10000000,24422,110000000,7343807.0,4583648.098,10000000,3,280,440,0.127064512,0.145216586,0,722,122.6774194,241.5488063,58345.82581,0,0,1,126.7666667,1254,252,322,13,20,23466.36364,24664,22994,9990817.0,10000000,9874779,Normal Traffic
62139,19,1,6,6,6,6.0,0.0,6,6,6.0,0.0,631578.9474,105263.1579,19.0,0.0,19,19,0,0.0,0.0,0,0,0,0.0,0.0,0,0,20,20,52631.57895,52631.57895,6,6,6.0,0.0,0.0,0,0,1,9.0,6,913,256,0,20,0.0,0,0,0.0,0,0,Normal Traffic
53,52908,2,86,43,43,43.0,0.0,102,102,102.0,0.0,5481.212671,75.60293339,17636.0,30541.25191,52902,2,4,4.0,0.0,4,4,2,2.0,0.0,2,2,40,40,37.8014667,37.8014667,43,102,66.6,32.31563089,1044.3,0,0,0,83.25,86,-1,-1,1,20,0.0,0,0,0.0,0,0,Normal Traffic
53,49158,2,72,36,36,36.0,0.0,168,168,168.0,0.0,8299.768095,81.37027544,16386.0,28215.27097,48966,0,0,0.0,0.0,0,0,192,192.0,0.0,192,192,64,64,40.68513772,40.68513772,36,168,88.8,72.29937759,5227.2,0,0,0,111.0,72,-1,-1,1,32,0.0,0,0,0.0,0,0,Normal Traffic
53,62317740,2,91,50,41,45.5,6.363961031,156,128,142.0,19.79898987,6.017548133,0.06418718,20800000.0,35800000.0,62200000,76980,62200000,62200000.0,0.0,62200000,62200000,62200000,62200000.0,0.0,62200000,62200000,40,40,0.03209359,0.03209359,41,156,85.0,53.09425581,2819.0,0,0,0,106.25,91,-1,-1,1,20,86642.0,86642,86642,62200000.0,62200000,62200000,Normal Traffic
80,10726222,5,365,365,0,73.0,163.2329624,3525,0,881.25,1762.5,362.6626411,0.839065237,1340777.75,2489406.35,5720327,4,5722289,1430572.25,2860349.183,5721096,4,10700000,3575391.0,3116289.847,5720327,784,168,136,0.466147354,0.372917883,0,3525,389.0,1107.832719,1227293.333,0,1,0,432.2222222,365,29200,235,1,32,833.0,833,833,5720327.0,5720327,5720327,DoS
53,74513,1,45,45,45,45.0,0.0,121,121,121.0,0.0,2227.7991759827,26.8409539275,74513.0,0.0,74513,74513,0,0.0,0.0,0,0,0,0.0,0.0,0,0,32,32,13.4204769638,13.4204769638,45,121,70.3333333333,43.8786204584,1925.3333333333,0,0,0,105.5,45,-1,-1,0,32,0.0,0,0,0.0,0,0,Normal Traffic
22,12202651,23,2008,640,0,87.30434783,136.3399611,976,0,85.78125,220.240592,389.5055263,4.507217325,225975.0185,622897.412,2264264,3,9979168,453598.5455,848424.325,2308249,472,12200000,393629.5484,785779.026,2264264,3,744,1032,1.884836336,2.622380989,0,976,84.875,186.8396554,34909.05682,0,1,0,86.41818182,2008,29200,247,16,32,0.0,0,0,0.0,0,0,Brute Force
53,31639,1,51,51,51,51.0,0.0,111,111,111.0,0.0,5120.2629665919,63.2131230443,31639.0,0.0,31639,31639,0,0.0,0.0,0,0,0,0.0,0.0,0,0,32,32,31.6065615222,31.6065615222,51,111,71.0,34.6410161514,1200.0,0,0,0,106.5,51,-1,-1,0,32,0.0,0,0,0.0,0,0,Normal Traffic
80,39011,2,0,0,0,0.0,0.0,0,0,0.0,0.0,0.0,51.26759119,39011.0,0.0,39011,39011,39011,39011.0,0.0,39011,39011,0,0.0,0.0,0,0,40,0,51.26759119,0.0,0,0,0.0,0.0,0.0,0,0,1,0.0,0,253,-1,0,20,0.0,0,0,0.0,0,0,Normal Traffic
80,1294032,3,26,20,0,8.666666667,10.26320288,5840,0,1934.5,2538.919278,8989.73132,6.955005749,161754.0,457192.6476,1293248,3,661,330.5,318.9051583,556,105,1293989,258797.8,578275.3107,1293248,3,72,132,2.31833525,4.6366705,0,5840,1163.3,2138.329153,4572451.567,0,1,0,1292.555556,26,8192,229,2,20,0.0,0,0,0.0,0,0,DDoS
80,158182,3,26,20,0,8.666666667,10.26320288,8760,0,2900.25,4128.319301,73503.9385,44.2528227,26363.66667,50213.34745,125782,102,32017,16008.5,21206.83947,31004,1013,158080,52693.33333,65266.53271,125782,235,72,92,18.96549544,25.28732726,0,8760,1453.375,3113.952607,9696700.839,0,1,0,1661.0,26,8192,229,2,20,0.0,0,0,0.0,0,0,DDoS
53,23637,1,40,40,40,40.0,0.0,92,92,92.0,0.0,5584.465034,84.61310657,23637.0,0.0,23637,23637,0,0.0,0.0,0,0,0,0.0,0.0,0,0,32,32,42.30655329,42.30655329,40,92,57.33333333,30.022214,901.3333333,0,0,0,86.0,40,-1,-1,0,32,0.0,0,0,0.0,0,0,Normal Traffic
4900,50,2,4,2,2,2.0,0.0,6,6,6.0,0.0,320000.0,80000.0,16.66666667,27.13546265,48,1,1,1.0,0.0,1,1,1,1.0,0.0,1,1,48,40,40000.0,40000.0,2,6,3.6,2.19089023,4.8,0,1,0,4.5,4,1024,0,1,24,0.0,0,0,0.0,0,0,Normal Traffic
53,32090,2,78,39,39,39.0,0.0,94,94,94.0,0.0,8289.186663,124.6494235,10696.66667,18483.88445,32040,1,1,1.0,0.0,1,1,49,49.0,0.0,49,49,80,64,62.32471175,62.32471175,39,94,61.0,30.12474066,907.5,0,0,0,76.25,78,-1,-1,1,40,0.0,0,0,0.0,0,0,Normal Traffic
53,622,1,44,44,44,44.0,0.0,60,60,60.0,0.0,167202.572347267,3215.4340836013,622.0,0.0,622,622,0,0.0,0.0,0,0,0,0.0,0.0,0,0,20,20,1607.7170418007,1607.7170418007,44,60,49.3333333333,9.237604307,85.3333333333,0,0,0,74.0,44,-1,-1,0,20,0.0,0,0,0.0,0,0,Normal Traffic
554,68,1,2,2,2,2.0,0.0,6,6,6.0,0.0,117647.0588,29411.76471,68.0,0.0,68,68,0,0.0,0.0,0,0,0,0.0,0.0,0,0,24,20,14705.88235,14705.88235,2,6,3.333333333,2.309401077,5.333333333,0,1,0,5.0,2,1024,0,0,24,0.0,0,0,0.0,0,0,Port Scanning
53,30870,1,51,51,51,51.0,0.0,111,111,111.0,0.0,5247.8134110787,64.7878198899,30870.0,0.0,30870,30870,0,0.0,0.0,0,0,0,0.0,0.0,0,0,20,20,32.3939099449,32.3939099449,51,111,71.0,34.6410161514,1200.0,0,0,0,106.5,51,-1,-1,0,20,0.0,0,0,0.0,0,0,Normal Traffic
53,30855,1,40,40,40,40.0,0.0,127,127,127.0,0.0,5412.412899,64.81931616,30855.0,0.0,30855,30855,0,0.0,0.0,0,0,0,0.0,0.0,0,0,20,20,32.40965808,32.40965808,40,127,69.0,50.22947342,2523.0,0,0,0,103.5,40,-1,-1,0,20,0.0,0,0,0.0,0,0,Normal Traffic
80,4,2,12,6,6,6.0,0.0,0,0,0.0,0.0,3000000.0,500000.0,4.0,0.0,4,4,4,4.0,0.0,4,4,0,0.0,0.0,0,0,40,0,500000.0,0.0,6,6,6.0,0.0,0.0,0,0,1,9.0,12,64240,-1,1,20,0.0,0,0,0.0,0,0,Normal Traffic
35124,58,1,0,0,0,0.0,0.0,0,0,0.0,0.0,0.0,34482.75862,58.0,0.0,58,58,0,0.0,0.0,0,0,0,0.0,0.0,0,0,32,32,17241.37931,17241.37931,0,0,0.0,0.0,0.0,0,0,1,0.0,0,105,229,0,32,0.0,0,0,0.0,0,0,Normal Traffic
443,5969156,3,31,31,0,10.33333333,17.89785834,0,0,0.0,0.0,5.19336402,0.502583615,2984578.0,4220761.389,5969107,49,5969156,2984578.0,4220761.389,5969107,49,0,0.0,0.0,0,0,96,0,0.502583615,0.0,0,31,7.75,15.5,240.25,0,0,1,10.33333333,31,262,-1,1,32,0.0,0,0,5969107.0,5969107,5969107,Normal Traffic
50239,4849,27,55480,4380,0,2054.814815,1013.077453,0,0,0.0,0.0,11400000.0,5774.386471,179.5925926,83.0552454,343,2,4849,186.5,77.47528638,343,2,0,0.0,0.0,0,0,540,20,5568.158383,206.2280883,0,4380,1963.448276,1052.52172,1107801.97,0,0,1,2033.571429,55480,66,0,25,20,0.0,0,0,0.0,0,0,Normal Traffic
57036,2,3,43,31,6,14.3333333333,14.4337567297,0,0,0.0,0.0,21500000.0,1500000.0,1.0,0.0,1,1,2,1.0,0.0,1,1,0,0.0,0.0,0,0,60,0,1500000.0,0.0,6,31,12.25,12.5,156.25,0,0,1,16.3333333333,43,110,-1,2,20,0.0,0,0,0.0,0,0,Normal Traffic
53,61014,2,98,49,49,49.0,0.0,152,152,152.0,0.0,6588.6517848363,65.5587242272,20338.0,35219.5211211055,61006,4,4,4.0,0.0,4,4,4,4.0,0.0,4,4,40,64,32.7793621136,32.7793621136,49,152,90.2,56.415423423,3182.7,0,0,0,112.75,98,-1,-1,1,20,0.0,0,0,0.0,0,0,Normal Traffic
53,69601,1,41,41,41,41.0,0.0,92,92,92.0,0.0,1910.892085,28.73521932,69601.0,0.0,69601,69601,0,0.0,0.0,0,0,0,0.0,0.0,0,0,20,20,14.36760966,14.36760966,41,92,58.0,29.44486373,867.0,0,0,0,87.0,41,-1,-1,0,20,0.0,0,0,0.0,0,0,Normal Traffic
443,115792504,20,1001,555,0,50.05,128.7394247,1460,0,241.5555556,487.0388585,46.19470013,0.32817323,3129527.135,4598755.603,10000000,3,116000000,6094342.316,4892774.027,10100000,3,111000000,6523005.176,4940074.165,10100000,48,412,504,0.172722752,0.155450477,0,1460,137.1538462,352.2173027,124057.0283,0,1,0,140.7631579,1001,8192,981,19,20,80060.54545,267681,61002,10000000.0,10000000,9998786,Normal Traffic
80,98950013,9,62,20,0,6.888888889,5.30199124,4380,0,1933.5,1757.789948,117.8675944,0.151591693,7067858.071,24400000.0,91800000,16,97800000,12200000.0,32200000.0,91800000,210,1136965,227393.0,500380.3056,1122433,16,192,132,0.090955016,0.060636677,0,4380,729.3125,1399.285566,1958000.096,0,0,1,777.9333333,62,256,229,7,20,2414.0,2414,2414,48900000.0,91800000,6055149,DDoS
53,130,2,84,42,42,42.0,0.0,58,58,58.0,0.0,1538461.538,30769.23077,43.33333333,69.85938257,124,3,3,3.0,0.0,3,3,3,3.0,0.0,3,3,64,64,15384.61538,15384.61538,42,58,48.4,8.76356092,76.8,0,0,0,60.5,84,-1,-1,1,32,0.0,0,0,0.0,0,0,Normal Traffic
53,258,2,56,28,28,28.0,0.0,284,284,284.0,0.0,2418604.651,15503.87597,86.0,143.760217,252,3,3,3.0,0.0,3,3,3,3.0,0.0,3,3,40,40,7751.937984,7751.937984,28,284,130.4,140.2169747,19660.8,0,0,0,163.0,56,-1,-1,1,20,0.0,0,0,0.0,0,0,Normal Traffic
80,117379314,7,293,293,0,41.85714286,110.7435906,4344,0,1932.5,1754.831473,101.2784927,0.110752053,9781609.5,33800000.0,117000000,3,117000000,19500000.0,47900000.0,117000000,3,150554,30110.8,59672.66591,136312,15,232,200,0.059635721,0.051116332,0,4344,849.1428571,1462.236004,2138134.132,0,0,1,914.4615385,293,274,235,1,32,1010.0,1010,1010,117000000.0,117000000,117000000,DoS
53,220,2,70,35,35,35.0,0.0,275,275,275.0,0.0,2818181.818,18181.81818,73.33333333,121.8209068,214,3,3,3.0,0.0,3,3,3,3.0,0.0,3,3,64,64,9090.909091,9090.909091,35,275,131.0,131.4534138,17280.0,0,0,0,163.75,70,-1,-1,1,32,0.0,0,0,0.0,0,0,Normal Traffic
53,30658,2,66,33,33,33.0,0.0,49,49,49.0,0.0,5349.337856,130.471655,10219.33333,17656.25159,30607,3,48,48.0,0.0,48,48,3,3.0,0.0,3,3,64,64,65.23582752,65.23582752,33,49,39.4,8.76356092,76.8,0,0,0,49.25,66,-1,-1,1,32,0.0,0,0,0.0,0,0,Normal Traffic
56903,17,1,0,0,0,0.0,0.0,0,0,0.0,0.0,0.0,117647.0588,17.0,0.0,17,17,0,0.0,0.0,0,0,0,0.0,0.0,0,0,32,32,58823.52941,58823.52941,0,0,0.0,0.0,0.0,0,0,1,0.0,0,122,33304,0,32,0.0,0,0,0.0,0,0,Normal Traffic
50997,126,1,6,6,6,6.0,0.0,6,6,6.0,0.0,95238.0952380952,15873.0158730159,126.0,0.0,126,126,0,0.0,0.0,0,0,0,0.0,0.0,0,0,20,20,7936.5079365079,7936.5079365079,6,6,6.0,0.0,0.0,0,0,1,9.0,6,60,255,0,20,0.0,0,0,0.0,0,0,Normal Traffic
53,49321,2,86,43,43,43.0,0.0,104,104,104.0,0.0,5960.949697,81.10135642,16440.33333,28470.29647,49315,3,3,3.0,0.0,3,3,3,3.0,0.0,3,3,40,40,40.55067821,40.55067821,43,104,67.4,33.41107601,1116.3,0,0,0,84.25,86,-1,-1,1,20,0.0,0,0,0.0,0,0,Normal Traffic
80,5107838,3,12,6,0,4.0,3.464101615,0,0,0.0,0.0,2.349330578,0.783110193,1702612.667,2913333.929,5066557,62,5107838,2553919.0,3553406.737,5066557,41281,0,0.0,0.0,0,0,80,32,0.587332644,0.195777548,0,6,2.4,3.286335345,10.8,0,1,0,3.0,12,29200,29200,2,20,0.0,0,0,0.0,0,0,Normal Traffic
53,108799949,3,146,51,46,48.6666666667,2.5166114784,126,77,104.3333333333,24.9866631092,4.2187519775,0.0551470847,21759989.8,46737699.044996,105329972,30506,108769443,54384721.5,72132953.4054402,105390422,3379021,108739499,54369749.5,72217575.7023719,105435287,3304212,84,96,0.0275735423,0.0275735423,46,126,72.1428571429,33.4336585466,1117.8095238095,0,0,0,84.1666666667,146,-1,-1,2,20,60450.0,60450,60450,105329972.0,105329972,105329972,Normal Traffic
60958,22862981,1,6,6,6,6.0,0.0,6,6,6.0,0.0,1.837030788,0.306171798,3810496.833,9307656.586,22800000,1,0,0.0,0.0,0,0,22800000,4562520.6,10200000.0,22800000,1,20,120,0.043738828,0.26243297,6,6,6.0,0.0,0.0,0,0,1,6.857142857,6,229,0,0,20,53353.0,53353,53353,22800000.0,22800000,22800000,Normal Traffic
80,99836651,6,339,321,0,56.5,129.6113421,7251,0,2319.0,3337.608875,119.5352597,0.110179978,9983665.1,31500000.0,99700000,1,99700000,19900000.0,44600000.0,99700000,1,99800000,25000000.0,49800000.0,99700000,161,164,168,0.06009817,0.050081808,0,7251,995.0,2329.069693,5424565.636,1,0,0,1085.454545,339,0,235,3,20,9982.0,9982,9982,99700000.0,99700000,99700000,DoS
55592,48014,3,37,37,0,12.3333333333,21.36195996,0,0,0.0,0.0,770.6085724997,83.3090348648,16004.6666666667,27694.0514250503,47983,4,48014,24007.0,33945.3681376414,48010,4,0,0.0,0.0,0,0,96,32,62.4817761486,20.8272587162,0,37,7.4,16.5469030335,273.8,0,0,1,9.25,37,972,33304,1,32,0.0,0,0,0.0,0,0,Normal Traffic
22,1404691,37,2568,408,0,69.40540541,104.7121609,976,0,151.173913,307.3801341,6778.715034,59.08772819,17130.37805,106117.7617,954767,1,1404691,39019.19444,167852.1486,995787,2,449819,9995.977778,21911.93839,94601,1,764,944,26.34031257,32.74741562,0,976,113.3571429,240.3950385,57789.77453,0,1,0,114.7228916,2568,8192,245,24,20,0.0,0,0,0.0,0,0,Normal Traffic
58404,6023,5,454,312,6,90.8,125.0007999974,6,6,6.0,0.0,76373.9000498091,996.1813049975,1204.6,2595.1232726019,5845,1,6023,1505.75,3008.1668144126,6018,1,0,0.0,0.0,0,0,100,20,830.1510874979,166.0302174996,6,312,110.2857142857,139.0224373806,19327.2380952381,0,0,1,128.6666666667,454,176,0,4,20,0.0,0,0,0.0,0,0,Normal Traffic
50805,6264622,1,6,6,6,6.0,0.0,6,6,6.0,0.0,6.704315121,1.117385853,1044103.667,2549332.105,6247893,0,0,0.0,0.0,0,0,6249899,1249979.8,2793918.46,6247893,0,20,120,0.15962655,0.957759303,6,6,6.0,0.0,0.0,0,0,1,6.857142857,6,229,0,0,20,16729.0,16729,16729,6247893.0,6247893,6247893,Normal Traffic
123,94255,1,48,48,48,48.0,0.0,48,48,48.0,0.0,1018.513607,21.21903347,94255.0,0.0,94255,94255,0,0.0,0.0,0,0,0,0.0,0.0,0,0,32,32,10.60951674,10.60951674,48,48,48.0,0.0,0.0,0,0,0,72.0,48,-1,-1,0,32,0.0,0,0,0.0,0,0,Normal Traffic
22,1299951,41,2728,456,0,66.5365853659,110.1299454193,976,0,157.9523809524,319.121427488,7201.8099143737,63.8485604457,15853.0609756098,106205.336449513,955662,0,1299951,32498.775,159768.753711216,997226,2,344194,8394.9756097561,21570.7421111187,120080,1,1328,1360,31.5396503407,32.3089101051,0,976,111.4523809524,241.6427914691,58391.2386689616,0,1,0,112.7951807229,2728,29200,243,24,32,0.0,0,0,0.0,0,0,Normal Traffic
53,207,2,90,45,45,45.0,0.0,82,82,82.0,0.0,1227053.14,19323.6715,69.0,35.51056181,110,48,48,48.0,0.0,48,48,49,49.0,0.0,49,49,64,64,9661.835749,9661.835749,45,82,59.8,20.26573463,410.7,0,0,0,74.75,90,-1,-1,1,32,0.0,0,0,0.0,0,0,Normal Traffic
80,85251049,6,416,398,0,69.33333333,161.0399536,8688,0,1932.5,3506.021777,140.889762,0.140760731,7750095.364,25700000.0,85100000,1,85100000,17000000.0,38000000.0,85100000,1,85300000,17100000.0,38000000.0,85100000,84,164,200,0.070380366,0.070380366,0,8688,924.3846154,2465.064216,6076541.59,1,0,0,1001.416667,416,0,235,3,20,12014.0,12014,12014,85100000.0,85100000,85100000,DoS
80,1872309,3,26,20,0,8.666666667,10.26320288,5840,0,1933.5,2201.078258,6209.979229,4.806898861,234038.625,659676.425,1866650,53,5030,2515.0,3027.831237,4656,374,1872240,374448.0,834168.8907,1866650,155,72,132,1.60229962,3.204599241,0,5840,1162.7,1918.795458,3681776.011,0,1,0,1291.888889,26,8192,229,2,20,0.0,0,0,0.0,0,0,DDoS
57260,29,1,0,0,0,0.0,0.0,0,0,0.0,0.0,0.0,68965.51724,29.0,0.0,29,29,0,0.0,0.0,0,0,0,0.0,0.0,0,0,32,32,34482.75862,34482.75862,0,0,0.0,0.0,0.0,0,0,1,0.0,0,413,1285,0,32,0.0,0,0,0.0,0,0,Normal Traffic
443,962556,2,12,6,6,6.0,0.0,0,0,0.0,0.0,12.46680713,2.077801188,962556.0,0.0,962556,962556,962556,962556.0,0.0,962556,962556,0,0.0,0.0,0,0,40,0,2.077801188,0.0,6,6,6.0,0.0,0.0,0,0,1,9.0,12,64158,-1,1,20,0.0,0,0,0.0,0,0,Normal Traffic
64805,20,1,6,6,6,6.0,0.0,6,6,6.0,0.0,600000.0,100000.0,20.0,0.0,20,20,0,0.0,0.0,0,0,0,0.0,0.0,0,0,20,20,50000.0,50000.0,6,6,6.0,0.0,0.0,0,0,1,9.0,6,360,256,0,20,0.0,0,0,0.0,0,0,Normal Traffic
443,5745425,7,599,517,0,85.57142857,191.3085267,156,0,39.0,78.0,131.4089036,1.914566808,574542.5,1673583.716,5334104,49,5745425,957570.8333,2177367.659,5399467,49,381665,127221.6667,120730.1098,241473,917,232,136,1.218360696,0.696206112,0,517,62.91666667,150.0560249,22516.81061,0,1,0,68.63636364,599,29200,118,3,32,411272.0,411272,411272,5334104.0,5334104,5334104,Normal Traffic
443,58310762,11,590,210,0,53.63636364,75.33959481,1430,0,556.625,662.1132699,86.48489279,0.325840365,3239486.778,13700000.0,58000000,3,58300000,5831076.2,18300000.0,58000000,3,150993,21570.42857,23271.94002,55180,4,232,172,0.188644422,0.137195943,0,1430,252.15,479.266026,229695.9237,0,1,0,265.4210526,590,8192,351,10,20,306219.0,306219,306219,58000000.0,58000000,58000000,Normal Traffic
80,117023362,8,668,334,0,83.5,154.6119567,4344,0,1932.5,1754.831473,104.7910416,0.119634232,9001797.077,27900000.0,101000000,2,117000000,16700000.0,37500000.0,101000000,2,352653,70530.6,100503.9631,216109,18,272,200,0.068362418,0.051271814,0,4344,817.5333333,1414.269264,2000157.552,0,0,1,875.9285714,668,251,235,2,32,6.0,6,6,58300000.0,101000000,16000000,DoS
53,61194,4,128,32,32,32.0,0.0,266,266,266.0,0.0,10785.3711148152,98.0488283165,12238.8,16755.8993551525,30939,3,30946,10315.3333333333,17860.6192595143,30939,3,3,3.0,0.0,3,3,80,40,65.3658855443,32.6829427722,32,266,98.8571428571,114.180308535,13037.1428571429,0,0,0,115.3333333333,128,-1,-1,3,20,0.0,0,0,0.0,0,0,Normal Traffic
53,594,1,38,38,38,38.0,0.0,99,99,99.0,0.0,230639.7306,3367.003367,594.0,0.0,594,594,0,0.0,0.0,0,0,0,0.0,0.0,0,0,32,32,1683.501684,1683.501684,38,99,58.33333333,35.21836642,1240.333333,0,0,0,87.5,38,-1,-1,0,32,0.0,0,0,0.0,0,0,Normal Traffic
80,514938,3,26,20,0,8.666666667,10.26320288,5840,0,1934.5,2538.919278,22591.06922,17.47783228,64367.25,181682.3874,514008,2,733,366.5,348.6036431,613,120,514888,102977.6,229773.2071,514008,2,72,132,5.825944094,11.65188819,0,5840,1163.3,2138.329153,4572451.567,0,1,0,1292.555556,26,8192,229,2,20,0.0,0,0,0.0,0,0,DDoS
80,84946177,8,371,371,0,46.375,131.1683079,8688,0,1932.5,3384.303045,140.8656684,0.164810242,6534321.308,23500000.0,84800000,1,84800000,12100000.0,32000000.0,84800000,1,161499,32299.8,63994.17024,146194,48,264,200,0.094177281,0.070632961,0,8688,797.7333333,2240.32582,5019059.781,0,0,1,854.7142857,371,274,235,1,32,1011.0,1011,1011,84800000.0,84800000,84800000,DoS
7007,29,1,2,2,2,2.0,0.0,6,6,6.0,0.0,275862.069,68965.51724,29.0,0.0,29,29,0,0.0,0.0,0,0,0,0.0,0.0,0,0,24,20,34482.75862,34482.75862,2,6,3.333333333,2.309401077,5.333333333,0,1,0,5.0,2,1024,0,0,24,0.0,0,0,0.0,0,0,Port Scanning
33270,730,1,0,0,0,0.0,0.0,0,0,0.0,0.0,0.0,2739.726027,730.0,0.0,730,730,0,0.0,0.0,0,0,0,0.0,0.0,0,0,32,32,1369.863014,1369.863014,0,0,0.0,0.0,0.0,0,0,1,0.0,0,227,229,0,32,0.0,0,0,0.0,0,0,Normal Traffic
80,5939962,3,12,6,0,4.0,3.464101615,0,0,0.0,0.0,2.020214944,0.673404981,1979987.333,3403940.616,5910483,91,5939962,2969981.0,4158497.809,5910483,29479,0,0.0,0.0,0,0,72,28,0.505053736,0.168351245,0,6,2.4,3.286335345,10.8,0,1,0,3.0,12,8192,4380,2,20,0.0,0,0,0.0,0,0,Normal Traffic
3828,31,1,0,0,0,0.0,0.0,6,6,6.0,0.0,193548.3871,64516.12903,31.0,0.0,31,31,0,0.0,0.0,0,0,0,0.0,0.0,0,0,40,20,32258.06452,32258.06452,0,6,2.0,3.464101615,12.0,0,1,0,3.0,0,29200,0,0,40,0.0,0,0,0.0,0,0,Port Scanning
443,9288,3,43,31,6,14.33333333,14.43375673,0,0,0.0,0.0,4629.62963,322.997416,4644.0,6485.583397,9230,58,9288,4644.0,6485.583397,9230,58,0,0.0,0.0,0,0,60,0,322.997416,0.0,6,31,12.25,12.5,156.25,0,0,1,16.33333333,43,245,-1,2,20,0.0,0,0,0.0,0,0,Normal Traffic
53227,4,2,12,6,6,6.0,0.0,0,0,0.0,0.0,3000000.0,500000.0,4.0,0.0,4,4,4,4.0,0.0,4,4,0,0.0,0.0,0,0,40,0,500000.0,0.0,6,6,6.0,0.0,0.0,0,0,1,9.0,12,4973,-1,1,20,0.0,0,0,0.0,0,0,Normal Traffic
53,66215,1,52,52,52,52.0,0.0,120,120,120.0,0.0,2597.598731,30.20463641,66215.0,0.0,66215,66215,0,0.0,0.0,0,0,0,0.0,0.0,0,0,32,20,15.10231821,15.10231821,52,120,74.66666667,39.2598183,1541.333333,0,0,0,112.0,52,-1,-1,0,32,0.0,0,0,0.0,0,0,Normal Traffic
80,99384613,8,379,379,0,47.375,133.996735,5792,0,1932.5,2537.820147,120.481427,0.140866876,7644970.231,27600000.0,99400000,1,99400000,14200000.0,37600000.0,99400000,1,2056,411.2,736.9977612,1720,3,264,200,0.080495358,0.060371518,0,5792,798.2666667,1796.726963,3228227.781,0,0,1,855.2857143,379,251,235,1,32,977.0,977,977,99400000.0,99400000,99400000,DoS
53,47564,2,104,52,52,52.0,0.0,112,112,112.0,0.0,6895.971743,84.09721638,15854.66667,27416.93014,47513,3,3,3.0,0.0,3,3,48,48.0,0.0,48,48,64,64,42.04860819,42.04860819,52,112,76.0,32.86335345,1080.0,0,0,0,95.0,104,-1,-1,1,32,0.0,0,0,0.0,0,0,Normal Traffic
80,153,2,12,6,6,6.0,0.0,0,0,0.0,0.0,78431.3725490196,13071.8954248366,153.0,0.0,153,153,153,153.0,0.0,153,153,0,0.0,0.0,0,0,40,0,13071.8954248366,0.0,6,6,6.0,0.0,0.0,0,0,1,9.0,12,252,-1,1,20,0.0,0,0,0.0,0,0,Normal Traffic
59605,86,2,0,0,0,0.0,0.0,0,0,0.0,0.0,0.0,34883.7209302326,43.0,56.5685424949,83,3,3,3.0,0.0,3,3,0,0.0,0.0,0,0,64,32,23255.8139534884,11627.9069767442,0,0,0.0,0.0,0.0,0,0,1,0.0,0,349,32832,0,32,0.0,0,0,0.0,0,0,Normal Traffic
53,33957,2,54,27,27,27.0,0.0,64,64,64.0,0.0,5359.719645,117.7960362,11319.0,19599.88694,33951,3,3,3.0,0.0,3,3,3,3.0,0.0,3,3,40,40,58.89801808,58.89801808,27,64,41.8,20.26573463,410.7,0,0,0,52.25,54,-1,-1,1,20,0.0,0,0,0.0,0,0,Normal Traffic
53059,49,2,31,31,0,15.5,21.92031022,0,0,0.0,0.0,632653.0612,40816.32653,49.0,0.0,49,49,49,49.0,0.0,49,49,0,0.0,0.0,0,0,64,0,40816.32653,0.0,0,31,20.66666667,17.89785834,320.3333333,0,0,1,31.0,31,61,-1,0,32,0.0,0,0,0.0,0,0,Normal Traffic
80,5369531,4,0,0,0,0.0,0.0,0,0,0.0,0.0,0.0,1.117416028,1073906.2,1877458.051,4344822,61,5369531,1789843.667,2264428.392,4344822,31002,993713,993713.0,0.0,993713,993713,136,80,0.744944018,0.372472009,0,0,0.0,0.0,0.0,0,1,0,0.0,0,29200,28960,0,32,0.0,0,0,0.0,0,0,Normal Traffic
443,5657617,7,599,517,0,85.57142857,191.3085267,156,0,39.0,78.0,133.4484112,1.944281488,565761.7,1742221.253,5523765,15,5657617,942936.1667,2278640.853,5594086,15,102764,34254.66667,35109.66263,70607,536,232,136,1.237270038,0.70701145,0,517,62.91666667,150.0560249,22516.81061,0,1,0,68.63636364,599,29200,118,3,32,133837.0,133837,133837,5523765.0,5523765,5523765,Normal Traffic
53,30307,1,55,55,55,55.0,0.0,111,111,111.0,0.0,5477.282476,65.99135513,30307.0,0.0,30307,30307,0,0.0,0.0,0,0,0,0.0,0.0,0,0,20,20,32.99567757,32.99567757,55,111,73.66666667,32.33161507,1045.333333,0,0,0,110.5,55,-1,-1,0,20,0.0,0,0,0.0,0,0,Normal Traffic
53,60366,1,45,45,45,45.0,0.0,96,96,96.0,0.0,2335.751913,33.13123281,60366.0,0.0,60366,60366,0,0.0,0.0,0,0,0,0.0,0.0,0,0,20,20,16.56561641,16.56561641,45,96,62.0,29.44486373,867.0,0,0,0,93.0,45,-1,-1,0,20,0.0,0,0,0.0,0,0,Normal Traffic
80,115054689,16,437,437,0,27.3125,109.25,796,0,56.8571428571,212.7399485623,10.7166427611,0.260745566,3967403.06896552,4979922.4116623,10216539,30,115054689,7670312.6,4418205.44862334,10240015,109,112477241,8652095.46153846,3834716.59271665,10240348,1127,520,456,0.1390643018,0.1216812641,0,796,39.7741935484,160.7838527708,25851.447311828,0,1,0,41.1,437,29200,285,1,32,25880.6363636364,49036,23471,10199369.5454545,10216539,10028631,Normal Traffic
443,61870478,25,1251,517,0,50.04,113.1586202,2836,0,862.2162162,745.7910839,535.8452217,1.002093438,1014270.131,7491872.384,58500000,1,61900000,2577936.583,11900000.0,58600000,155,61800000,1716382.611,9752529.406,58500000,1,808,1192,0.404069935,0.598023503,0,2836,526.2380952,700.8442309,491182.6359,0,1,0,534.7258065,1251,29200,357,9,32,3282864.0,3282864,3282864,58500000.0,58500000,58500000,Normal Traffic
22,12205505,21,2008,640,0,95.61904762,140.0451628,976,0,85.78125,220.240592,389.4144486,4.34230292,234721.25,639374.6993,2536273,41,10300000,512921.9,913430.9483,2591941,369,12200000,393721.4194,793952.2085,2536273,46,680,1032,1.720535119,2.621767801,0,976,88.01851852,189.5902723,35944.47135,0,1,0,89.67924528,2008,29200,247,16,32,0.0,0,0,0.0,0,0,Brute Force
53,236205,1,45,45,45,45.0,0.0,137,137,137.0,0.0,770.5171355,8.46722127,236205.0,0.0,236205,236205,0,0.0,0.0,0,0,0,0.0,0.0,0,0,32,32,4.233610635,4.233610635,45,137,75.66666667,53.11622477,2821.333333,0,0,0,113.5,45,-1,-1,0,32,0.0,0,0,0.0,0,0,Normal Traffic
443,10864,4,31,31,0,7.75,15.5,0,0,0.0,0.0,2853.460972,368.1885125,3621.333333,6226.478325,10811,3,10864,3621.333333,6226.478325,10811,3,0,0.0,0.0,0,0,80,0,368.1885125,0.0,0,31,6.2,13.86362146,192.2,0,0,1,7.75,31,254,-1,1,20,0.0,0,0,0.0,0,0,Normal Traffic
55193,54,1,0,0,0,0.0,0.0,0,0,0.0,0.0,0.0,37037.03704,54.0,0.0,54,54,0,0.0,0.0,0,0,0,0.0,0.0,0,0,32,32,18518.51852,18518.51852,0,0,0.0,0.0,0.0,0,0,1,0.0,0,122,33304,0,32,0.0,0,0,0.0,0,0,Normal Traffic
53,63131,4,140,35,35,35.0,0.0,222,222,222.0,0.0,9250.605883,95.0404714,12626.2,17231.76685,31594,2,31462,10487.33333,18120.44211,31411,2,75,75.0,0.0,75,75,80,40,63.36031427,31.68015713,35,222,88.42857143,91.24665682,8325.952381,0,0,0,103.1666667,140,-1,-1,3,20,0.0,0,0,0.0,0,0,Normal Traffic
53,81160,2,68,34,34,34.0,0.0,79,79,79.0,0.0,2784.622967,49.28536225,27053.33333,46853.41774,81155,1,4,4.0,0.0,4,4,1,1.0,0.0,1,1,64,64,24.64268112,24.64268112,34,79,52.0,24.64751509,607.5,0,0,0,65.0,68,-1,-1,1,32,0.0,0,0,0.0,0,0,Normal Traffic
53,49308,2,82,41,41,41.0,0.0,76,76,76.0,0.0,4745.680214,81.1227387,16436.0,28461.9249,49301,3,3,3.0,0.0,3,3,4,4.0,0.0,4,4,64,64,40.56136935,40.56136935,41,76,55.0,19.17028951,367.5,0,0,0,68.75,82,-1,-1,1,32,0.0,0,0,0.0,0,0,Normal Traffic
53,30532,1,53,53,53,53.0,0.0,81,81,81.0,0.0,4388.837941,65.50504389,30532.0,0.0,30532,30532,0,0.0,0.0,0,0,0,0.0,0.0,0,0,20,20,32.75252194,32.75252194,53,81,62.33333333,16.16580754,261.3333333,0,0,0,93.5,53,-1,-1,0,20,0.0,0,0,0.0,0,0,Normal Traffic
53,532,1,64,64,64,64.0,0.0,117,117,117.0,0.0,340225.5639,3759.398496,532.0,0.0,532,532,0,0.0,0.0,0,0,0,0.0,0.0,0,0,32,32,1879.699248,1879.699248,64,117,81.66666667,30.59956427,936.3333333,0,0,0,122.5,64,-1,-1,0,32,0.0,0,0,0.0,0,0,Normal Traffic
53,71636,2,84,42,42,42.0,0.0,159,159,159.0,0.0,5611.703613,55.83784689,23878.66667,41354.73378,71631,1,1,1.0,0.0,1,1,4,4.0,0.0,4,4,64,64,27.91892345,27.91892345,42,159,88.8,64.08353923,4106.7,0,0,0,111.0,84,-1,-1,1,32,0.0,0,0,0.0,0,0,Normal Traffic
49334,89,1,6,6,6,6.0,0.0,6,6,6.0,0.0,134831.4607,22471.91011,89.0,0.0,89,89,0,0.0,0.0,0,0,0,0.0,0.0,0,0,20,20,11235.95506,11235.95506,6,6,6.0,0.0,0.0,0,0,1,9.0,6,65535,65535,0,20,0.0,0,0,0.0,0,0,Normal Traffic
55374,439,2,0,0,0,0.0,0.0,0,0,0.0,0.0,0.0,6833.712984,219.5,27.57716447,239,200,239,239.0,0.0,239,239,0,0.0,0.0,0,0,64,32,4555.808656,2277.904328,0,0,0.0,0.0,0.0,0,0,1,0.0,0,122,33304,0,32,0.0,0,0,0.0,0,0,Normal Traffic
1122,62,2,4,2,2,2.0,0.0,6,6,6.0,0.0,258064.5161,64516.12903,20.66666667,24.41993721,48,1,48,48.0,0.0,48,48,1,1.0,0.0,1,1,48,40,32258.06452,32258.06452,2,6,3.6,2.19089023,4.8,0,1,0,4.5,4,1024,0,1,24,0.0,0,0,0.0,0,0,Normal Traffic
53478,18741,3,38,38,0,12.66666667,21.93931023,6,6,6.0,0.0,2347.793608,213.4357825,6247.0,10768.19372,18681,3,18741,9370.5,13247.64555,18738,3,0,0.0,0.0,0,0,96,20,160.0768369,53.35894563,0,38,8.8,16.52876281,273.2,0,0,1,11.0,38,349,0,1,32,0.0,0,0,0.0,0,0,Normal Traffic
80,115735067,17,508,424,0,29.8823529412,101.5811758847,1388,0,92.9333333333,358.2727346324,16.4340856173,0.276493554,3733389.25806452,4827291.24096379,10061593,3,115735067,7233441.6875,4488627.4938066,10100591,1428,111126307,7937593.35714286,4294252.19447734,10100591,904,364,456,0.1468872006,0.1296063534,0,1388,57.6363636364,249.8271675306,62413.6136363636,0,1,0,59.4375,508,8192,946,15,20,56049.0,226166,38969,10046345.2727273,10061593,9899563,Normal Traffic
49156,32,2,4,2,2,2.0,0.0,6,6,6.0,0.0,500000.0,125000.0,10.66666667,16.74315781,30,1,1,1.0,0.0,1,1,1,1.0,0.0,1,1,48,40,62500.0,62500.0,2,6,3.6,2.19089023,4.8,0,1,0,4.5,4,1024,0,1,24,0.0,0,0,0.0,0,0,Normal Traffic
80,5708682,3,12,6,0,4.0,3.464101615,0,0,0.0,0.0,2.102061386,0.700687129,1902894.0,3265422.984,5673425,43,5708682,2854341.0,3986786.826,5673425,35257,0,0.0,0.0,0,0,72,28,0.525515347,0.175171782,0,6,2.4,3.286335345,10.8,0,1,0,3.0,12,8192,8192,2,20,0.0,0,0,0.0,0,0,Normal Traffic
443,2443411,9,1193,834,0,132.5555556,272.6449665,1460,0,669.5555556,669.4008723,2954.476345,7.366750825,143730.0588,433583.4327,1807335,3,636073,79509.125,96775.95545,224922,215,2413802,301725.25,696116.7132,2000060,3,192,192,3.683375412,3.683375412,0,1460,379.9473684,559.2407029,312750.1637,0,1,0,401.0555556,1193,8192,32,8,20,0.0,0,0,0.0,0,0,Normal Traffic
53,60295,1,41,41,41,41.0,0.0,169,169,169.0,0.0,3482.8758603533,33.1702462891,60295.0,0.0,60295,60295,0,0.0,0.0,0,0,0,0.0,0.0,0,0,32,32,16.5851231445,16.5851231445,41,169,83.6666666667,73.9008344563,5461.3333333333,0,0,0,125.5,41,-1,-1,0,32,0.0,0,0,0.0,0,0,Normal Traffic
443,76062105,24,1479,414,0,61.625,134.1222066,4344,0,958.8571429,1130.06659,372.4193539,0.683651866,1491413.824,3501653.578,10100000,1,72500000,3152438.261,4768302.505,10200000,95,75900000,2812820.037,4515754.114,10200000,1,776,904,0.31553163,0.368120235,0,4344,534.4716981,936.3253175,876705.1001,0,1,0,544.75,1479,29200,260,5,32,255727.7143,1094039,115785,10100000.0,10100000,9972030,Normal Traffic
443,138948,17,928,693,0,54.58823529,168.2866078,2896,0,1233.5625,884.8036293,148724.7028,237.4989205,4342.125,11021.95238,33488,0,138948,8684.25,14974.08811,35002,48,104146,6943.066667,13658.51545,33770,48,556,520,122.3479287,115.1509917,0,2896,607.7941176,853.4014573,728294.0472,0,1,0,626.2121212,928,65535,67,5,32,0.0,0,0,0.0,0,0,Normal Traffic
53,60568,2,64,32,32,32.0,0.0,96,96,96.0,0.0,4226.6543389249,66.0414740457,20189.3333333333,34962.888930026,60561,3,3,3.0,0.0,3,3,4,4.0,0.0,4,4,40,40,33.0207370229,33.0207370229,32,96,57.6,35.0542436803,1228.8,0,0,0,72.0,64,-1,-1,1,20,0.0,0,0,0.0,0,0,Normal Traffic
53,23394,1,61,61,61,61.0,0.0,125,125,125.0,0.0,7950.7566042575,85.4920064974,23394.0,0.0,23394,23394,0,0.0,0.0,0,0,0,0.0,0.0,0,0,40,40,42.7460032487,42.7460032487,61,125,82.3333333333,36.9504172281,1365.3333333333,0,0,0,123.5,61,-1,-1,0,40,0.0,0,0,0.0,0,0,Normal Traffic
53,219,2,66,33,33,33.0,0.0,163,163,163.0,0.0,1789954.338,18264.84018,73.0,120.3785695,212,3,4,4.0,0.0,4,4,3,3.0,0.0,3,3,40,40,9132.420091,9132.420091,33,163,85.0,71.20393248,5070.0,0,0,0,106.25,66,-1,-1,1,20,0.0,0,0,0.0,0,0,Normal Traffic
53,183,2,64,32,32,32.0,0.0,160,160,160.0,0.0,2098360.656,21857.9235,61.0,98.72689603,175,4,4,4.0,0.0,4,4,4,4.0,0.0,4,4,40,40,10928.96175,10928.96175,32,160,83.2,70.10848736,4915.2,0,0,0,104.0,64,-1,-1,1,20,0.0,0,0,0.0,0,0,Normal Traffic
80,37997806,2,0,0,0,0.0,0.0,0,0,0.0,0.0,0.0,0.052634618,38000000.0,0.0,38000000,38000000,38000000,38000000.0,0.0,38000000,38000000,0,0.0,0.0,0,0,64,0,0.052634618,0.0,0,0,0.0,0.0,0.0,0,0,1,0.0,0,284,-1,0,32,0.0,0,0,38000000.0,38000000,38000000,DoS
56386,50854,3,18,6,6,6.0,0.0,6,6,6.0,0.0,471.9392771463,78.6565461911,16951.3333333333,29165.0307274539,50628,10,50854,25427.0,35653.7381209881,50638,216,0,0.0,0.0,0,0,60,20,58.9924096433,19.6641365478,6,6,6.0,0.0,0.0,0,0,1,7.5,18,456,32850,2,20,0.0,0,0,0.0,0,0,Normal Traffic
53,225,2,76,38,38,38.0,0.0,77,77,77.0,0.0,1022222.222,17777.77778,75.0,128.1717598,223,1,1,1.0,0.0,1,1,1,1.0,0.0,1,1,64,64,8888.888889,8888.888889,38,77,53.6,21.36117974,456.3,0,0,0,67.0,76,-1,-1,1,32,0.0,0,0,0.0,0,0,Normal Traffic
53,60130,1,42,42,42,42.0,0.0,74,74,74.0,0.0,1929.153501,33.26126725,60130.0,0.0,60130,60130,0,0.0,0.0,0,0,0,0.0,0.0,0,0,32,32,16.63063363,16.63063363,42,74,52.66666667,18.47520861,341.3333333,0,0,0,79.0,42,-1,-1,0,32,0.0,0,0,0.0,0,0,Normal Traffic
80,2608,3,352,352,0,117.3333333,203.2272948,5803,0,1932.5,2539.075088,4580904.908,3450.920245,326.0,696.3876178,2043,11,2154,1077.0,1431.184125,2089,65,2562,512.4,900.2748469,2119,49,104,200,1150.306748,2300.613497,0,5803,1194.7,2121.128423,4499185.789,0,1,0,1327.444444,352,29200,235,1,32,0.0,0,0,0.0,0,0,DoS
443,46550723,10,1113,517,0,111.3,212.2132313,740,0,74.30769231,203.4798862,44.66096048,0.4940847,2115941.955,3933164.283,10000000,3,41700000,4633983.333,5206364.808,10100000,143211,46400000,3867111.833,4821360.558,10200000,3,212,320,0.214819435,0.279265265,0,740,86.625,199.7524147,39901.02717,0,1,0,90.39130435,1113,8192,62,9,20,414373.25,1222134,145006,10000000.0,10000000,10000000,Normal Traffic
53,72489,1,53,53,53,53.0,0.0,177,177,177.0,0.0,3172.895198,27.59039303,72489.0,0.0,72489,72489,0,0.0,0.0,0,0,0,0.0,0.0,0,0,32,32,13.79519651,13.79519651,53,177,94.33333333,71.59143338,5125.333333,0,0,0,141.5,53,-1,-1,0,32,0.0,0,0,0.0,0,0,Normal Traffic
389,8443051,11,1726,403,0,156.9090909,196.2928702,316,316,316.0,0.0,354.1373847,1.776608953,603075.0714,2233585.222,8363277,4,8443051,844305.1,2641948.776,8363277,4,37461,12487.0,21621.19023,37453,4,352,128,1.302846566,0.473762388,0,403,212.0625,182.2889533,33229.2625,0,0,1,226.2,1726,1136,2079,5,32,79677.0,79677,79677,8363277.0,8363277,8363277,Normal Traffic
80,2851929,5,30,6,6,6.0,0.0,0,0,0.0,0.0,10.51919595,1.753199326,712982.25,1425308.575,2850945,1,2851929,712982.25,1425308.575,2850945,1,0,0.0,0.0,0,0,100,0,1.753199326,0.0,6,6,6.0,0.0,0.0,0,0,1,7.2,30,256,-1,4,20,0.0,0,0,0.0,0,0,DDoS
2191,54,1,2,2,2,2.0,0.0,6,6,6.0,0.0,148148.1481,37037.03704,54.0,0.0,54,54,0,0.0,0.0,0,0,0,0.0,0.0,0,0,24,20,18518.51852,18518.51852,2,6,3.333333333,2.309401077,5.333333333,0,1,0,5.0,2,1024,0,0,24,0.0,0,0,0.0,0,0,Port Scanning
50233,47,1,6,6,6,6.0,0.0,6,6,6.0,0.0,255319.1489,42553.19149,47.0,0.0,47,47,0,0.0,0.0,0,0,0,0.0,0.0,0,0,20,20,21276.59574,21276.59574,6,6,6.0,0.0,0.0,0,0,1,9.0,6,119,255,0,20,0.0,0,0,0.0,0,0,Normal Traffic
47946,54,1,0,0,0,0.0,0.0,0,0,0.0,0.0,0.0,37037.03704,54.0,0.0,54,54,0,0.0,0.0,0,0,0,0.0,0.0,0,0,32,32,18518.51852,18518.51852,0,0,0.0,0.0,0.0,0,0,1,0.0,0,114,319,0,32,0.0,0,0,0.0,0,0,Normal Traffic
53,60962,4,136,34,34,34.0,0.0,91,91,91.0,0.0,5216.364293,98.42196778,12192.4,16673.43668,30897,3,30903,10301.0,17836.65922,30897,3,48,48.0,0.0,48,48,104,40,65.61464519,32.80732259,34,91,50.28571429,27.81315208,773.5714286,0,0,0,58.66666667,136,-1,-1,3,20,0.0,0,0,0.0,0,0,Normal Traffic
53,24078,1,54,54,54,54.0,0.0,114,114,114.0,0.0,6977.323698,83.06337736,24078.0,0.0,24078,24078,0,0.0,0.0,0,0,0,0.0,0.0,0,0,20,20,41.53168868,41.53168868,54,114,74.0,34.64101615,1200.0,0,0,0,111.0,54,-1,-1,0,20,0.0,0,0,0.0,0,0,Normal Traffic
80,242572,3,448,448,0,149.3333333,258.6529206,308,0,154.0,217.7888886,3116.600432,20.61243672,60643.0,69900.32778,121505,42,121067,60533.5,85361.22352,120893,174,121721,121721.0,0.0,121721,121721,72,44,12.36746203,8.244974688,0,448,126.0,200.1559392,40062.4,0,1,0,151.2,448,8192,64240,1,20,0.0,0,0,0.0,0,0,Normal Traffic
53,61083,1,41,41,41,41.0,0.0,122,122,122.0,0.0,2668.5002373819,32.742334201,61083.0,0.0,61083,61083,0,0.0,0.0,0,0,0,0.0,0.0,0,0,32,20,16.3711671005,16.3711671005,41,122,68.0,46.7653718044,2187.0,0,0,0,102.0,41,-1,-1,0,32,0.0,0,0,0.0,0,0,Normal Traffic
787,53,1,2,2,2,2.0,0.0,6,6,6.0,0.0,150943.3962,37735.84906,53.0,0.0,53,53,0,0.0,0.0,0,0,0,0.0,0.0,0,0,24,20,18867.92453,18867.92453,2,6,3.333333333,2.309401077,5.333333333,0,1,0,5.0,2,1024,0,0,24,0.0,0,0,0.0,0,0,Port Scanning
80,98306245,8,385,379,0,48.125,133.7101743,5792,0,1656.428571,2118.227235,121.8640789,0.152584406,7021874.643,26300000.0,98300000,1,98300000,14000000.0,37200000.0,98300000,1,9963,1660.5,3606.286442,9017,47,252,232,0.08137835,0.071206056,0,5792,748.75,1576.943478,2486750.733,0,0,1,798.6666667,385,274,235,2,20,986.0,986,986,98300000.0,98300000,98300000,DoS
80,4627243,133,5499,829,0,41.34586466,146.0002099,4380,0,1883.488959,899.8992194,130221.1706,97.25013361,10305.6637,96187.71182,1854933,-1,4627243,35054.87121,176091.5797,1854933,3,4611460,14593.22785,116327.0493,1871596,3,2684,6352,28.74281727,68.50731634,0,4380,1336.064302,1133.769909,1285434.207,0,1,0,1339.033333,5499,65535,39,132,20,0.0,0,0,0.0,0,0,Normal Traffic
80,3192956,4,24,6,6,6.0,0.0,0,0,0.0,0.0,7.516545796,1.252757633,1064318.667,1842575.059,3191941,3,3192956,1064318.667,1842575.059,3191941,3,0,0.0,0.0,0,0,80,0,1.252757633,0.0,6,6,6.0,0.0,0.0,0,0,1,7.5,24,256,-1,3,20,0.0,0,0,0.0,0,0,DDoS
53,23814,2,68,34,34,34.0,0.0,89,89,89.0,0.0,10330.0579491056,167.9684219367,7938.0,13742.9571417508,23807,3,3,3.0,0.0,3,3,4,4.0,0.0,4,4,64,64,83.9842109683,83.9842109683,34,89,56.0,30.1247406628,907.5,0,0,0,70.0,68,-1,-1,1,32,0.0,0,0,0.0,0,0,Normal Traffic
443,61085928,19,2276,685,0,119.7894736842,240.7524267669,1627,0,460.8571428571,650.9739280071,142.8806974988,0.5402226189,1908935.25,3962066.79840148,10157277,10,61085928,3393662.66666667,4876487.47805836,10240006,254,61002303,4692484.84615385,5207269.05300044,10240180,217,616,456,0.3110372654,0.2291853535,0,1627,256.7058823529,478.5662000634,229025.607843137,0,1,0,264.4848484848,2276,29200,134,5,32,156644.666666667,525574,82729,10024229.0,10157277,9568796,Normal Traffic
57685,231,1,0,0,0,0.0,0.0,0,0,0.0,0.0,0.0,8658.008658,231.0,0.0,231,231,0,0.0,0.0,0,0,0,0.0,0.0,0,0,32,32,4329.004329,4329.004329,0,0,0.0,0.0,0.0,0,0,1,0.0,0,122,33304,0,32,0.0,0,0,0.0,0,0,Normal Traffic
123,65025957,2,96,48,48,48.0,0.0,48,48,48.0,0.0,2.95266704,0.061513897,21700000.0,37500000.0,65000000,28217,65000000,65000000.0,0.0,65000000,65000000,65000000,65000000.0,0.0,65000000,65000000,52,52,0.030756948,0.030756948,48,48,48.0,0.0,0.0,0,0,0,60.0,96,-1,-1,1,20,28261.0,28261,28261,65000000.0,65000000,65000000,Normal Traffic
80,63099266,7,0,0,0,0.0,0.0,0,0,0.0,0.0,0.0,0.110936314,10500000.0,11900000.0,32000000,999410,63100000,10500000.0,11900000.0,32000000,999410,0,0.0,0.0,0,0,280,0,0.110936314,0.0,0,0,0.0,0.0,0.0,0,1,0,0.0,0,29200,-1,0,40,7011372.0,7011372,7011372,18700000.0,32000000,8023890,DoS
53,30797,2,76,38,38,38.0,0.0,54,54,54.0,0.0,5974.607916,129.8827808,10265.66667,17776.32612,30792,2,3,3.0,0.0,3,3,2,2.0,0.0,2,2,64,40,64.9413904,64.9413904,38,54,44.4,8.76356092,76.8,0,0,0,55.5,76,-1,-1,1,32,0.0,0,0,0.0,0,0,Normal Traffic
58368,76943368,8,11607,4380,0,1450.875,1559.504998,20,0,6.8,5.006662228,151.7349747,0.233938291,4526080.471,17500000.0,72400000,1,76900000,11000000.0,29100000.0,76900000,16,76900000,8541985.111,24000000.0,72400000,1,172,212,0.103972574,0.129965717,0,4380,614.7894737,1217.558239,1482448.064,0,0,1,648.9444444,11607,229,256,6,20,4521285.0,4521285,4521285,72400000.0,72400000,72400000,Normal Traffic
53,126189,2,60,30,30,30.0,0.0,172,172,172.0,0.0,3201.546886,31.69848402,42063.0,72850.05697,126183,2,2,2.0,0.0,2,2,4,4.0,0.0,4,4,64,64,15.84924201,15.84924201,30,172,86.8,77.77660317,6049.2,0,0,0,108.5,60,-1,-1,1,32,0.0,0,0,0.0,0,0,Normal Traffic
53,1367,2,64,32,32,32.0,0.0,94,94,94.0,0.0,184345.281638625,2926.1155815655,455.6666666667,784.9091242515,1362,1,1,1.0,0.0,1,1,4,4.0,0.0,4,4,80,80,1463.0577907827,1463.0577907827,32,94,56.8,33.9587985653,1153.2,0,0,0,71.0,64,-1,-1,1,40,0.0,0,0,0.0,0,0,Normal Traffic
443,62703486,8,0,0,0,0.0,0.0,0,0,0.0,0.0,0.0,0.2392211495,4478820.42857143,5010563.06121359,10012909,35071,62703486,8957640.85714286,2884764.01200303,10048013,2415611,60287904,10047984.0,83.5416064007,10048101,10047881,256,224,0.1275846131,0.1116365364,0,0,0.0,0.0,0.0,0,0,1,0.0,0,365,77,0,32,35174.8333333333,35270,35071,10012804.3333333,10012909,10012671,Normal Traffic
53,188,2,80,40,40,40.0,0.0,78,78,78.0,0.0,1255319.149,21276.59574,62.66666667,68.19335256,137,3,48,48.0,0.0,48,48,3,3.0,0.0,3,3,64,64,10638.29787,10638.29787,40,78,55.2,20.81345719,433.2,0,0,0,69.0,80,-1,-1,1,32,0.0,0,0,0.0,0,0,Normal Traffic
443,121,2,12,6,6,6.0,0.0,0,0,0.0,0.0,99173.55372,16528.92562,121.0,0.0,121,121,121,121.0,0.0,121,121,0,0.0,0.0,0,0,40,0,16528.92562,0.0,6,6,6.0,0.0,0.0,0,0,1,9.0,12,31088,-1,1,20,0.0,0,0,0.0,0,0,Normal Traffic
80,98301666,6,359,359,0,59.83333333,146.5611363,4344,0,1932.5,1754.831473,121.6052635,0.122073211,8936515.091,29600000.0,98300000,3,98300000,19700000.0,44000000.0,98300000,3,15434,3086.8,4766.414869,11013,33,200,200,0.061036605,0.061036605,0,4344,919.5384615,1498.366422,2245101.936,0,0,1,996.1666667,359,251,235,1,32,965.0,965,965,98300000.0,98300000,98300000,DoS
37,58,2,4,2,2,2.0,0.0,6,6,6.0,0.0,275862.069,68965.51724,19.33333333,24.84619354,48,4,4,4.0,0.0,4,4,48,48.0,0.0,48,48,48,40,34482.75862,34482.75862,2,6,3.6,2.19089023,4.8,0,1,0,4.5,4,1024,0,1,24,0.0,0,0,0.0,0,0,Normal Traffic
80,90584,5,817,799,0,163.4,355.3207002132,1029,2,345.6666666667,591.787405521,20467.1906738497,88.3158173629,12940.5714285714,19195.8374555279,40892,18,90584,22646.0,21327.2247295954,41216,398,41674,20837.0,29035.218649082,41368,306,124,64,55.1973858518,33.1184315111,0,1029,206.0,405.50369912,164433.25,0,1,0,231.75,817,65535,8190,4,20,0.0,0,0,0.0,0,0,Normal Traffic
443,118216575,20,23517,5520,0,1175.85,1919.182701,1430,0,274.8,508.8342068,257.0451732,0.380657281,2686740.341,12400000.0,58900000,1,118000000,6221925.0,18500000.0,58900000,17,118000000,4921785.042,16600000.0,59000000,1,412,512,0.169181014,0.211476267,0,5520,660.5869565,1379.717855,1903621.359,0,1,0,675.2666667,23517,8192,726,19,20,250017.0,406465,93569,58800000.0,58900000,58700000,Normal Traffic
49632,89,1,0,0,0,0.0,0.0,0,0,0.0,0.0,0.0,22471.91011,89.0,0.0,89,89,0,0.0,0.0,0,0,0,0.0,0.0,0,0,32,32,11235.95506,11235.95506,0,0,0.0,0.0,0.0,0,0,1,0.0,0,357,397,0,32,0.0,0,0,0.0,0,0,Normal Traffic
53,30671,1,61,61,61,61.0,0.0,77,77,77.0,0.0,4499.3642202732,65.2081771054,30671.0,0.0,30671,30671,0,0.0,0.0,0,0,0,0.0,0.0,0,0,20,20,32.6040885527,32.6040885527,61,77,66.3333333333,9.237604307,85.3333333333,0,0,0,99.5,61,-1,-1,0,20,0.0,0,0,0.0,0,0,Normal Traffic
80,127217,3,26,20,0,8.666666667,10.26320288,11595,0,2901.75,5795.50069,91442.18147,55.02409269,21202.83333,51524.92206,126377,13,750,375.0,448.3056993,692,58,127035,42345.0,72774.5328,126377,13,72,92,23.58175401,31.44233868,0,11595,1454.125,4097.537534,16800000.0,0,1,0,1661.857143,26,8192,229,2,20,0.0,0,0,0.0,0,0,DDoS
33950,3,2,0,0,0,0.0,0.0,0,0,0.0,0.0,0.0,666666.6667,3.0,0.0,3,3,3,3.0,0.0,3,3,0,0.0,0.0,0,0,64,0,666666.6667,0.0,0,0,0.0,0.0,0.0,0,0,1,0.0,0,340,-1,0,32,0.0,0,0,0.0,0,0,Normal Traffic
53,25040,1,46,46,46,46.0,0.0,174,174,174.0,0.0,8785.942492,79.87220447,25040.0,0.0,25040,25040,0,0.0,0.0,0,0,0,0.0,0.0,0,0,32,20,39.93610224,39.93610224,46,174,88.66666667,73.90083446,5461.333333,0,0,0,133.0,46,-1,-1,0,32,0.0,0,0,0.0,0,0,Normal Traffic
7849,117,1,6,6,6,6.0,0.0,6,6,6.0,0.0,102564.1026,17094.01709,117.0,0.0,117,117,0,0.0,0.0,0,0,0,0.0,0.0,0,0,20,20,8547.008547,8547.008547,6,6,6.0,0.0,0.0,0,0,1,9.0,6,110,255,0,20,0.0,0,0,0.0,0,0,Normal Traffic
80,105720140,15,5720,520,0,381.3333333,238.0236083,6,0,2.0,3.464101615,54.16186547,0.170260842,6218831.765,13200000.0,52400000,71,106000000,7551433.5,14200000.0,52400000,720,105000000,52400000.0,29600000.0,73300000,31400000,496,100,0.141884035,0.028376807,0,520,301.3684211,263.3966613,69377.80117,0,1,0,318.1111111,5720,29200,0,11,32,3772796.5,7545045,548,19600000.0,52400000,5207026,DoS
443,42495883,987,31609,1680,0,32.0253292806,180.5246365131,4290,0,1795.4342379958,824.2031718024,61456.494503244,57.0408196954,17538.5402393727,822202.10286453,40472147,0,42495883,43099.2728194726,1291299.84860888,40548700,0,1984730,1382.1239554318,6576.9002904043,100242,1,19752,28752,23.2257793067,33.8150403887,0,4290,1076.9682474227,1080.173860409,1166775.56871083,0,1,0,1077.4125412541,31609,8192,917,986,20,2023163.0,2023163,2023163,40472147.0,40472147,40472147,Normal Traffic
53,24431,2,68,34,34,34.0,0.0,69,69,69.0,0.0,8431.9102779256,163.7264131636,8143.6666666667,14099.182257611,24424,3,4,4.0,0.0,4,4,3,3.0,0.0,3,3,40,64,81.8632065818,81.8632065818,34,69,48.0,19.1702895127,367.5,0,0,0,60.0,68,-1,-1,1,20,0.0,0,0,0.0,0,0,Normal Traffic
80,41509,3,296,296,0,98.66666667,170.8956797,5792,0,2319.0,3170.403917,286467.9949,192.7292876,5929.857143,11441.59586,30193,2,11012,5506.0,7783.831447,11010,2,41451,10362.75,14180.74117,30193,93,104,168,72.27348286,120.4558048,0,5792,1321.222222,2536.523496,6433951.444,0,1,0,1486.375,296,29200,235,1,32,0.0,0,0,0.0,0,0,DoS
53,1713146,2,76,38,38,38.0,0.0,68,68,68.0,0.0,123.7489391,2.334885643,571048.6667,988974.4531,1713018,48,48,48.0,0.0,48,48,80,80.0,0.0,80,80,64,64,1.167442822,1.167442822,38,68,50.0,16.43167673,270.0,0,0,0,62.5,76,-1,-1,1,32,0.0,0,0,0.0,0,0,Normal Traffic
59316,3,2,0,0,0,0.0,0.0,0,0,0.0,0.0,0.0,666666.6667,3.0,0.0,3,3,3,3.0,0.0,3,3,0,0.0,0.0,0,0,40,0,666666.6667,0.0,0,0,0.0,0.0,0.0,0,0,1,0.0,0,68,-1,0,20,0.0,0,0,0.0,0,0,Normal Traffic
80,84678118,6,354,336,0,59.0,135.7335625,7240,0,1932.5,3126.682571,141.1108357,0.141713116,7698010.727,25500000.0,84500000,1,84500000,16900000.0,37800000.0,84500000,1,84700000,16900000.0,37800000.0,84500000,65,164,200,0.070856558,0.070856558,0,7240,919.6153846,2243.640923,5033924.59,1,0,0,996.25,354,0,235,3,20,14019.0,14019,14019,84500000.0,84500000,84500000,DoS
443,119751004,58,1906,687,0,32.8620689655,123.4349673617,2788,0,1069.462962963,669.9138134643,498.175363941,0.9352739957,1078837.87387387,3027479.94756196,10007727,3,119751004,2100894.80701754,3984346.39464199,10016040,3,114905626,2168030.67924528,4086813.89051293,10022750,48,1864,1736,0.4843383192,0.4509356765,0,2788,527.9380530973,700.6631588715,490928.862199747,0,1,0,532.6517857143,1906,29200,66,6,32,444433.363636364,4737818,14984,10001547.6363636,10007727,10000748,Normal Traffic
51911,112,1,0,0,0,0.0,0.0,0,0,0.0,0.0,0.0,26785.71429,56.0,77.78174593,111,1,0,0.0,0.0,0,0,1,1.0,0.0,1,1,32,40,8928.571429,17857.14286,0,0,0.0,0.0,0.0,0,0,1,0.0,0,972,0,0,32,0.0,0,0,0.0,0,0,Normal Traffic
80,1984318,2,6,6,0,3.0,4.2426406871,6,2,4.0,2.8284271247,7.0553207702,2.0158059343,661439.333333333,1100768.36378292,1932142,68,52176,52176.0,0.0,52176,52176,1932210,1932210.0,0.0,1932210,1932210,52,44,1.0079029672,1.0079029672,0,6,2.8,3.0331501776,9.2,0,1,0,3.5,6,8192,14600,1,20,0.0,0,0,0.0,0,0,Normal Traffic
443,115924334,20,2343,1708,0,117.15,391.9318248,649,0,51.0625,164.8649826,27.25916027,0.310547396,3312123.829,4682298.046,10000000,4,116000000,6101280.737,4886550.441,10000000,4,111000000,7373369.8,4588410.087,10100000,496,648,520,0.172526331,0.138021065,0,1708,85.40540541,306.0785538,93684.08108,0,1,0,87.77777778,2343,29200,383,4,32,47292.33333,164614,36299,9613068.5,10000000,5287345,Normal Traffic
53,195,2,72,36,36,36.0,0.0,164,164,164.0,0.0,2051282.05128205,20512.8205128205,65.0,107.3871500693,189,3,3,3.0,0.0,3,3,3,3.0,0.0,3,3,40,40,10256.4102564103,10256.4102564103,36,164,87.2,70.1084873607,4915.2,0,0,0,109.0,72,-1,-1,1,20,0.0,0,0,0.0,0,0,Normal Traffic
443,5401410,5,568,517,0,113.6,226.5861867,137,0,28.0,54.81970449,136.2607171,2.036505283,540141.0,1573626.533,5015367,3,233066,58266.5,66925.08554,116477,200,5285498,1057099.6,2213803.051,5015367,3,168,200,0.925684219,1.110821063,0,517,61.33333333,149.0816331,22225.33333,0,1,0,66.90909091,568,29200,237,2,32,386040.0,386040,386040,5015367.0,5015367,5015367,Normal Traffic
80,116316445,18,1730,820,0,96.1111111111,263.3570354188,432,0,66.4285714286,154.8859204436,22.8686493986,0.2751115717,3752143.38709677,4748327.90374,10005474,96,116316445,6842143.82352941,4662688.99530393,10153899,204,112520734,8655441.07692308,3646078.94584549,10154128,150258,372,292,0.1547502591,0.1203613126,0,820,80.6060606061,216.8360468467,47017.8712121212,0,1,0,83.125,1730,8192,512,17,20,234000.363636364,1086287,148425,9995096.27272727,10005474,9951882,Normal Traffic
5801,76,1,2,2,2,2.0,0.0,6,6,6.0,0.0,105263.1579,26315.78947,76.0,0.0,76,76,0,0.0,0.0,0,0,0,0.0,0.0,0,0,24,20,13157.89474,13157.89474,2,6,3.333333333,2.309401077,5.333333333,0,1,0,5.0,2,1024,0,0,24,0.0,0,0,0.0,0,0,Port Scanning
53,216,2,80,40,40,40.0,0.0,226,226,226.0,0.0,2462962.963,18518.51852,72.0,82.65591328,164,4,4,4.0,0.0,4,4,48,48.0,0.0,48,48,40,40,9259.259259,9259.259259,40,226,114.4,101.8763957,10378.8,0,0,0,143.0,80,-1,-1,1,20,0.0,0,0,0.0,0,0,Normal Traffic
443,2557308,32,1299,517,0,40.59375,123.0769125843,2920,0,1655.18,888.6292055171,32869.7208157954,32.0649683182,31571.7037037037,192291.830137908,1708679,1,848626,27375.0322580645,56861.9764274182,191803,48,2428176,49554.612244898,272254.171358143,1900265,1,652,1012,12.5131583681,19.5518099502,0,2920,1012.7469879518,1053.8391121175,1110576.87422862,0,1,0,1025.0975609756,1299,8192,1048,31,20,0.0,0,0,0.0,0,0,Normal Traffic
50293,73,1,6,6,6,6.0,0.0,6,6,6.0,0.0,164383.561643836,27397.2602739726,73.0,0.0,73,73,0,0.0,0.0,0,0,0,0.0,0.0,0,0,20,20,13698.6301369863,13698.6301369863,6,6,6.0,0.0,0.0,0,0,1,9.0,6,79,256,0,20,0.0,0,0,0.0,0,0,Normal Traffic
80,5016659,3,0,0,0,0.0,0.0,0,0,0.0,0.0,0.0,0.797343411,1672219.667,2895607.339,5015779,125,5016659,2508329.5,3546069.09,5015779,880,0,0.0,0.0,0,0,104,40,0.598007558,0.199335853,0,0,0.0,0.0,0.0,0,1,0,0.0,0,29200,28960,0,32,0.0,0,0,0.0,0,0,Web Attacks
443,11095264,8,1052,485,0,131.5,190.6365277545,1460,0,467.1428571429,612.5717450692,389.5355712131,1.351928174,792518.857142857,2844866.03953561,10675726,2,11095262,1585037.42857143,4008945.23765166,10675726,141,11007505,1834584.16666667,4349004.92631468,10711386,4,172,152,0.7210283595,0.6308998146,0,1460,270.125,447.5321776141,200285.05,0,1,0,288.1333333333,1052,8192,7300,7,20,419536.0,419536,419536,10675726.0,10675726,10675726,Normal Traffic
443,1018604,1,6,6,6,6.0,0.0,31,31,31.0,0.0,36.32422413,1.963471575,1018604.0,0.0,1018604,1018604,0,0.0,0.0,0,0,0,0.0,0.0,0,0,20,32,0.981735787,0.981735787,6,31,14.33333333,14.43375673,208.3333333,1,0,0,21.5,6,0,939,0,20,0.0,0,0,0.0,0,0,Normal Traffic
53,23865,2,66,33,33,33.0,0.0,107,107,107.0,0.0,11732.6629,167.6094699,7955.0,13732.58326,23812,4,4,4.0,0.0,4,4,49,49.0,0.0,49,49,64,64,83.80473497,83.80473497,33,107,62.6,40.53146926,1642.8,0,0,0,78.25,66,-1,-1,1,32,0.0,0,0,0.0,0,0,Normal Traffic
53,178,2,58,29,29,29.0,0.0,83,83,83.0,0.0,1258426.96629214,22471.9101123596,59.3333333333,97.572195493,172,3,3,3.0,0.0,3,3,3,3.0,0.0,3,3,64,64,11235.9550561798,11235.9550561798,29,83,50.6,29.5770181053,874.8,0,0,0,63.25,58,-1,-1,1,32,0.0,0,0,0.0,0,0,Normal Traffic
60684,63,1,6,6,6,6.0,0.0,6,6,6.0,0.0,380952.380952381,63492.0634920635,21.0,32.9241552663,59,1,0,0.0,0.0,0,0,4,2.0,1.4142135624,3,1,20,60,15873.0158730159,47619.0476190476,6,6,6.0,0.0,0.0,1,0,0,7.5,6,0,0,0,20,0.0,0,0,0.0,0,0,Normal Traffic
53,109363,1,42,42,42,42.0,0.0,133,133,133.0,0.0,1600.175562,18.28772071,109363.0,0.0,109363,109363,0,0.0,0.0,0,0,0,0.0,0.0,0,0,32,20,9.143860355,9.143860355,42,133,72.33333333,52.5388745,2760.333333,0,0,0,108.5,42,-1,-1,0,32,0.0,0,0,0.0,0,0,Normal Traffic
443,3933515,10,948,421,0,94.8,162.8085447,1413,0,539.375,667.878932,1337.989051,4.576059835,231383.2353,900247.6868,3724242,3,209273,23252.55556,24355.39567,68267,3,3909031,558433.0,1396683.376,3724292,4,328,264,2.542255464,2.033804371,0,1413,277.0,489.9216491,240023.2222,0,1,0,292.3888889,948,29200,14472,3,32,0.0,0,0,0.0,0,0,Normal Traffic
53,48073,4,140,35,35,35.0,0.0,119,119,119.0,0.0,7863.041624,124.8101845,9614.6,15972.79,36851,3,36902,12300.66667,21261.22424,36851,3,3,3.0,0.0,3,3,80,40,83.20678967,41.60339484,35,119,59.0,40.98780306,1680.0,0,0,0,68.83333333,140,-1,-1,3,20,0.0,0,0,0.0,0,0,Normal Traffic
443,786174,11,567,204,0,51.54545455,71.31951155,2860,0,526.625,993.5352374,6080.078965,24.16767789,43676.33333,89125.52956,379499,3,786174,78617.4,111591.0426,379499,3,577435,82490.71429,152056.0322,416779,3,232,172,13.99181352,10.17586438,0,2860,239.0,651.5620098,424533.0526,0,1,0,251.5789474,567,8192,351,10,20,0.0,0,0,0.0,0,0,Normal Traffic
80,154644,3,332,332,0,110.6666667,191.6802894,5792,0,1656.428571,1947.638216,77125.52702,64.66464913,17182.66667,46291.03479,140110,38,14014,7007.0,8505.080364,13021,993,154592,25765.33333,56291.69735,140110,47,104,232,19.39939474,45.26525439,0,5792,1084.272727,1707.166078,2914416.018,0,1,0,1192.7,332,29200,235,1,32,0.0,0,0,0.0,0,0,DoS
443,5310514,8,479,214,0,59.875,88.97260814,1460,0,631.5,712.3787115,1041.518768,3.012891031,354034.2667,1263593.471,4919829,4,5310514,758644.8571,1835815.739,4919829,4,215113,30730.42857,36862.92352,73748,48,172,168,1.506445515,1.506445515,0,1460,325.3529412,560.5403577,314205.4926,0,1,0,345.6875,479,8192,4782,7,20,0.0,0,0,0.0,0,0,Normal Traffic
53,67081,4,148,37,37,37.0,0.0,165,165,165.0,0.0,7125.713689,89.44410489,13416.2,21546.05258,49492,3,49498,16499.33333,28572.48747,49492,3,49,49.0,0.0,49,49,104,40,59.62940326,29.81470163,37,165,73.57142857,62.45760467,3900.952381,0,0,0,85.83333333,148,-1,-1,3,20,0.0,0,0,0.0,0,0,Normal Traffic
443,110943957,36,12492,1029,6,347.0,489.0875469,677,6,229.6666667,320.7993587,187.1215032,0.648976312,1562590.944,3552660.636,9801596,2138,111000000,3169827.343,4554838.031,9801596,3769,111000000,3163329.229,4717329.272,10000000,2138,720,720,0.324488156,0.324488156,6,1029,284.4657534,413.3297743,170841.5023,0,0,1,288.4166667,12492,63563,65535,35,20,264337.0,379028,239006,9799655.727,9801596,9790593,Normal Traffic
80,799984,2,0,0,0,0.0,0.0,0,0,0.0,0.0,0.0,2.500050001,799984.0,0.0,799984,799984,799984,799984.0,0.0,799984,799984,0,0.0,0.0,0,0,64,0,2.500050001,0.0,0,0,0.0,0.0,0.0,0,0,1,0.0,0,229,-1,0,32,0.0,0,0,0.0,0,0,DoS
80,6806895,4,24,6,6,6.0,0.0,0,0,0.0,0.0,3.52583667,0.587639445,2268965.0,3928235.066,6804900,3,6806895,2268965.0,3928235.066,6804900,3,0,0.0,0.0,0,0,80,0,0.587639445,0.0,6,6,6.0,0.0,0.0,0,0,1,7.5,24,256,-1,3,20,1995.0,1995,1995,6804900.0,6804900,6804900,DDoS
443,289667,10,532,198,0,53.2,76.80538176,1430,0,466.1111111,614.0676763,16318.73841,65.59255973,16092.61111,22855.98387,84624,1,289667,32185.22222,23513.44434,84624,49,223508,27938.5,46238.48977,121581,1,212,192,34.52239986,31.07015987,0,1430,236.35,455.1539098,207165.0816,0,1,0,248.7894737,532,8192,351,9,20,0.0,0,0,0.0,0,0,Normal Traffic
80,100152644,6,322,322,0,53.66666667,131.4559495,7240,0,2319.0,3331.638186,118.9883714,0.109832348,10000000.0,31600000.0,100000000,0,100000000,20000000.0,44700000.0,100000000,0,121225,30306.25,53438.24868,110102,83,200,168,0.059908553,0.049923794,0,7240,993.0833333,2326.862244,5414287.902,0,0,1,1083.363636,322,274,235,1,32,1.0,1,1,100000000.0,100000000,100000000,DoS
53,211,2,102,51,51,51.0,0.0,112,112,112.0,0.0,1545023.697,18957.34597,70.33333333,38.68246804,115,48,48,48.0,0.0,48,48,48,48.0,0.0,48,48,64,40,9478.672986,9478.672986,51,112,75.4,33.41107601,1116.3,0,0,0,94.25,102,-1,-1,1,32,0.0,0,0,0.0,0,0,Normal Traffic
50253,3,2,193,187,6,96.5,127.9863273948,0,0,0.0,0.0,64333333.3333333,666666.666666667,3.0,0.0,3,3,3,3.0,0.0,3,3,0,0.0,0.0,0,0,40,0,666666.666666667,0.0,6,187,66.3333333333,104.5003987233,10920.3333333333,0,0,1,99.5,193,8,-1,1,20,0.0,0,0,0.0,0,0,Normal Traffic
443,5761609,9,385,192,0,42.77777778,77.13588299,1418,0,651.5,656.3400795,745.277925,2.603439421,411543.5,1495494.177,5607156,9,5761609,720201.125,1974708.935,5607156,61,117744,23548.8,33488.26863,74836,49,296,200,1.562063653,1.041375768,0,1418,268.375,490.7335835,240819.45,0,1,0,286.2666667,385,29200,349,3,32,154392.0,154392,154392,5607156.0,5607156,5607156,Normal Traffic
57728,585,1,6,6,6,6.0,0.0,6,6,6.0,0.0,20512.8205128205,3418.8034188034,585.0,0.0,585,585,0,0.0,0.0,0,0,0,0.0,0.0,0,0,20,20,1709.4017094017,1709.4017094017,6,6,6.0,0.0,0.0,0,0,1,9.0,6,8190,65535,0,20,0.0,0,0,0.0,0,0,Normal Traffic
53,32255,4,164,41,41,41.0,0.0,76,76,76.0,0.0,14509.37839,248.0235622,4607.857143,11946.35614,31698,4,31822,10607.33333,18326.55473,31769,4,508,169.3333333,210.155498,412,48,104,80,124.0117811,124.0117811,41,76,56.55555556,18.44661968,340.2777778,0,0,0,63.625,164,-1,-1,3,20,0.0,0,0,0.0,0,0,Normal Traffic
53,30907,1,62,62,62,62.0,0.0,78,78,78.0,0.0,4529.718187,64.71025981,30907.0,0.0,30907,30907,0,0.0,0.0,0,0,0,0.0,0.0,0,0,20,20,32.35512991,32.35512991,62,78,67.33333333,9.237604307,85.33333333,0,0,0,101.0,62,-1,-1,0,20,0.0,0,0,0.0,0,0,Normal Traffic
443,297906,15,974,469,0,64.9333333333,134.2659762596,1581,0,738.7,750.4129307699,28065.8999818735,83.9190885716,12412.75,22116.7522426072,73157,1,297906,21279.0,26141.1432037698,73215,1,228685,25409.4444444444,37520.8528324954,80154,2,492,328,50.3514531429,33.5676354286,0,1581,321.5769230769,571.0263162466,326071.053846154,0,1,0,334.44,974,65535,357,6,32,0.0,0,0,0.0,0,0,Normal Traffic
443,1106696,9,3117,2793,0,346.3333333,920.3537363,1817,0,707.2727273,767.5709858,9846.425757,18.07181014,58247.15789,228354.7117,1000406,3,106287,13285.875,15673.51072,36278,194,1078880,107888.0,313855.3131,1000446,3,296,360,8.132314565,9.93949558,0,2793,518.9047619,824.4894726,679782.8905,0,1,0,544.85,3117,29200,167,3,32,0.0,0,0,0.0,0,0,Normal Traffic
53,70501,4,172,43,43,43.0,0.0,43,43,43.0,0.0,4879.363413,113.4735678,10071.57143,17025.7141,37354,2,69819,23273.0,40306.55434,69815,2,33145,11048.33333,19131.94455,33140,2,80,80,56.73678388,56.73678388,43,43,43.0,0.0,0.0,0,0,0,48.375,172,-1,-1,3,20,0.0,0,0,0.0,0,0,Normal Traffic
443,119901366,22,1388,1014,0,63.09090909,218.2824533,1418,0,233.7777778,472.002811,46.67169513,0.333607542,3074394.0,4506739.256,10000000,2,120000000,5709588.857,4815266.303,10100000,25,115000000,6767712.294,4659443.307,10100000,188,712,584,0.183484148,0.150123394,0,1418,136.4878049,356.9133734,127387.1561,0,1,0,139.9,1388,29200,370,4,32,446258.5455,4532306,36231,10000000.0,10000000,10000000,Normal Traffic
53,60976,2,74,37,37,37.0,0.0,77,77,77.0,0.0,3739.1760692732,65.5995801627,20325.3333333333,35160.3499176748,60925,3,48,48.0,0.0,48,48,3,3.0,0.0,3,3,40,40,32.7997900813,32.7997900813,37,77,53.0,21.9089023002,480.0,0,0,0,66.25,74,-1,-1,1,20,0.0,0,0,0.0,0,0,Normal Traffic
443,186619,13,930,453,0,71.5384615385,137.5915546007,1730,0,816.2,749.7357756792,48719.5837508507,123.2457573988,8482.6818181818,13660.1153951284,35639,1,186619,15551.5833333333,16597.1646015398,36804,1,144665,16073.8888888889,24184.4066003512,65250,48,428,328,69.6606454863,53.5851119125,0,1730,378.8333333333,610.4208574323,372613.623188406,0,1,0,395.3043478261,930,65535,122,6,32,0.0,0,0,0.0,0,0,Normal Traffic
80,99831837,6,313,313,0,52.16666667,127.7817149,4344,0,1932.5,1754.831473,119.2805858,0.120202136,9075621.545,30100000.0,99800000,2,99800000,20000000.0,44600000.0,99800000,2,32534,6506.8,11736.47697,27140,49,200,200,0.060101068,0.060101068,0,4344,916.0,1499.854048,2249562.167,0,0,1,992.3333333,313,251,235,1,32,57.0,57,57,99800000.0,99800000,99800000,DoS
53,48866,2,58,29,29,29.0,0.0,61,61,61.0,0.0,3683.54274956,81.8565055458,16288.6666666667,28167.7735246031,48814,4,4,4.0,0.0,4,4,48,48.0,0.0,48,48,80,40,40.9282527729,40.9282527729,29,61,41.8,17.5271218402,307.2,0,0,0,52.25,58,-1,-1,1,40,0.0,0,0,0.0,0,0,Normal Traffic
3404,54,1,0,0,0,0.0,0.0,6,6,6.0,0.0,111111.1111,37037.03704,54.0,0.0,54,54,0,0.0,0.0,0,0,0,0.0,0.0,0,0,40,20,18518.51852,18518.51852,0,6,2.0,3.464101615,12.0,0,1,0,3.0,0,29200,0,0,40,0.0,0,0,0.0,0,0,Port Scanning
53,148,2,68,34,34,34.0,0.0,79,79,79.0,0.0,1527027.027,27027.02703,49.33333333,80.25168742,142,3,3,3.0,0.0,3,3,3,3.0,0.0,3,3,64,64,13513.51351,13513.51351,34,79,52.0,24.64751509,607.5,0,0,0,65.0,68,-1,-1,1,32,0.0,0,0,0.0,0,0,Normal Traffic
80,118671412,18,896,448,0,49.7777777778,144.874613355,979,0,130.5333333333,344.4765939937,24.049600084,0.2780787676,3708481.625,4826059.08741245,10214309,20,118671412,6980671.29411765,4609710.08601861,10244086,9218,115073519,8219537.07142857,4022699.12463932,10244115,2984,584,488,0.1516793278,0.1263994398,0,979,83.9411764706,250.9812188043,62991.5721925134,0,1,0,86.4848484848,896,29200,122,2,32,268423.090909091,2655051,29537,10192808.0,10214309,10018415,Normal Traffic
56517,1,2,12,6,6,6.0,0.0,0,0,0.0,0.0,12000000.0,2000000.0,1.0,0.0,1,1,1,1.0,0.0,1,1,0,0.0,0.0,0,0,40,0,2000000.0,0.0,6,6,6.0,0.0,0.0,0,0,1,9.0,12,5740,-1,1,20,0.0,0,0,0.0,0,0,Normal Traffic
443,133016,10,835,597,0,83.5,185.9105221,1349,0,247.8333333,542.2760982,17456.54658,120.2862813,8867.733333,13401.78475,40878,3,133016,14779.55556,26766.16244,80537,3,107112,21422.4,14997.07469,40878,3,332,200,75.17892584,45.10735551,0,1349,136.5882353,344.82551,118904.6324,0,1,0,145.125,835,65535,976,5,32,0.0,0,0,0.0,0,0,Normal Traffic
443,22,2,31,31,0,15.5,21.92031022,0,0,0.0,0.0,1409090.909,90909.09091,22.0,0.0,22,22,22,22.0,0.0,22,22,0,0.0,0.0,0,0,64,0,90909.09091,0.0,0,31,20.66666667,17.89785834,320.3333333,0,0,1,31.0,31,388,-1,0,32,0.0,0,0,0.0,0,0,Normal Traffic
80,46039207,8,489,453,0,61.125,158.3553305522,2142,0,272.25,755.496005473,57.9288865684,0.3475298782,3069280.46666667,4645936.46438552,10224941,10,40975493,5853641.85714286,5463224.90093978,10240023,1212,46024088,6574869.71428571,4867116.37159957,10240219,7762,180,172,0.1737649391,0.1737649391,0,2142,156.8823529412,522.9364065487,273462.485294118,0,1,0,166.6875,489,29200,30,7,20,21290.25,39660,15052,10222583.0,10224941,10215812,Normal Traffic
443,98185,10,713,469,0,71.3,147.2873608517,341,0,95.8,149.5299301143,12140.3473035596,152.7728268065,7013.2142857143,12112.4615752574,29562,49,98185,10909.4444444444,14207.6753738174,30038,49,62342,15585.5,17416.9563835553,31504,425,332,168,101.8485512044,50.9242756022,0,469,74.5,139.6662688936,19506.6666666667,0,1,0,79.4666666667,713,65535,972,5,32,0.0,0,0,0.0,0,0,Normal Traffic
53,23645,1,78,78,78,78.0,0.0,94,94,94.0,0.0,7274.2651723409,84.5844787481,23645.0,0.0,23645,23645,0,0.0,0.0,0,0,0,0.0,0.0,0,0,32,32,42.2922393741,42.2922393741,78,94,83.3333333333,9.237604307,85.3333333333,0,0,0,125.0,78,-1,-1,0,32,0.0,0,0,0.0,0,0,Normal Traffic
443,21262955,51,1245,709,0,24.41176471,111.9721709,5792,0,2035.610169,1496.416317,5706.920793,5.173316691,195072.9817,1326035.387,10000000,0,21300000,425259.1,1953703.739,10000000,1,11500000,198230.9655,1329954.442,10100000,1,1640,1896,2.398537739,2.774778952,0,5792,1093.207207,1484.333215,2203245.093,0,1,0,1103.145455,1245,29200,5625,3,32,1479036.0,1479036,1479036,10000000.0,10000000,10000000,Normal Traffic
123,112061036,10,480,48,48,48.0,0.0,48,48,48.0,0.0,8.566759993,0.178474167,5897949.263,15400000.0,63900000,60742,112000000,12400000.0,21000000.0,64000000,1999786,112000000,12400000.0,21000000.0,64000000,1999718,236,236,0.089237083,0.089237083,48,48,48.0,0.0,0.0,0,0,0,50.4,480,-1,-1,9,20,4060797.0,8060784,60799,33300000.0,63900000,8939184,Normal Traffic
53,54998,1,46,46,46,46.0,0.0,111,111,111.0,0.0,2854.64926,36.36495873,54998.0,0.0,54998,54998,0,0.0,0.0,0,0,0,0.0,0.0,0,0,20,20,18.18247936,18.18247936,46,111,67.66666667,37.5277675,1408.333333,0,0,0,101.5,46,-1,-1,0,20,0.0,0,0,0.0,0,0,Normal Traffic
139,36224,49,2488,194,0,50.7755102041,65.9985054459,440,0,121.6923076923,132.0917163885,156029.151943463,2070.4505300353,489.5135135135,2839.2853685258,22487,0,36224,754.6666666667,3523.5775843463,22587,0,36037,1441.48,4836.6114525909,22564,1,1592,848,1352.6943462898,717.7561837456,0,440,74.3684210526,99.0836471009,9817.569122807,0,1,0,75.36,2488,65535,269,22,32,0.0,0,0,0.0,0,0,Normal Traffic
80,98351841,6,324,306,0,54.0,123.4892708,5792,0,1656.428571,2120.732252,121.1873604,0.132178512,8195986.75,28400000.0,98300000,33,98400000,19700000.0,44000000.0,98300000,999,98400000,16400000.0,40100000.0,98300000,43,164,232,0.061005467,0.071173045,0,5792,851.7857143,1667.046129,2779042.797,1,0,0,917.3076923,324,0,235,3,20,11002.0,11002,11002,98300000.0,98300000,98300000,DoS
443,960115,1,6,6,6,6.0,0.0,247,247,247.0,0.0,263.5101003526,2.0830837973,960115.0,0.0,960115,960115,0,0.0,0.0,0,0,0,0.0,0.0,0,0,20,20,1.0415418986,1.0415418986,6,247,86.3333333333,139.1414148747,19360.3333333333,1,0,0,129.5,6,0,60,0,20,0.0,0,0,0.0,0,0,Normal Traffic
53,190,2,66,33,33,33.0,0.0,83,83,83.0,0.0,1221052.632,21052.63158,63.33333333,104.5051833,184,2,2,2.0,0.0,2,2,4,4.0,0.0,4,4,40,40,10526.31579,10526.31579,33,83,53.0,27.38612788,750.0,0,0,0,66.25,66,-1,-1,1,20,0.0,0,0,0.0,0,0,Normal Traffic
53,277583,1,44,44,44,44.0,0.0,60,60,60.0,0.0,374.6627135,7.205052183,277583.0,0.0,277583,277583,0,0.0,0.0,0,0,0,0.0,0.0,0,0,20,20,3.602526091,3.602526091,44,60,49.33333333,9.237604307,85.33333333,0,0,0,74.0,44,-1,-1,0,20,0.0,0,0,0.0,0,0,Normal Traffic
53,28634,2,84,42,42,42.0,0.0,81,81,81.0,0.0,8591.1853041838,139.6940699867,9544.6666666667,16487.6956647475,28583,3,48,48.0,0.0,48,48,3,3.0,0.0,3,3,64,40,69.8470349934,69.8470349934,42,81,57.6,21.3611797427,456.3,0,0,0,72.0,84,-1,-1,1,32,0.0,0,0,0.0,0,0,Normal Traffic
443,4947355,3,92,46,0,30.66666667,26.55811238,46,6,35.0,17.4642492,53.96823151,1.617025663,706765.0,1800487.141,4789253,1,4912418,2456209.0,3299422.466,4789253,123165,4912179,1228044.75,2397797.463,4824203,1,72,100,0.606384624,1.01064104,0,46,34.77777778,18.73351127,350.9444444,0,0,1,39.125,92,16544,165,1,20,0.0,0,0,0.0,0,0,Normal Traffic
51658,114,1,0,0,0,0.0,0.0,0,0,0.0,0.0,0.0,17543.85965,114.0,0.0,114,114,0,0.0,0.0,0,0,0,0.0,0.0,0,0,20,20,8771.929825,8771.929825,0,0,0.0,0.0,0.0,0,0,1,0.0,0,8142,252,0,20,0.0,0,0,0.0,0,0,Normal Traffic
443,34946761,14,3146,1056,0,224.7142857,383.1877284,1867,0,363.0769231,606.0921907,225.0852375,0.77260379,1344106.192,3271666.168,10000000,3,25000000,1921905.923,3750213.307,10000000,32421,34900000,2909197.417,4419726.543,10000000,3,292,296,0.400609373,0.371994417,0,1867,280.9285714,491.7048896,241773.6984,0,1,0,291.3333333,3146,8192,71,13,20,1673064.333,4946377,36402,9975855.0,10000000,9925567,Normal Traffic
443,34007172,11,969,685,0,88.09090909,209.9416369,821,0,120.75,287.4572018,56.8997622,0.558705675,1889287.333,3818796.134,10000000,44,34000000,3400717.2,4719982.326,10100000,98,30500000,4354800.714,5375822.106,10100000,332,360,264,0.32346118,0.235244495,0,821,96.75,233.2797902,54419.46053,0,1,0,101.8421053,969,29200,124,3,32,156400.0,299682,84750,10000000.0,10000000,9959984,Normal Traffic
49681,246823,2,12,6,6,6.0,0.0,6,6,6.0,0.0,72.9267531794,12.1544588632,123411.5,174492.033286623,246796,27,246823,246823.0,0.0,246823,246823,0,0.0,0.0,0,0,40,20,8.1029725755,4.0514862877,6,6,6.0,0.0,0.0,0,0,1,8.0,12,75,258,1,20,0.0,0,0,0.0,0,0,Normal Traffic
8292,43,1,2,2,2,2.0,0.0,6,6,6.0,0.0,186046.5116,46511.62791,43.0,0.0,43,43,0,0.0,0.0,0,0,0,0.0,0.0,0,0,24,20,23255.81395,23255.81395,2,6,3.333333333,2.309401077,5.333333333,0,1,0,5.0,2,1024,0,0,24,0.0,0,0,0.0,0,0,Port Scanning
54457,220,2,43,37,6,21.5,21.9203102168,6,6,6.0,0.0,222727.272727273,13636.3636363636,110.0,63.6396103068,155,65,220,220.0,0.0,220,220,0,0.0,0.0,0,0,40,20,9090.9090909091,4545.4545454546,6,37,21.5,17.8978583449,320.3333333333,0,0,1,28.6666666667,43,294,0,1,20,0.0,0,0,0.0,0,0,Normal Traffic
53,215,2,78,39,39,39.0,0.0,127,127,127.0,0.0,1544186.047,18604.65116,71.66666667,82.37313478,163,3,3,3.0,0.0,3,3,49,49.0,0.0,49,49,40,40,9302.325581,9302.325581,39,127,74.2,48.19958506,2323.2,0,0,0,92.75,78,-1,-1,1,20,0.0,0,0,0.0,0,0,Normal Traffic
59973,63,1,0,0,0,0.0,0.0,0,0,0.0,0.0,0.0,31746.03175,63.0,0.0,63,63,0,0.0,0.0,0,0,0,0.0,0.0,0,0,20,20,15873.01587,15873.01587,0,0,0.0,0.0,0.0,0,0,1,0.0,0,60,32850,0,20,0.0,0,0,0.0,0,0,Normal Traffic
40577,3173796,1,6,6,6,6.0,0.0,6,6,6.0,0.0,11.34288404,1.890480674,634759.2,1401622.48,3141997,3,0,0.0,0.0,0,0,3149898,787474.5,1569686.067,3141997,3,20,100,0.315080112,1.575400561,6,6,6.0,0.0,0.0,0,0,1,7.0,6,229,0,0,20,0.0,0,0,0.0,0,0,Normal Traffic
443,28039444,3,37,37,0,12.33333333,21.36195996,0,0,0.0,0.0,1.319569675,0.106992136,14000000.0,19800000.0,28000000,33,28000000,14000000.0,19800000.0,28000000,33,0,0.0,0.0,0,0,96,0,0.106992136,0.0,0,37,9.25,18.5,342.25,0,0,1,12.33333333,37,65535,-1,1,32,0.0,0,0,28000000.0,28000000,28000000,Normal Traffic
53,88788,1,49,49,49,49.0,0.0,154,154,154.0,0.0,2286.345002,22.52556652,88788.0,0.0,88788,88788,0,0.0,0.0,0,0,0,0.0,0.0,0,0,20,20,11.26278326,11.26278326,49,154,84.0,60.62177826,3675.0,0,0,0,126.0,49,-1,-1,0,20,0.0,0,0,0.0,0,0,Normal Traffic
53,24919,2,58,29,29,29.0,0.0,128,128,128.0,0.0,12600.82668,160.5200851,8306.333333,14382.66131,24914,1,1,1.0,0.0,1,1,4,4.0,0.0,4,4,64,64,80.26004254,80.26004254,29,128,68.6,54.22453319,2940.3,0,0,0,85.75,58,-1,-1,1,32,0.0,0,0,0.0,0,0,Normal Traffic
123,94277,1,48,48,48,48.0,0.0,48,48,48.0,0.0,1018.2759315634,21.2140819076,94277.0,0.0,94277,94277,0,0.0,0.0,0,0,0,0.0,0.0,0,0,20,20,10.6070409538,10.6070409538,48,48,48.0,0.0,0.0,0,0,0,72.0,48,-1,-1,0,20,0.0,0,0,0.0,0,0,Normal Traffic
53,49182,2,82,41,41,41.0,0.0,95,95,95.0,0.0,5530.47863,81.33056809,16394.0,28351.08257,49131,3,48,48.0,0.0,48,48,3,3.0,0.0,3,3,64,40,40.66528405,40.66528405,41,95,62.6,29.57701811,874.8,0,0,0,78.25,82,-1,-1,1,32,0.0,0,0,0.0,0,0,Normal Traffic
53,189,2,88,44,44,44.0,0.0,60,60,60.0,0.0,1100529.1005291,21164.0211640212,63.0,25.1197133742,92,48,48,48.0,0.0,48,48,49,49.0,0.0,49,49,40,40,10582.0105820106,10582.0105820106,44,60,50.4,8.7635609201,76.8,0,0,0,63.0,88,-1,-1,1,20,0.0,0,0,0.0,0,0,Normal Traffic
443,152553,14,930,453,0,66.42857143,133.5691779,1730,0,952.9090909,748.5129865,74806.78846,163.8774721,6356.375,12335.25774,36111,1,152553,11734.84615,15726.03268,36414,1,120484,12048.4,18770.53599,47624,49,460,360,91.77138437,72.10608772,0,1730,438.9230769,659.570401,435033.1138,0,1,0,456.48,930,65535,122,6,32,0.0,0,0,0.0,0,0,Normal Traffic
80,85702069,10,656,325,0,65.6,136.7286039,5792,0,1932.5,2181.008184,142.9487076,0.186693276,5713471.267,22000000.0,85300000,0,85600000,9507287.778,28400000.0,85300000,0,357423,71484.6,102254.3927,221005,48,316,200,0.116683297,0.070009978,0,5792,720.6470588,1532.440045,2348372.493,0,0,1,765.6875,656,274,235,3,20,4.0,4,4,85300000.0,85300000,85300000,DoS
53,32040,2,62,31,31,31.0,0.0,114,114,114.0,0.0,9051.1860174782,124.8439450687,10680.0,18453.2836373367,31988,3,49,49.0,0.0,49,49,3,3.0,0.0,3,3,64,40,62.4219725343,62.4219725343,31,114,64.2,45.4609722729,2066.7,0,0,0,80.25,62,-1,-1,1,32,0.0,0,0,0.0,0,0,Normal Traffic
53,48368,2,82,41,41,41.0,0.0,102,102,102.0,0.0,5913.000331,82.69930533,16122.66667,27919.21565,48361,3,3,3.0,0.0,3,3,4,4.0,0.0,4,4,64,40,41.34965266,41.34965266,41,102,65.4,33.41107601,1116.3,0,0,0,81.75,82,-1,-1,1,32,0.0,0,0,0.0,0,0,Normal Traffic
53,48218,1,43,43,43,43.0,0.0,203,203,203.0,0.0,5101.8291924178,41.4782861172,48218.0,0.0,48218,48218,0,0.0,0.0,0,0,0,0.0,0.0,0,0,32,20,20.7391430586,20.7391430586,43,203,96.3333333333,92.3760430703,8533.3333333333,0,0,0,144.5,43,-1,-1,0,32,0.0,0,0,0.0,0,0,Normal Traffic
80,64091750,2,0,0,0,0.0,0.0,0,0,0.0,0.0,0.0,0.031205264,64100000.0,0.0,64100000,64100000,64100000,64100000.0,0.0,64100000,64100000,0,0.0,0.0,0,0,64,0,0.031205264,0.0,0,0,0.0,0.0,0.0,0,0,1,0.0,0,37460,-1,0,32,0.0,0,0,0.0,0,0,Normal Traffic
53219,297,1,0,0,0,0.0,0.0,0,0,0.0,0.0,0.0,6734.0067340067,297.0,0.0,297,297,0,0.0,0.0,0,0,0,0.0,0.0,0,0,32,32,3367.0033670034,3367.0033670034,0,0,0.0,0.0,0.0,0,0,1,0.0,0,349,32832,0,32,0.0,0,0,0.0,0,0,Normal Traffic
53,308,2,46,23,23,23.0,0.0,23,23,23.0,0.0,298701.2987,12987.01299,102.6666667,137.4130028,259,1,1,1.0,0.0,1,1,48,48.0,0.0,48,48,40,40,6493.506494,6493.506494,23,23,23.0,0.0,0.0,0,0,0,28.75,46,-1,-1,1,20,0.0,0,0,0.0,0,0,Normal Traffic
53,17061126,2,83,42,41,41.5,0.707106781,108,57,82.5,36.06244584,14.53596908,0.234451114,5687042.0,9439181.277,16600000,30569,16600000,16600000.0,0.0,16600000,16600000,17000000,17000000.0,0.0,17000000,17000000,52,52,0.117225557,0.117225557,41,108,57.8,28.87386361,833.7,0,0,0,72.25,83,-1,-1,1,20,30569.0,30569,30569,16600000.0,16600000,16600000,Normal Traffic
80,9405793,5,30,6,6,6.0,0.0,0,0,0.0,0.0,3.189523733,0.531587289,2351448.25,4700889.381,9402782,0,9405793,2351448.25,4700889.381,9402782,0,0,0.0,0.0,0,0,100,0,0.531587289,0.0,6,6,6.0,0.0,0.0,0,0,1,7.2,30,256,-1,4,20,3011.0,3011,3011,9402782.0,9402782,9402782,DDoS
53,221,2,64,32,32,32.0,0.0,48,48,48.0,0.0,723981.9005,18099.54751,73.66666667,86.15296474,170,4,47,47.0,0.0,47,47,4,4.0,0.0,4,4,64,64,9049.773756,9049.773756,32,48,38.4,8.76356092,76.8,0,0,0,48.0,64,-1,-1,1,32,0.0,0,0,0.0,0,0,Normal Traffic
53,62340,1,45,45,45,45.0,0.0,170,170,170.0,0.0,3448.829002,32.08213025,62340.0,0.0,62340,62340,0,0.0,0.0,0,0,0,0.0,0.0,0,0,20,32,16.04106513,16.04106513,45,170,86.66666667,72.16878365,5208.333333,0,0,0,130.0,45,-1,-1,0,20,0.0,0,0,0.0,0,0,Normal Traffic
80,7515001,5,30,6,6,6.0,0.0,0,0,0.0,0.0,3.992015437,0.665335906,1878750.25,3756151.199,7512977,1,7515001,1878750.25,3756151.199,7512977,1,0,0.0,0.0,0,0,100,0,0.665335906,0.0,6,6,6.0,0.0,0.0,0,0,1,7.2,30,256,-1,4,20,2024.0,2024,2024,7512977.0,7512977,7512977,DDoS
443,110360487,22,14127,3477,0,642.1363636,1284.28028,1448,0,184.1333333,409.0130032,178.0619181,0.471183133,2163931.118,4140510.708,10000000,1,101000000,4794118.095,5125726.174,10100000,4,110000000,3804525.862,4938700.975,10100000,1,712,956,0.19934671,0.271836423,0,3477,370.7735849,901.8239134,813286.3708,0,1,0,377.9038462,14127,29200,18507,7,32,51576.81818,272440,29290,9981194.727,10000000,9654572,Normal Traffic
443,5065107,9,752,517,0,83.55555556,173.3451118,1448,0,466.0,636.7533723,884.4827957,3.356296323,316569.1875,1231284.39,4933599,1,5065107,633138.375,1737810.756,4933599,48,65057,9293.857143,14643.9725,31344,48,296,264,1.776862759,1.579433564,0,1448,248.8888889,470.521099,221390.1046,0,1,0,263.5294118,752,29200,12579,3,32,0.0,0,0,0.0,0,0,Normal Traffic
80,1817263,3,26,20,0,8.666666667,10.26320288,4380,0,1657.285714,1561.969346,6398.083271,5.50278083,201918.1111,599955.7171,1801748,48,14937,7468.5,10355.57881,14791,146,1817211,302868.5,734321.9494,1801748,48,72,152,1.650834249,3.851946581,0,4380,1057.0,1468.855269,2157535.8,0,1,0,1162.7,26,8192,229,2,20,0.0,0,0,0.0,0,0,DDoS
5718,1,2,4,2,2,2.0,0.0,0,0,0.0,0.0,4000000.0,2000000.0,1.0,0.0,1,1,1,1.0,0.0,1,1,0,0.0,0.0,0,0,48,0,2000000.0,0.0,2,2,2.0,0.0,0.0,0,1,0,3.0,4,1024,-1,1,24,0.0,0,0,0.0,0,0,Normal Traffic
50344,44,1,6,6,6,6.0,0.0,6,6,6.0,0.0,272727.272727273,45454.5454545455,44.0,0.0,44,44,0,0.0,0.0,0,0,0,0.0,0.0,0,0,20,20,22727.2727272727,22727.2727272727,6,6,6.0,0.0,0.0,0,0,1,9.0,6,30,343,0,20,0.0,0,0,0.0,0,0,Normal Traffic
53,60788,1,54,54,54,54.0,0.0,154,154,154.0,0.0,3421.727973,32.90123051,60788.0,0.0,60788,60788,0,0.0,0.0,0,0,0,0.0,0.0,0,0,20,32,16.45061525,16.45061525,54,154,87.33333333,57.73502692,3333.333333,0,0,0,131.0,54,-1,-1,0,20,0.0,0,0,0.0,0,0,Normal Traffic
443,460788,11,1807,1333,0,164.2727273,396.9995191,1703,0,505.875,722.4647174,12704.3239,41.23371268,25599.33333,65518.64537,278491,2,460788,46078.8,105768.7377,344488,2,434954,62136.28571,99859.27252,278491,3,364,264,23.87214945,17.36156324,0,1703,292.7,555.3767901,308443.3789,0,1,0,308.1052632,1807,65535,1056,5,32,0.0,0,0,0.0,0,0,Normal Traffic
80,10999,2,12,6,6,6.0,0.0,0,0,0.0,0.0,1091.008273,272.7520684,5499.5,7686.957818,10935,64,10999,10999.0,0.0,10999,10999,0,0.0,0.0,0,0,40,32,181.8347122,90.91735612,0,6,4.5,3.0,9.0,1,0,0,6.0,12,0,235,1,20,0.0,0,0,0.0,0,0,DoS
53,29759,2,94,47,47,47.0,0.0,128,128,128.0,0.0,11761.14789,134.4131187,9919.666667,17175.30449,29752,3,3,3.0,0.0,3,3,4,4.0,0.0,4,4,64,64,67.20655936,67.20655936,47,128,79.4,44.36552716,1968.3,0,0,0,99.25,94,-1,-1,1,32,0.0,0,0,0.0,0,0,Normal Traffic
53,82838,2,74,37,37,37.0,0.0,53,53,53.0,0.0,2172.915812,48.28701804,27612.66667,47781.51381,82786,3,49,49.0,0.0,49,49,3,3.0,0.0,3,3,64,64,24.14350902,24.14350902,37,53,43.4,8.76356092,76.8,0,0,0,54.25,74,-1,-1,1,32,0.0,0,0,0.0,0,0,Normal Traffic
53,30430,1,51,51,51,51.0,0.0,112,112,112.0,0.0,5356.55603,65.72461387,30430.0,0.0,30430,30430,0,0.0,0.0,0,0,0,0.0,0.0,0,0,32,20,32.86230693,32.86230693,51,112,71.33333333,35.21836642,1240.333333,0,0,0,107.0,51,-1,-1,0,32,0.0,0,0,0.0,0,0,Normal Traffic
59866,50,3,31,31,0,10.33333333,17.89785834,0,0,0.0,0.0,620000.0,60000.0,25.0,32.52691193,48,2,50,25.0,32.52691193,48,2,0,0.0,0.0,0,0,60,0,60000.0,0.0,0,31,7.75,15.5,240.25,0,0,1,10.33333333,31,76,-1,1,20,0.0,0,0,0.0,0,0,Normal Traffic
53,201,2,62,31,31,31.0,0.0,47,47,47.0,0.0,776119.403,19900.49751,67.0,100.637965,183,3,3,3.0,0.0,3,3,15,15.0,0.0,15,15,40,40,9950.248756,9950.248756,31,47,37.4,8.76356092,76.8,0,0,0,46.75,62,-1,-1,1,20,0.0,0,0,0.0,0,0,Normal Traffic
443,60998251,15,958,674,0,63.8666666667,179.2806525561,821,0,83.0833333333,236.1033896539,32.0500992725,0.4426356421,2346086.57692308,4283883.82625363,10029501,26,60998251,4357017.92857143,5147382.58037686,10112022,172,60915231,5537748.27272727,5246891.4206286,10112234,313,488,392,0.2459086901,0.1967269521,0,821,69.8214285714,199.1362930947,39655.2632275132,0,1,0,72.4074074074,958,29200,115,3,32,117290.333333333,290477,82521,10015131.5,10029501,9960006,Normal Traffic
443,60394790,9,2298,1061,0,255.3333333,401.6176664,1460,0,603.0,653.5941656,107.9397743,0.264923514,4026319.333,15500000.0,60000000,49,60400000,7549348.75,21200000.0,60000000,198,345957,57659.5,52219.29484,139050,49,192,152,0.149019477,0.115904037,0,1460,383.4705882,529.4844329,280353.7647,0,1,0,407.4375,2298,8192,513,8,20,0.0,0,0,0.0,0,0,Normal Traffic
80,81584106,9,62,20,0,6.888888889,5.30199124,10135,0,2321.4,4413.201989,143.0303103,0.171602052,6275700.462,20300000.0,73400000,2,81400000,10200000.0,25700000.0,73400000,2,140178,35044.5,69334.92516,139045,5,192,112,0.110315605,0.061286447,0,10135,778.3333333,2615.387752,6840253.095,0,0,1,833.9285714,62,256,229,7,20,1015.0,1015,1015,40700000.0,73400000,8067783,DDoS
80,85552154,7,353,347,0,50.42857143,130.794823,5792,0,2319.0,3170.403917,139.6575006,0.140265317,7777468.545,25700000.0,85300000,1,85400000,14200000.0,34800000.0,85300000,1,205515,51378.75,91023.97289,187328,47,220,168,0.081821435,0.058443882,0,5792,919.0769231,2164.754854,4686163.577,0,0,1,995.6666667,353,251,235,2,20,5.0,5,5,85300000.0,85300000,85300000,DoS
56603,212,2,12,6,6,6.0,0.0,0,0,0.0,0.0,56603.7735849057,9433.962264151,212.0,0.0,212,212,212,212.0,0.0,212,212,0,0.0,0.0,0,0,40,0,9433.962264151,0.0,6,6,6.0,0.0,0.0,0,0,1,9.0,12,40905,-1,1,20,0.0,0,0,0.0,0,0,Normal Traffic
53,24430,2,70,35,35,35.0,0.0,79,79,79.0,0.0,9332.7875562833,163.7331150225,8143.3333333333,14101.2030101454,24426,1,1,1.0,0.0,1,1,3,3.0,0.0,3,3,64,64,81.8665575113,81.8665575113,35,79,52.6,24.0997925302,580.8,0,0,0,65.75,70,-1,-1,1,32,0.0,0,0,0.0,0,0,Normal Traffic
53,48643,2,60,30,30,30.0,0.0,126,126,126.0,0.0,6414.078079,82.23177024,16214.33333,28077.98697,48636,3,4,4.0,0.0,4,4,3,3.0,0.0,3,3,64,64,41.11588512,41.11588512,30,126,68.4,52.58136552,2764.8,0,0,0,85.5,60,-1,-1,1,32,0.0,0,0,0.0,0,0,Normal Traffic
53,30839,2,70,35,35,35.0,0.0,163,163,163.0,0.0,12840.8832971238,129.7058918901,10279.6666666667,17799.7087991162,30833,3,3,3.0,0.0,3,3,3,3.0,0.0,3,3,40,40,64.8529459451,64.8529459451,35,163,86.2,70.1084873607,4915.2,0,0,0,107.75,70,-1,-1,1,20,0.0,0,0,0.0,0,0,Normal Traffic
53,121314,4,196,49,49,49.0,0.0,164,164,164.0,0.0,4319.36957,49.45843019,24262.8,39351.78691,90497,4,30802,10267.33333,17772.28484,30789,4,15,15.0,0.0,15,15,80,40,32.97228679,16.4861434,49,164,81.85714286,56.11425419,3148.809524,0,0,0,95.5,196,-1,-1,3,20,0.0,0,0,0.0,0,0,Normal Traffic
80,64988,3,340,340,0,113.3333333,196.2990915,357,0,89.25,178.5,10725.05693,107.712193,10831.33333,16648.46276,32429,1,32330,16165.0,22749.03936,32251,79,32769,10923.0,18721.21521,32540,1,104,136,46.16236844,61.54982458,0,357,87.125,161.3881191,26046.125,0,1,0,99.57142857,340,29200,59,1,32,0.0,0,0,0.0,0,0,Normal Traffic
443,182,2,12,6,6,6.0,0.0,0,0,0.0,0.0,65934.06593,10989.01099,182.0,0.0,182,182,182,182.0,0.0,182,182,0,0.0,0.0,0,0,40,0,10989.01099,0.0,6,6,6.0,0.0,0.0,0,0,1,9.0,12,253,-1,1,20,0.0,0,0,0.0,0,0,Normal Traffic
53,30993,2,68,34,34,34.0,0.0,62,62,62.0,0.0,6194.947246,129.061401,10331.0,17887.75472,30986,3,3,3.0,0.0,3,3,4,4.0,0.0,4,4,64,64,64.53070048,64.53070048,34,62,45.2,15.33623161,235.2,0,0,0,56.5,68,-1,-1,1,32,0.0,0,0,0.0,0,0,Normal Traffic
80,53028,5,30,6,6,6.0,0.0,0,0,0.0,0.0,565.7388549,94.28980916,13257.0,23214.52955,47984,2,53028,13257.0,23214.52955,47984,2,0,0.0,0.0,0,0,100,0,94.28980916,0.0,6,6,6.0,0.0,0.0,0,0,1,7.2,30,256,-1,4,20,0.0,0,0,0.0,0,0,DDoS
4626,4,2,12,6,6,6.0,0.0,0,0,0.0,0.0,3000000.0,500000.0,4.0,0.0,4,4,4,4.0,0.0,4,4,0,0.0,0.0,0,0,40,0,500000.0,0.0,6,6,6.0,0.0,0.0,0,0,1,9.0,12,5965,-1,1,20,0.0,0,0,0.0,0,0,Normal Traffic
53,111075,2,76,38,38,38.0,0.0,97,97,97.0,0.0,2430.790007,36.0117038,37025.0,64123.98501,111069,2,2,2.0,0.0,2,2,4,4.0,0.0,4,4,40,40,18.0058519,18.0058519,38,97,61.6,32.31563089,1044.3,0,0,0,77.0,76,-1,-1,1,20,0.0,0,0,0.0,0,0,Normal Traffic
53,164712,2,98,49,49,49.0,0.0,152,152,152.0,0.0,2440.6236339793,24.2848122784,54904.0,95053.2188145146,164662,3,47,47.0,0.0,47,47,3,3.0,0.0,3,3,64,64,12.1424061392,12.1424061392,49,152,90.2,56.415423423,3182.7,0,0,0,112.75,98,-1,-1,1,32,0.0,0,0,0.0,0,0,Normal Traffic
59698,48,2,0,0,0,0.0,0.0,0,0,0.0,0.0,0.0,41666.6666666667,48.0,0.0,48,48,48,48.0,0.0,48,48,0,0.0,0.0,0,0,64,0,41666.6666666667,0.0,0,0,0.0,0.0,0.0,0,0,1,0.0,0,227,-1,0,32,0.0,0,0,0.0,0,0,Normal Traffic
443,130140,5,2831,2257,0,566.2,969.6729861,182,0,60.33333333,78.8483777,24535.11603,84.52435838,13014.0,17935.91043,38995,1,91126,22781.5,24109.07432,48284,1497,91747,18349.4,25299.7701,50173,1,112,128,38.4201629,46.10419548,0,2257,266.0833333,644.3669844,415208.8106,0,1,0,290.2727273,2831,8192,43,4,20,0.0,0,0,0.0,0,0,Normal Traffic
80,81791,3,427,421,0,142.3333333,241.3510583,2267,0,569.75,1131.503535,33084.32468,85.58398846,13631.83333,15887.30183,32833,5,47997,23998.5,12308.60774,32702,15295,49170,16390.0,27560.16457,48209,5,72,92,36.6788522,48.90513626,0,2267,338.25,792.9450981,628761.9286,0,1,0,386.5714286,427,8192,237,2,20,0.0,0,0,0.0,0,0,Normal Traffic
53,193,2,60,30,30,30.0,0.0,158,158,158.0,0.0,1948186.528,20725.3886,64.33333333,105.3676105,186,3,3,3.0,0.0,3,3,4,4.0,0.0,4,4,40,40,10362.6943,10362.6943,30,158,81.2,70.10848736,4915.2,0,0,0,101.5,60,-1,-1,1,20,0.0,0,0,0.0,0,0,Normal Traffic
443,94805,1,0,0,0,0.0,0.0,0,0,0.0,0.0,0.0,21.09593376,94805.0,0.0,94805,94805,0,0.0,0.0,0,0,0,0.0,0.0,0,0,32,32,10.54796688,10.54796688,0,0,0.0,0.0,0.0,0,0,1,0.0,0,304,252,0,32,0.0,0,0,0.0,0,0,Normal Traffic
53,47239,1,55,55,55,55.0,0.0,119,119,119.0,0.0,3683.397193,42.33789877,47239.0,0.0,47239,47239,0,0.0,0.0,0,0,0,0.0,0.0,0,0,32,32,21.16894939,21.16894939,55,119,76.33333333,36.95041723,1365.333333,0,0,0,114.5,55,-1,-1,0,32,0.0,0,0,0.0,0,0,Normal Traffic
53,228,2,78,39,39,39.0,0.0,181,181,181.0,0.0,1929824.561,17543.85965,76.0,129.0387539,225,1,1,1.0,0.0,1,1,2,2.0,0.0,2,2,40,40,8771.929825,8771.929825,39,181,95.8,77.77660317,6049.2,0,0,0,119.75,78,-1,-1,1,20,0.0,0,0,0.0,0,0,Normal Traffic
20221,113,2,4,2,2,2.0,0.0,6,6,6.0,0.0,141592.9204,35398.23009,37.66666667,18.7705443,49,16,48,48.0,0.0,48,48,49,49.0,0.0,49,49,48,40,17699.11504,17699.11504,2,6,3.6,2.19089023,4.8,0,1,0,4.5,4,1024,0,1,24,0.0,0,0,0.0,0,0,Normal Traffic
53,198,2,66,33,33,33.0,0.0,83,83,83.0,0.0,1171717.172,20202.0202,66.0,68.78953409,142,8,8,8.0,0.0,8,8,48,48.0,0.0,48,48,80,80,10101.0101,10101.0101,33,83,53.0,27.38612788,750.0,0,0,0,66.25,66,-1,-1,1,40,0.0,0,0,0.0,0,0,Normal Traffic
443,5681741,9,1141,788,0,126.7777777778,257.6711944406,1505,2,486.625,638.8514107365,885.9960353701,2.9920406439,355108.8125,1238891.97277079,4995888,38,5681741,710217.625,1733749.88043744,4996124,31981,5630343,804334.714285714,1850512.39092093,4995926,213,192,164,1.5840215173,1.4080191265,0,1505,279.6666666667,486.241044073,236430.352941176,0,1,0,296.1176470588,1141,8192,31520,8,20,0.0,0,0,0.0,0,0,Normal Traffic
50529,5097,2,0,0,0,0.0,0.0,0,0,0.0,0.0,0.0,392.387679,5097.0,0.0,5097,5097,5097,5097.0,0.0,5097,5097,0,0.0,0.0,0,0,52,0,392.387679,0.0,0,0,0.0,0.0,0.0,0,0,1,0.0,0,57,-1,0,20,0.0,0,0,0.0,0,0,Normal Traffic
53,156,2,68,34,34,34.0,0.0,50,50,50.0,0.0,1076923.077,25641.02564,52.0,84.00595217,149,3,4,4.0,0.0,4,4,3,3.0,0.0,3,3,40,40,12820.51282,12820.51282,34,50,40.4,8.76356092,76.8,0,0,0,50.5,68,-1,-1,1,20,0.0,0,0,0.0,0,0,Normal Traffic
80,100799862,7,368,368,0,52.57142857,139.0909261,4344,0,1932.5,1754.831473,118.680718,0.128968431,8399988.5,29000000.0,101000000,1,101000000,16800000.0,41100000.0,101000000,1,193528,38705.6,80952.57968,183316,16,232,200,0.06944454,0.059523891,0,4344,854.5,1460.177689,2132118.885,0,0,1,920.2307692,368,274,235,1,32,1005.0,1005,1005,101000000.0,101000000,101000000,DoS
53,151,2,66,33,33,33.0,0.0,49,49,49.0,0.0,1086092.715,26490.06623,50.33333333,80.25168742,143,4,4,4.0,0.0,4,4,4,4.0,0.0,4,4,64,64,13245.03311,13245.03311,33,49,39.4,8.76356092,76.8,0,0,0,49.25,66,-1,-1,1,32,0.0,0,0,0.0,0,0,Normal Traffic
53,874917,4,180,45,45,45.0,0.0,100,100,100.0,0.0,434.3269132958,6.8577933678,174983.4,303904.766749882,701836,1,173078,57692.6666666667,99923.1657941908,173074,1,3,3.0,0.0,3,3,128,64,4.5718622452,2.2859311226,45,100,60.7142857143,26.8372520061,720.2380952381,0,0,0,70.8333333333,180,-1,-1,3,32,0.0,0,0,0.0,0,0,Normal Traffic
12345,44,1,2,2,2,2.0,0.0,6,6,6.0,0.0,181818.1818,45454.54545,44.0,0.0,44,44,0,0.0,0.0,0,0,0,0.0,0.0,0,0,24,20,22727.27273,22727.27273,2,6,3.333333333,2.309401077,5.333333333,0,1,0,5.0,2,1024,0,0,24,0.0,0,0,0.0,0,0,Port Scanning
720,4,2,4,2,2,2.0,0.0,0,0,0.0,0.0,1000000.0,500000.0,4.0,0.0,4,4,4,4.0,0.0,4,4,0,0.0,0.0,0,0,48,0,500000.0,0.0,2,2,2.0,0.0,0.0,0,1,0,3.0,4,1024,-1,1,24,0.0,0,0,0.0,0,0,Normal Traffic
53,72616,1,41,41,41,41.0,0.0,103,103,103.0,0.0,1983.034042,27.54213947,72616.0,0.0,72616,72616,0,0.0,0.0,0,0,0,0.0,0.0,0,0,20,32,13.77106974,13.77106974,41,103,61.66666667,35.79571669,1281.333333,0,0,0,92.5,41,-1,-1,0,20,0.0,0,0,0.0,0,0,Normal Traffic
80,115984585,16,263,263,0,16.4375,65.75,618,0,44.14285714,165.1674475,7.595836981,0.258655062,3999468.448,4974576.559,10200000,39,116000000,7732305.667,4347792.275,10200000,22146,113000000,8665345.769,3815064.827,10200000,22486,520,456,0.137949366,0.120705696,0,618,28.41935484,119.1715218,14201.85161,0,1,0,29.36666667,263,29200,118,1,32,34923.27273,161504,22024,10200000.0,10200000,10100000,Normal Traffic
80,101082644,7,724,353,0,103.4285714,170.5108571,7240,0,1656.428571,2566.885263,121.8705755,0.138500532,7775588.0,27900000.0,101000000,3,101000000,16800000.0,41100000.0,101000000,3,101000000,16800000.0,41100000.0,101000000,71,196,232,0.069250266,0.069250266,0,7240,821.6666667,1868.192582,3490143.524,1,0,0,880.3571429,724,0,235,4,20,11990.0,11990,11990,101000000.0,101000000,101000000,DoS
42208,3,2,0,0,0,0.0,0.0,0,0,0.0,0.0,0.0,666666.6667,3.0,0.0,3,3,3,3.0,0.0,3,3,0,0.0,0.0,0,0,64,0,666666.6667,0.0,0,0,0.0,0.0,0.0,0,0,1,0.0,0,494,-1,0,32,0.0,0,0,0.0,0,0,Normal Traffic
443,61128734,14,853,534,0,60.9285714286,148.4040556598,1448,0,376.8461538462,604.7548878339,94.0965013278,0.4416908094,2351105.15384615,4332653.35650583,10189176,8,61128734,4702210.30769231,5249868.80146997,10240009,228,61077899,5089824.91666667,5288310.14576201,10240038,48,456,424,0.2290248641,0.2126659453,0,1448,205.4285714286,446.8642538575,199687.661375661,0,1,0,213.037037037,853,29200,123,3,32,80731.0,230317,50672,10107350.5,10189176,9987113,Normal Traffic
53,77694,4,204,51,51,51.0,0.0,110,110,110.0,0.0,5457.306871,77.22604062,15538.8,21830.3883,45775,3,31916,10638.66667,18420.64902,31909,3,3,3.0,0.0,3,3,104,40,51.48402708,25.74201354,51,110,67.85714286,28.78905215,828.8095238,0,0,0,79.16666667,204,-1,-1,3,20,0.0,0,0,0.0,0,0,Normal Traffic
443,10148170,7,1391,1053,0,198.7142857,384.2779872,1448,0,645.4444444,700.6035097,709.4875234,1.576638941,676544.6667,2579473.216,10000000,3,147523,24587.16667,17704.19584,44487,354,10100000,1264985.5,3529840.917,10000000,3,152,192,0.689779537,0.886859404,0,1448,423.5294118,601.5171566,361822.8897,0,1,0,450.0,1391,8192,21,6,20,147523.0,147523,147523,10000000.0,10000000,10000000,Normal Traffic
53,107767,2,70,35,35,35.0,0.0,132,132,132.0,0.0,3099.279000065,37.1171137732,35922.3333333333,62214.9763508219,107762,1,1,1.0,0.0,1,1,4,4.0,0.0,4,4,64,40,18.5585568866,18.5585568866,35,132,73.8,53.129088078,2822.7,0,0,0,92.25,70,-1,-1,1,32,0.0,0,0,0.0,0,0,Normal Traffic
53,171,2,84,42,42,42.0,0.0,96,96,96.0,0.0,1614035.0877193,23391.8128654971,57.0,58.6429876456,120,4,4,4.0,0.0,4,4,47,47.0,0.0,47,47,40,40,11695.9064327485,11695.9064327485,42,96,63.6,29.5770181053,874.8,0,0,0,79.5,84,-1,-1,1,20,0.0,0,0,0.0,0,0,Normal Traffic
80,180860,2,12,6,6,6.0,0.0,0,0,0.0,0.0,66.34966272,11.05827712,180860.0,0.0,180860,180860,180860,180860.0,0.0,180860,180860,0,0.0,0.0,0,0,40,0,11.05827712,0.0,6,6,6.0,0.0,0.0,0,0,1,9.0,12,31510,-1,1,20,0.0,0,0,0.0,0,0,Normal Traffic
53,31192,2,68,34,34,34.0,0.0,116,116,116.0,0.0,9617.850731,128.2380097,10397.33333,17963.691,31140,3,49,49.0,0.0,49,49,3,3.0,0.0,3,3,40,64,64.11900487,64.11900487,34,116,66.8,44.91324972,2017.2,0,0,0,83.5,68,-1,-1,1,20,0.0,0,0,0.0,0,0,Normal Traffic
25131,5718677,1,1375,1375,1375,1375.0,0.0,6,0,4.8,2.683281573,244.6370026,1.049193721,1143735.4,2545254.019,5696817,1001,0,0.0,0.0,0,0,5709853,1427463.25,2846239.755,5696817,1001,20,112,0.17486562,0.874328101,0,1375,396.2857143,668.5927296,447016.2381,0,0,1,462.3333333,1375,229,0,0,20,21860.0,21860,21860,5696817.0,5696817,5696817,Normal Traffic
443,6797379,6,314,232,0,52.33333333,90.502302,145,0,36.25,72.5,67.52602731,1.471155279,755264.3333,1812467.455,5526283,3,6797379,1359475.8,2406395.951,5614278,3,1220380,406793.3333,498847.4505,963374,3,132,92,0.882693167,0.588462112,0,232,41.72727273,76.97933607,5925.818182,0,1,0,45.9,314,8192,110,3,20,1271093.0,1271093,1271093,5526283.0,5526283,5526283,Normal Traffic
53,24332,2,72,36,36,36.0,0.0,164,164,164.0,0.0,16439.25695,164.3925695,8110.666667,14043.7567,24327,1,4,4.0,0.0,4,4,1,1.0,0.0,1,1,64,64,82.19628473,82.19628473,36,164,87.2,70.10848736,4915.2,0,0,0,109.0,72,-1,-1,1,32,0.0,0,0,0.0,0,0,Normal Traffic
53,64249,2,100,50,50,50.0,0.0,106,106,106.0,0.0,4856.10671,62.25777833,21416.33333,37090.71336,64245,1,1,1.0,0.0,1,1,3,3.0,0.0,3,3,64,64,31.12888917,31.12888917,50,106,72.4,30.67246322,940.8,0,0,0,90.5,100,-1,-1,1,32,0.0,0,0,0.0,0,0,Normal Traffic
53,31338,1,57,57,57,57.0,0.0,119,119,119.0,0.0,5616.1848235369,63.8202820856,31338.0,0.0,31338,31338,0,0.0,0.0,0,0,0,0.0,0.0,0,0,20,20,31.9101410428,31.9101410428,57,119,77.6666666667,35.7957166898,1281.3333333333,0,0,0,116.5,57,-1,-1,0,20,0.0,0,0,0.0,0,0,Normal Traffic
53,30924,2,66,33,33,33.0,0.0,126,126,126.0,0.0,10283.2751261156,129.3493726555,10308.0,17847.9175535971,30917,3,4,4.0,0.0,4,4,3,3.0,0.0,3,3,64,40,64.6746863278,64.6746863278,33,126,70.2,50.938197848,2594.7,0,0,0,87.75,66,-1,-1,1,32,0.0,0,0,0.0,0,0,Normal Traffic
80,66857,3,430,430,0,143.3333333,248.2606158,1448,0,453.2,659.3323896,40324.87249,119.6583753,9551.0,16099.0096,33561,1,33047,16523.5,22920.86631,32731,316,34190,8547.5,16929.21303,33941,1,104,168,44.87189075,74.78648459,0,1448,299.5555556,517.5816629,267890.7778,0,1,0,337.0,430,29200,235,1,32,0.0,0,0,0.0,0,0,Normal Traffic
53,70975,1,49,49,49,49.0,0.0,170,170,170.0,0.0,3085.593519,28.17893625,70975.0,0.0,70975,70975,0,0.0,0.0,0,0,0,0.0,0.0,0,0,20,20,14.08946812,14.08946812,49,170,89.33333333,69.85938257,4880.333333,0,0,0,134.0,49,-1,-1,0,20,0.0,0,0,0.0,0,0,Normal Traffic
39395,50,2,12,6,6,6.0,0.0,6,6,6.0,0.0,360000.0,60000.0,25.0,29.69848481,46,4,46,46.0,0.0,46,46,0,0.0,0.0,0,0,40,20,40000.0,20000.0,6,6,6.0,0.0,0.0,1,0,0,8.0,12,0,0,1,20,0.0,0,0,0.0,0,0,Normal Traffic
37232,55,1,0,0,0,0.0,0.0,0,0,0.0,0.0,0.0,36363.63636,55.0,0.0,55,55,0,0.0,0.0,0,0,0,0.0,0.0,0,0,32,32,18181.81818,18181.81818,0,0,0.0,0.0,0.0,0,0,1,0.0,0,905,229,0,32,0.0,0,0,0.0,0,0,Normal Traffic
80,100021423,5,247,231,0,49.4,101.5962598,0,0,0.0,0.0,2.469470965,0.089980723,12500000.0,35400000.0,100000000,28,100000000,25000000.0,50000000.0,100000000,330,100000000,33300000.0,57700000.0,100000000,855,168,136,0.049989291,0.039991433,0,231,24.7,72.5626932,5265.344444,0,1,0,27.44444444,247,29200,235,3,32,21692.0,21692,21692,100000000.0,100000000,100000000,DoS
53,103033062,2,93,50,43,46.5,4.949747468,100,99,99.5,0.707106781,2.834041756,0.03882249,34300000.0,59400000.0,103000000,47436,103000000,103000000.0,0.0,103000000,103000000,103000000,103000000.0,0.0,103000000,103000000,40,40,0.019411245,0.019411245,43,100,67.0,29.80771712,888.5,0,0,0,83.75,93,-1,-1,1,20,47436.0,47436,47436,103000000.0,103000000,103000000,Normal Traffic
443,9912,2,12,6,6,6.0,0.0,0,0,0.0,0.0,1210.653753,201.7756255,9912.0,0.0,9912,9912,9912,9912.0,0.0,9912,9912,0,0.0,0.0,0,0,40,0,201.7756255,0.0,6,6,6.0,0.0,0.0,0,0,1,9.0,12,255,-1,1,20,0.0,0,0,0.0,0,0,Normal Traffic
52230,3,2,280,274,6,140.0,189.5046174,0,0,0.0,0.0,93300000.0,666666.6667,3.0,0.0,3,3,3,3.0,0.0,3,3,0,0.0,0.0,0,0,40,0,666666.6667,0.0,6,274,184.6666667,154.7298721,23941.33333,0,0,1,277.0,280,60,-1,1,20,0.0,0,0,0.0,0,0,Normal Traffic
80,99558729,6,313,313,0,52.16666667,127.7817149,4344,0,1932.5,1977.812908,119.6077945,0.120531872,9050793.545,30000000.0,99400000,4,99400000,19900000.0,44400000.0,99400000,4,185495,37099.0,76779.57012,174188,47,200,200,0.060265936,0.060265936,0,4344,916.0,1611.321869,2596358.167,0,0,1,992.3333333,313,274,235,1,32,1000.0,1000,1000,99400000.0,99400000,99400000,DoS
80,566571,3,26,20,0,8.666666667,10.26320288,5840,0,2321.4,3173.373883,20532.28986,14.12003085,80938.71429,213729.2777,565631,21,576,288.0,364.8670991,546,30,566550,141637.5,282662.4232,565631,143,72,112,5.29501157,8.825019283,0,5840,1292.555556,2554.159212,6523729.278,0,1,0,1454.125,26,8192,229,2,20,0.0,0,0,0.0,0,0,DDoS
51697,9962879,1,1375,1375,1375,1375.0,0.0,6,0,5.0,2.449489743,141.0234933,0.702608152,1660479.833,4053567.311,9934770,4,0,0.0,0.0,0,0,9939783,1987956.6,4442403.875,9934770,4,20,132,0.100372593,0.602235559,0,1375,347.5,634.1901472,402197.1429,0,0,1,397.1428571,1375,229,0,0,20,28109.0,28109,28109,9934770.0,9934770,9934770,Normal Traffic
43830,14,3,76,45,0,25.3333333333,23.0289672659,0,0,0.0,0.0,5428571.42857143,214285.714285714,7.0,5.6568542495,11,3,14,7.0,5.6568542495,11,3,0,0.0,0.0,0,0,96,0,214285.714285714,0.0,0,45,30.25,21.2190951739,450.25,0,0,1,40.3333333333,76,145,-1,1,32,0.0,0,0,0.0,0,0,Normal Traffic
53,353,2,68,34,34,34.0,0.0,211,211,211.0,0.0,1388101.983,11331.44476,117.6666667,120.6662063,257,48,48,48.0,0.0,48,48,48,48.0,0.0,48,48,80,80,5665.72238,5665.72238,34,211,104.8,96.94689268,9398.7,0,0,0,131.0,68,-1,-1,1,40,0.0,0,0,0.0,0,0,Normal Traffic
53,198,2,130,65,65,65.0,0.0,193,193,193.0,0.0,2606060.606,20202.0202,66.0,64.89992296,138,12,12,12.0,0.0,12,12,48,48.0,0.0,48,48,40,40,10101.0101,10101.0101,65,193,116.2,70.10848736,4915.2,0,0,0,145.25,130,-1,-1,1,20,0.0,0,0,0.0,0,0,Normal Traffic
53,24470,2,58,29,29,29.0,0.0,45,45,45.0,0.0,6048.2223130364,163.4654679199,8156.6666666667,14084.4802649346,24420,1,49,49.0,0.0,49,49,1,1.0,0.0,1,1,40,40,81.73273396,81.73273396,29,45,35.4,8.7635609201,76.8,0,0,0,44.25,58,-1,-1,1,20,0.0,0,0,0.0,0,0,Normal Traffic
53,253,2,130,65,65,65.0,0.0,193,193,193.0,0.0,2039525.692,15810.27668,84.33333333,105.533565,203,1,1,1.0,0.0,1,1,49,49.0,0.0,49,49,40,40,7905.13834,7905.13834,65,193,116.2,70.10848736,4915.2,0,0,0,145.25,130,-1,-1,1,20,0.0,0,0,0.0,0,0,Normal Traffic
443,5526168,5,135,46,6,27.0,20.1246117975,46,46,46.0,0.0,32.7532568681,1.0857433216,1105233.6,2315000.60920668,5243920,15,5526168,1381542.0,2577758.51670102,5243920,15,0,0.0,0.0,0,0,100,20,0.9047861013,0.1809572203,6,46,32.4285714286,18.8667003197,355.9523809524,0,0,1,37.8333333333,135,63331,18420,4,20,264861.0,264861,264861,5243920.0,5243920,5243920,Normal Traffic
443,561304,4,24,6,6,6.0,0.0,31,31,31.0,0.0,153.2146573,10.6893947,112260.8,153678.8499,280765,3,561304,187101.3333,162031.975,280796,3,280820,280820.0,0.0,280820,280820,80,64,7.12626313,3.563131565,6,31,13.14285714,12.19875091,148.8095238,1,0,0,15.33333333,24,0,1186,3,20,0.0,0,0,0.0,0,0,Normal Traffic
135,83,1,0,0,0,0.0,0.0,6,6,6.0,0.0,72289.15663,24096.38554,83.0,0.0,83,83,0,0.0,0.0,0,0,0,0.0,0.0,0,0,40,20,12048.19277,12048.19277,0,6,2.0,3.464101615,12.0,0,1,0,3.0,0,29200,0,0,40,0.0,0,0,0.0,0,0,Port Scanning
53,13152877,4,142,36,35,35.5,0.577350269,222,164,193.0,33.48631561,69.49050006,0.608231948,1878982.429,4970822.393,13200000,3,13200000,4383985.667,7593278.986,13200000,4,13200000,4384225.333,7593694.967,13200000,3,80,80,0.304115974,0.304115974,35,222,105.5555556,85.45482887,7302.527778,0,0,0,118.75,142,-1,-1,3,20,205.0,205,205,13200000.0,13200000,13200000,Normal Traffic
80,5352931,6,36,6,6,6.0,0.0,0,0,0.0,0.0,6.725287511,1.120881252,1070586.2,2393359.073,5351957,0,5352931,1070586.2,2393359.073,5351957,0,0,0.0,0.0,0,0,120,0,1.120881252,0.0,6,6,6.0,0.0,0.0,0,0,1,7.0,36,256,-1,5,20,974.0,974,974,5351957.0,5351957,5351957,DDoS
443,5638594,8,390,209,0,48.75,77.1357800987,1513,0,647.4,773.2617926679,643.2454615459,2.3055392887,469882.833333333,1578707.34986011,5482433,4,5638594,805513.428571429,2062637.18679436,5482433,4,54003,13500.75,14674.9235631172,28513,212,172,112,1.4187934084,0.8867458803,0,1513,259.0714285714,526.8468562022,277567.60989011,0,1,0,279.0,390,8192,946,7,20,156157.0,156157,156157,5482433.0,5482433,5482433,Normal Traffic
443,672558,15,796,200,0,53.06666667,76.33990406,2805,0,876.6666667,850.4856316,20735.75811,44.60581838,23191.65517,55129.06394,256977,2,672558,48039.85714,72613.04095,256977,3,556851,39775.07143,85596.45345,281952,2,312,312,22.30290919,22.30290919,0,2805,449.8709677,718.9032731,516821.9161,0,1,0,464.8666667,796,8192,292,7,20,0.0,0,0,0.0,0,0,Normal Traffic
80,710536,3,26,20,0,8.666666667,10.26320288,5840,0,1934.5,2538.919278,16372.14722,12.66649403,88817.0,250900.1284,709763,2,551,275.5,344.3610024,519,32,710527,142105.4,317330.3635,709763,2,72,132,4.222164676,8.444329351,0,5840,1163.3,2138.329153,4572451.567,0,1,0,1292.555556,26,8192,229,2,20,0.0,0,0,0.0,0,0,DDoS
123,26475,1,48,48,48,48.0,0.0,48,48,48.0,0.0,3626.062323,75.54296506,26475.0,0.0,26475,26475,0,0.0,0.0,0,0,0,0.0,0.0,0,0,20,20,37.77148253,37.77148253,48,48,48.0,0.0,0.0,0,0,0,72.0,48,-1,-1,0,20,0.0,0,0,0.0,0,0,Normal Traffic
53,61822,2,52,26,26,26.0,0.0,154,154,154.0,0.0,5823.1697453981,64.70188606,20607.3333333333,35650.521515587,61773,0,0,0.0,0.0,0,0,49,49.0,0.0,49,49,64,64,32.35094303,32.35094303,26,154,77.2,70.1084873607,4915.2,0,0,0,96.5,52,-1,-1,1,32,0.0,0,0,0.0,0,0,Normal Traffic
443,19,2,12,6,6,6.0,0.0,0,0,0.0,0.0,631578.9474,105263.1579,19.0,0.0,19,19,19,19.0,0.0,19,19,0,0.0,0.0,0,0,40,0,105263.1579,0.0,6,6,6.0,0.0,0.0,0,0,1,9.0,12,254,-1,1,20,0.0,0,0,0.0,0,0,Normal Traffic
1073,5,1,2,2,2,2.0,0.0,6,6,6.0,0.0,1600000.0,400000.0,5.0,0.0,5,5,0,0.0,0.0,0,0,0,0.0,0.0,0,0,24,20,200000.0,200000.0,2,6,3.333333333,2.309401077,5.333333333,0,1,0,5.0,2,1024,0,0,24,0.0,0,0,0.0,0,0,Port Scanning
80,81020683,8,56,20,0,7.0,5.656854249,5840,0,1934.5,2538.919278,143.9508971,0.172795384,6232360.231,19500000.0,70600000,47,80700000,11500000.0,26300000.0,70600000,177,292833,58566.6,130254.5414,291572,47,172,132,0.098740219,0.074055164,0,5840,777.9333333,1804.898987,3257660.352,0,0,1,833.5,56,256,229,6,20,936.0,936,936,40400000.0,70600000,10100000,DDoS
53,30779,2,58,29,29,29.0,0.0,61,61,61.0,0.0,5848.1432145294,129.9587381007,10259.6666666667,17726.1109195823,30728,3,3,3.0,0.0,3,3,48,48.0,0.0,48,48,64,40,64.9793690503,64.9793690503,29,61,41.8,17.5271218402,307.2,0,0,0,52.25,58,-1,-1,1,32,0.0,0,0,0.0,0,0,Normal Traffic
53,1125537,2,115,64,51,57.5,9.192388155,130,109,119.5,14.8492424,314.5165374,3.55385918,375179.0,494925.469,945652,60419,1006071,1006071.0,0.0,1006071,1006071,1065118,1065118.0,0.0,1065118,1065118,64,52,1.77692959,1.77692959,51,130,83.6,34.01911228,1157.3,0,0,0,104.5,115,-1,-1,1,20,0.0,0,0,0.0,0,0,Normal Traffic
53,31177,2,68,34,34,34.0,0.0,79,79,79.0,0.0,7248.933509,128.2997081,10392.33333,17956.76155,31127,3,3,3.0,0.0,3,3,47,47.0,0.0,47,47,64,40,64.14985406,64.14985406,34,79,52.0,24.64751509,607.5,0,0,0,65.0,68,-1,-1,1,32,0.0,0,0,0.0,0,0,Normal Traffic
52271,3,2,0,0,0,0.0,0.0,0,0,0.0,0.0,0.0,666666.6667,3.0,0.0,3,3,3,3.0,0.0,3,3,0,0.0,0.0,0,0,64,0,666666.6667,0.0,0,0,0.0,0.0,0.0,0,0,1,0.0,0,4171,-1,0,32,0.0,0,0,0.0,0,0,Normal Traffic
53,31127,2,66,33,33,33.0,0.0,123,123,123.0,0.0,10023.4523082854,128.5057988242,10375.6666666667,17926.162007896,31075,4,48,48.0,0.0,48,48,4,4.0,0.0,4,4,64,64,64.2528994121,64.2528994121,33,123,69.0,49.2950301755,2430.0,0,0,0,86.25,66,-1,-1,1,32,0.0,0,0,0.0,0,0,Normal Traffic
1594,90,1,2,2,2,2.0,0.0,6,6,6.0,0.0,88888.88889,22222.22222,90.0,0.0,90,90,0,0.0,0.0,0,0,0,0.0,0.0,0,0,24,20,11111.11111,11111.11111,2,6,3.333333333,2.309401077,5.333333333,0,1,0,5.0,2,1024,0,0,24,0.0,0,0,0.0,0,0,Port Scanning
53,147,2,70,35,35,35.0,0.0,71,71,71.0,0.0,1442176.871,27210.88435,49.0,83.13843876,145,1,1,1.0,0.0,1,1,1,1.0,0.0,1,1,64,64,13605.44218,13605.44218,35,71,49.4,19.71801207,388.8,0,0,0,61.75,70,-1,-1,1,32,0.0,0,0,0.0,0,0,Normal Traffic
80,69180701,6,395,377,0,65.83333333,152.4682481,5792,0,1932.5,2365.476337,173.3142311,0.17345878,6289154.636,20800000.0,69000000,6,69000000,13800000.0,30800000.0,69000000,6,69200000,13800000.0,30800000.0,69000000,191,164,200,0.08672939,0.08672939,0,5792,922.7692308,1813.317914,3288121.859,1,0,0,999.6666667,395,0,235,3,20,10006.0,10006,10006,69000000.0,69000000,69000000,DoS
53,160,2,58,29,29,29.0,0.0,83,83,83.0,0.0,1400000.0,25000.0,53.33333333,85.44783984,152,4,4,4.0,0.0,4,4,4,4.0,0.0,4,4,40,40,12500.0,12500.0,29,83,50.6,29.57701811,874.8,0,0,0,63.25,58,-1,-1,1,20,0.0,0,0,0.0,0,0,Normal Traffic
443,116140349,24,1810,453,0,75.41666667,156.2584027,1368,0,206.375,418.6241245,58.23126982,0.413293058,2471071.255,4252529.569,10000000,2,116000000,5049580.391,5006998.359,10100000,2,112000000,4877983.478,5121706.421,10100000,48,776,776,0.206646529,0.206646529,0,1368,138.0204082,316.8034676,100364.4371,0,1,0,140.8958333,1810,29200,5897,6,32,182979.1818,1093180,91769,10000000.0,10000000,9997090,Normal Traffic
4177,45,1,0,0,0,0.0,0.0,0,0,0.0,0.0,0.0,66666.66667,22.5,31.81980515,45,0,0,0.0,0.0,0,0,0,0.0,0.0,0,0,20,40,22222.22222,44444.44444,0,0,0.0,0.0,0.0,0,0,1,0.0,0,245,250,0,20,0.0,0,0,0.0,0,0,Normal Traffic
53,30782,1,49,49,49,49.0,0.0,101,101,101.0,0.0,4872.9777142486,64.97303619,30782.0,0.0,30782,30782,0,0.0,0.0,0,0,0,0.0,0.0,0,0,32,32,32.486518095,32.486518095,49,101,66.3333333333,30.0222139979,901.3333333333,0,0,0,99.5,49,-1,-1,0,32,0.0,0,0,0.0,0,0,Normal Traffic
443,115329624,34,1247,374,0,36.6764705882,90.9204516074,4380,0,1189.4761904762,1055.5393775071,443.9882679233,0.6589807316,1537728.32,3579088.1057549,10012590,4,115329624,3494837.09090909,4766509.35866195,10034676,160,110438647,2693625.53658537,4497587.31133775,10036078,4,692,984,0.2948071694,0.3641735622,0,4380,665.0,969.0727798425,939102.052631579,0,1,0,673.75,1247,8192,127,33,20,32759.0,130904,21841,10007109.8181818,10012590,10000037,Normal Traffic
53,192,2,72,36,36,36.0,0.0,68,68,68.0,0.0,1083333.333,20833.33333,64.0,26.85144316,95,48,48,48.0,0.0,48,48,49,49.0,0.0,49,49,64,64,10416.66667,10416.66667,36,68,48.8,17.52712184,307.2,0,0,0,61.0,72,-1,-1,1,32,0.0,0,0,0.0,0,0,Normal Traffic
80,79234,3,26,20,0,8.666666667,10.26320288,5840,0,2321.4,3173.373883,146818.2851,100.9667567,11319.14286,29382.81515,77948,3,1166,583.0,685.8935778,1068,98,79188,19797.0,38770.60743,77948,3,72,112,37.86253376,63.10422293,0,5840,1292.555556,2554.159212,6523729.278,0,1,0,1454.125,26,8192,229,2,20,0.0,0,0,0.0,0,0,DDoS
51571,55,1,6,6,6,6.0,0.0,6,6,6.0,0.0,218181.818181818,36363.6363636364,55.0,0.0,55,55,0,0.0,0.0,0,0,0,0.0,0.0,0,0,20,20,18181.8181818182,18181.8181818182,6,6,6.0,0.0,0.0,0,0,1,9.0,6,119,253,0,20,0.0,0,0,0.0,0,0,Normal Traffic
53,230,2,94,47,47,47.0,0.0,110,110,110.0,0.0,1365217.391,17391.30435,76.66666667,130.1934458,227,1,1,1.0,0.0,1,1,2,2.0,0.0,2,2,64,64,8695.652174,8695.652174,47,110,72.2,34.50652112,1190.7,0,0,0,90.25,94,-1,-1,1,32,0.0,0,0,0.0,0,0,Normal Traffic
53854,329985,4,1,1,0,0.25,0.5,0,0,0.0,0.0,3.030440778,15.15220389,82496.25,98938.47067,210558,41,329985,109995.0,100770.9127,210599,9058,0,0.0,0.0,0,0,80,32,12.12176311,3.030440778,0,1,0.166666667,0.40824829,0.166666667,0,0,1,0.2,1,31,503,1,20,0.0,0,0,0.0,0,0,Normal Traffic
443,87,2,12,6,6,6.0,0.0,0,0,0.0,0.0,137931.034482759,22988.5057471264,87.0,0.0,87,87,87,87.0,0.0,87,87,0,0.0,0.0,0,0,40,0,22988.5057471264,0.0,6,6,6.0,0.0,0.0,0,0,1,9.0,12,253,-1,1,20,0.0,0,0,0.0,0,0,Normal Traffic
80,1030947,3,26,20,0,8.666666667,10.26320288,8760,0,2321.4,3802.315321,11283.80023,7.759855744,147278.1429,387937.895,1027036,40,2724,1362.0,1856.862407,2675,49,1030856,257714.0,512882.4928,1027036,40,72,112,2.909945904,4.84990984,0,8760,1292.555556,2952.520834,8717379.278,0,1,0,1454.125,26,8192,229,2,20,0.0,0,0,0.0,0,0,DDoS
443,121128,6,187,187,0,31.16666667,76.34243032,1418,0,592.5,710.1180653,21109.90027,82.55729476,13458.66667,16710.63312,36439,3,121128,24225.6,23396.75857,53619,3,54367,18122.33333,18630.41154,37230,9,224,136,49.53437686,33.02291791,0,1418,232.4545455,485.5523378,235761.0727,0,1,0,255.7,187,29200,340,1,32,0.0,0,0,0.0,0,0,Normal Traffic
443,4744037,5,135,46,6,27.0,20.1246118,46,6,26.0,28.28427125,39.41790505,1.475536553,790672.8333,1901357.805,4671589,18,4744037,1186009.25,2323843.946,4671589,18,4724487,4724487.0,0.0,4724487,4724487,100,40,1.05395468,0.421581872,6,46,29.125,19.80935926,392.4107143,0,0,1,33.28571429,135,1127,33,4,20,0.0,0,0,0.0,0,0,Normal Traffic
48103,14,1,0,0,0,0.0,0.0,0,0,0.0,0.0,0.0,142857.1429,14.0,0.0,14,14,0,0.0,0.0,0,0,0,0.0,0.0,0,0,32,32,71428.57143,71428.57143,0,0,0.0,0.0,0.0,0,0,1,0.0,0,362,245,0,32,0.0,0,0,0.0,0,0,Normal Traffic
80,115175262,16,432,432,0,27.0,108.0,1770,0,126.4285714,473.0523982,19.11868887,0.2604726,3971560.759,4965373.722,10200000,63,115000000,7678350.8,4404041.278,10200000,4845,112000000,8653050.385,3830595.289,10200000,1606,520,456,0.13891872,0.12155388,0,1770,71.03225806,324.7106901,105437.0323,0,1,0,73.4,432,29200,939,1,32,43012.36364,84697,38701,10200000.0,10200000,10000000,Normal Traffic
80,1882455,3,26,20,0,8.666666667,10.26320288,10135,0,2321.4,4413.201989,6179.696195,4.249769583,268922.1429,711025.3403,1881376,5,799,399.5,269.4076836,590,209,1882409,470602.25,940515.9,1881376,5,72,112,1.593663594,2.656105989,0,10135,1292.555556,3350.634907,11200000.0,0,1,0,1454.125,26,8192,229,2,20,0.0,0,0,0.0,0,0,DDoS
53,378,2,64,32,32,32.0,0.0,102,102,102.0,0.0,708994.709,10582.01058,126.0,212.1768131,371,3,4,4.0,0.0,4,4,3,3.0,0.0,3,3,64,64,5291.005291,5291.005291,32,102,60.0,38.34057903,1470.0,0,0,0,75.0,64,-1,-1,1,32,0.0,0,0,0.0,0,0,Normal Traffic
443,451,4,89,46,6,22.25,19.73786547,0,0,0.0,0.0,197339.2461,8869.179601,150.3333333,96.03298045,240,49,451,150.3333333,96.03298045,240,49,0,0.0,0.0,0,0,80,0,8869.179601,0.0,6,46,19.0,18.57417562,345.0,0,0,1,23.75,89,254,-1,3,20,0.0,0,0,0.0,0,0,Normal Traffic
53,164,2,66,33,33,33.0,0.0,97,97,97.0,0.0,1585365.854,24390.2439,54.66666667,55.30220008,113,3,3,3.0,0.0,3,3,48,48.0,0.0,48,48,64,64,12195.12195,12195.12195,33,97,58.6,35.05424368,1228.8,0,0,0,73.25,66,-1,-1,1,32,0.0,0,0,0.0,0,0,Normal Traffic
51823,15,1,0,0,0,0.0,0.0,0,0,0.0,0.0,0.0,133333.3333,15.0,0.0,15,15,0,0.0,0.0,0,0,0,0.0,0.0,0,0,32,32,66666.66667,66666.66667,0,0,0.0,0.0,0.0,0,0,1,0.0,0,175,65535,0,32,0.0,0,0,0.0,0,0,Normal Traffic
80,5939841,5,30,6,6,6.0,0.0,0,0,0.0,0.0,5.050640244,0.841773374,1484960.25,2968579.984,5937830,1,5939841,1484960.25,2968579.984,5937830,1,0,0.0,0.0,0,0,100,0,0.841773374,0.0,6,6,6.0,0.0,0.0,0,0,1,7.2,30,256,-1,4,20,2011.0,2011,2011,5937830.0,5937830,5937830,DDoS
53,47377,2,68,34,34,34.0,0.0,107,107,107.0,0.0,5952.255314,84.42915339,15792.33333,27349.65962,47373,1,1,1.0,0.0,1,1,3,3.0,0.0,3,3,40,64,42.21457669,42.21457669,34,107,63.2,39.9837467,1598.7,0,0,0,79.0,68,-1,-1,1,20,0.0,0,0,0.0,0,0,Normal Traffic
53,5316798,2,87,44,43,43.5,0.707106781,201,112,156.5,62.93250353,75.23325129,0.752332513,1772266.0,2967239.931,5198518,48617,5247135,5247135.0,0.0,5247135,5247135,5268181,5268181.0,0.0,5268181,5268181,40,52,0.376166256,0.376166256,43,201,88.8,69.35200069,4809.7,0,0,0,111.0,87,-1,-1,1,20,48617.0,48617,48617,5198518.0,5198518,5198518,Normal Traffic
53,148,2,80,40,40,40.0,0.0,56,56,56.0,0.0,1297297.297,27027.02703,49.33333333,47.01418226,97,3,3,3.0,0.0,3,3,48,48.0,0.0,48,48,64,52,13513.51351,13513.51351,40,56,46.4,8.76356092,76.8,0,0,0,58.0,80,-1,-1,1,32,0.0,0,0,0.0,0,0,Normal Traffic
80,5295219,4,0,0,0,0.0,0.0,0,0,0.0,0.0,0.0,1.133097611,1059043.8,1641703.358,3878462,54,5295219,1765073.0,1876477.364,3878462,294425,1122334,1122334.0,0.0,1122334,1122334,136,80,0.755398408,0.377699204,0,0,0.0,0.0,0.0,0,1,0,0.0,0,29200,11584,0,32,0.0,0,0,0.0,0,0,Normal Traffic
53,158,2,90,45,45,45.0,0.0,86,86,86.0,0.0,1658227.84810127,25316.4556962025,52.6666666667,85.1606325325,151,3,4,4.0,0.0,4,4,3,3.0,0.0,3,3,64,64,12658.2278481013,12658.2278481013,45,86,61.4,22.4566248577,504.3,0,0,0,76.75,90,-1,-1,1,32,0.0,0,0,0.0,0,0,Normal Traffic
53,60691,2,68,34,34,34.0,0.0,165,165,165.0,0.0,6557.8092303637,65.9076304559,20230.3333333333,35036.5011000433,60687,1,1,1.0,0.0,1,1,3,3.0,0.0,3,3,64,64,32.953815228,32.953815228,34,165,86.4,71.7516550332,5148.3,0,0,0,108.0,68,-1,-1,1,32,0.0,0,0,0.0,0,0,Normal Traffic
443,61660484,16,772,441,0,48.25,119.084004,2920,0,405.2142857,824.3540295,104.523993,0.486535266,2126223.586,4086263.102,10000000,6,61700000,4110698.933,5001863.44,10100000,1659,61600000,4739183.0,5123522.746,10100000,6,332,364,0.259485475,0.227049791,0,2920,207.9032258,578.5926232,334769.4237,0,1,0,214.8333333,772,8192,114,9,20,264229.3333,1332033,50558,9982084.167,10000000,9894523,Normal Traffic
53,249,2,74,37,37,37.0,0.0,357,357,357.0,0.0,3164658.635,16064.25703,83.0,137.698947,242,3,4,4.0,0.0,4,4,3,3.0,0.0,3,3,64,64,8032.128514,8032.128514,37,357,165.0,175.2712184,30720.0,0,0,0,206.25,74,-1,-1,1,32,0.0,0,0,0.0,0,0,Normal Traffic
80,61101735,9,486,444,0,54.0,146.2634609,587,0,66.55555556,195.1839588,17.7572699,0.294590653,3594219.706,4877950.016,10100000,187,51200000,6399848.0,5065799.906,10100000,50640,61100000,7631410.25,4483597.252,10100000,1186,192,252,0.147295326,0.147295326,0,587,57.10526316,163.3111872,26670.54386,0,1,0,60.27777778,486,8192,110,8,20,212434.2,860445,50308,10000000.0,10100000,10000000,Normal Traffic
443,107334,8,554,201,0,69.25,81.68362312,1460,0,711.4,729.8882106,38301.00434,121.1172601,8944.5,14100.33538,38227,1,107334,15333.42857,17535.12571,42535,1,42695,10673.75,18567.91405,38388,48,172,112,74.53369855,46.58356159,0,1460,293.6428571,521.7795891,272253.9396,0,1,0,316.2307692,554,8192,119,7,20,0.0,0,0,0.0,0,0,Normal Traffic
51260,80,1,0,0,0,0.0,0.0,6,6,6.0,0.0,225000.0,50000.0,26.6666666667,42.7356213636,76,1,0,0.0,0.0,0,0,4,2.0,1.4142135624,3,1,32,60,12500.0,37500.0,0,6,3.6,3.286335345,10.8,0,0,1,4.5,0,972,0,0,32,0.0,0,0,0.0,0,0,Normal Traffic
53,244,2,64,32,32,32.0,0.0,167,167,167.0,0.0,1631147.541,16393.44262,81.33333333,139.1414149,242,1,1,1.0,0.0,1,1,1,1.0,0.0,1,1,40,40,8196.721311,8196.721311,32,167,86.0,73.94254526,5467.5,0,0,0,107.5,64,-1,-1,1,20,0.0,0,0,0.0,0,0,Normal Traffic
63448,48,2,12,6,6,6.0,0.0,2,2,2.0,0.0,333333.3333,83333.33333,16.0,25.11971337,45,1,48,48.0,0.0,48,48,1,1.0,0.0,1,1,40,48,41666.66667,41666.66667,2,6,4.4,2.19089023,4.8,1,0,1,5.5,12,0,1024,1,20,0.0,0,0,0.0,0,0,Normal Traffic
465,1891593,16,1362,362,0,85.125,87.59594739,1430,0,188.3333333,410.2746341,3109.548407,21.14619794,48502.38462,130310.308,790400,2,1841634,122775.6,214665.8292,840074,674,1842010,80087.3913,163536.758,790400,3,332,492,8.458479176,12.68771876,0,1430,143.4634146,320.5437644,102748.3049,0,1,0,147.05,1362,8192,176,12,20,0.0,0,0,0.0,0,0,Normal Traffic
443,10000218,2,12,6,6,6.0,0.0,0,0,0.0,0.0,1.1999738406,0.1999956401,10000218.0,0.0,10000218,10000218,10000218,10000218.0,0.0,10000218,10000218,0,0.0,0.0,0,0,40,0,0.1999956401,0.0,6,6,6.0,0.0,0.0,0,0,1,9.0,12,256,-1,1,20,0.0,0,0,0.0,0,0,Normal Traffic
53,184,2,86,43,43,43.0,0.0,107,107,107.0,0.0,1630434.783,21739.13043,61.33333333,66.0176744,133,3,3,3.0,0.0,3,3,48,48.0,0.0,48,48,64,64,10869.56522,10869.56522,43,107,68.6,35.05424368,1228.8,0,0,0,85.75,86,-1,-1,1,32,0.0,0,0,0.0,0,0,Normal Traffic
53,23639,2,54,27,27,27.0,0.0,75,75,75.0,0.0,8629.806675,169.2118956,7879.666667,13641.92084,23632,3,3,3.0,0.0,3,3,4,4.0,0.0,4,4,40,64,84.6059478,84.6059478,27,75,46.2,26.29068276,691.2,0,0,0,57.75,54,-1,-1,1,20,0.0,0,0,0.0,0,0,Normal Traffic
56835,944,1,0,0,0,0.0,0.0,0,0,0.0,0.0,0.0,2118.644068,944.0,0.0,944,944,0,0.0,0.0,0,0,0,0.0,0.0,0,0,32,32,1059.322034,1059.322034,0,0,0.0,0.0,0.0,0,0,1,0.0,0,122,33304,0,32,0.0,0,0,0.0,0,0,Normal Traffic
38538,110,1,0,0,0,0.0,0.0,0,0,0.0,0.0,0.0,27272.7272727273,55.0,9.8994949366,62,48,0,0.0,0.0,0,0,48,48.0,0.0,48,48,32,64,9090.9090909091,18181.8181818182,0,0,0.0,0.0,0.0,0,0,1,0.0,0,243,290,0,32,0.0,0,0,0.0,0,0,Normal Traffic
63875,268,3,83,46,6,27.66666667,20.20725942,6,6,6.0,0.0,332089.5522,14925.37313,89.33333333,35.21836642,114,49,268,134.0,120.2081528,219,49,0,0.0,0.0,0,0,60,20,11194.02985,3731.343284,6,46,27.0,20.1246118,405.0,0,0,1,33.75,83,285,0,2,20,0.0,0,0,0.0,0,0,Normal Traffic
53,71214,2,68,34,34,34.0,0.0,99,99,99.0,0.0,3735.2206026905,56.1687308675,23738.0,41109.3598952842,71207,3,3,3.0,0.0,3,3,4,4.0,0.0,4,4,64,64,28.0843654338,28.0843654338,34,99,60.0,35.6019662378,1267.5,0,0,0,75.0,68,-1,-1,1,32,0.0,0,0,0.0,0,0,Normal Traffic
443,117492083,15,1221,558,0,81.4,146.7299755,1511,0,267.1428571,523.9735544,42.2241216,0.246825141,4196145.821,15300000.0,58400000,3,117000000,8390034.643,21100000.0,58500000,44,117000000,9033981.769,21900000.0,58500000,3,312,304,0.127668177,0.119156965,0,1511,165.3666667,378.2292211,143057.3437,0,1,0,171.0689655,1221,8192,118,8,20,317103.0,558378,75828,58200000.0,58400000,58100000,Normal Traffic
80,5303947,3,12,6,0,4.0,3.4641016151,0,0,0.0,0.0,2.2624660465,0.7541553488,1767982.33333333,3041490.49583133,5279966,54,5303947,2651973.5,3716542.63531478,5279966,23981,0,0.0,0.0,0,0,72,32,0.5656165116,0.1885388372,0,6,2.4,3.286335345,10.8,0,1,0,3.0,12,8192,65535,2,20,0.0,0,0,0.0,0,0,Normal Traffic
443,10081049,14,757,372,0,54.07142857,108.588471,4096,0,1119.0,1091.431224,2073.09775,3.174272836,325195.129,1794169.832,9992416,2,10100000,775135.3077,2769463.064,9992416,164,10100000,591834.0,2424344.16,9999614,2,292,372,1.388744366,1.78552847,0,4096,633.3030303,964.1786493,929640.4678,0,1,0,653.09375,757,8192,31,13,20,84343.0,84343,84343,9992416.0,9992416,9992416,Normal Traffic
53,105672,4,164,41,41,41.0,0.0,57,57,57.0,0.0,2630.782043,56.77946854,21134.4,29589.3648,61698,3,61705,20568.33333,35619.33619,61698,3,49,49.0,0.0,49,49,104,40,37.85297903,18.92648951,41,57,45.57142857,7.807200584,60.95238095,0,0,0,53.16666667,164,-1,-1,3,20,0.0,0,0,0.0,0,0,Normal Traffic
80,80399082,8,56,20,0,7.0,5.656854249,11595,0,3867.0,6692.644993,144.9892177,0.136817483,8039908.2,23100000.0,73600000,1,79900000,11400000.0,27500000.0,73600000,1,546392,273196.0,375100.3484,538432,7960,172,72,0.099503624,0.037313859,0,11595,971.9166667,3345.407285,11200000.0,0,0,1,1060.272727,56,256,229,6,20,2223.0,2223,2223,39900000.0,73600000,6243444,DDoS
53,456,2,70,35,35,35.0,0.0,84,84,84.0,0.0,521929.8246,8771.929825,152.0,222.191359,407,0,0,0.0,0.0,0,0,49,49.0,0.0,49,49,40,40,4385.964912,4385.964912,35,84,54.6,26.83840532,720.3,0,0,0,68.25,70,-1,-1,1,20,0.0,0,0,0.0,0,0,Normal Traffic
53,219,2,66,33,33,33.0,0.0,70,70,70.0,0.0,940639.2694,18264.84018,73.0,121.2435565,213,3,3,3.0,0.0,3,3,3,3.0,0.0,3,3,64,64,9132.420091,9132.420091,33,70,47.8,20.26573463,410.7,0,0,0,59.75,66,-1,-1,1,32,0.0,0,0,0.0,0,0,Normal Traffic
53,30644,2,80,40,40,40.0,0.0,84,84,84.0,0.0,8092.938259,130.5312622,10214.66667,17647.30204,30592,4,4,4.0,0.0,4,4,48,48.0,0.0,48,48,40,40,65.26563112,65.26563112,40,84,57.6,24.09979253,580.8,0,0,0,72.0,80,-1,-1,1,20,0.0,0,0,0.0,0,0,Normal Traffic
80,1600083,3,26,20,0,8.666666667,10.26320288,4380,0,1933.5,1757.789948,7266.49805,5.624708218,200010.375,555946.7278,1575757,13,24023,12011.5,16505.99359,23683,340,1600070,320014.0,702058.4201,1575757,15,72,132,1.874902739,3.749805479,0,4380,1162.7,1645.241762,2706820.456,0,1,0,1291.888889,26,8192,229,2,20,0.0,0,0,0.0,0,0,DDoS
58442,420,1,0,0,0,0.0,0.0,0,0,0.0,0.0,0.0,9523.809524,140.0,239.0251033,416,1,0,0.0,0.0,0,0,4,2.0,1.414213562,3,1,32,60,2380.952381,7142.857143,0,0,0.0,0.0,0.0,0,0,1,0.0,0,972,0,0,32,0.0,0,0,0.0,0,0,Normal Traffic
53,205,2,150,75,75,75.0,0.0,203,203,203.0,0.0,2712195.122,19512.19512,68.33333333,76.84616668,153,3,3,3.0,0.0,3,3,49,49.0,0.0,49,49,40,40,9756.097561,9756.097561,75,203,126.2,70.10848736,4915.2,0,0,0,157.75,150,-1,-1,1,20,0.0,0,0,0.0,0,0,Normal Traffic
53,177,2,102,51,51,51.0,0.0,112,112,112.0,0.0,1841807.91,22598.87006,59.0,62.23343153,126,3,3,3.0,0.0,3,3,48,48.0,0.0,48,48,40,40,11299.43503,11299.43503,51,112,75.4,33.41107601,1116.3,0,0,0,94.25,102,-1,-1,1,20,0.0,0,0,0.0,0,0,Normal Traffic
80,249957,3,26,20,0,8.666666667,10.26320288,10135,0,2900.25,4871.82583,46516.00075,28.00481683,41659.5,97577.01019,240714,68,8980,4490.0,6149.000569,8838,142,249845,83281.66667,136410.432,240714,195,72,92,12.00206436,16.00275247,0,10135,1453.375,3544.652026,12600000.0,0,1,0,1661.0,26,8192,229,2,20,0.0,0,0,0.0,0,0,DDoS
53,156,2,68,34,34,34.0,0.0,82,82,82.0,0.0,1487179.487,25641.02564,52.0,83.13843876,148,4,4,4.0,0.0,4,4,4,4.0,0.0,4,4,40,40,12820.51282,12820.51282,34,82,53.2,26.29068276,691.2,0,0,0,66.5,68,-1,-1,1,20,0.0,0,0,0.0,0,0,Normal Traffic
53,24595,2,62,31,31,31.0,0.0,138,138,138.0,0.0,13742.63062,162.6346818,8198.333333,14195.59982,24590,1,1,1.0,0.0,1,1,4,4.0,0.0,4,4,64,64,81.31734092,81.31734092,31,138,73.8,58.60631365,3434.7,0,0,0,92.25,62,-1,-1,1,32,0.0,0,0,0.0,0,0,Normal Traffic
53,48348,2,170,85,85,85.0,0.0,167,167,167.0,0.0,10424.4229337305,82.7335153471,16116.0,27910.2667310794,48344,1,3,3.0,0.0,3,3,1,1.0,0.0,1,1,40,40,41.3667576735,41.3667576735,85,167,117.8,44.9132497154,2017.2,0,0,0,147.25,170,-1,-1,1,20,0.0,0,0,0.0,0,0,Normal Traffic
53,33098,2,78,39,39,39.0,0.0,55,55,55.0,0.0,5680.101516708,120.8532237597,11032.6666666667,19064.9851910074,33047,3,3,3.0,0.0,3,3,48,48.0,0.0,48,48,80,80,60.4266118799,60.4266118799,39,55,45.4,8.7635609201,76.8,0,0,0,56.75,78,-1,-1,1,40,0.0,0,0,0.0,0,0,Normal Traffic
443,5227426,8,610,342,0,76.25,125.2913747,1460,2,593.0,702.4238037,797.3331425,2.678182341,402109.6923,1368424.855,4955208,2,5227426,746775.1429,1856326.895,4955208,4,159066,31813.2,42156.68683,78305,2,172,124,1.530389909,1.147792432,0,1460,277.8666667,505.3386229,255367.1238,0,1,0,297.7142857,610,8192,34964,7,20,0.0,0,0,0.0,0,0,Normal Traffic
53,232,2,86,43,43,43.0,0.0,71,71,71.0,0.0,982758.620689655,17241.3793103448,77.3333333333,127.8840620771,225,3,3,3.0,0.0,3,3,4,4.0,0.0,4,4,40,40,8620.6896551724,8620.6896551724,43,71,54.2,15.3362316101,235.2,0,0,0,67.75,86,-1,-1,1,20,0.0,0,0,0.0,0,0,Normal Traffic
80,99508833,9,360,360,0,40.0,120.0,8688,0,2319.0,3774.237539,120.1400885,0.140691028,7654525.615,27600000.0,99400000,1,99400000,12400000.0,35100000.0,99400000,1,145587,36396.75,66049.38246,135229,191,296,168,0.090444232,0.050246796,0,8688,797.0,2306.353739,5319267.571,0,0,1,853.9285714,360,251,235,1,32,996.0,996,996,99400000.0,99400000,99400000,DoS
53,34827,1,56,56,56,56.0,0.0,114,114,114.0,0.0,4881.270279,57.42670916,34827.0,0.0,34827,34827,0,0.0,0.0,0,0,0,0.0,0.0,0,0,20,32,28.71335458,28.71335458,56,114,75.33333333,33.48631561,1121.333333,0,0,0,113.0,56,-1,-1,0,20,0.0,0,0,0.0,0,0,Normal Traffic
35276,8536,2,12,6,6,6.0,0.0,0,0,0.0,0.0,1405.810684,234.3017807,8536.0,0.0,8536,8536,8536,8536.0,0.0,8536,8536,0,0.0,0.0,0,0,40,0,234.3017807,0.0,6,6,6.0,0.0,0.0,1,0,0,9.0,12,0,-1,1,20,0.0,0,0,0.0,0,0,Normal Traffic
53,75767,2,74,37,37,37.0,0.0,74,74,74.0,0.0,2930.035504,52.7934325,25255.66667,43741.4998,75764,0,0,0.0,0.0,0,0,3,3.0,0.0,3,3,80,40,26.39671625,26.39671625,37,74,51.8,20.26573463,410.7,0,0,0,64.75,74,-1,-1,1,40,0.0,0,0,0.0,0,0,Normal Traffic
53,47221,1,56,56,56,56.0,0.0,122,122,122.0,0.0,3769.5093284767,42.3540373986,47221.0,0.0,47221,47221,0,0.0,0.0,0,0,0,0.0,0.0,0,0,44,32,21.1770186993,21.1770186993,56,122,78.0,38.1051177665,1452.0,0,0,0,117.0,56,-1,-1,0,44,0.0,0,0,0.0,0,0,Normal Traffic
53,48867,2,70,35,35,35.0,0.0,86,86,86.0,0.0,4952.217243,81.85483046,16289.0,28208.17947,48861,2,2,2.0,0.0,2,2,4,4.0,0.0,4,4,40,40,40.92741523,40.92741523,35,86,55.4,27.93385043,780.3,0,0,0,69.25,70,-1,-1,1,20,0.0,0,0,0.0,0,0,Normal Traffic
53,47927,1,82,82,82,82.0,0.0,164,164,164.0,0.0,5132.806143,41.73013124,47927.0,0.0,47927,47927,0,0.0,0.0,0,0,0,0.0,0.0,0,0,32,20,20.86506562,20.86506562,82,164,109.3333333,47.34272207,2241.333333,0,0,0,164.0,82,-1,-1,0,32,0.0,0,0,0.0,0,0,Normal Traffic
