time,scheduling_class,collection_type,priority,mem_req,cpu_req,mem_avg,cpu_avg,mem_max,cpu_max
0,3,1,200,0.014434814453125,0.020660400390625,0.00592041015625,0.00466156005859375,0.0059356689453125,0.01190185546875
2517305308183,2,0,360,0.0013027191162109375,0.00724029541015625,9.5367431640625E-7,0,9.5367431640625E-7,0
195684022913,2,0,103,0.0041656494140625,0.048583984375,0.002788543701171875,0.024200439453125,0.00284576416015625,0.06005859375
0,3,0,200,0.0416259765625,0.0704345703125,0.034423828125,0.047607421875,0.03466796875,0.13330078125
1810627494172,2,0,0,2.3174285888671875E-4,0.00244903564453125,7.62939453125E-5,2.70843505859375E-4,7.62939453125E-5,4.1484832763671875E-4
1626744497194,0,0,103,0.00540924072265625,0.0615234375,0.00323486328125,0.0794677734375,0.00405120849609375,0.21923828125
130721370174,1,0,117,0.0015621185302734375,0.00566864013671875,0.001316070556640625,0.0042572021484375,0.0016536712646484375,0.012481689453125
2373350421416,2,0,103,0.0015010833740234375,0.022003173828125,7.581710815429688E-4,0.0064697265625,7.82012939453125E-4,0.027984619140625
1970214287222,0,0,0,0.003612518310546875,0.0081024169921875,6.771087646484375E-4,2.002716064453125E-4,6.7901611328125E-4,8.182525634765625E-4
2212203898561,0,0,103,0.00676727294921875,0.09716796875,0.004119873046875,0.0121917724609375,0.004241943359375,0.026611328125
36255576255,0,1,116,0.0048370361328125,0.01629638671875,0.0026702880859375,5.18798828125E-4,0.0026702880859375,0.0023345947265625
723622816016,1,0,103,0.0104217529296875,0.04119873046875,6.580352783203125E-5,0.001049041748046875,6.961822509765625E-5,0.013275146484375
204389347359,2,0,0,2.2125244140625E-4,0.0025177001953125,8.58306884765625E-6,0,8.58306884765625E-6,0
1659671622423,1,0,105,0.011016845703125,4.405975341796875E-4,8.96453857421875E-4,2.1839141845703125E-4,8.993148803710938E-4,7.944107055664062E-4
365676977693,2,0,360,0.0013027191162109375,0.0142059326171875,3.1757354736328125E-4,0.0018672943115234375,5.359649658203125E-4,0.00717926025390625
1129358774407,2,0,360,0.0013027191162109375,0.02288818359375,0.01922607421875,0.031982421875,0.0206298828125,0.0692138671875
0,3,0,450,0.00423431396484375,0,0.0020751953125,0.01812744140625,0.002132415771484375,0.0556640625
1584163989226,3,0,200,0.003856658935546875,0.0081024169921875,0.001953125,3.7860870361328125E-4,0.001964569091796875,0.0050048828125
296066697739,1,0,105,0.016693115234375,0.0089874267578125,0.00567626953125,0.0088348388671875,0.00567626953125,0.020294189453125
116367066181,2,0,360,0.0013027191162109375,0.013519287109375,0.019287109375,0.0322265625,0.020599365234375,0.1099853515625
2220916046503,2,0,0,1.9931793212890625E-4,0.001861572265625,1.3065338134765625E-4,3.0994415283203125E-4,1.373291015625E-4,0.00144195556640625
1892214193263,1,0,200,0.00262451171875,0.00566864013671875,0.0017719268798828125,0.0080108642578125,0.001873016357421875,0.0179443359375
104045399544,2,0,360,0.0013027191162109375,0.0056304931640625,0.00662994384765625,0.011505126953125,0.0099639892578125,0.04901123046875
1645022954884,2,0,360,0.0013027191162109375,0.0111541748046875,0.00528717041015625,6.113052368164062E-4,0.0052947998046875,0.001392364501953125
1107843725046,2,0,360,0.0013027191162109375,0.020172119140625,0.0186767578125,0.0338134765625,0.019287109375,0.1065673828125
291751027340,0,0,103,0.00443267822265625,0.0810546875,6.971359252929688E-4,0,6.971359252929688E-4,0
0,3,1,200,0.01690673828125,0.03240966796875,0.0101318359375,0.0118255615234375,0.0101318359375,0.02691650390625
1972894784798,0,0,0,0.003612518310546875,0.0081024169921875,6.961822509765625E-4,1.5163421630859375E-4,6.98089599609375E-4,9.65118408203125E-4
49875509650,0,1,116,0.003383636474609375,0.01629638671875,0.0026702880859375,5.18798828125E-4,0.0026702880859375,0.0023345947265625
1456976341842,0,0,105,0.00368499755859375,0.00662994384765625,0.0015354156494140625,2.0599365234375E-4,0.001605987548828125,0.001384735107421875
347043067005,2,0,360,0.0013027191162109375,0.0139312744140625,1.1444091796875E-5,3.337860107421875E-5,7.43865966796875E-5,2.899169921875E-4
46830230745,1,0,103,0.00521087646484375,0.0066070556640625,0.00109100341796875,8.907318115234375E-4,0.00110626220703125,0.00299072265625
0,3,0,200,0.003612518310546875,0.0081024169921875,0.00391387939453125,0.002574920654296875,0.00391387939453125,0.0139923095703125
1970458727091,0,0,0,0.003612518310546875,0.0081024169921875,6.771087646484375E-4,2.002716064453125E-4,6.7901611328125E-4,8.182525634765625E-4
2521770701475,3,1,200,0.0994873046875,0,0.00615692138671875,4.425048828125E-4,0.00616455078125,0.00545501708984375
0,1,0,117,0.0106658935546875,0.00739288330078125,9.5367431640625E-7,0,9.5367431640625E-7,0
0,0,0,103,0.001369476318359375,0.002025604248046875,4.482269287109375E-4,1.0204315185546875E-4,4.4918060302734375E-4,5.970001220703125E-4
841608467990,0,0,200,8.554458618164062E-4,0.0014972686767578125,0.0013027191162109375,1.7452239990234375E-4,0.00130462646484375,7.162094116210938E-4
1251271318656,1,0,200,0.00650787353515625,0.00113677978515625,6.999969482421875E-4,0.0019683837890625,7.59124755859375E-4,0.00555419921875
1383134305581,2,0,360,0.0013027191162109375,0.022308349609375,0.00615692138671875,0.0091552734375,0.018829345703125,0.0689697265625
2491085499338,3,1,200,0.009765625,0.06591796875,0.0017452239990234375,0.01641845703125,0.0017452239990234375,0.03289794921875
409734022376,1,0,103,0.004364013671875,0.002288818359375,0.00225830078125,6.67572021484375E-4,0.002300262451171875,0.0067901611328125
97005291483,2,0,360,0.0013027191162109375,0.0084381103515625,9.5367431640625E-7,0,9.5367431640625E-7,0
0,3,0,200,0.00597381591796875,0,0.00373077392578125,0.00595855712890625,0.00376129150390625,0.0113067626953125
2024567099839,2,0,25,3.31878662109375E-4,0.002521514892578125,2.8324127197265625E-4,0.00141143798828125,3.01361083984375E-4,0.003871917724609375
1765133363218,2,0,200,0.010894775390625,0.00688934326171875,0.0097198486328125,0.0085601806640625,0.009857177734375,0.01953125
1675729190204,1,0,200,0.0094757080078125,4.405975341796875E-4,0.0087127685546875,1.56402587890625E-4,0.0087127685546875,8.792877197265625E-4
0,3,0,200,0.00409698486328125,0.003520965576171875,0.0010986328125,5.779266357421875E-4,0.001102447509765625,0.003078460693359375
65479712242,0,0,0,0.00182342529296875,0.0081024169921875,0.0010433197021484375,0.00705718994140625,0.001079559326171875,0.016754150390625
0,3,1,200,0.03125,0.0653076171875,0.018157958984375,0.029296875,0.0181884765625,0.0892333984375
1506548408918,0,0,103,0.0012454986572265625,0.0018482208251953125,9.822845458984375E-4,0.00109100341796875,9.8419189453125E-4,0.00438690185546875
1941329480704,0,0,0,0.002605438232421875,0.016204833984375,8.7738037109375E-5,0,8.7738037109375E-5,0
1825518470135,3,1,200,0.078125,0.17431640625,0.0738525390625,0.097900390625,0.0750732421875,0.30615234375
1996190907590,0,0,0,0.003612518310546875,0.0081024169921875,6.771087646484375E-4,2.002716064453125E-4,6.7901611328125E-4,8.182525634765625E-4
1647523153423,0,0,0,0.00262451171875,0.00566864013671875,0.00232696533203125,3.9958953857421875E-4,0.002330780029296875,0.00170135498046875
0,2,0,105,0.001331329345703125,2.2029876708984375E-4,4.38690185546875E-4,1.9168853759765625E-4,4.405975341796875E-4,6.628036499023438E-4
2451174795181,0,0,103,0.00388336181640625,0.048583984375,0.002475738525390625,0.00732421875,0.0025177001953125,0.026458740234375
1724490958817,0,0,103,0.002552032470703125,0.009368896484375,9.5367431640625E-7,0,9.5367431640625E-7,0
1763039059873,0,0,103,0.002452850341796875,0.009368896484375,0.00135040283203125,0.008544921875,0.0019435882568359375,0.016632080078125
1476873048019,2,0,360,0.0013027191162109375,0.018798828125,0.0082550048828125,0.014739990234375,0.0153350830078125,0.0479736328125
1989192453288,0,0,0,0.003612518310546875,0.0081024169921875,6.961822509765625E-4,1.5163421630859375E-4,6.98089599609375E-4,9.65118408203125E-4
1799160416964,1,0,200,0.00650787353515625,0.00113677978515625,6.999969482421875E-4,0.0019683837890625,7.59124755859375E-4,0.00555419921875
142814178605,3,1,200,0.078125,0.17431640625,0.0738525390625,0.097900390625,0.0750732421875,0.30615234375
1645765625508,2,0,103,0.014129638671875,0.01214599609375,0.00356292724609375,3.96728515625E-4,0.00365447998046875,0.001308441162109375
1459123766722,0,0,105,0.00368499755859375,0.00662994384765625,0.0015354156494140625,2.0599365234375E-4,0.001605987548828125,0.001384735107421875
1583404183953,1,0,200,0.00521087646484375,0.013214111328125,0.003032684326171875,0.0040130615234375,0.00347137451171875,0.0250244140625
788656970207,1,0,117,0.0015621185302734375,0.00566864013671875,0.0010833740234375,3.604888916015625E-4,0.0011844635009765625,0.00490570068359375
621242754677,2,0,360,0.0013027191162109375,0.011474609375,0.00560760498046875,0.011260986328125,0.009307861328125,0.05352783203125
2044564882018,2,0,360,0.0013027191162109375,0.021759033203125,0.012481689453125,0.0218505859375,0.02093505859375,0.0848388671875
753695484479,0,0,0,0.00262451171875,0.00566864013671875,0,0,0,0
1931126668014,1,0,200,1.6498565673828125E-4,0,1.4972686767578125E-4,1.3065338134765625E-4,1.52587890625E-4,6.1798095703125E-4
639158665975,1,0,200,0.00650787353515625,0.00113677978515625,9.5367431640625E-7,0,9.5367431640625E-7,0
1454577825391,0,0,105,0.00368499755859375,0.00662994384765625,0.0015354156494140625,2.0599365234375E-4,0.001605987548828125,0.001384735107421875
1454574816870,0,0,105,0.00368499755859375,0.00662994384765625,0.0015354156494140625,2.0599365234375E-4,0.001605987548828125,0.001384735107421875
0,2,0,200,2.880096435546875E-4,0.0019378662109375,1.678466796875E-4,3.814697265625E-4,1.8215179443359375E-4,0.0017032623291015625
0,1,0,105,0.00650787353515625,0.008453369140625,0.00423431396484375,0.002040863037109375,0.00572967529296875,0.06036376953125
1358903492344,3,0,200,0.0106201171875,0.03521728515625,0.0078277587890625,0.025421142578125,0.008544921875,0.0826416015625
2001717236481,0,1,116,0.025665283203125,0.01873779296875,0.002777099609375,0.0143280029296875,0.00278472900390625,0.066162109375
2044711439276,0,0,0,0.00262451171875,0.00566864013671875,0.0023956298828125,0.0064544677734375,0.00275421142578125,0.0152130126953125
0,3,0,199,0.04339599609375,0,0.0404052734375,0.0325927734375,0.04095458984375,0.15185546875
137640007395,0,1,116,0.00373077392578125,0.01629638671875,0.0026702880859375,5.18798828125E-4,0.0026702880859375,0.0023345947265625
1911964985696,1,0,119,0.00848388671875,0.0528564453125,0.001163482666015625,0.037109375,0.0016193389892578125,0.06195068359375
1494126142209,0,0,105,0.00650787353515625,0.003696441650390625,0.0017414093017578125,0.01068115234375,0.002307891845703125,0.01983642578125
1072187311039,2,0,360,0.0013027191162109375,0.020172119140625,0.0186767578125,0.0338134765625,0.019287109375,0.1065673828125
723622816016,1,0,103,0.0104217529296875,0.04119873046875,6.580352783203125E-5,0.001049041748046875,6.961822509765625E-5,0.013275146484375
1048740234408,2,0,360,0.0013027191162109375,0.020294189453125,5.91278076171875E-4,1.087188720703125E-4,5.922317504882812E-4,2.17437744140625E-4
1434965811581,2,0,360,0.0013027191162109375,0.0113677978515625,0.0053558349609375,0.0121307373046875,0.006103515625,0.03741455078125
2652171468015,0,0,0,0.00262451171875,0.00566864013671875,0.002105712890625,0.009063720703125,0.002277374267578125,0.02545166015625
0,0,0,0,0.00262451171875,0.00566864013671875,6.98089599609375E-4,2.09808349609375E-4,6.999969482421875E-4,0.001132965087890625
1478299651921,0,0,103,0.00247955322265625,0.026580810546875,9.72747802734375E-5,0,9.72747802734375E-5,0
1823999394832,1,0,103,0.00681304931640625,0.0110015869140625,0.0010089874267578125,3.54766845703125E-4,0.001026153564453125,0.00146484375
580867427573,2,0,360,0.0013027191162109375,0.020416259765625,0.0155792236328125,8.182525634765625E-4,0.015594482421875,0.001739501953125
2583913101038,0,0,0,0.0022125244140625,0.0097198486328125,3.35693359375E-4,0,3.35693359375E-4,0
2483362347778,3,0,200,0.0123748779296875,0.00405120849609375,5.14984130859375E-5,0,5.14984130859375E-5,0
0,2,0,103,0.0101165771484375,0.018829345703125,2.346038818359375E-4,9.412765502929688E-4,2.47955322265625E-4,0.003147125244140625
1965193664734,1,0,103,0.00521087646484375,0.0066070556640625,0.0018596649169921875,0.0023651123046875,0.001888275146484375,0.0079803466796875
1274110959446,2,0,360,0.0013027191162109375,0.01214599609375,0.0135955810546875,0.004974365234375,0.0142669677734375,0.05206298828125
1675635736063,2,0,0,2.0885467529296875E-4,0.0023193359375,8.58306884765625E-6,0,8.58306884765625E-6,0
380122576504,1,0,103,0.00521087646484375,0.0066070556640625,0.00115966796875,4.00543212890625E-4,0.0011615753173828125,0.001201629638671875
1447403594118,1,0,117,0.0014705657958984375,0.0081024169921875,0.001232147216796875,0.0085601806640625,0.00147247314453125,0.018402099609375
813816434382,1,0,103,0.1041259765625,0.03466796875,0.129638671875,0.00543975830078125,0.129638671875,0.05572509765625
1558751124493,2,0,103,0.0135345458984375,0.01214599609375,0.00356292724609375,3.96728515625E-4,0.00365447998046875,0.001308441162109375
1973499440618,0,0,0,0.003612518310546875,0.0081024169921875,6.961822509765625E-4,1.5163421630859375E-4,6.98089599609375E-4,9.65118408203125E-4
2442966413089,1,0,200,0.00521087646484375,0.013214111328125,1.9073486328125E-6,0,1.9073486328125E-6,0
1506557604204,0,0,103,0.001270294189453125,0.0018482208251953125,9.822845458984375E-4,0.00109100341796875,9.8419189453125E-4,0.00438690185546875
1789310467595,0,0,114,0.0015201568603515625,0.0057220458984375,6.847381591796875E-4,0.00289154052734375,8.1634521484375E-4,0.00743865966796875
1200155673349,1,0,117,0.0014705657958984375,0.0081024169921875,9.746551513671875E-4,0.0082244873046875,0.0013256072998046875,0.03387451171875
175979789287,2,0,360,0.0013027191162109375,0.0135040283203125,0.00247955322265625,6.542205810546875E-4,0.0030517578125,0.0081634521484375
209643538096,2,0,200,0.01171875,0.013214111328125,0.007965087890625,0.0177001953125,0.0095977783203125,0.152099609375
1800049662724,1,0,200,0.001953125,0.010528564453125,0.0011348724365234375,0.0093994140625,0.001369476318359375,0.02789306640625
738645459604,2,0,117,0.001750946044921875,0.009765625,2.9087066650390625E-4,0.001644134521484375,7.352828979492188E-4,0.0076446533203125
1730747253512,0,0,103,0.00254058837890625,0.009368896484375,3.8814544677734375E-4,7.562637329101562E-4,4.3964385986328125E-4,0.0012340545654296875
0,2,0,205,3.1757354736328125E-4,0.0089263916015625,2.288818359375E-4,2.40325927734375E-4,2.32696533203125E-4,0.0011577606201171875
1892557514750,0,0,103,0.008270263671875,0.003787994384765625,0.002658843994140625,0.003292083740234375,0.004180908203125,0.024505615234375
2577011999874,0,0,0,0.00262451171875,0.00566864013671875,0.002803802490234375,0.00579071044921875,0.00308990478515625,0.0181884765625
584977364093,2,0,360,0.0013027191162109375,0.0146026611328125,9.5367431640625E-7,0,9.5367431640625E-7,0
2354708181850,0,0,118,0.00650787353515625,0.01214599609375,0.003009796142578125,0.0079803466796875,0.003795623779296875,0.02508544921875
2575920609313,2,0,360,0.0013027191162109375,0.0146026611328125,0.01953125,0.0224609375,0.023651123046875,0.0614013671875
1477603092815,0,0,0,0.00262451171875,0.00566864013671875,1.010894775390625E-4,0,1.010894775390625E-4,0
563534944187,1,0,200,0.00650787353515625,0.00113677978515625,9.5367431640625E-7,0,9.5367431640625E-7,0
567759871843,2,0,360,0.0013027191162109375,0.0111541748046875,0.00487518310546875,0.00530242919921875,0.009979248046875,0.039306640625
2595706610808,2,0,360,0.0013027191162109375,0.00679779052734375,0.009002685546875,0.0129547119140625,0.0100555419921875,0.05224609375
2519086541668,2,0,103,0.001529693603515625,0.022003173828125,7.581710815429688E-4,0.0064697265625,7.82012939453125E-4,0.027984619140625
723622816016,1,0,103,0.0104217529296875,0.04119873046875,6.580352783203125E-5,0.001049041748046875,6.961822509765625E-5,0.013275146484375
151958094387,1,1,103,0.069091796875,0.017242431640625,0.0033416748046875,6.418228149414062E-4,0.003345489501953125,0.00244140625
1445242033340,2,0,360,0.0013027191162109375,0.017578125,0.0053253173828125,0.011871337890625,0.0087890625,0.046875
1884134683798,3,0,200,0.0106201171875,0.03521728515625,0.0078277587890625,0.025421142578125,0.008544921875,0.0826416015625
1408701702452,1,0,103,0.00521087646484375,0.0066070556640625,0.0018596649169921875,0.0023651123046875,0.001888275146484375,0.0079803466796875
1709409262214,0,0,103,0.002620697021484375,0.009368896484375,7.123947143554688E-4,9.72747802734375E-5,7.171630859375E-4,3.509521484375E-4
0,3,0,200,0.01953125,0.020263671875,0.00124359130859375,0.0122222900390625,0.0012531280517578125,0.021759033203125
2455104841678,0,0,0,0.00262451171875,0.00566864013671875,0.001102447509765625,0.005615234375,0.0014438629150390625,0.015777587890625
1292209977840,3,0,200,0.0123748779296875,0.00405120849609375,5.14984130859375E-5,0,5.14984130859375E-5,0
1303283406220,2,1,101,0.03265380859375,0.022918701171875,0.01953125,0.027008056640625,0.0208740234375,0.128662109375
1254673934636,1,0,117,0.0014705657958984375,0.0081024169921875,0.0010986328125,0.0108795166015625,0.00147247314453125,0.023712158203125
1731466362274,2,0,360,0.0013027191162109375,0.02288818359375,0.01922607421875,0.031982421875,0.0206298828125,0.0692138671875
1207034431226,2,0,360,0.0013027191162109375,0.020172119140625,0.008880615234375,0.01959228515625,0.010040283203125,0.0521240234375
740716132631,0,0,103,0.022552490234375,0.01373291015625,0.0110626220703125,0.00970458984375,0.01129150390625,0.06085205078125
1774911567908,1,0,119,0.003047943115234375,0.005279541015625,0.001384735107421875,0.001399993896484375,0.0014095306396484375,0.0111541748046875
0,2,0,200,3.6525726318359375E-4,0.00211334228515625,2.44140625E-4,0.0012569427490234375,3.1280517578125E-4,0.010009765625
1047207440333,2,0,360,0.0013027191162109375,0.017333984375,0.0072479248046875,0.007232666015625,0.01580810546875,0.0693359375
1506415696199,0,0,103,0.0012454986572265625,0.0018482208251953125,9.822845458984375E-4,0.00109100341796875,9.8419189453125E-4,0.00438690185546875
1596913007321,1,0,200,0.00521087646484375,0.013214111328125,1.9073486328125E-6,0,1.9073486328125E-6,0
291701928949,0,0,103,0.00443267822265625,0.0810546875,6.971359252929688E-4,0,6.971359252929688E-4,0
1478561575872,0,0,103,0.00247955322265625,0.026580810546875,9.72747802734375E-5,0,9.72747802734375E-5,0
0,2,0,200,3.3664703369140625E-4,0.0014972686767578125,2.6988983154296875E-4,6.971359252929688E-4,2.8228759765625E-4,0.001926422119140625
0,3,0,103,0.004150390625,0.00484466552734375,6.723403930664062E-4,7.915496826171875E-5,6.742477416992188E-4,5.235671997070312E-4
0,3,0,200,0.002231597900390625,0.002994537353515625,0.001010894775390625,0.00295257568359375,0.0010356903076171875,0.009765625
361869014807,3,0,200,0.003856658935546875,0.0081024169921875,0.001953125,3.7860870361328125E-4,0.001964569091796875,0.0050048828125
380475948859,3,0,200,0.003856658935546875,0.0081024169921875,0.001953125,3.7860870361328125E-4,0.001964569091796875,0.0050048828125
1393599555186,2,0,360,0.0013027191162109375,0.0111236572265625,0.010101318359375,0.00609588623046875,0.010162353515625,0.009796142578125
2399314748455,0,0,0,0.00262451171875,0.00566864013671875,0.0012969970703125,0.0012149810791015625,0.001377105712890625,0.009185791015625
723622816016,1,0,103,0.0104217529296875,0.04119873046875,6.580352783203125E-5,0.001049041748046875,6.961822509765625E-5,0.013275146484375
53183450258,2,0,360,0.0013027191162109375,0.0032196044921875,0.01971435546875,0.0191650390625,0.020050048828125,0.0386962890625
0,1,0,200,0.0118255615234375,0.017608642578125,0.00377655029296875,0.0115814208984375,0.00379180908203125,0.01763916015625
492942981270,1,0,105,0.00572967529296875,0.0041351318359375,0.003849029541015625,2.727508544921875E-4,0.00385284423828125,0.00641632080078125
1833846802637,2,0,0,1.7642974853515625E-4,0.003017425537109375,8.58306884765625E-6,0,8.58306884765625E-6,0
35716612394,1,0,103,0.1041259765625,0.026947021484375,0.129638671875,0.00543975830078125,0.129638671875,0.05572509765625
0,2,0,200,3.3664703369140625E-4,0.0014972686767578125,2.6988983154296875E-4,6.971359252929688E-4,2.8228759765625E-4,0.001926422119140625
0,1,0,200,0.0156097412109375,0.0133819580078125,1.9073486328125E-6,0,1.9073486328125E-6,0
1316598218690,1,0,200,0.00521087646484375,0.013214111328125,0.003032684326171875,0.0040130615234375,0.00347137451171875,0.0250244140625
1766123312644,0,0,103,0.002452850341796875,0.009368896484375,0.00135040283203125,0.008544921875,0.0019435882568359375,0.016632080078125
1539257890082,0,0,103,0.0059661865234375,0.05694580078125,0.0022125244140625,0.015716552734375,0.00457763671875,0.128173828125
1019071360312,0,0,0,0.00262451171875,0.00566864013671875,0,0,0,0
157293071435,2,0,103,0.0097503662109375,2.2029876708984375E-4,0.00273895263671875,5.321502685546875E-4,0.0059814453125,0.00392913818359375
680481729019,1,0,105,0.003017425537109375,6.160736083984375E-4,0.001209259033203125,3.6144256591796875E-4,0.0012187957763671875,0.00521087646484375
2518931498126,0,0,0,0.0017528533935546875,0.0097198486328125,8.258819580078125E-4,0.001678466796875,0.001277923583984375,0.01513671875
0,3,1,200,0.0030059814453125,0.0081024169921875,0.0516357421875,0.086181640625,0.05194091796875,0.174560546875
0,1,0,200,0.0013103485107421875,0.006072998046875,1.2683868408203125E-4,1.583099365234375E-4,1.3065338134765625E-4,0.002544403076171875
0,3,1,200,0.005096435546875,0.030364990234375,0.00312042236328125,0.0055389404296875,0.0031280517578125,0.0203857421875
408938409093,0,0,103,0.021942138671875,0.016998291015625,0.0019359588623046875,0.00635528564453125,0.0019512176513671875,0.018890380859375
1071610556645,2,0,360,0.0013027191162109375,0.017425537109375,0.006134033203125,0.0110015869140625,0.0084228515625,0.05194091796875
2362866262013,1,0,103,0.002307891845703125,0.002376556396484375,0.0041351318359375,0.007568359375,0.00464630126953125,0.01934814453125
2456605063556,0,0,0,0.00262451171875,0.00566864013671875,3.39508056640625E-4,4.00543212890625E-4,7.74383544921875E-4,0.0012378692626953125
1026418268970,0,0,103,0.001903533935546875,0.008636474609375,0.001537322998046875,0.00606536865234375,0.0015621185302734375,0.018310546875
0,2,0,119,0.003997802734375,0.00440216064453125,0.0011615753173828125,1.583099365234375E-4,0.001163482666015625,5.578994750976562E-4
2427731463095,1,0,103,0.0016727447509765625,0.0110015869140625,6.132125854492188E-4,0,6.132125854492188E-4,0
0,1,0,117,0.0015621185302734375,0.00566864013671875,0.001316070556640625,0.0042572021484375,0.0016536712646484375,0.012481689453125
1457215521899,0,0,105,0.00368499755859375,0.00662994384765625,0.0015354156494140625,2.0599365234375E-4,0.001605987548828125,0.001384735107421875
567835926436,2,0,360,0.0013027191162109375,0.02081298828125,0.021514892578125,0.05462646484375,0.02197265625,0.140625
767341205802,0,0,103,0.003704071044921875,0.002552032470703125,9.5367431640625E-7,0,9.5367431640625E-7,0
270780695988,2,0,0,2.2792816162109375E-4,0.00260162353515625,1.52587890625E-4,0.0017452239990234375,1.8310546875E-4,0.00485992431640625
550363268372,1,0,117,0.0014705657958984375,0.0081024169921875,6.656646728515625E-4,0.0011386871337890625,8.029937744140625E-4,0.00762939453125
1444675862750,1,0,200,0.00521087646484375,0.013214111328125,0.003032684326171875,0.0040130615234375,0.00347137451171875,0.0250244140625
2432603744194,1,0,117,0.0015621185302734375,0.00566864013671875,8.678436279296875E-5,6.961822509765625E-5,8.678436279296875E-5,2.78472900390625E-4
1256778851238,3,0,200,0.003856658935546875,0.0081024169921875,0.001953125,3.7860870361328125E-4,0.001964569091796875,0.0050048828125
1478057557249,0,0,103,8.897781372070312E-4,8.096694946289062E-4,5.083084106445312E-4,1.087188720703125E-4,5.083084106445312E-4,3.3092498779296875E-4
2066702688612,2,0,360,0.0013027191162109375,0.0144805908203125,3.452301025390625E-4,0.00493621826171875,5.617141723632812E-4,0.0082855224609375
724460239989,2,0,25,3.4999847412109375E-4,0.002521514892578125,2.8324127197265625E-4,0.00141143798828125,3.01361083984375E-4,0.003871917724609375
1134113432771,2,0,360,0.0013027191162109375,0.01116943359375,9.5367431640625E-7,1.068115234375E-4,9.5367431640625E-7,3.1948089599609375E-4
1431527426184,2,0,360,0.0013027191162109375,0.0114593505859375,0.0126495361328125,0.0122528076171875,0.012786865234375,0.06201171875
1428798469566,1,1,101,0.003368377685546875,0.0316162109375,0.002346038818359375,0.03350830078125,,
754447151284,0,1,200,0.002857208251953125,0.0079193115234375,0.0010356903076171875,0.0059661865234375,0.0010509490966796875,0.019134521484375
2040875797073,0,0,0,0.003612518310546875,0.0081024169921875,6.771087646484375E-4,2.002716064453125E-4,6.7901611328125E-4,8.182525634765625E-4
1716653087820,1,0,103,0.00594329833984375,0.0110015869140625,0.0010089874267578125,3.54766845703125E-4,0.001026153564453125,0.00146484375
0,3,0,200,0.00390625,0.0088043212890625,4.5108795166015625E-4,1.583099365234375E-4,4.520416259765625E-4,0.001094818115234375
22323078182,1,0,103,0.00521087646484375,0.0066070556640625,0.0018596649169921875,0.0023651123046875,0.001888275146484375,0.0079803466796875
1085476528219,2,0,360,0.0013027191162109375,0.017425537109375,0,0,0,0
1973170868770,0,0,0,0.003612518310546875,0.0081024169921875,6.961822509765625E-4,1.5163421630859375E-4,6.98089599609375E-4,9.65118408203125E-4
0,3,0,200,0.001026153564453125,8.802413940429688E-4,6.799697875976562E-4,0.00527191162109375,6.82830810546875E-4,0.0106658935546875
1072925586042,1,0,200,0.00650787353515625,0.00113677978515625,9.5367431640625E-7,0,9.5367431640625E-7,0
195686527705,2,0,103,0.0041656494140625,0.048583984375,0.002788543701171875,0.024200439453125,0.00284576416015625,0.06005859375
1293762073630,2,0,360,0.0013027191162109375,0.01214599609375,0.0135955810546875,0.004974365234375,0.0142669677734375,0.05206298828125
1054575284840,2,0,360,0.0013027191162109375,0.020294189453125,5.91278076171875E-4,1.087188720703125E-4,5.922317504882812E-4,2.17437744140625E-4
1866793660830,1,0,200,0.003612518310546875,0.0081024169921875,0.0013427734375,0.0139312744140625,0.0013446807861328125,0.03302001953125
800842003699,0,0,0,0.00262451171875,0.00566864013671875,0,0,0,0
2491085498628,3,1,200,0.009765625,0.06591796875,0.0017452239990234375,0.01641845703125,0.0017452239990234375,0.03289794921875
1706890365845,0,0,0,0.002475738525390625,0.0081024169921875,4.367828369140625E-4,5.779266357421875E-4,5.1116943359375E-4,0.00279998779296875
1438584349277,0,0,0,0.00390625,0.0141754150390625,0.00232696533203125,0.020294189453125,0.002330780029296875,0.0313720703125
0,3,0,200,0.0106201171875,0.09716796875,0.00452423095703125,0.019622802734375,0.004608154296875,0.027191162109375
0,2,0,205,3.1757354736328125E-4,0.0089263916015625,2.4700164794921875E-4,2.040863037109375E-4,2.5272369384765625E-4,0.0019207000732421875
98450159172,2,0,0,2.2792816162109375E-4,0.002513885498046875,1.52587890625E-4,0.0017452239990234375,1.8310546875E-4,0.00485992431640625
2493586158667,0,0,0,0.00262451171875,0.00566864013671875,3.39508056640625E-4,4.00543212890625E-4,7.74383544921875E-4,0.0012378692626953125
2223328491249,1,0,103,0.0012493133544921875,9.6893310546875E-4,3.0231475830078125E-4,0,3.0231475830078125E-4,0
2131162650794,3,0,200,0.0106201171875,0.03521728515625,0.00728607177734375,0.0189208984375,0.00732421875,0.0904541015625
454639734729,2,0,0,2.09808349609375E-4,0.0012416839599609375,9.250640869140625E-5,2.2029876708984375E-4,1.02996826171875E-4,6.465911865234375E-4
1146189105208,3,0,200,0.0123748779296875,0.00405120849609375,5.14984130859375E-5,0,5.14984130859375E-5,0
0,3,0,200,0.0014705657958984375,0.0081024169921875,0.0019092559814453125,0.00376129150390625,0.001918792724609375,0.0135955810546875
1442495233064,1,0,103,0.023284912109375,0.02423095703125,0.01824951171875,0.029754638671875,0.018798828125,0.0655517578125
2585785102735,0,0,0,0.00262451171875,0.00566864013671875,9.34600830078125E-5,1.6021728515625E-4,9.34600830078125E-5,4.8065185546875E-4
2049807813867,2,0,117,0.001567840576171875,0.00693511962890625,9.641647338867188E-4,8.916854858398438E-4,0.001255035400390625,0.00775146484375
1539233935068,0,0,103,0.0062103271484375,0.05694580078125,0.0022125244140625,0.015716552734375,0.00457763671875,0.128173828125
1781870780361,3,1,200,0.076171875,0.080810546875,0.0631103515625,0.05755615234375,0.0631103515625,0.0684814453125
0,3,1,200,,,0.00312042236328125,0.0055389404296875,0.0031280517578125,0.0203857421875
0,3,0,103,0.0958251953125,0.020263671875,8.821487426757812E-4,7.05718994140625E-5,8.85009765625E-4,4.4536590576171875E-4
1060773608695,0,0,107,0.0016574859619140625,0.00246429443359375,0.00128173828125,0.0046539306640625,0.00128173828125,0.009307861328125
1726597038712,3,1,200,0.009765625,0.1318359375,0.0015354156494140625,0.024139404296875,0.0015411376953125,0.0546875
2622765184444,1,0,103,0.00521087646484375,0.0066070556640625,0.0018596649169921875,0.0023651123046875,0.001888275146484375,0.0079803466796875
1494780289987,0,0,105,0.00370025634765625,0.007293701171875,0.0022125244140625,0.0015926361083984375,0.00232696533203125,0.018035888671875
25369041439,1,0,200,0.0115966796875,0.09716796875,0.00685882568359375,0.024017333984375,0.0075836181640625,0.05047607421875
1456656012477,0,0,105,0.00368499755859375,0.00662994384765625,0.0015354156494140625,2.0599365234375E-4,0.001605987548828125,0.001384735107421875
1026502320543,0,0,0,0.00262451171875,0.00566864013671875,0,0,0,0
0,0,0,0,0.00262451171875,0.00566864013671875,0.0010242462158203125,0.004486083984375,0.0013217926025390625,0.018798828125
1245416284640,2,0,360,0.0013027191162109375,0.020172119140625,0.008880615234375,0.01959228515625,0.010040283203125,0.0521240234375
2034336274583,0,0,0,0.00262451171875,0.00566864013671875,0.002155303955078125,0.00711822509765625,0.00220489501953125,0.015472412109375
1680419504011,2,0,0,2.1457672119140625E-4,0.002391815185546875,1.735687255859375E-4,0.0015125274658203125,1.8596649169921875E-4,0.003047943115234375
125268590651,1,0,200,0.00262451171875,0.00566864013671875,0.0014495849609375,0.0086822509765625,0.0015716552734375,0.019805908203125
852438331815,0,0,0,0.00262451171875,0.00566864013671875,0,0,0,0
296066697739,1,0,105,0.016693115234375,0.0089874267578125,0.00567626953125,0.0088348388671875,0.00567626953125,0.020294189453125
0,3,1,200,0.0106048583984375,0.015411376953125,0.0066070556640625,0.00562286376953125,0.0066375732421875,0.020599365234375
996430471286,0,0,0,0.00262451171875,0.00566864013671875,0,0,0,0
1059588363986,2,0,360,0.0013027191162109375,0.020355224609375,0.0108795166015625,0.0169677734375,0.0126190185546875,0.0540771484375
23843207369,2,0,360,0.0013027191162109375,0.00392913818359375,0.006500244140625,0.0063629150390625,0.0095977783203125,0.029083251953125
278598775454,1,0,200,0.00650787353515625,0.00113677978515625,9.5367431640625E-7,0,9.5367431640625E-7,0
723622816016,1,0,103,0.0104217529296875,0.04119873046875,6.580352783203125E-5,0.001049041748046875,6.961822509765625E-5,0.013275146484375
649582370527,1,0,103,0.00521087646484375,0.0066070556640625,0.00109100341796875,8.907318115234375E-4,0.00110626220703125,0.00299072265625
1159185446711,0,0,103,0.0012569427490234375,0.00484466552734375,8.335113525390625E-4,0.0040283203125,8.592605590820312E-4,0.0095672607421875
1877909216639,1,0,200,0.00262451171875,0.00566864013671875,0.0017719268798828125,0.0080108642578125,0.001873016357421875,0.0179443359375
826463145456,1,0,103,0.1041259765625,0.03466796875,0.129638671875,0.00543975830078125,0.129638671875,0.05572509765625
862214044790,0,0,103,0.01019287109375,0.017608642578125,0.00481414794921875,7.009506225585938E-4,0.00481414794921875,0.001705169677734375
297829476018,2,0,360,0.0013027191162109375,0.009490966796875,0.00528717041015625,6.113052368164062E-4,0.0052947998046875,0.001392364501953125
1011349219269,0,0,0,0.00262451171875,0.00566864013671875,0,0,0,0
1346422758600,2,0,0,2.1266937255859375E-4,0.0026397705078125,8.58306884765625E-6,0,8.58306884765625E-6,0
671156704131,2,0,0,0.0088958740234375,0.0149688720703125,0.0066070556640625,0.001712799072265625,0.0080718994140625,0.0135040283203125
2474168873953,0,0,0,0.00262451171875,0.00566864013671875,0.001102447509765625,0.005615234375,0.0014438629150390625,0.015777587890625
1004341395863,0,0,0,0.00262451171875,0.00566864013671875,0,0,0,0
1090771842859,2,0,0,2.3555755615234375E-4,0.001773834228515625,7.62939453125E-6,0,7.62939453125E-6,0
1561872514317,0,0,0,0.00262451171875,0.00566864013671875,9.441375732421875E-5,0,9.441375732421875E-5,0
1494134845657,0,0,105,0.00650787353515625,0.003696441650390625,0.0017414093017578125,0.01068115234375,0.002307891845703125,0.01983642578125
0,3,1,200,0.0119171142578125,0.0457763671875,0.0083770751953125,0.01617431640625,0.008392333984375,0.0567626953125
2024333776583,2,0,0,2.4318695068359375E-4,0.0025634765625,7.62939453125E-5,2.70843505859375E-4,7.62939453125E-5,4.1484832763671875E-4
527385205521,3,1,200,0.009765625,0.06591796875,0.0016994476318359375,0.026397705078125,0.001705169677734375,0.04913330078125
723622816016,1,0,103,0.0104217529296875,0.04119873046875,6.580352783203125E-5,0.001049041748046875,6.961822509765625E-5,0.013275146484375
2082470881415,3,0,200,0.0029296875,0.024688720703125,9.784698486328125E-4,0.0322265625,0.0012874603271484375,0.09375
73804127265,2,0,103,0.00722503662109375,0.00717926025390625,0.00522613525390625,0.003765106201171875,0.0052337646484375,0.008453369140625
1729276668277,2,0,0,2.002716064453125E-4,0.0011272430419921875,9.250640869140625E-5,2.2029876708984375E-4,1.02996826171875E-4,6.465911865234375E-4
2473163710435,1,0,105,0.187744140625,0.00994873046875,5.731582641601562E-4,1.2493133544921875E-4,5.731582641601562E-4,2.7179718017578125E-4
565518683389,2,0,0,2.231597900390625E-4,0.002597808837890625,1.52587890625E-4,0.0017452239990234375,1.8310546875E-4,0.00485992431640625
1457053924814,0,0,105,0.00368499755859375,0.00662994384765625,0.0015354156494140625,2.0599365234375E-4,0.001605987548828125,0.001384735107421875
0,0,0,103,0.00243377685546875,0.00519561767578125,4.711151123046875E-4,1.239776611328125E-4,4.7206878662109375E-4,5.53131103515625E-4
723622816016,1,0,103,0.0104217529296875,0.04119873046875,6.580352783203125E-5,0.001049041748046875,6.961822509765625E-5,0.013275146484375
2603872517593,2,0,360,0.0013027191162109375,0.01629638671875,0.0150909423828125,0.04730224609375,0.0174560546875,0.14697265625
0,3,0,200,0.001953125,0.00405120849609375,0.0010986328125,5.779266357421875E-4,0.001102447509765625,0.003078460693359375
2578660241562,2,0,360,0.0013027191162109375,0.01947021484375,0.019989013671875,0.03814697265625,0.020477294921875,0.091796875
2454737634057,1,0,105,0.00572967529296875,0.00440216064453125,0.003894805908203125,3.2138824462890625E-4,0.0039215087890625,0.0059661865234375
168398937898,3,1,107,0.02618408203125,0.09716796875,0.0198974609375,7.915496826171875E-5,0.0198974609375,3.7288665771484375E-4
0,0,0,105,0.00650787353515625,0.00554656982421875,0.0015430450439453125,4.367828369140625E-4,0.00154876708984375,0.00345611572265625
1366833114258,2,0,360,0.0013027191162109375,0.0121612548828125,0.00450897216796875,0.003108978271484375,0.00461578369140625,0.0213623046875
1968615833463,0,0,0,0.003612518310546875,0.0081024169921875,6.771087646484375E-4,2.002716064453125E-4,6.7901611328125E-4,8.182525634765625E-4
1174284296786,1,0,200,0.00650787353515625,0.00113677978515625,9.5367431640625E-7,0,9.5367431640625E-7,0
265270957342,3,1,200,0.1019287109375,0.263671875,0.04718017578125,0.026763916015625,0.04718017578125,0.0499267578125
714461288469,0,0,107,0.003253936767578125,5.283355712890625E-4,0.001399993896484375,1.7547607421875E-4,0.001399993896484375,2.6798248291015625E-4
1506426065732,0,0,103,0.001270294189453125,0.0018482208251953125,9.822845458984375E-4,0.00109100341796875,9.8419189453125E-4,0.00438690185546875
0,0,0,0,0.003772735595703125,0.002201080322265625,0.0016155242919921875,0.0094451904296875,0.00164794921875,0.027679443359375
2302433287207,1,0,200,1.6498565673828125E-4,0,1.163482666015625E-4,1.64031982421875E-4,1.201629638671875E-4,0.0010547637939453125
0,2,0,205,3.1757354736328125E-4,0.0089263916015625,1.86920166015625E-4,2.651214599609375E-4,1.8787384033203125E-4,0.00150299072265625
0,0,0,0,0.00262451171875,0.00566864013671875,9.250640869140625E-5,0,9.250640869140625E-5,0
11713404933,3,1,200,0.009765625,0.06591796875,0.0016994476318359375,0.026397705078125,0.001705169677734375,0.04913330078125
1761755097276,1,0,200,0.00262451171875,0.00566864013671875,9.059906005859375E-5,1.239776611328125E-4,9.059906005859375E-5,3.261566162109375E-4
1398922585659,2,0,360,0.0013027191162109375,0.0117034912109375,0.00270843505859375,0.00244903564453125,0.00641632080078125,0.028045654296875
801666226518,0,0,0,0.00262451171875,0.00566864013671875,0,0,0,0
1654173465783,2,0,360,0.0013027191162109375,0.011077880859375,9.5367431640625E-7,0,9.5367431640625E-7,0
1362700325660,0,0,105,0.00276947021484375,0.0032196044921875,0.0017070770263671875,0.002437591552734375,0.002117156982421875,0.016265869140625
2420177775159,0,0,0,0.00262451171875,0.00566864013671875,0.002086639404296875,0.0047760009765625,0.0023345947265625,0.01190185546875
1612481603055,0,0,103,0.019561767578125,0.016632080078125,0.0106201171875,0.0140533447265625,0.0107421875,0.1103515625
2526945147203,1,0,200,0.00238037109375,0.0081024169921875,0.0014171600341796875,0.00348663330078125,0.0014667510986328125,0.028717041015625
2193227466507,1,0,200,0.00650787353515625,0.00113677978515625,6.999969482421875E-4,0.0019683837890625,7.59124755859375E-4,0.00555419921875
0,3,0,200,0.01336669921875,0.0089874267578125,8.707046508789062E-4,0.0045928955078125,8.878707885742188E-4,0.0124664306640625
1052490402082,0,0,107,0.0016727447509765625,0.002552032470703125,6.694793701171875E-4,6.4849853515625E-5,6.694793701171875E-4,2.5844573974609375E-4
1425327272717,2,0,360,0.0013027191162109375,0.0121612548828125,0.00450897216796875,0.003108978271484375,0.00461578369140625,0.0213623046875
1597264810560,0,0,0,0.00262451171875,0.00566864013671875,1.010894775390625E-4,0,1.010894775390625E-4,0
2603556139619,2,0,360,0.0013027191162109375,0.01947021484375,0.0097503662109375,0.0225830078125,0.016998291015625,0.101806640625
1450150971573,0,0,103,0.0052490234375,0.00643157958984375,0.00389862060546875,0.0099334716796875,0.0040130615234375,0.029205322265625
1345994060773,2,0,360,0.0013027191162109375,0.020172119140625,0.0186767578125,0.0338134765625,0.019287109375,0.1065673828125
1455485195853,0,0,105,0.00368499755859375,0.00662994384765625,0.0015354156494140625,2.0599365234375E-4,0.001605987548828125,0.001384735107421875
352362998175,2,0,0,2.13623046875E-4,0.0012416839599609375,9.250640869140625E-5,2.2029876708984375E-4,1.02996826171875E-4,6.465911865234375E-4
525587895935,1,0,119,0.0057373046875,0.0528564453125,0.0018291473388671875,0.0419921875,0.00252532958984375,0.1070556640625
1064218624478,2,0,360,0.0013027191162109375,0.020263671875,6.227493286132812E-4,6.494522094726562E-4,7.762908935546875E-4,0.0027008056640625
1661393455803,1,0,105,0.011016845703125,4.405975341796875E-4,8.96453857421875E-4,2.1839141845703125E-4,8.993148803710938E-4,7.944107055664062E-4
1069547738250,2,0,360,0.0013027191162109375,0.017333984375,0.00638580322265625,0.016082763671875,0.017059326171875,0.091552734375
567759387622,2,0,360,0.0013027191162109375,0.011077880859375,0.00588226318359375,0.0124664306640625,0.0095367431640625,0.044677734375
70290442908,2,0,0,2.32696533203125E-4,0.002025604248046875,1.1730194091796875E-4,1.2969970703125E-4,1.18255615234375E-4,3.39508056640625E-4
1972810921767,0,0,0,0.003612518310546875,0.0081024169921875,6.771087646484375E-4,2.002716064453125E-4,6.7901611328125E-4,8.182525634765625E-4
1506427103555,0,0,103,0.0012454986572265625,0.0018482208251953125,9.822845458984375E-4,0.00109100341796875,9.8419189453125E-4,0.00438690185546875
2511840361269,0,0,0,0.002605438232421875,0.0081024169921875,8.153915405273438E-4,0.009674072265625,9.307861328125E-4,0.033203125
2207878740219,2,0,0,1.9550323486328125E-4,0.001171112060546875,9.250640869140625E-5,2.2029876708984375E-4,1.02996826171875E-4,6.465911865234375E-4
531127156868,3,1,200,0.0130615234375,0.003238677978515625,0.0018558502197265625,2.288818359375E-4,0.001857757568359375,0.0015163421630859375
0,3,1,200,,,0.003108978271484375,0.00551605224609375,0.003116607666015625,0.017578125
652858246316,0,0,0,0.00262451171875,0.00566864013671875,3.8623809814453125E-4,3.7860870361328125E-4,9.374618530273438E-4,0.001178741455078125
399443591166,0,0,103,0.0084686279296875,0.03240966796875,0.00521087646484375,0.02899169921875,0.00547027587890625,0.0865478515625
1762169580632,0,0,103,0.002452850341796875,0.009368896484375,0.00135040283203125,0.008544921875,0.0019435882568359375,0.016632080078125
754880695741,2,0,360,0.0013027191162109375,0.016571044921875,5.53131103515625E-4,4.6634674072265625E-4,7.600784301757812E-4,0.0023956298828125
113684356037,2,0,25,3.3855438232421875E-4,0.002521514892578125,2.8324127197265625E-4,0.00141143798828125,3.01361083984375E-4,0.003871917724609375
2661040967923,1,0,103,0.00521087646484375,0.0066070556640625,0.0018596649169921875,0.0023651123046875,0.001888275146484375,0.0079803466796875
860019093940,0,0,0,0.00262451171875,0.00566864013671875,0,0,0,0
2111830645762,1,0,105,0.00521087646484375,0.0066070556640625,9.660720825195312E-4,4.3392181396484375E-4,9.72747802734375E-4,0.0016021728515625
814979551267,0,0,200,0.0011005401611328125,0.0032806396484375,0.00444793701171875,1.52587890625E-4,0.00444793701171875,6.170272827148438E-4
2166114542721,2,1,101,0.01116943359375,0.0117645263671875,0.0074310302734375,0.012451171875,0.01043701171875,0.09619140625
1794200626695,2,0,0,2.0885467529296875E-4,0.002246856689453125,8.58306884765625E-6,0,8.58306884765625E-6,0
40359598838,2,0,360,0.0013027191162109375,0.00247955322265625,0.0047760009765625,0.0059661865234375,0.00994873046875,0.05462646484375
1081973122217,2,0,103,0.0046539306640625,0.009490966796875,7.43865966796875E-5,0,7.62939453125E-5,0.0010013580322265625
0,3,0,200,0.003253936767578125,0.03521728515625,6.971359252929688E-4,8.344650268554688E-4,8.268356323242188E-4,0.0068206787109375
1100196686713,2,0,360,0.0013027191162109375,0.02001953125,0.0225830078125,0.04559326171875,0.02325439453125,0.10205078125
1437444498926,1,0,200,0.00521087646484375,0.013214111328125,1.9073486328125E-6,0,1.9073486328125E-6,0
696278263575,2,0,360,0.0013027191162109375,0.0117340087890625,3.1757354736328125E-4,0.0018672943115234375,5.359649658203125E-4,0.00717926025390625
1731575204541,2,0,0,2.5272369384765625E-4,0.00244903564453125,1.6498565673828125E-4,4.2724609375E-4,2.0503997802734375E-4,0.0015964508056640625
876746534197,1,0,103,0.00521087646484375,0.0066070556640625,0.00115966796875,4.00543212890625E-4,0.0011615753173828125,0.001201629638671875
1220400639957,1,0,117,0.0014705657958984375,0.0081024169921875,0.001232147216796875,0.0085601806640625,0.00147247314453125,0.018402099609375
1087230030707,0,0,0,0.0078125,0.0081024169921875,6.456375122070312E-4,0.001941680908203125,0.0011272430419921875,0.022064208984375
723622816016,1,0,103,0.0104217529296875,0.04119873046875,6.580352783203125E-5,0.001049041748046875,6.961822509765625E-5,0.013275146484375
2178019516190,1,0,105,0.00521087646484375,0.0066070556640625,9.660720825195312E-4,4.3392181396484375E-4,9.72747802734375E-4,0.0016021728515625
1476670248349,0,0,103,0.004638671875,0.0294189453125,9.72747802734375E-5,0,9.72747802734375E-5,0
0,3,0,200,0.026031494140625,0.1376953125,9.412765502929688E-4,0.005035400390625,9.489059448242188E-4,0.0073394775390625
1456835573296,0,0,105,0.00368499755859375,0.00662994384765625,0.0015354156494140625,2.0599365234375E-4,0.001605987548828125,0.001384735107421875
1457719069438,0,0,105,0.00368499755859375,0.00662994384765625,0.0015354156494140625,2.0599365234375E-4,0.001605987548828125,0.001384735107421875
1651224881662,2,1,101,0.01116943359375,0.011566162109375,0.0074310302734375,0.012451171875,0.01043701171875,0.09619140625
0,1,0,200,0.0012912750244140625,0.002201080322265625,1.2969970703125E-4,1.52587890625E-4,1.33514404296875E-4,0.0010814666748046875
1267848374957,2,0,103,0.0128326416015625,0.01214599609375,0.006103515625,0.00125885009765625,0.0061798095703125,0.0662841796875
1049260796521,2,0,360,0.0013027191162109375,0.02001953125,0.00569915771484375,0.017669677734375,0.007965087890625,0.0672607421875
20143561652,2,0,360,0.0013027191162109375,0.00533294677734375,0.0021209716796875,3.1566619873046875E-4,0.0021209716796875,0.0012454986572265625
1970731944347,0,0,0,0.003612518310546875,0.0081024169921875,6.771087646484375E-4,2.002716064453125E-4,6.7901611328125E-4,8.182525634765625E-4
825449532347,2,0,360,0.0013027191162109375,0.0111541748046875,0.00528717041015625,6.113052368164062E-4,0.0052947998046875,0.001392364501953125
841606420037,0,0,200,8.554458618164062E-4,0.0014972686767578125,0.0013027191162109375,1.7452239990234375E-4,0.00130462646484375,7.162094116210938E-4
713650218656,2,0,200,0.00390625,0.00405120849609375,0.00164794921875,0.001491546630859375,0.00262451171875,0.01092529296875
1648095676369,1,0,200,0.00521087646484375,0.013214111328125,0.003032684326171875,0.0040130615234375,0.00347137451171875,0.0250244140625
1454585548901,0,0,105,0.00368499755859375,0.00662994384765625,0.0015354156494140625,2.0599365234375E-4,0.001605987548828125,0.001384735107421875
1970751312811,0,0,0,0.003612518310546875,0.0081024169921875,6.961822509765625E-4,1.5163421630859375E-4,6.98089599609375E-4,9.65118408203125E-4
0,1,0,200,1.6498565673828125E-4,0,1.2683868408203125E-4,7.915496826171875E-5,1.3065338134765625E-4,7.963180541992188E-4
723622816016,1,0,103,0.0104217529296875,0.04119873046875,6.580352783203125E-5,0.001049041748046875,6.961822509765625E-5,0.013275146484375
2199452245483,1,0,200,0.00650787353515625,0.00113677978515625,6.999969482421875E-4,0.0019683837890625,7.59124755859375E-4,0.00555419921875
1905908135589,3,1,200,0.009765625,0.06591796875,0.0016994476318359375,0.026397705078125,0.001705169677734375,0.04913330078125
0,1,0,105,0.00521087646484375,0.0066070556640625,0.001064300537109375,3.1757354736328125E-4,0.0010662078857421875,0.001064300537109375
2531110734808,1,0,119,0.00530242919921875,0.0528564453125,0.003875732421875,0.0213623046875,0.0050201416015625,0.0614013671875
1325312413375,1,0,103,0.00521087646484375,0.0066070556640625,0.00115966796875,4.00543212890625E-4,0.0011615753173828125,0.001201629638671875
0,1,0,200,1.6498565673828125E-4,0,1.430511474609375E-4,1.8405914306640625E-4,1.4400482177734375E-4,0.001251220703125
539846390476,1,0,105,0.0142822265625,0.0049285888671875,0.00475311279296875,0.0042724609375,0.00550079345703125,0.02374267578125
784878151213,0,0,103,0.0052490234375,0.00395965576171875,0.00481414794921875,0.0089874267578125,0.00481414794921875,0.019775390625
1241981261234,3,0,200,0.0123748779296875,0.00405120849609375,5.14984130859375E-5,0,5.14984130859375E-5,0
0,1,0,200,8.73565673828125E-4,7.925033569335938E-4,1.163482666015625E-4,1.64031982421875E-4,1.201629638671875E-4,0.0010547637939453125
2481357818729,0,0,0,0.00262451171875,0.00566864013671875,3.39508056640625E-4,4.00543212890625E-4,7.74383544921875E-4,0.0012378692626953125
0,2,0,200,0.002468109130859375,0.0198974609375,2.689361572265625E-4,2.765655517578125E-4,2.8133392333984375E-4,7.36236572265625E-4
37056199905,2,0,360,0.0013027191162109375,0.0040740966796875,0.00583648681640625,3.814697265625E-4,0.006072998046875,0.0011043548583984375
2462176511353,0,0,0,0.00262451171875,0.00566864013671875,3.39508056640625E-4,4.00543212890625E-4,7.74383544921875E-4,0.0012378692626953125
2569114649519,0,0,0,0.00262451171875,0.00566864013671875,9.059906005859375E-5,7.152557373046875E-5,9.250640869140625E-5,2.86102294921875E-4
881922404718,0,0,0,0.00262451171875,0.00566864013671875,0,0,0,0
2426003655566,2,0,215,0.003253936767578125,0.011688232421875,1.0776519775390625E-4,0.0136566162109375,1.1730194091796875E-4,0.0894775390625
1456915140749,0,0,105,0.0041961669921875,0.00662994384765625,0.0015354156494140625,2.0599365234375E-4,0.001605987548828125,0.001384735107421875
1093584001151,2,0,0,2.1648406982421875E-4,0.002597808837890625,1.52587890625E-4,0.0017452239990234375,1.8310546875E-4,0.00485992431640625
0,2,0,200,0.0416259765625,0.0704345703125,0.03466796875,0.04541015625,0.03521728515625,0.07861328125
489167893314,1,0,200,0.00650787353515625,0.00113677978515625,9.5367431640625E-7,0,9.5367431640625E-7,0
0,3,1,200,0.0106048583984375,0.015411376953125,0.0066070556640625,0.00562286376953125,0.0066375732421875,0.020599365234375
248270919329,2,0,200,0.003253936767578125,0.0066070556640625,0.00102996826171875,0.0042266845703125,0.001064300537109375,0.0154876708984375
756006146928,0,1,200,0.003509521484375,0.00704193115234375,0.0012149810791015625,0.00229644775390625,0.001247406005859375,0.03887939453125
1454706712299,0,0,105,0.00368499755859375,0.00662994384765625,0.0015354156494140625,2.0599365234375E-4,0.001605987548828125,0.001384735107421875
767399294636,0,0,103,0.003704071044921875,0.002552032470703125,9.5367431640625E-7,0,9.5367431640625E-7,0
476428369764,1,1,103,0.0711669921875,0.01629638671875,0.00335693359375,0.00490570068359375,0.00337982177734375,0.03106689453125
85947681790,2,0,360,0.0013027191162109375,0.00440216064453125,0.00457763671875,0.00759124755859375,0.0097808837890625,0.04205322265625
748845348445,2,0,360,0.0013027191162109375,0.0194091796875,0.0107879638671875,0.01959228515625,0.0129241943359375,0.053955078125
796096908290,0,0,0,0.00262451171875,0.00566864013671875,0,0,0,0
929883506066,1,0,200,0.00650787353515625,0.00113677978515625,9.5367431640625E-7,0,9.5367431640625E-7,0
988699903333,0,0,0,0.00262451171875,0.00566864013671875,0,0,0,0
2606902777578,0,0,103,0.016632080078125,0.12548828125,0.00757598876953125,0.0462646484375,0.00768280029296875,0.0994873046875
0,0,0,0,0.00262451171875,0.00566864013671875,9.3841552734375E-4,0.00165557861328125,0.001506805419921875,0.01824951171875
714568473597,0,0,107,0.003253936767578125,5.283355712890625E-4,0.001399993896484375,1.7547607421875E-4,0.001399993896484375,2.6798248291015625E-4
2354722896446,0,0,118,0.00650787353515625,0.01214599609375,0.003009796142578125,0.0079803466796875,0.003795623779296875,0.02508544921875
1673473720068,1,0,200,0.0094757080078125,4.405975341796875E-4,0.0087127685546875,1.56402587890625E-4,0.0087127685546875,8.792877197265625E-4
1661976276441,1,0,105,0.011016845703125,4.405975341796875E-4,8.96453857421875E-4,2.1839141845703125E-4,8.993148803710938E-4,7.944107055664062E-4
2350051511766,3,0,200,0.00444793701171875,0.029052734375,0.0040130615234375,9.145736694335938E-4,0.0040130615234375,0.002452850341796875
1675608082330,2,0,0,2.1076202392578125E-4,0.002105712890625,1.049041748046875E-5,1.8405914306640625E-4,1.1444091796875E-5,7.343292236328125E-4
2599020775780,2,0,360,0.0013027191162109375,0.01568603515625,7.295608520507812E-4,1.6307830810546875E-4,7.305145263671875E-4,8.459091186523438E-4
145996075297,1,0,200,0.0130157470703125,0,9.5367431640625E-7,0,9.5367431640625E-7,0
2277070780529,0,0,0,0.00262451171875,0.00566864013671875,0.002155303955078125,0.00711822509765625,0.00220489501953125,0.015472412109375
1019669674349,2,0,360,0.0013027191162109375,0.02239990234375,0.011505126953125,0.0296630859375,0.0117340087890625,0.0653076171875
1081968250415,0,0,107,0.0016155242919921875,0.00395965576171875,3.337860107421875E-5,1.6689300537109375E-4,3.337860107421875E-5,0.0012664794921875
2327128951279,2,0,0,2.9277801513671875E-4,0.0025634765625,7.62939453125E-5,2.70843505859375E-4,7.62939453125E-5,4.1484832763671875E-4
539846390476,1,0,105,0.0142822265625,0.0049285888671875,0.00475311279296875,0.0042724609375,0.00550079345703125,0.02374267578125
0,3,1,200,0.0034332275390625,0.01629638671875,0.00485992431640625,0.008056640625,0.0048828125,0.02252197265625
2297057744461,0,1,116,0.0088653564453125,0.01629638671875,0.002498626708984375,6.90460205078125E-4,0.0025177001953125,0.0095672607421875
49797105879,1,0,200,0.00650787353515625,0.00113677978515625,9.5367431640625E-7,0,9.5367431640625E-7,0
2251549427580,1,1,118,0.26318359375,0.5830078125,0.220458984375,0.4990234375,0.2216796875,1.15234375
1993824043597,0,0,0,0.003612518310546875,0.0081024169921875,6.961822509765625E-4,1.5163421630859375E-4,6.98089599609375E-4,9.65118408203125E-4
1455574459425,0,0,105,0.00368499755859375,0.00662994384765625,0.0015354156494140625,2.0599365234375E-4,0.001605987548828125,0.001384735107421875
194009964335,2,0,0,2.2792816162109375E-4,0.00260162353515625,1.52587890625E-4,0.0017452239990234375,1.8310546875E-4,0.00485992431640625
2189837157679,2,0,0,3.3092498779296875E-4,0.0025634765625,1.6498565673828125E-4,4.2724609375E-4,2.0503997802734375E-4,0.0015964508056640625
272304826399,1,0,200,8.068084716796875E-4,0.00748443603515625,6.971359252929688E-4,1.4495849609375E-4,6.971359252929688E-4,5.054473876953125E-4
660582951469,1,0,103,0.00315093994140625,8.802413940429688E-4,6.67572021484375E-4,3.4046173095703125E-4,7.123947143554688E-4,0.001796722412109375
2433219287495,0,0,0,0.00262451171875,0.00566864013671875,3.39508056640625E-4,4.00543212890625E-4,7.74383544921875E-4,0.0012378692626953125
522651700813,1,1,103,0.0653076171875,0.0179443359375,0.00335693359375,0.00490570068359375,0.00337982177734375,0.03106689453125
1449212640293,2,0,103,0.0097503662109375,2.2029876708984375E-4,0.009033203125,7.05718994140625E-5,0.009033203125,5.550384521484375E-4
2073978098699,2,0,0,2.9754638671875E-4,0.0025634765625,7.62939453125E-5,2.70843505859375E-4,7.62939453125E-5,4.1484832763671875E-4
471868532598,1,1,103,0.0369873046875,0.01629638671875,0.00335693359375,0.00490570068359375,0.00337982177734375,0.03106689453125
1456635206669,0,0,105,0.00368499755859375,0.00662994384765625,0.0015354156494140625,2.0599365234375E-4,0.001605987548828125,0.001384735107421875
200668722354,1,0,200,0.00650787353515625,0.00113677978515625,6.999969482421875E-4,0.0019683837890625,7.59124755859375E-4,0.00555419921875
1707837354107,0,0,0,0.0056915283203125,0.0153961181640625,6.59942626953125E-4,2.3174285888671875E-4,6.618499755859375E-4,0.001003265380859375
2661261926792,2,0,360,0.0013027191162109375,0.008209228515625,0.00467681884765625,0.0011806488037109375,0.00556182861328125,0.00848388671875
1087135578400,0,0,0,0.00182342529296875,0.0081024169921875,1.7642974853515625E-4,3.2901763916015625E-4,3.833770751953125E-4,9.126663208007812E-4
2473163710435,1,0,105,0.187744140625,0.00994873046875,5.731582641601562E-4,1.2493133544921875E-4,5.731582641601562E-4,2.7179718017578125E-4
545503503217,1,0,105,0.017242431640625,0.00598907470703125,0.00475311279296875,0.0042724609375,0.00550079345703125,0.02374267578125
2176169984606,2,0,0,3.1185150146484375E-4,0.0025634765625,7.62939453125E-5,2.70843505859375E-4,7.62939453125E-5,4.1484832763671875E-4
1406094124653,0,0,103,0.0058135986328125,0.0401611328125,0.003246307373046875,0.049072265625,0.00411224365234375,0.1221923828125
1279630046424,0,0,0,0.00182342529296875,0.0081024169921875,0.0010528564453125,0.0048828125,0.00147247314453125,0.025299072265625
1507961413829,0,0,103,0.0012454986572265625,0.0018482208251953125,9.822845458984375E-4,0.00109100341796875,9.8419189453125E-4,0.00438690185546875
68341117610,0,0,0,0.00262451171875,0.00566864013671875,7.62939453125E-4,5.321502685546875E-4,7.638931274414062E-4,0.001468658447265625
1397214754647,1,0,200,0.00521087646484375,0.013214111328125,0.003032684326171875,0.0040130615234375,0.00347137451171875,0.0250244140625
2000096375070,0,0,0,0.003612518310546875,0.0081024169921875,6.771087646484375E-4,2.002716064453125E-4,6.7901611328125E-4,8.182525634765625E-4
1984351023687,0,0,0,0.003612518310546875,0.0081024169921875,6.771087646484375E-4,2.002716064453125E-4,6.7901611328125E-4,8.182525634765625E-4
1044435862639,2,0,0,1.9741058349609375E-4,0.00106048583984375,9.250640869140625E-5,2.2029876708984375E-4,1.02996826171875E-4,6.465911865234375E-4
1456695872533,0,0,105,0.0041961669921875,0.00662994384765625,0.0015354156494140625,2.0599365234375E-4,0.001605987548828125,0.001384735107421875
982309161698,0,0,0,0.00262451171875,0.00566864013671875,0,0,0,0
1458394275485,0,0,105,0.00368499755859375,0.00662994384765625,0.0015354156494140625,2.0599365234375E-4,0.001605987548828125,0.001384735107421875
671851988852,1,1,101,0.003368377685546875,0.0316162109375,0.002593994140625,0.029388427734375,,
56361320686,0,0,0,0.003582000732421875,0.0081024169921875,0.0010242462158203125,0.00728607177734375,0.0010700225830078125,0.01702880859375
2001717235646,0,1,116,0.025665283203125,0.01873779296875,0.002777099609375,0.0143280029296875,0.00278472900390625,0.066162109375
1993889725463,0,0,0,0.003612518310546875,0.0081024169921875,6.771087646484375E-4,2.002716064453125E-4,6.7901611328125E-4,8.182525634765625E-4
1108147080736,2,0,360,0.0013027191162109375,0.020172119140625,0.008880615234375,0.01959228515625,0.010040283203125,0.0521240234375
2531869016524,1,0,117,0.0015621185302734375,0.00566864013671875,0.001415252685546875,0.00909423828125,0.001636505126953125,0.02972412109375
1026440982786,0,0,103,0.00191497802734375,0.008636474609375,0.001537322998046875,0.00606536865234375,0.0015621185302734375,0.018310546875
0,3,0,200,0.00707244873046875,0.017333984375,6.799697875976562E-4,0.00527191162109375,6.82830810546875E-4,0.0106658935546875
0,3,1,200,0.01458740234375,0.01708984375,0.0046539306640625,0.00588226318359375,,
784299886473,3,0,200,0.0130157470703125,0.03240966796875,0.0038604736328125,0.0081634521484375,0.003894805908203125,0.059326171875
1312644034764,0,0,103,0.00580596923828125,0.0401611328125,0.00414276123046875,0.026824951171875,0.00445556640625,0.0982666015625
1612482658949,0,0,103,0.019561767578125,0.016632080078125,0.0106201171875,0.0140533447265625,0.0107421875,0.1103515625
2027615481798,1,0,117,0.0056915283203125,0.0153961181640625,0.0016880035400390625,0.0046234130859375,0.0016918182373046875,0.0085601806640625
385349596394,0,0,0,0.00390625,0.016204833984375,6.818771362304688E-4,0.0089111328125,6.999969482421875E-4,0.020416259765625
1661993250155,1,0,105,0.011016845703125,4.405975341796875E-4,8.96453857421875E-4,2.1839141845703125E-4,8.993148803710938E-4,7.944107055664062E-4
0,3,0,200,0.002239227294921875,0.0017604827880859375,0.019287109375,0.0154876708984375,0.019317626953125,0.1004638671875
538462286808,1,0,105,0.00521087646484375,0.0066070556640625,9.660720825195312E-4,4.3392181396484375E-4,9.72747802734375E-4,0.0016021728515625
1454577535730,0,0,105,0.00368499755859375,0.00662994384765625,0.0015354156494140625,2.0599365234375E-4,0.001605987548828125,0.001384735107421875
0,1,0,116,0.00650787353515625,0.013214111328125,0.001983642578125,0.00774383544921875,0.001987457275390625,0.0235595703125
1680752290716,1,0,200,0.0094757080078125,5.283355712890625E-4,0.0087127685546875,1.56402587890625E-4,0.0087127685546875,8.792877197265625E-4
1393643371759,2,0,0,1.79290771484375E-4,0.00202178955078125,1.3065338134765625E-4,3.0994415283203125E-4,1.373291015625E-4,0.00144195556640625
2331150204424,3,1,200,0.002857208251953125,0.016204833984375,0.0012569427490234375,7.62939453125E-5,0.00125885009765625,2.651214599609375E-4
405344770606,1,0,103,0.004364013671875,0.002288818359375,0.00225830078125,6.67572021484375E-4,0.002300262451171875,0.0067901611328125
1991760751646,0,0,0,0.003612518310546875,0.0081024169921875,6.771087646484375E-4,2.002716064453125E-4,6.7901611328125E-4,8.182525634765625E-4
0,1,0,200,0.0151214599609375,0.019378662109375,1.8024444580078125E-4,1.64031982421875E-4,2.002716064453125E-4,0.0010890960693359375
0,0,0,0,0.00390625,0.0141754150390625,0.001190185546875,4.062652587890625E-4,0.0011997222900390625,0.001674652099609375
1115279265709,2,0,360,0.0013027191162109375,0.020172119140625,0.008880615234375,0.01959228515625,0.010040283203125,0.0521240234375
1053542671840,0,0,0,0.00262451171875,0.00566864013671875,0,0,0,0
1274127973870,0,0,0,0.00182342529296875,0.0081024169921875,0.0010528564453125,0.0048828125,0.00147247314453125,0.025299072265625
0,3,1,200,0.04156494140625,0.030364990234375,0.030914306640625,0.0058746337890625,0.031097412109375,0.041748046875
1754286721791,2,0,0,2.0885467529296875E-4,0.002246856689453125,8.58306884765625E-6,0,8.58306884765625E-6,0
0,0,0,0,0.00262451171875,0.00566864013671875,8.88824462890625E-4,0.003376007080078125,0.001064300537109375,0.0087738037109375
2354709239364,0,0,118,0.00650787353515625,0.01214599609375,0.003009796142578125,0.0079803466796875,0.003795623779296875,0.02508544921875
2354732677324,0,0,118,0.00650787353515625,0.01214599609375,0.003009796142578125,0.0079803466796875,0.003795623779296875,0.02508544921875
723622816016,1,0,103,0.0104217529296875,0.04119873046875,6.580352783203125E-5,0.001049041748046875,6.961822509765625E-5,0.013275146484375
1522333213319,2,0,0,2.25067138671875E-4,0.0018711090087890625,1.1730194091796875E-4,1.2969970703125E-4,1.18255615234375E-4,3.39508056640625E-4
0,1,0,117,0.0015621185302734375,0.00566864013671875,9.42230224609375E-4,0.002429962158203125,0.0012607574462890625,0.017913818359375
0,3,0,200,0.0015964508056640625,0.0019378662109375,0.0019092559814453125,0.00376129150390625,0.001918792724609375,0.0135955810546875
46737852017,2,0,360,0.0013027191162109375,0.0091552734375,0.01312255859375,0.0106201171875,0.014556884765625,0.0716552734375
1494044945246,0,0,105,0.00650787353515625,0.003696441650390625,0.0017414093017578125,0.01068115234375,0.002307891845703125,0.01983642578125
1744447286408,0,0,103,0.00247955322265625,0.009368896484375,5.168914794921875E-4,0.00470733642578125,7.51495361328125E-4,0.010589599609375
296066697739,1,0,105,0.016693115234375,0.0089874267578125,0.00567626953125,0.0088348388671875,0.00567626953125,0.020294189453125
2364537492425,0,0,103,0.0018482208251953125,0.005462646484375,2.384185791015625E-5,1.5735626220703125E-4,2.47955322265625E-5,6.29425048828125E-4
96940847483,0,0,0,0.00262451171875,0.00566864013671875,7.62939453125E-4,5.321502685546875E-4,7.638931274414062E-4,0.001468658447265625
1812505596565,0,0,0,0.00262451171875,0.00566864013671875,0.0015277862548828125,0.0080413818359375,0.00160980224609375,0.033447265625
0,2,0,200,0.0014705657958984375,0.0081024169921875,2.689361572265625E-4,5.064010620117188E-4,3.032684326171875E-4,0.00244140625
1370686573949,1,0,103,0.1041259765625,0.03466796875,0.129638671875,0.00543975830078125,0.129638671875,0.05572509765625
700210877474,1,0,103,0.00521087646484375,0.0066070556640625,0.0018596649169921875,0.0023651123046875,0.001888275146484375,0.0079803466796875
0,3,0,200,0.0149383544921875,0.00290679931640625,0.0019092559814453125,0.00376129150390625,0.001918792724609375,0.0135955810546875
252655015812,2,0,103,0.0097503662109375,2.2029876708984375E-4,0.00273895263671875,5.321502685546875E-4,0.0059814453125,0.00392913818359375
1454577323596,0,0,105,0.00368499755859375,0.00662994384765625,0.0015354156494140625,2.0599365234375E-4,0.001605987548828125,0.001384735107421875
1655613154977,1,0,105,0.011016845703125,4.405975341796875E-4,8.96453857421875E-4,2.1839141845703125E-4,8.993148803710938E-4,7.944107055664062E-4
269801706846,1,0,103,0.0011844635009765625,0.0011444091796875,9.336471557617188E-4,3.528594970703125E-4,9.355545043945312E-4,0.0018463134765625
2320964556455,2,1,101,0.027435302734375,0.021331787109375,0.008941650390625,0.02386474609375,0.009735107421875,0.0404052734375
1073745412743,2,1,360,0.0390625,0.0823974609375,0.027008056640625,0.074462890625,0.02728271484375,0.1640625
1639460317168,2,0,0,2.7179718017578125E-4,0.002620697021484375,7.62939453125E-5,2.70843505859375E-4,7.62939453125E-5,4.1484832763671875E-4
2635537128554,0,0,0,0.00262451171875,0.00566864013671875,0.00125885009765625,0.00508880615234375,0.0014705657958984375,0.01788330078125
746804598161,0,0,103,0.002979278564453125,0.00440216064453125,6.160736083984375E-4,1.3256072998046875E-4,6.170272827148438E-4,5.207061767578125E-4
2059073960959,2,0,0,2.2602081298828125E-4,0.002468109130859375,1.52587890625E-4,0.0017452239990234375,1.8310546875E-4,0.00485992431640625
54142974560,1,0,200,0.00650787353515625,0.00113677978515625,9.5367431640625E-7,0,9.5367431640625E-7,0
19073157173,2,0,360,0.0013027191162109375,0.01593017578125,0.0076751708984375,0.0233154296875,0.0087738037109375,0.080810546875
455357061143,1,0,0,0.00342559814453125,0.002025604248046875,6.44683837890625E-4,0.0015506744384765625,6.761550903320312E-4,0.0035858154296875
2101506011509,1,0,117,0.0014705657958984375,0.0081024169921875,7.20977783203125E-4,3.01361083984375E-4,7.219314575195312E-4,0.0012416839599609375
1419613229395,1,0,103,0.012176513671875,0.00211334228515625,0.001331329345703125,2.2792816162109375E-4,0.001331329345703125,0.0013427734375
1153890276575,1,0,103,0.00521087646484375,0.0066070556640625,0.00109100341796875,8.907318115234375E-4,0.00110626220703125,0.00299072265625
2488299046112,2,0,205,3.1757354736328125E-4,0.00823974609375,2.2029876708984375E-4,2.956390380859375E-4,2.269744873046875E-4,0.003047943115234375
1507960922172,0,0,103,0.001270294189453125,0.0018482208251953125,9.822845458984375E-4,0.00109100341796875,9.8419189453125E-4,0.00438690185546875
897435498254,2,0,0,1.9550323486328125E-4,0.0010128021240234375,9.250640869140625E-5,2.2029876708984375E-4,1.02996826171875E-4,6.465911865234375E-4
230938166655,0,0,103,0.00667572021484375,0.03326416015625,0.00357818603515625,0.04876708984375,0.003688812255859375,0.05963134765625
0,2,0,103,0.00206756591796875,0.026947021484375,0.004608154296875,0.022430419921875,0.0046844482421875,0.0638427734375
1506359527815,0,0,103,0.0012454986572265625,0.0018482208251953125,9.822845458984375E-4,0.00109100341796875,9.8419189453125E-4,0.00438690185546875
2633738244189,2,0,0,1.9168853759765625E-4,0.0015010833740234375,1.125335693359375E-4,9.632110595703125E-5,1.1348724365234375E-4,1.4972686767578125E-4
102848828266,2,0,360,0.0013027191162109375,0.009124755859375,0.01971435546875,0.0191650390625,0.020050048828125,0.0386962890625
803232580884,2,0,0,2.231597900390625E-4,0.002597808837890625,1.52587890625E-4,0.0017452239990234375,1.8310546875E-4,0.00485992431640625
399443710256,0,0,103,0.0084686279296875,0.03240966796875,0.00521087646484375,0.02899169921875,0.00547027587890625,0.0865478515625
2331150205234,3,1,200,0.002857208251953125,0.016204833984375,0.0012569427490234375,7.62939453125E-5,0.00125885009765625,2.651214599609375E-4
1456783293894,0,0,105,0.00368499755859375,0.00662994384765625,0.0015354156494140625,2.0599365234375E-4,0.001605987548828125,0.001384735107421875
855563179238,0,0,0,0.00262451171875,0.00566864013671875,0,0,0,0
1696065613462,1,0,200,0.00521087646484375,0.013214111328125,0.003032684326171875,0.0040130615234375,0.00347137451171875,0.0250244140625
1116314046420,2,0,360,0.0013027191162109375,0.02001953125,0.00569915771484375,0.017669677734375,0.007965087890625,0.0672607421875
0,1,0,117,0.0014705657958984375,0.0081024169921875,0.001384735107421875,0.011138916015625,0.0015010833740234375,0.03448486328125
2244544966438,3,1,200,0.002857208251953125,0.016204833984375,0.001239776611328125,1.9168853759765625E-4,0.001270294189453125,0.0109100341796875
160933912560,1,0,103,0.00521087646484375,0.0066070556640625,0.0018596649169921875,0.0023651123046875,0.001888275146484375,0.0079803466796875
1075431768175,0,0,107,0.0016155242919921875,0.00395965576171875,0.001636505126953125,0.00687408447265625,0.0016460418701171875,0.0114593505859375
1882636731943,0,0,0,0.00262451171875,0.00566864013671875,1.010894775390625E-4,0,1.010894775390625E-4,0
1921217237142,2,0,360,0.0013027191162109375,0.0112762451171875,0.0053558349609375,0.0121307373046875,0.006103515625,0.03741455078125
841606299227,0,0,200,8.554458618164062E-4,0.0014972686767578125,0.0013027191162109375,1.7452239990234375E-4,0.00130462646484375,7.162094116210938E-4
1837911241870,2,0,360,0.0013027191162109375,0.011077880859375,9.5367431640625E-7,0,9.5367431640625E-7,0
1084496622914,2,0,360,0.0013027191162109375,0.020050048828125,0.00421142578125,0.003536224365234375,0.008697509765625,0.03851318359375
1207606794577,2,0,360,0.0013027191162109375,0.01922607421875,0.008544921875,0.011993408203125,0.0128631591796875,0.072021484375
2432711933377,0,0,103,0.0148773193359375,0.023406982421875,6.9427490234375E-4,0.0044708251953125,0.003147125244140625,0.1142578125
335157923895,0,0,0,8.974075317382812E-4,0,5.521774291992188E-4,9.918212890625E-5,5.540847778320312E-4,4.5680999755859375E-4
442010284155,0,1,116,0.00362396240234375,0.01629638671875,0.002521514892578125,0.0203857421875,0.002529144287109375,0.04345703125
841606779242,0,0,200,8.554458618164062E-4,0.0014972686767578125,0.0013027191162109375,1.7452239990234375E-4,0.00130462646484375,7.162094116210938E-4
1677433935812,1,0,200,0.0094757080078125,4.405975341796875E-4,0.001407623291015625,1.544952392578125E-4,0.0014095306396484375,5.044937133789062E-4
33623336517,2,0,360,0.0013027191162109375,0.0092620849609375,5.91278076171875E-4,1.087188720703125E-4,5.922317504882812E-4,2.17437744140625E-4
1063488197863,2,0,360,0.0013027191162109375,0.01763916015625,0.0010356903076171875,0.0012569427490234375,0.008514404296875,0.0096435546875
1462434307299,2,0,0,2.117156982421875E-4,0.00223541259765625,1.52587890625E-4,0.0017452239990234375,1.8310546875E-4,0.00485992431640625
2340922876712,2,0,0,1.926422119140625E-4,0.001171112060546875,1.0585784912109375E-4,1.6307830810546875E-4,1.10626220703125E-4,5.388259887695312E-4
2178774744282,2,0,360,0.0013027191162109375,0.015838623046875,0.013336181640625,0.0157470703125,0.013458251953125,0.0889892578125
1447748690503,3,0,200,0.0020751953125,0.0016193389892578125,6.313323974609375E-4,4.4536590576171875E-4,6.322860717773438E-4,0.00131988525390625
723622816016,1,0,103,0.0104217529296875,0.04119873046875,6.580352783203125E-5,0.001049041748046875,6.961822509765625E-5,0.013275146484375
442010283438,0,1,116,0.00362396240234375,0.01629638671875,0.002521514892578125,0.0203857421875,0.002529144287109375,0.04345703125
1428213720846,1,0,117,0.0015621185302734375,0.00566864013671875,7.257461547851562E-4,2.4890899658203125E-4,7.276535034179688E-4,8.497238159179688E-4
480550169970,0,0,103,0.015777587890625,0.0155792236328125,0.007537841796875,1.7833709716796875E-4,0.007537841796875,6.29425048828125E-4
2384659431819,2,0,360,0.0013027191162109375,0.022247314453125,9.5367431640625E-7,0,9.5367431640625E-7,0
2032315637864,0,0,0,0.003612518310546875,0.0081024169921875,2.231597900390625E-4,5.245208740234375E-5,2.384185791015625E-4,2.7179718017578125E-4
0,3,0,200,0.0013027191162109375,0.013214111328125,0.0011196136474609375,0.00405120849609375,0.0011348724365234375,0.008148193359375
2016859655214,2,0,103,0.0015621185302734375,0.0016193389892578125,0.0016040802001953125,0.0013179779052734375,0.001605987548828125,0.0040283203125
1566652270897,0,0,103,0.00101470947265625,0.0027313232421875,4.7779083251953125E-4,0.0016155242919921875,7.162094116210938E-4,0.00713348388671875
99213668442,2,0,360,0.0013027191162109375,0.013519287109375,3.5381317138671875E-4,3.2901763916015625E-4,5.559921264648438E-4,8.974075317382812E-4
321932747370,3,0,200,0.0100860595703125,0.0272216796875,0.00958251953125,0.011260986328125,0.009613037109375,0.03131103515625
0,0,0,103,0.0013027191162109375,0.019500732421875,4.482269287109375E-4,1.0204315185546875E-4,4.4918060302734375E-4,5.970001220703125E-4
28741292820,2,0,360,0.0013027191162109375,0.003082275390625,0.00467681884765625,0.0011806488037109375,0.00556182861328125,0.00848388671875
1970671422721,0,0,0,0.003612518310546875,0.0081024169921875,6.771087646484375E-4,2.002716064453125E-4,6.7901611328125E-4,8.182525634765625E-4
2029440165215,1,0,103,0.019989013671875,0.00678253173828125,0.001163482666015625,0.00469207763671875,0.001461029052734375,0.017669677734375
126351101584,3,1,105,0.005828857421875,0.01055908203125,0.0016155242919921875,6.98089599609375E-4,,
113330361357,3,1,200,0.009765625,0.1318359375,0.0015354156494140625,0.024139404296875,0.0015411376953125,0.0546875
1765120008441,0,0,103,0.002452850341796875,0.009368896484375,0.00135040283203125,0.008544921875,0.0019435882568359375,0.016632080078125
592031832882,2,0,0,1.94549560546875E-4,0.0012416839599609375,9.250640869140625E-5,2.2029876708984375E-4,1.02996826171875E-4,6.465911865234375E-4
0,1,0,117,0.0015621185302734375,0.00566864013671875,0.001316070556640625,0.0042572021484375,0.0016536712646484375,0.012481689453125
992710106638,2,0,205,3.1757354736328125E-4,0.00823974609375,1.7642974853515625E-4,2.002716064453125E-4,1.8024444580078125E-4,0.0014324188232421875
0,1,0,117,0.002445220947265625,8.096694946289062E-4,0.0010967254638671875,0.00421142578125,0.00135040283203125,0.0179443359375
1175460251189,0,0,107,0.00171661376953125,0.003520965576171875,5.979537963867188E-4,1.983642578125E-4,5.979537963867188E-4,3.96728515625E-4
350843265353,1,0,117,0.0014705657958984375,0.0081024169921875,0.0013103485107421875,0.01171875,0.00147247314453125,0.03179931640625
2071107505482,2,0,0,1.9550323486328125E-4,0.001171112060546875,9.250640869140625E-5,2.2029876708984375E-4,1.02996826171875E-4,6.465911865234375E-4
714447943349,0,0,107,0.003253936767578125,5.283355712890625E-4,0.001399993896484375,1.7547607421875E-4,0.001399993896484375,2.6798248291015625E-4
381789549794,2,0,360,0.0013027191162109375,0.0151824951171875,0.00638580322265625,0.016082763671875,0.017059326171875,0.091552734375
623461514360,2,0,360,0.0013027191162109375,0.015838623046875,9.5367431640625E-7,8.392333984375E-5,9.5367431640625E-7,1.964569091796875E-4
498427645969,2,0,360,0.0013027191162109375,0.0111236572265625,0.010101318359375,0.00609588623046875,0.010162353515625,0.009796142578125
1872386146280,2,0,0,2.3174285888671875E-4,0.0015316009521484375,9.250640869140625E-5,2.2029876708984375E-4,1.02996826171875E-4,6.465911865234375E-4
2195962147789,0,0,0,0.003582000732421875,0.0081024169921875,0.001079559326171875,0.00678253173828125,0.001705169677734375,0.04559326171875
2512598270820,1,0,103,0.00521087646484375,0.0066070556640625,0.00109100341796875,8.907318115234375E-4,0.00110626220703125,0.00299072265625
229815979286,0,0,103,0.0032196044921875,0.03326416015625,0.00357818603515625,0.04876708984375,0.003688812255859375,0.05963134765625
0,3,0,103,0.00461578369140625,0.007843017578125,6.723403930664062E-4,7.915496826171875E-5,6.742477416992188E-4,5.235671997070312E-4
1493560842799,2,0,0,2.0885467529296875E-4,0.002239227294921875,8.58306884765625E-6,0,8.58306884765625E-6,0
1073143411753,3,1,200,0.0134124755859375,0.072998046875,0.03070068359375,0.035888671875,,
782393689100,1,0,103,0.004241943359375,0.0230712890625,0.00261688232421875,0.0250244140625,0.00261688232421875,0.04901123046875
1467013086098,1,0,200,0.00521087646484375,0.013214111328125,0.003032684326171875,0.0040130615234375,0.00347137451171875,0.0250244140625
1109580819002,0,0,0,0.00262451171875,0.00566864013671875,0,0,0,0
451250967153,0,1,116,0.00362396240234375,0.01629638671875,0.002521514892578125,0.0203857421875,0.002529144287109375,0.04345703125
445414818816,0,1,116,0.00362396240234375,0.01629638671875,0.002521514892578125,0.0203857421875,0.002529144287109375,0.04345703125
150629315177,0,0,103,0.00547027587890625,0.0455322265625,0.00244140625,0.04656982421875,0.002696990966796875,0.08203125
2198051247220,0,0,103,0.04559326171875,0.04095458984375,0.0111846923828125,0.03985595703125,0.011260986328125,0.1474609375
2428245353226,0,0,0,0.002605438232421875,0.016204833984375,0.0014896392822265625,0.018402099609375,0.001491546630859375,0.0252685546875
195723086449,2,0,360,0.0013027191162109375,0.021728515625,0.01922607421875,0.031982421875,0.0206298828125,0.0692138671875
1845858776880,0,0,103,0.002407073974609375,0.009368896484375,0.0013256072998046875,0.00731658935546875,0.0019054412841796875,0.017181396484375
1457387319015,0,0,105,0.00368499755859375,0.00662994384765625,0.0015354156494140625,2.0599365234375E-4,0.001605987548828125,0.001384735107421875
0,0,0,0,0.00262451171875,0.00566864013671875,0.0010738372802734375,0.00463104248046875,0.001316070556640625,0.0107421875
2018989652884,2,0,0,2.2602081298828125E-4,0.002468109130859375,1.52587890625E-4,0.0017452239990234375,1.8310546875E-4,0.00485992431640625
72625544251,3,0,0,2.5463104248046875E-4,0.04052734375,1.6498565673828125E-4,0.0119781494140625,1.8215179443359375E-4,0.014434814453125
2578589503499,1,0,103,0.00521087646484375,0.0066070556640625,0.0016651153564453125,8.563995361328125E-4,0.0017490386962890625,0.008331298828125
2597163976668,0,0,0,0.0022125244140625,0.0097198486328125,3.35693359375E-4,0,3.35693359375E-4,0
999058484245,0,0,0,0.002475738525390625,0.0081024169921875,0.0018100738525390625,0.00525665283203125,0.002475738525390625,0.0088653564453125
478261621604,2,0,200,3.3664703369140625E-4,0.0018482208251953125,2.6988983154296875E-4,6.971359252929688E-4,2.8228759765625E-4,0.001926422119140625
1081730467074,2,0,103,0.0046539306640625,0.009490966796875,7.43865966796875E-5,0,7.62939453125E-5,0.0010013580322265625
0,3,0,200,0.0106201171875,0.09716796875,0.00452423095703125,0.019622802734375,0.004608154296875,0.027191162109375
28630083120,2,0,360,0.0013027191162109375,0.003139495849609375,0.00487518310546875,0.00530242919921875,0.009979248046875,0.039306640625
939108479849,1,0,103,0.001140594482421875,0.0081024169921875,6.055831909179688E-4,2.2220611572265625E-4,6.074905395507812E-4,0.00244903564453125
1612483219498,0,0,103,0.019561767578125,0.016632080078125,0.0106201171875,0.0140533447265625,0.0107421875,0.1103515625
1626618041819,1,0,200,0.00521087646484375,0.013214111328125,0.003032684326171875,0.0040130615234375,0.00347137451171875,0.0250244140625
1889937685963,0,0,103,0.011383056640625,0.017608642578125,0.0011386871337890625,9.0789794921875E-4,0.0011425018310546875,0.00200653076171875
0,3,1,200,0.020721435546875,0.122802734375,0.0046539306640625,0.00588226318359375,,
2019226272485,0,0,0,0.003612518310546875,0.0081024169921875,6.52313232421875E-4,8.802413940429688E-4,6.532669067382812E-4,0.0061798095703125
1064128168785,0,0,107,0.002086639404296875,0.002552032470703125,0.001468658447265625,0.00435638427734375,0.001468658447265625,0.004669189453125
714486421978,0,0,107,0.003253936767578125,5.283355712890625E-4,0.001399993896484375,1.7547607421875E-4,0.001399993896484375,2.6798248291015625E-4
293144116435,3,1,200,5.674362182617188E-4,2.2029876708984375E-4,5.102157592773438E-4,9.059906005859375E-5,5.121231079101562E-4,7.677078247070312E-4
0,3,0,450,0.015380859375,0,0.0013217926025390625,0.0267333984375,0.0013370513916015625,0.05615234375
2304605841813,0,0,0,0.00262451171875,0.00566864013671875,0.0023956298828125,0.0064544677734375,0.00275421142578125,0.0152130126953125
1118513868216,2,0,360,0.0013027191162109375,0.0111541748046875,0.00528717041015625,6.113052368164062E-4,0.0052947998046875,0.001392364501953125
723622816016,1,0,103,0.0104217529296875,0.04119873046875,6.580352783203125E-5,0.001049041748046875,6.961822509765625E-5,0.013275146484375
241936356114,1,0,105,0.154052734375,0.011932373046875,1.9073486328125E-5,3.814697265625E-6,2.09808349609375E-5,0.001972198486328125
2459856646739,1,0,117,0.0015621185302734375,0.00566864013671875,0.0014553070068359375,0.0091400146484375,0.001567840576171875,0.0235595703125
1999051975578,0,0,0,0.003612518310546875,0.0081024169921875,6.961822509765625E-4,1.5163421630859375E-4,6.98089599609375E-4,9.65118408203125E-4
229334118984,0,0,103,0.004119873046875,0.03326416015625,0.00357818603515625,0.04876708984375,0.003688812255859375,0.05963134765625
439653940258,1,0,117,0.0015621185302734375,0.00566864013671875,0.001316070556640625,0.0042572021484375,0.0016536712646484375,0.012481689453125
522279356607,2,1,101,0.01116943359375,0.011566162109375,0.0074310302734375,0.012451171875,0.01043701171875,0.09619140625
1852741609507,2,1,105,0.07421875,0.0775146484375,0.04644775390625,0.073486328125,0.05133056640625,0.3447265625
1507961928639,0,0,103,0.0012454986572265625,0.002025604248046875,9.822845458984375E-4,0.00109100341796875,9.8419189453125E-4,0.00438690185546875
2453718262992,1,0,103,0.003063201904296875,0.00360870361328125,0.002834320068359375,0.00696563720703125,0.002857208251953125,0.02618408203125
1569618629408,2,0,0,2.002716064453125E-4,0.0011272430419921875,9.250640869140625E-5,2.2029876708984375E-4,1.02996826171875E-4,6.465911865234375E-4
1414123844145,2,0,360,0.0013027191162109375,0.0121307373046875,0.0135955810546875,0.004974365234375,0.0142669677734375,0.05206298828125
341192454707,2,0,360,0.0013027191162109375,0.0140380859375,0.0076751708984375,0.0233154296875,0.0087738037109375,0.080810546875
0,3,0,200,0.015472412109375,0.1146240234375,0.009735107421875,0.0584716796875,0.009857177734375,0.170166015625
1476256240788,1,0,200,0.00521087646484375,0.013214111328125,0.003032684326171875,0.0040130615234375,0.00347137451171875,0.0250244140625
1497256547864,2,0,0,2.002716064453125E-4,0.0011272430419921875,9.250640869140625E-5,2.2029876708984375E-4,1.02996826171875E-4,6.465911865234375E-4
1973072133144,0,0,0,0.003612518310546875,0.0081024169921875,6.771087646484375E-4,2.002716064453125E-4,6.7901611328125E-4,8.182525634765625E-4
2024190696820,2,0,0,1.9550323486328125E-4,0.001171112060546875,9.250640869140625E-5,2.2029876708984375E-4,1.02996826171875E-4,6.465911865234375E-4
31896687379,2,0,360,0.0013027191162109375,0.00395965576171875,1.9073486328125E-6,0,1.9073486328125E-6,0
1726536884247,1,0,103,0.010345458984375,0.0049285888671875,1.9168853759765625E-4,0.0010089874267578125,4.0531158447265625E-4,0.0041046142578125
13355593770,2,1,200,0.19970703125,0.30810546875,0.14697265625,0.23291015625,0.181640625,0.6611328125
1291146318540,2,0,360,0.0013027191162109375,0.020172119140625,0.0186767578125,0.0338134765625,0.019287109375,0.1065673828125
1086076954760,0,0,0,0.00262451171875,0.00566864013671875,0,0,0,0
203558912452,3,0,200,0.0123748779296875,0.00405120849609375,5.14984130859375E-5,0,5.14984130859375E-5,0
584387941764,0,0,0,0.00403594970703125,0.0081024169921875,5.53131103515625E-5,0.0019321441650390625,1.3065338134765625E-4,0.0030517578125
542508769952,2,0,103,0.0097503662109375,2.2029876708984375E-4,0.0087432861328125,6.4849853515625E-5,0.0087432861328125,4.4918060302734375E-4
1858111305344,1,0,103,0.1041259765625,0.02764892578125,0.129638671875,0.00543975830078125,0.129638671875,0.05572509765625
987871478163,0,0,0,0.00182342529296875,0.0081024169921875,0.001636505126953125,0.0102996826171875,0.00164031982421875,0.024566650390625
714825307775,0,0,107,0.003253936767578125,5.283355712890625E-4,0.001399993896484375,1.7547607421875E-4,0.001399993896484375,2.6798248291015625E-4
0,2,0,205,0.004852294921875,0.002819061279296875,2.1457672119140625E-4,2.1839141845703125E-4,2.17437744140625E-4,0.0011501312255859375
1948508553195,2,0,200,0.00390625,0.00405120849609375,9.088516235351562E-4,6.866455078125E-5,9.11712646484375E-4,5.359649658203125E-4
1870499286401,0,0,0,0.00262451171875,0.00566864013671875,1.010894775390625E-4,0,1.010894775390625E-4,0
1054729428444,2,0,360,0.0013027191162109375,0.020263671875,6.227493286132812E-4,6.494522094726562E-4,7.762908935546875E-4,0.0027008056640625
1433002402155,2,0,103,0.00632476806640625,0.00921630859375,0.00524139404296875,0.0048828125,0.00525665283203125,0.0113677978515625
521205468155,2,0,0,2.231597900390625E-4,0.002597808837890625,1.52587890625E-4,0.0017452239990234375,1.8310546875E-4,0.00485992431640625
1374490301941,2,0,360,0.0013027191162109375,0.0111541748046875,0.00528717041015625,6.113052368164062E-4,0.0052947998046875,0.001392364501953125
1905927912609,3,1,200,0.1019287109375,0.263671875,0.04718017578125,0.026763916015625,0.04718017578125,0.0499267578125
0,1,0,200,0.0110321044921875,0.069091796875,0.002727508544921875,0.00380706787109375,0.002735137939453125,0.0132598876953125
0,2,0,200,3.3664703369140625E-4,0.0014972686767578125,2.803802490234375E-4,9.517669677734375E-4,2.9850006103515625E-4,0.003566741943359375
169832580437,3,1,200,0.009765625,0.06591796875,0.0016994476318359375,0.026397705078125,0.001705169677734375,0.04913330078125
2282521276980,1,0,103,0.00521087646484375,0.0066070556640625,0.0016651153564453125,8.563995361328125E-4,0.0017490386962890625,0.008331298828125
1983813138249,2,0,360,0.0013027191162109375,0.01116943359375,9.5367431640625E-7,1.068115234375E-4,9.5367431640625E-7,3.1948089599609375E-4
1873289183675,1,0,117,0.001750946044921875,0.0081024169921875,0.0011539459228515625,0.0122222900390625,0.0015106201171875,0.0296630859375
568030374090,2,0,360,0.0013027191162109375,0.011016845703125,1.9073486328125E-6,0,1.9073486328125E-6,0
681198399769,1,0,103,0.0015163421630859375,8.802413940429688E-4,6.628036499023438E-4,1.7833709716796875E-4,6.694793701171875E-4,3.9005279541015625E-4
2032580248027,2,0,200,0.00650787353515625,0.03485107421875,0.00199127197265625,1.811981201171875E-4,0.00200653076171875,0.00201416015625
241936356114,1,0,105,0.154052734375,0.011932373046875,1.9073486328125E-5,3.814697265625E-6,2.09808349609375E-5,0.001972198486328125
813617206780,0,0,103,0.0052490234375,0.00395965576171875,0.00286102294921875,0.0041046142578125,0.00310516357421875,0.077880859375
2071062954798,2,0,360,0.0013027191162109375,0.0088958740234375,0.010101318359375,0.00609588623046875,0.010162353515625,0.009796142578125
102450185580,2,0,103,0.00722503662109375,0.00768280029296875,0.00522613525390625,0.003765106201171875,0.0052337646484375,0.008453369140625
1425846286545,2,0,360,0.0013027191162109375,0.0114593505859375,0.0126495361328125,0.0122528076171875,0.012786865234375,0.06201171875
2429933976501,0,0,103,0.0148773193359375,0.023406982421875,6.9427490234375E-4,0.0044708251953125,0.003147125244140625,0.1142578125
1050602241222,2,0,360,0.0013027191162109375,0.0223388671875,0.0018672943115234375,0.001293182373046875,0.003322601318359375,0.0081024169921875
1078373716419,2,0,360,0.0013027191162109375,0.017333984375,0.0072479248046875,0.007232666015625,0.01580810546875,0.0693359375
683889612338,2,0,360,0.0013027191162109375,0.0149078369140625,0.00554656982421875,0.002582550048828125,0.0055694580078125,0.025360107421875
1454576643997,0,0,105,0.00368499755859375,0.00662994384765625,0.0015354156494140625,2.0599365234375E-4,0.001605987548828125,0.001384735107421875
0,2,0,200,0.00159454345703125,0.00672149658203125,0.001926422119140625,0.002651214599609375,0.002201080322265625,0.01043701171875
2556362890368,2,0,0,2.5653839111328125E-4,0.00241851806640625,7.62939453125E-5,2.70843505859375E-4,7.62939453125E-5,4.1484832763671875E-4
0,1,0,200,1.6498565673828125E-4,0,1.6117095947265625E-4,1.6117095947265625E-4,1.64031982421875E-4,0.001129150390625
2364454544991,0,0,103,0.0018482208251953125,0.005462646484375,2.384185791015625E-5,1.5735626220703125E-4,2.47955322265625E-5,6.29425048828125E-4
1671664779370,1,0,200,0.00521087646484375,0.013214111328125,0.003032684326171875,0.0040130615234375,0.00347137451171875,0.0250244140625
0,3,0,200,0.0148468017578125,0.1146240234375,0.009521484375,0.010772705078125,0.009552001953125,0.0546875
93006211528,2,0,360,0.0013027191162109375,0.004974365234375,0.00487518310546875,0.00530242919921875,0.009979248046875,0.039306640625
285918136616,2,0,0,1.6307830810546875E-4,2.727508544921875E-4,1.5163421630859375E-4,5.340576171875E-5,1.52587890625E-4,3.5381317138671875E-4
1357984652152,2,0,360,0.0013027191162109375,0.021331787109375,0.0150909423828125,0.04730224609375,0.0174560546875,0.14697265625
1818610546625,3,1,200,0.009765625,0.1318359375,0.0015354156494140625,0.024139404296875,0.0015411376953125,0.0546875
783608047209,2,0,360,0.0013027191162109375,0.011871337890625,0.016510009765625,0.0105438232421875,0.017333984375,0.020355224609375
756398051269,2,0,360,0.0013027191162109375,0.011871337890625,0.019287109375,0.0322265625,0.020599365234375,0.1099853515625
97085490408,1,0,103,0.00521087646484375,0.0066070556640625,0.0016651153564453125,8.563995361328125E-4,0.0017490386962890625,0.008331298828125
0,3,0,200,9.021759033203125E-4,0.0017604827880859375,0.00394439697265625,0.00921630859375,0.00395965576171875,0.043701171875
2508635259048,2,1,101,0.00921630859375,0.009246826171875,0.00720977783203125,0.0135345458984375,0.0105438232421875,0.0423583984375
1521957368331,0,0,0,0.00262451171875,0.00566864013671875,9.441375732421875E-5,0,9.441375732421875E-5,0
454800600585,1,0,103,0.0078887939453125,0.02008056640625,0.00543212890625,9.80377197265625E-4,0.00543212890625,0.002544403076171875
0,3,0,450,0.0039825439453125,0,0.0010509490966796875,0.01373291015625,0.0010662078857421875,0.0648193359375
1454627401160,0,0,105,0.00368499755859375,0.00662994384765625,0.0015354156494140625,2.0599365234375E-4,0.001605987548828125,0.001384735107421875
2009604312464,2,0,0,2.155303955078125E-4,0.002109527587890625,8.58306884765625E-6,0,8.58306884765625E-6,0
0,3,0,200,0.0234375,0.05987548828125,0.01318359375,0.03143310546875,0.0139312744140625,0.0679931640625
0,3,1,200,,,0.00312042236328125,0.0055389404296875,0.0031280517578125,0.0203857421875
1537641251044,1,0,103,0.00650787353515625,0.02886962890625,0.0050811767578125,0.01806640625,0.00678253173828125,0.110107421875
0,0,0,0,0.0234375,0.0313720703125,9.250640869140625E-5,0,9.250640869140625E-5,0
0,2,0,205,3.1757354736328125E-4,0.0089263916015625,1.86920166015625E-4,2.651214599609375E-4,1.8787384033203125E-4,0.00150299072265625
518935522928,0,0,103,0.00614166259765625,0.0556640625,0.003448486328125,0.0565185546875,0.003559112548828125,0.1416015625
0,2,0,200,3.3664703369140625E-4,0.0014972686767578125,2.6988983154296875E-4,6.971359252929688E-4,2.8228759765625E-4,0.001926422119140625
1244390083827,2,1,105,0.07421875,0.0841064453125,0.04644775390625,0.073486328125,0.05133056640625,0.3447265625
2244544965153,3,1,200,0.002857208251953125,0.016204833984375,0.001239776611328125,1.9168853759765625E-4,0.001270294189453125,0.0109100341796875
1431215107022,2,0,0,2.0885467529296875E-4,0.002239227294921875,8.58306884765625E-6,0,8.58306884765625E-6,0
0,2,0,0,2.1839141845703125E-4,0.002513885498046875,1.52587890625E-4,0.0017452239990234375,1.8310546875E-4,0.00485992431640625
0,1,0,200,0.0697021484375,0.0224609375,1.163482666015625E-4,1.64031982421875E-4,1.201629638671875E-4,0.0010547637939453125
2002593672727,0,0,0,0.003612518310546875,0.0081024169921875,6.771087646484375E-4,2.002716064453125E-4,6.7901611328125E-4,8.182525634765625E-4
1721767927273,1,0,105,0.00521087646484375,0.0066070556640625,9.660720825195312E-4,4.3392181396484375E-4,9.72747802734375E-4,0.0016021728515625
1060784362775,0,0,107,0.0016574859619140625,0.00246429443359375,0.00128173828125,0.0046539306640625,0.00128173828125,0.009307861328125
0,1,0,200,0.015350341796875,0.022003173828125,1.163482666015625E-4,1.64031982421875E-4,1.201629638671875E-4,0.0010547637939453125
100027954670,1,0,200,0.00262451171875,0.00566864013671875,0.00140380859375,0.0082244873046875,0.001659393310546875,0.0682373046875
1759747061057,2,0,0,2.002716064453125E-4,0.0011272430419921875,9.250640869140625E-5,2.2029876708984375E-4,1.02996826171875E-4,6.465911865234375E-4
2320230569989,1,0,103,0.0019683837890625,0.0110015869140625,1.9073486328125E-6,0,1.9073486328125E-6,0
723622816016,1,0,103,0.0104217529296875,0.04119873046875,6.580352783203125E-5,0.001049041748046875,6.961822509765625E-5,0.013275146484375
575781023111,1,0,103,0.0104217529296875,0.0081024169921875,0.00138092041015625,0.0066680908203125,0.002437591552734375,0.03936767578125
1062160311315,2,0,360,0.0013027191162109375,0.020050048828125,0.00421142578125,0.003536224365234375,0.008697509765625,0.03851318359375
1309737923605,2,0,115,0.003360748291015625,0.003597259521484375,9.5367431640625E-7,0,9.5367431640625E-7,0
2110472922446,1,0,105,0.00572967529296875,0.004669189453125,0.003887176513671875,3.681182861328125E-4,0.0040740966796875,0.0058441162109375
0,3,1,200,0.00757598876953125,0.03338623046875,0.00493621826171875,0.0133819580078125,0.00495147705078125,0.06396484375
1161346526432,2,1,360,0.0390625,0.0965576171875,0.02423095703125,0.0933837890625,0.024505615234375,0.390625
296066697739,1,0,105,0.016693115234375,0.0089874267578125,0.00567626953125,0.0088348388671875,0.00567626953125,0.020294189453125
1657390013181,1,0,105,0.011016845703125,4.405975341796875E-4,8.96453857421875E-4,2.1839141845703125E-4,8.993148803710938E-4,7.944107055664062E-4
1238772880720,2,0,0,2.117156982421875E-4,0.002079010009765625,1.52587890625E-4,0.0017452239990234375,1.8310546875E-4,0.00485992431640625
978374792499,0,0,0,0.00262451171875,0.00566864013671875,0,0,0,0
1026439001380,0,0,103,0.001903533935546875,0.008636474609375,0.001537322998046875,0.00606536865234375,0.0015621185302734375,0.018310546875
1519148700441,2,0,0,2.0885467529296875E-4,0.002239227294921875,8.58306884765625E-6,0,8.58306884765625E-6,0
625246950775,2,0,360,0.0013027191162109375,0.021728515625,0.01922607421875,0.031982421875,0.0206298828125,0.0692138671875
1708642971116,1,0,103,0.00521087646484375,0.0066070556640625,0.0018596649169921875,0.0023651123046875,0.001888275146484375,0.0079803466796875
1972939333607,0,0,0,0.003612518310546875,0.0081024169921875,6.961822509765625E-4,1.5163421630859375E-4,6.98089599609375E-4,9.65118408203125E-4
1794966234362,1,0,103,0.03460693359375,0.021881103515625,0.0179443359375,0.01837158203125,0.01800537109375,0.1087646484375
1959467817392,2,0,103,2.32696533203125E-4,0.00252532958984375,1.52587890625E-4,3.414154052734375E-4,1.6498565673828125E-4,9.632110595703125E-4
567961614880,2,0,0,2.7751922607421875E-4,0.002288818359375,7.62939453125E-5,2.70843505859375E-4,7.62939453125E-5,4.1484832763671875E-4
1036733349804,2,0,360,0.0013027191162109375,0.017425537109375,0.02178955078125,0.0128021240234375,0.023406982421875,0.044189453125
1474793357470,2,0,0,2.0885467529296875E-4,0.002239227294921875,8.58306884765625E-6,0,8.58306884765625E-6,0
2212206336306,0,0,103,0.00676727294921875,0.09716796875,0.004119873046875,0.0121917724609375,0.004241943359375,0.026611328125
2108249004013,1,0,200,0.00650787353515625,0.00113677978515625,9.5367431640625E-7,0,9.5367431640625E-7,0
2582729233123,3,1,200,0.002471923828125,0.022003173828125,0.001140594482421875,0.0081634521484375,0.0011444091796875,0.0120849609375
1462786816535,1,0,200,0.00521087646484375,0.013214111328125,0.003032684326171875,0.0040130615234375,0.00347137451171875,0.0250244140625
82828688629,2,0,360,0.0013027191162109375,0.00418853759765625,5.083084106445312E-4,3.1566619873046875E-4,5.578994750976562E-4,0.0084228515625
723622816016,1,0,103,0.0104217529296875,0.04119873046875,6.580352783203125E-5,0.001049041748046875,6.961822509765625E-5,0.013275146484375
0,3,0,103,0.00476837158203125,0.010650634765625,6.723403930664062E-4,7.915496826171875E-5,6.742477416992188E-4,5.235671997070312E-4
190126631143,2,0,0,2.86102294921875E-4,0.00252532958984375,7.62939453125E-5,2.70843505859375E-4,7.62939453125E-5,4.1484832763671875E-4
1727503797772,2,1,101,0.01702880859375,0.022918701171875,0.01953125,0.027008056640625,0.0208740234375,0.128662109375
11714022208,1,0,200,1.6498565673828125E-4,0,1.8024444580078125E-4,9.670257568359375E-4,1.8215179443359375E-4,0.00395965576171875
1752581319874,2,0,205,3.1757354736328125E-4,0.0089263916015625,1.86920166015625E-4,2.651214599609375E-4,1.8787384033203125E-4,0.00150299072265625
1088315963219,0,0,0,0.00262451171875,0.00566864013671875,0,0,0,0
1026420560962,0,0,103,0.001903533935546875,0.008636474609375,0.001537322998046875,0.00606536865234375,0.0015621185302734375,0.018310546875
0,3,0,200,0.0012683868408203125,0.00510406494140625,0.0040740966796875,0.00433349609375,0.00409698486328125,0.020721435546875
1973979148013,0,0,0,0.003612518310546875,0.0081024169921875,6.771087646484375E-4,2.002716064453125E-4,6.7901611328125E-4,8.182525634765625E-4
1654550208956,1,0,105,0.011016845703125,4.405975341796875E-4,8.96453857421875E-4,2.1839141845703125E-4,8.993148803710938E-4,7.944107055664062E-4
253571867833,2,0,360,0.0013027191162109375,0.020233154296875,0.00670623779296875,0.02008056640625,0.008026123046875,0.061279296875
195484854808,2,0,360,0.0013027191162109375,0.02197265625,9.5367431640625E-7,8.7738037109375E-5,9.5367431640625E-7,3.08990478515625E-4
1863831277534,3,0,200,0.010162353515625,0.1146240234375,0.0064697265625,0.0220947265625,0.006500244140625,0.147705078125
0,1,0,117,0.00182342529296875,0.0091552734375,0.0011157989501953125,0.006500244140625,0.0011501312255859375,0.021209716796875
54402790601,1,0,117,0.0014705657958984375,0.0081024169921875,1.6689300537109375E-4,1.8978118896484375E-4,1.678466796875E-4,4.730224609375E-4
1064163308304,0,0,107,0.00165557861328125,0.002552032470703125,0.001468658447265625,0.00435638427734375,0.001468658447265625,0.004669189453125
1700897391400,1,0,117,0.0015621185302734375,0.00566864013671875,0.002147674560546875,0.0084991455078125,0.002391815185546875,0.02984619140625
0,1,0,105,0.0016536712646484375,0.00246429443359375,0.0019397735595703125,0.003612518310546875,0.002193450927734375,0.013275146484375
1075696226401,3,1,25,8.401870727539062E-4,0.00116729736328125,4.940032958984375E-4,3.24249267578125E-4,5.407333374023438E-4,0.00353240966796875
1691907359214,0,0,0,0.002605438232421875,0.016204833984375,0.0012664794921875,0.01837158203125,0.00179290771484375,0.03021240234375
1402550419826,2,0,360,0.0013027191162109375,0.0121612548828125,0.00450897216796875,0.003108978271484375,0.00461578369140625,0.0213623046875
1716206211310,1,1,101,0.003368377685546875,0.0316162109375,0.002208709716796875,0.025604248046875,,
714567339955,0,0,107,0.003253936767578125,6.160736083984375E-4,0.001399993896484375,1.7547607421875E-4,0.001399993896484375,2.6798248291015625E-4
1494118680083,0,0,105,0.00650787353515625,0.003696441650390625,0.0017414093017578125,0.01068115234375,0.002307891845703125,0.01983642578125
0,3,0,200,0.00445556640625,0.002025604248046875,0.0019168853759765625,0.001010894775390625,0.001949310302734375,0.0053863525390625
2354708749269,0,0,118,0.00650787353515625,0.01214599609375,0.003009796142578125,0.0079803466796875,0.003795623779296875,0.02508544921875
1457220460506,0,0,105,0.00368499755859375,0.00662994384765625,0.0015354156494140625,2.0599365234375E-4,0.001605987548828125,0.001384735107421875
2552150977781,3,1,200,0.00768280029296875,0.015411376953125,0.00406646728515625,0.0013904571533203125,0.00408172607421875,0.004180908203125
0,3,1,200,0.012115478515625,0.0880126953125,0.00312042236328125,0.0055389404296875,0.0031280517578125,0.0203857421875
1473700163266,0,0,103,0.00418853759765625,0.0294189453125,9.72747802734375E-5,0,9.72747802734375E-5,0
2047601905326,2,0,0,2.899169921875E-4,0.0025634765625,1.6498565673828125E-4,4.2724609375E-4,2.0503997802734375E-4,0.0015964508056640625
0,3,0,200,0.00638580322265625,0.03240966796875,0.005889892578125,0.028717041015625,0.0060272216796875,0.0625
1655395588576,1,0,105,0.011016845703125,4.405975341796875E-4,8.96453857421875E-4,2.1839141845703125E-4,8.993148803710938E-4,7.944107055664062E-4
0,3,0,200,0.002956390380859375,0.0147857666015625,0.0042572021484375,0.00511932373046875,0.00428009033203125,0.0145111083984375
739896572647,1,0,117,0.0015621185302734375,0.00566864013671875,0.0010833740234375,3.604888916015625E-4,0.0011844635009765625,0.00490570068359375
1839625935384,1,0,103,0.00439453125,0.0284423828125,0.0015716552734375,0.016265869140625,0.0015811920166015625,0.04156494140625
1820046510448,0,0,0,0.00390625,0.003238677978515625,5.14984130859375E-5,0,5.14984130859375E-5,0
2591245199704,2,0,360,0.0013027191162109375,0.0145111083984375,0.0084991455078125,0.012969970703125,0.0092010498046875,0.0421142578125
539969210034,1,0,105,0.017791748046875,0.0065155029296875,0.0049285888671875,0.00713348388671875,0.00498199462890625,0.0135955810546875
2144129413150,0,0,103,0.0102691650390625,0.0127716064453125,0.00461578369140625,0.003582000732421875,0.00463104248046875,0.025238037109375
1081965021382,0,0,107,0.0016155242919921875,0.00395965576171875,3.337860107421875E-5,1.6689300537109375E-4,3.337860107421875E-5,0.0012664794921875
2520731715722,0,0,0,0.00262451171875,0.00566864013671875,9.34600830078125E-5,1.6021728515625E-4,9.34600830078125E-5,4.8065185546875E-4
0,1,0,200,1.6498565673828125E-4,0,1.430511474609375E-4,1.8405914306640625E-4,1.4400482177734375E-4,0.001251220703125
0,3,0,199,0.0014190673828125,0.002025604248046875,0.02093505859375,0.046630859375,0.021087646484375,0.423828125
2325787414412,2,0,0,2.3651123046875E-4,0.002552032470703125,1.52587890625E-4,0.0017452239990234375,1.8310546875E-4,0.00485992431640625
2002374755803,0,0,0,0.003612518310546875,0.0081024169921875,6.961822509765625E-4,1.5163421630859375E-4,6.98089599609375E-4,9.65118408203125E-4
2562773310790,2,0,0,2.574920654296875E-4,0.00241851806640625,7.62939453125E-5,2.70843505859375E-4,7.62939453125E-5,4.1484832763671875E-4
1495568734095,0,0,105,0.00370025634765625,0.007293701171875,0.0022125244140625,0.0015926361083984375,0.00232696533203125,0.018035888671875
2475677269788,2,0,360,0.0013027191162109375,0.00909423828125,9.5367431640625E-7,1.068115234375E-4,9.5367431640625E-7,3.1948089599609375E-4
619294560046,2,0,200,3.833770751953125E-4,0.002288818359375,2.6988983154296875E-4,6.971359252929688E-4,2.8228759765625E-4,0.001926422119140625
2005071349548,0,0,0,0.003612518310546875,0.0081024169921875,0.00336456298828125,0.0133514404296875,0.003612518310546875,0.0714111328125
0,3,0,200,0.0186767578125,0.03143310546875,0.00727081298828125,0.0073699951171875,0.007293701171875,0.017486572265625
0,3,0,200,0.03118896484375,0.0167236328125,0.0040283203125,0.003475189208984375,0.00403594970703125,0.014678955078125
1437234365737,1,0,103,0.023284912109375,0.029937744140625,0.01824951171875,0.029754638671875,0.018798828125,0.0655517578125
0,3,0,200,0.00650787353515625,0.02886962890625,0.0012264251708984375,6.198883056640625E-4,0.00122833251953125,0.0013523101806640625
1321646381571,0,0,0,0.00182342529296875,0.0081024169921875,0.0010528564453125,0.0048828125,0.00147247314453125,0.025299072265625
571649911289,1,0,119,0.008819580078125,0.00457763671875,0.003810882568359375,2.25067138671875E-4,0.003814697265625,0.00528717041015625
1041881059387,2,0,360,0.0013027191162109375,0.017364501953125,9.5367431640625E-7,0,9.5367431640625E-7,0
754447151679,0,1,200,0.002857208251953125,0.0079193115234375,0.0010356903076171875,0.0059661865234375,0.0010509490966796875,0.019134521484375
0,2,1,105,0.07421875,0.0841064453125,0.04644775390625,0.073486328125,0.05133056640625,0.3447265625
1214409711799,1,0,200,0.00650787353515625,0.00113677978515625,9.5367431640625E-7,0,9.5367431640625E-7,0
2025430537325,0,0,0,0.003612518310546875,0.0081024169921875,6.771087646484375E-4,2.002716064453125E-4,6.7901611328125E-4,8.182525634765625E-4
1176042013872,1,0,119,0.00528717041015625,0.0528564453125,0.003875732421875,0.0213623046875,0.0050201416015625,0.0614013671875
2483018623249,1,0,107,0.005706787109375,0.036865234375,0.0023040771484375,0.030975341796875,0.002964019775390625,0.0889892578125
2027788414828,2,0,0,1.9550323486328125E-4,0.001171112060546875,9.250640869140625E-5,2.2029876708984375E-4,1.02996826171875E-4,6.465911865234375E-4
1498867514756,1,0,117,0.0014705657958984375,0.0081024169921875,8.7738037109375E-5,1.8215179443359375E-4,8.7738037109375E-5,3.643035888671875E-4
1427111400520,2,0,360,0.0013027191162109375,0.0121612548828125,0.00450897216796875,0.003108978271484375,0.00461578369140625,0.0213623046875
2310276462622,3,1,200,0.0134124755859375,0.072998046875,0.031036376953125,0.02056884765625,,
2262855430901,1,0,103,0.0053863525390625,0.00395965576171875,0.00251007080078125,0.002155303955078125,0.00252532958984375,0.0132904052734375
102327694054,2,0,0,2.2792816162109375E-4,0.002513885498046875,1.52587890625E-4,0.0017452239990234375,1.8310546875E-4,0.00485992431640625
576862708126,1,0,103,0.0104217529296875,0.0081024169921875,0.00138092041015625,0.0066680908203125,0.002437591552734375,0.03936767578125
36255575855,0,1,116,0.0048370361328125,0.01629638671875,0.0026702880859375,5.18798828125E-4,0.0026702880859375,0.0023345947265625
1454660204715,0,0,105,0.00368499755859375,0.00662994384765625,0.0015354156494140625,2.0599365234375E-4,0.001605987548828125,0.001384735107421875
2040949677060,0,0,0,0.003612518310546875,0.0081024169921875,6.771087646484375E-4,2.002716064453125E-4,6.7901611328125E-4,8.182525634765625E-4
1743455313988,0,0,103,0.0074920654296875,0.009368896484375,5.168914794921875E-4,0.00470733642578125,7.51495361328125E-4,0.010589599609375
959021408713,1,0,103,0.00521087646484375,0.0066070556640625,0.0016651153564453125,8.563995361328125E-4,0.0017490386962890625,0.008331298828125
1674987535203,1,0,200,0.0094757080078125,4.405975341796875E-4,0.0087127685546875,1.56402587890625E-4,0.0087127685546875,8.792877197265625E-4
1714611478070,1,0,118,0.005859375,0.0088043212890625,0.00495147705078125,0.01361083984375,0.0057525634765625,0.05963134765625
380695102419,1,0,103,0.017974853515625,0.013824462890625,0.0154571533203125,0.0030059814453125,0.0155181884765625,0.0364990234375
1213398433469,0,0,103,0.001094818115234375,0.00484466552734375,8.020401000976562E-4,0.003452301025390625,8.039474487304688E-4,0.00707244873046875
2591844450072,1,0,103,0.013275146484375,0.03973388671875,0.00243377685546875,0.001155853271484375,0.002445220947265625,0.009063720703125
804347261860,1,0,103,0.0097503662109375,0.0058746337890625,6.67572021484375E-5,3.814697265625E-4,6.67572021484375E-5,9.031295776367188E-4
118300133319,2,0,360,0.0013027191162109375,0.0151519775390625,9.5367431640625E-7,8.392333984375E-5,9.5367431640625E-7,1.964569091796875E-4
2421340844709,2,0,103,0.0039215087890625,0.0084228515625,9.5367431640625E-7,0,9.5367431640625E-7,0
31968818503,2,0,25,3.3855438232421875E-4,0.002521514892578125,2.8324127197265625E-4,0.00141143798828125,3.01361083984375E-4,0.003871917724609375
575782488482,1,0,103,0.0104217529296875,0.0081024169921875,0.00138092041015625,0.0066680908203125,0.002437591552734375,0.03936767578125
2224722910090,1,0,103,0.0012493133544921875,9.6893310546875E-4,3.0231475830078125E-4,0,3.0231475830078125E-4,0
1654611055180,1,0,105,0.011016845703125,4.405975341796875E-4,8.96453857421875E-4,2.1839141845703125E-4,8.993148803710938E-4,7.944107055664062E-4
2673640007792,3,0,200,0.003856658935546875,0.0081024169921875,0.001953125,3.7860870361328125E-4,0.001964569091796875,0.0050048828125
1055761553409,2,0,360,0.0013027191162109375,0.020294189453125,5.91278076171875E-4,1.087188720703125E-4,5.922317504882812E-4,2.17437744140625E-4
280617571046,2,0,360,0.0013027191162109375,0.0135040283203125,9.5367431640625E-7,9.5367431640625E-7,9.5367431640625E-7,2.86102294921875E-6
472480013842,2,0,360,0.0013027191162109375,0.0106201171875,0.0018444061279296875,3.643035888671875E-4,0.0019989013671875,0.008056640625
257548627215,2,0,360,0.0013027191162109375,0.00725555419921875,0.0225830078125,0.04559326171875,0.02325439453125,0.10205078125
1378019533130,2,0,360,0.0013027191162109375,0.0115966796875,9.5367431640625E-7,0,9.5367431640625E-7,0
0,3,0,200,0.00597381591796875,0,0.003345489501953125,0.003734588623046875,0.003387451171875,0.0095062255859375
1075418320757,0,0,107,0.0016155242919921875,0.00395965576171875,0.001636505126953125,0.00687408447265625,0.0016460418701171875,0.0114593505859375
1378766805137,2,0,360,0.0013027191162109375,0.01922607421875,0.008544921875,0.011993408203125,0.0128631591796875,0.072021484375
1727558897407,2,0,360,0.0013027191162109375,0.0216064453125,0.00670623779296875,0.02008056640625,0.008026123046875,0.061279296875
0,2,0,103,0.0101318359375,0.03240966796875,1.4781951904296875E-4,2.3746490478515625E-4,1.6117095947265625E-4,9.021759033203125E-4
350877174334,2,0,360,0.0013027191162109375,0.0145111083984375,0,0,0,0
503480605451,1,1,103,0.0731201171875,0.0179443359375,0.00335693359375,0.00490570068359375,0.00337982177734375,0.03106689453125
2758773421,1,0,119,0.0063018798828125,0.0528564453125,0.0018291473388671875,0.0419921875,0.00252532958984375,0.1070556640625
559732565507,2,0,360,0.0013027191162109375,0.020751953125,5.53131103515625E-4,4.6634674072265625E-4,7.600784301757812E-4,0.0023956298828125
45281231511,2,0,360,0.0013027191162109375,0.0092010498046875,0.00569915771484375,0.017669677734375,0.007965087890625,0.0672607421875
738032215776,3,0,200,0.0123748779296875,0.00405120849609375,5.14984130859375E-5,0,5.14984130859375E-5,0
159546244481,2,0,0,2.1076202392578125E-4,0.0013027191162109375,9.5367431640625E-6,0,9.5367431640625E-6,0
471886130971,0,0,103,0.00296783447265625,0.00616455078125,0.0016193389892578125,1.3065338134765625E-4,0.001621246337890625,6.103515625E-4
475982739512,0,0,0,0.002605438232421875,0.016204833984375,6.67572021484375E-4,1.3446807861328125E-4,6.67572021484375E-4,1.850128173828125E-4
0,2,1,200,0.05535888671875,0.009246826171875,0.0535888671875,0.003810882568359375,0.0535888671875,0.010772705078125
926012124304,0,0,0,0.00262451171875,0.00566864013671875,0,0,0,0
1506406571941,0,0,103,0.0012454986572265625,0.0018482208251953125,9.822845458984375E-4,0.00109100341796875,9.8419189453125E-4,0.00438690185546875
1454709886914,0,0,105,0.00368499755859375,0.00662994384765625,0.0015354156494140625,2.0599365234375E-4,0.001605987548828125,0.001384735107421875
927178231932,1,0,200,0.0130157470703125,0,9.5367431640625E-7,0,9.5367431640625E-7,0
2297057743621,0,1,116,0.0088653564453125,0.01629638671875,0.002498626708984375,6.90460205078125E-4,0.0025177001953125,0.0095672607421875
841595281859,0,0,200,8.554458618164062E-4,0.0014972686767578125,0.0013027191162109375,1.7452239990234375E-4,0.00130462646484375,7.162094116210938E-4
1455685250163,0,0,105,0.00368499755859375,0.00662994384765625,0.0015354156494140625,2.0599365234375E-4,0.001605987548828125,0.001384735107421875
1079400814752,2,0,360,0.0013027191162109375,0.015380859375,1.1444091796875E-5,3.337860107421875E-5,7.43865966796875E-5,2.899169921875E-4
0,2,0,200,0,0.00643157958984375,8.487701416015625E-5,0.003192901611328125,9.441375732421875E-5,0.00711822509765625
0,1,0,119,0.00521087646484375,0.0110015869140625,0.002300262451171875,0.0128021240234375,0.002376556396484375,0.0460205078125
0,1,0,200,0.003253936767578125,4.405975341796875E-4,1.163482666015625E-4,1.64031982421875E-4,1.201629638671875E-4,0.0010547637939453125
1779400588842,1,0,200,0.001953125,0.010528564453125,0.0011310577392578125,0.005584716796875,0.001491546630859375,0.021148681640625
219777950015,0,0,103,0.001560211181640625,0.0011444091796875,8.363723754882812E-4,7.295608520507812E-4,8.497238159179688E-4,0.003482818603515625
1909036461222,0,0,103,0.02069091796875,0.01947021484375,0.0110321044921875,0.01544189453125,0.0111541748046875,0.0694580078125
1752016745052,0,0,103,0.00524139404296875,0.00440216064453125,0.002376556396484375,0.0011749267578125,0.00240325927734375,0.022613525390625
1096582481337,2,0,0,2.1648406982421875E-4,0.002597808837890625,1.52587890625E-4,0.0017452239990234375,1.8310546875E-4,0.00485992431640625
1505734030611,0,0,105,0.002368927001953125,0.001987457275390625,9.5367431640625E-7,0,9.5367431640625E-7,0
283680521336,2,0,103,0.0097503662109375,2.2029876708984375E-4,0.00273895263671875,5.321502685546875E-4,0.0059814453125,0.00392913818359375
1454567322475,0,0,105,0.00368499755859375,0.00662994384765625,0.0015354156494140625,2.0599365234375E-4,0.001605987548828125,0.001384735107421875
2297057742666,0,1,116,0.0088653564453125,0.01629638671875,0.002498626708984375,6.90460205078125E-4,0.0025177001953125,0.0095672607421875
2672186835136,0,1,116,0.03326416015625,0.019439697265625,0.00728607177734375,0.0196533203125,0.00774383544921875,0.0755615234375
1996246612944,0,0,0,0.003612518310546875,0.0081024169921875,6.771087646484375E-4,2.002716064453125E-4,6.7901611328125E-4,8.182525634765625E-4
85310159976,2,0,0,2.2792816162109375E-4,0.002513885498046875,1.52587890625E-4,0.0017452239990234375,1.8310546875E-4,0.00485992431640625
305680277106,2,0,360,0.0013027191162109375,0.009490966796875,0.00528717041015625,6.113052368164062E-4,0.0052947998046875,0.001392364501953125
643516724812,2,0,360,0.0013027191162109375,0.0111541748046875,0.00528717041015625,6.113052368164062E-4,0.0052947998046875,0.001392364501953125
2250638604910,2,0,0,2.0313262939453125E-4,0.002552032470703125,1.52587890625E-4,0.0017452239990234375,1.8310546875E-4,0.00485992431640625
172997665292,1,0,119,0.008819580078125,0.0043182373046875,0.003810882568359375,2.25067138671875E-4,0.003814697265625,0.00528717041015625
1018384242021,0,0,0,0.00262451171875,0.00566864013671875,0,0,0,0
160676916180,0,0,0,0.00390625,0.0141754150390625,0.0011768341064453125,0.001560211181640625,0.0012531280517578125,0.0082244873046875
1583531788104,1,0,200,0.00521087646484375,0.013214111328125,0.003032684326171875,0.0040130615234375,0.00347137451171875,0.0250244140625
210192884956,3,1,200,0.009765625,0.06591796875,0.0016994476318359375,0.026397705078125,0.001705169677734375,0.04913330078125
1664989059177,1,0,105,0.011016845703125,4.405975341796875E-4,8.96453857421875E-4,2.1839141845703125E-4,8.993148803710938E-4,7.944107055664062E-4
0,3,1,200,0.0036773681640625,0.01629638671875,0.0046539306640625,0.00588226318359375,,
87603956181,2,0,360,0.0013027191162109375,0.02197265625,1.9073486328125E-6,0,1.9073486328125E-6,0
2418204664299,2,0,360,0.0013027191162109375,0.0116424560546875,9.5367431640625E-7,6.008148193359375E-5,9.5367431640625E-7,1.8024444580078125E-4
1339231759748,2,0,360,0.0013027191162109375,0.020172119140625,0.008880615234375,0.01959228515625,0.010040283203125,0.0521240234375
0,2,0,200,3.6525726318359375E-4,0.00131988525390625,2.689361572265625E-4,5.064010620117188E-4,3.032684326171875E-4,0.00244140625
0,2,0,200,0.002849578857421875,0.02008056640625,0.002880096435546875,0.0133056640625,0.00289154052734375,0.0546875
600636034838,3,1,200,5.674362182617188E-4,2.2029876708984375E-4,5.102157592773438E-4,9.059906005859375E-5,5.121231079101562E-4,7.677078247070312E-4
140293304006,0,0,103,0.00621795654296875,0.03460693359375,7.05718994140625E-5,0,7.343292236328125E-5,0
1973588065655,0,0,0,0.003612518310546875,0.0081024169921875,6.961822509765625E-4,1.5163421630859375E-4,6.98089599609375E-4,9.65118408203125E-4
0,1,0,119,0.003032684326171875,0.0081024169921875,0.0016231536865234375,0.002391815185546875,0.0016422271728515625,0.019256591796875
1183262675692,2,0,360,0.0013027191162109375,0.020172119140625,0.008880615234375,0.01959228515625,0.010040283203125,0.0521240234375
1727473974115,0,0,103,0.0101776123046875,0.02142333984375,0.0011386871337890625,9.0789794921875E-4,0.0011425018310546875,0.00200653076171875
1661756498059,1,0,105,0.011016845703125,4.405975341796875E-4,8.96453857421875E-4,2.1839141845703125E-4,8.993148803710938E-4,7.944107055664062E-4
723622816016,1,0,103,0.0104217529296875,0.04119873046875,6.580352783203125E-5,0.001049041748046875,6.961822509765625E-5,0.013275146484375
148633013588,2,0,103,0.00725555419921875,0.007293701171875,0.005401611328125,0.00494384765625,0.00540924072265625,0.015838623046875
2418769838169,3,0,200,0.0123748779296875,0.00405120849609375,5.14984130859375E-5,0,5.14984130859375E-5,0
1458405976157,0,0,105,0.00368499755859375,0.00662994384765625,0.0015354156494140625,2.0599365234375E-4,0.001605987548828125,0.001384735107421875
0,1,0,200,0.0078125,0.0081024169921875,0.002399444580078125,0.0082855224609375,0.00267791748046875,0.05621337890625
1463787010922,0,0,0,0.002605438232421875,0.016204833984375,0.0021514892578125,0.02593994140625,0.002605438232421875,0.088134765625
1633489999533,2,0,0,2.0885467529296875E-4,0.0023193359375,8.58306884765625E-6,0,8.58306884765625E-6,0
1977389302377,1,0,117,0.003612518310546875,0.0081024169921875,0.0022735595703125,0.0071868896484375,0.0022735595703125,0.01953125
2248753462243,1,0,200,0.00262451171875,0.00566864013671875,0.0017719268798828125,0.0080108642578125,0.001873016357421875,0.0179443359375
2072244036745,0,0,0,0.003612518310546875,0.0081024169921875,2.231597900390625E-4,5.245208740234375E-5,2.384185791015625E-4,2.7179718017578125E-4
0,3,1,200,0.00605010986328125,0.03082275390625,0.002651214599609375,0.00550079345703125,0.00269317626953125,0.021820068359375
979193009008,0,0,0,0.00262451171875,0.00566864013671875,0,0,0,0
1564936772599,1,0,200,0.00521087646484375,0.013214111328125,0.003032684326171875,0.0040130615234375,0.00347137451171875,0.0250244140625
1475044641609,2,1,101,0.01116943359375,0.011566162109375,0.00720977783203125,0.0135345458984375,0.0105438232421875,0.0423583984375
0,1,0,200,0.00104522705078125,0.0027313232421875,1.6021728515625E-4,1.4019012451171875E-4,1.64031982421875E-4,8.58306884765625E-4
1265267263787,0,0,103,0.019866943359375,0.04510498046875,0.003139495849609375,0.03082275390625,0.0031890869140625,0.076416015625
1481829544590,2,0,360,0.0013027191162109375,0.01220703125,0.0084991455078125,0.012969970703125,0.0092010498046875,0.0421142578125
2383010041353,2,0,360,0.0013027191162109375,0.0088958740234375,0.010101318359375,0.00609588623046875,0.010162353515625,0.009796142578125
18743531342,2,0,360,0.0013027191162109375,0.00638580322265625,0.012481689453125,0.0218505859375,0.02093505859375,0.0848388671875
0,1,0,200,0.00649261474609375,0.0079193115234375,1.6021728515625E-4,1.468658447265625E-4,1.6307830810546875E-4,8.344650268554688E-4
1026419236391,0,0,103,0.001903533935546875,0.008636474609375,0.001537322998046875,0.00606536865234375,0.0015621185302734375,0.018310546875
1346499033188,2,0,103,0.006805419921875,0.0045928955078125,0.005126953125,0.00246429443359375,0.00513458251953125,0.0071868896484375
1452748379668,2,0,0,2.0885467529296875E-4,0.002239227294921875,8.58306884765625E-6,0,8.58306884765625E-6,0
0,3,0,200,0.00597381591796875,0,0.0033416748046875,0.00260162353515625,0.00339508056640625,0.0145416259765625
2623593043779,1,0,103,0.00521087646484375,0.0066070556640625,0.00109100341796875,8.907318115234375E-4,0.00110626220703125,0.00299072265625
645022061263,1,0,103,0.00315093994140625,8.802413940429688E-4,1.239776611328125E-5,2.40325927734375E-4,1.239776611328125E-5,4.8065185546875E-4
1606666361842,2,0,107,0.01080322265625,0.00958251953125,0.00848388671875,2.307891845703125E-4,0.00848388671875,9.822845458984375E-4
723622816016,1,0,103,0.0104217529296875,0.04119873046875,6.580352783203125E-5,0.001049041748046875,6.961822509765625E-5,0.013275146484375
2672186836616,0,1,116,0.03326416015625,0.019439697265625,0.00728607177734375,0.0196533203125,0.00774383544921875,0.0755615234375
1724380476984,0,0,103,0.002552032470703125,0.009368896484375,9.5367431640625E-7,0,9.5367431640625E-7,0
0,3,0,200,0.0078125,0.01812744140625,0.0078277587890625,0.025421142578125,0.008544921875,0.0826416015625
0,3,1,200,0.025909423828125,0.03240966796875,0.0015316009521484375,0.01519775390625,0.001552581787109375,0.02984619140625
1707828238760,0,0,103,0.002620697021484375,0.009368896484375,7.123947143554688E-4,9.72747802734375E-5,7.171630859375E-4,3.509521484375E-4
290292377512,0,0,103,0.00579833984375,0.00519561767578125,0.00229644775390625,1.7070770263671875E-4,0.00229644775390625,0.00434112548828125
778600265959,2,0,360,0.0013027191162109375,0.022216796875,8.039474487304688E-4,5.235671997070312E-4,9.002685546875E-4,0.002582550048828125
0,3,0,200,0.0130157470703125,0.0088043212890625,0.0015583038330078125,1.506805419921875E-4,0.0015583038330078125,6.656646728515625E-4
0,0,0,0,0.00650787353515625,0.0081024169921875,0.00362396240234375,0.001583099365234375,0.00372314453125,0.005035400390625
1430396158340,2,0,107,0.0102996826171875,0.00958251953125,0.00848388671875,2.307891845703125E-4,0.00848388671875,9.822845458984375E-4
0,3,0,200,0.03057861328125,0.0088043212890625,8.707046508789062E-4,0.0045928955078125,8.878707885742188E-4,0.0124664306640625
654999687620,3,1,200,0.009765625,0.06591796875,0.0016994476318359375,0.026397705078125,0.001705169677734375,0.04913330078125
1686119373164,2,1,360,0.0390625,0.104736328125,0.0230712890625,0.085205078125,0.02325439453125,0.27197265625
1974737806096,2,0,0,2.803802490234375E-4,0.00244903564453125,7.62939453125E-5,2.70843505859375E-4,7.62939453125E-5,4.1484832763671875E-4
31496985789,2,0,360,0.0013027191162109375,0.00395965576171875,1.9073486328125E-6,0,1.9073486328125E-6,0
0,3,0,200,0.0034942626953125,0.002025604248046875,0.0044097900390625,0.0203857421875,0.00441741943359375,0.142333984375
0,3,1,200,,,0.0046539306640625,0.00588226318359375,,
1458074381090,0,0,105,0.0041961669921875,0.00662994384765625,0.0015354156494140625,2.0599365234375E-4,0.001605987548828125,0.001384735107421875
0,3,0,200,0.01275634765625,0.03082275390625,0.00403594970703125,5.035400390625E-4,0.00403594970703125,0.002407073974609375
1111756005283,2,0,360,0.0013027191162109375,0.0208740234375,6.160736083984375E-4,6.685256958007812E-4,8.077621459960938E-4,0.003139495849609375
723622816016,1,0,103,0.0104217529296875,0.04119873046875,6.580352783203125E-5,0.001049041748046875,6.961822509765625E-5,0.013275146484375
640180069267,2,0,0,2.9659271240234375E-4,0.002246856689453125,1.964569091796875E-4,0.0012760162353515625,2.2602081298828125E-4,0.002613067626953125
1474460580065,0,0,103,0.00247955322265625,0.0294189453125,9.72747802734375E-5,0,9.72747802734375E-5,0
2354729725149,0,0,118,0.00650787353515625,0.01214599609375,0.003009796142578125,0.0079803466796875,0.003795623779296875,0.02508544921875
190016082495,1,0,200,0.00262451171875,0.00566864013671875,0.00140380859375,0.0082244873046875,0.001659393310546875,0.0682373046875
109677090925,1,0,117,0.0014705657958984375,0.0081024169921875,1.6689300537109375E-4,1.8978118896484375E-4,1.678466796875E-4,4.730224609375E-4
26096958845,2,0,360,0.0013027191162109375,0.00310516357421875,0.0063018798828125,0.00711822509765625,0.0094451904296875,0.02825927734375
1716208240078,1,1,101,0.003368377685546875,0.0316162109375,0.002208709716796875,0.025604248046875,,
166953151611,3,0,200,0.0106201171875,0.03521728515625,0.00921630859375,0.0126800537109375,0.009246826171875,0.06109619140625
1396142755924,2,0,0,2.0885467529296875E-4,0.0027313232421875,8.58306884765625E-6,0,8.58306884765625E-6,0
1077320506499,2,0,0,1.9741058349609375E-4,0.00106048583984375,9.250640869140625E-5,2.2029876708984375E-4,1.02996826171875E-4,6.465911865234375E-4
0,3,1,200,0.020111083984375,0.0616455078125,0.00312042236328125,0.0055389404296875,0.0031280517578125,0.0203857421875
2256748891739,1,0,200,0.0130157470703125,0,9.5367431640625E-7,0,9.5367431640625E-7,0
0,2,0,200,3.6525726318359375E-4,0.00131988525390625,2.689361572265625E-4,5.064010620117188E-4,3.032684326171875E-4,0.00244140625
0,0,0,0,0.00262451171875,0.00566864013671875,8.88824462890625E-4,0.003376007080078125,0.001064300537109375,0.0087738037109375
2297057743796,0,1,116,0.0088653564453125,0.01629638671875,0.002498626708984375,6.90460205078125E-4,0.0025177001953125,0.0095672607421875
1304897781869,1,0,117,0.0014705657958984375,0.0081024169921875,0.0012149810791015625,0.00769805908203125,0.00147247314453125,0.017730712890625
0,3,0,200,0.0416259765625,0.0704345703125,0.034423828125,0.047607421875,0.03466796875,0.13330078125
0,1,0,200,1.6498565673828125E-4,0,1.8310546875E-4,1.201629638671875E-4,1.850128173828125E-4,7.085800170898438E-4
2054131842728,0,0,0,0.00403594970703125,0.0081024169921875,9.5367431640625E-6,6.389617919921875E-5,9.5367431640625E-6,2.5653839111328125E-4
1355597495699,1,0,200,0.00521087646484375,0.013214111328125,0.003032684326171875,0.0040130615234375,0.00347137451171875,0.0250244140625
1650360212523,2,0,360,0.0013027191162109375,0.0111541748046875,0.00528717041015625,6.113052368164062E-4,0.0052947998046875,0.001392364501953125
34942726283,2,0,360,0.0013027191162109375,0.00249481201171875,0.005096435546875,0.00595855712890625,0.0102996826171875,0.05584716796875
2121368594683,1,0,103,0.1041259765625,0.030364990234375,0.129638671875,0.00543975830078125,0.129638671875,0.05572509765625
1457455834910,0,0,105,0.00368499755859375,0.00662994384765625,0.0015354156494140625,2.0599365234375E-4,0.001605987548828125,0.001384735107421875
95950072173,2,0,0,2.5177001953125E-4,0.0018711090087890625,1.964569091796875E-4,0.0012760162353515625,2.2602081298828125E-4,0.002613067626953125
1687070543926,1,0,200,0.0094757080078125,5.283355712890625E-4,0.0087127685546875,1.56402587890625E-4,0.0087127685546875,8.792877197265625E-4
727834839469,1,0,117,0.0014705657958984375,0.0081024169921875,0.001110076904296875,0.0069580078125,0.0014705657958984375,0.0133209228515625
81247036839,2,0,360,0.0013027191162109375,0.010711669921875,0.0069580078125,0.0091094970703125,0.0104522705078125,0.070068359375
595766185068,2,0,0,2.3555755615234375E-4,0.002048492431640625,7.62939453125E-6,0,7.62939453125E-6,0
683354763801,0,0,0,0.00182342529296875,0.0081024169921875,7.4005126953125E-4,3.1185150146484375E-4,8.96453857421875E-4,7.8582763671875E-4
240715624051,2,0,360,0.0013027191162109375,0.0177001953125,0.0031280517578125,0.0030517578125,0.0102081298828125,0.022369384765625
1164196035860,1,0,103,0.00521087646484375,0.0066070556640625,0.0018596649169921875,0.0023651123046875,0.001888275146484375,0.0079803466796875
1784246122817,0,0,103,0.0101776123046875,0.017608642578125,0.0011386871337890625,9.0789794921875E-4,0.0011425018310546875,0.00200653076171875
1660945821797,1,0,105,0.011016845703125,4.405975341796875E-4,8.96453857421875E-4,2.1839141845703125E-4,8.993148803710938E-4,7.944107055664062E-4
62013905579,2,0,205,3.1757354736328125E-4,0.00823974609375,2.422332763671875E-4,3.757476806640625E-4,2.593994140625E-4,0.0026092529296875
622673761815,2,0,360,0.0013027191162109375,0.0146636962890625,0.00476837158203125,0.0135955810546875,0.006622314453125,0.04425048828125
2296648981449,1,0,103,0.00521087646484375,0.0066070556640625,0.0016651153564453125,8.563995361328125E-4,0.0017490386962890625,0.008331298828125
141377955170,2,0,360,0.0013027191162109375,0.0135040283203125,9.5367431640625E-7,0,9.5367431640625E-7,0
14512205214,2,0,360,0.0013027191162109375,0.0091552734375,0.00421142578125,0.003536224365234375,0.008697509765625,0.03851318359375
2429594273654,2,0,103,0.0076141357421875,0.01214599609375,9.5367431640625E-7,0,9.5367431640625E-7,0
0,1,0,200,0.002605438232421875,0.003520965576171875,0.0013904571533203125,0.0010852813720703125,0.0013942718505859375,0.00446319580078125
764233252920,0,0,103,0.002979278564453125,0.00440216064453125,6.160736083984375E-4,1.3256072998046875E-4,6.170272827148438E-4,5.207061767578125E-4
2211148976411,0,0,0,0.002475738525390625,0.0081024169921875,8.420944213867188E-4,0.00594329833984375,0.00257110595703125,0.065185546875
337189808246,2,0,360,0.0013027191162109375,0.0142822265625,0.02178955078125,0.0128021240234375,0.023406982421875,0.044189453125
196526021114,2,0,360,0.0013027191162109375,0.021728515625,0.01922607421875,0.031982421875,0.0206298828125,0.0692138671875
243223036214,2,0,360,0.0013027191162109375,0.0096893310546875,9.5367431640625E-7,6.389617919921875E-5,9.5367431640625E-7,2.5653839111328125E-4
1415474667445,0,0,0,8.974075317382812E-4,0,5.521774291992188E-4,9.918212890625E-5,5.540847778320312E-4,4.5680999755859375E-4
868741943208,1,0,117,0.00182342529296875,0.0104827880859375,0.00182342529296875,2.9277801513671875E-4,0.00182342529296875,0.0011157989501953125
1361401660503,2,0,0,2.1266937255859375E-4,0.0027313232421875,8.58306884765625E-6,0,8.58306884765625E-6,0
1171544795246,2,0,360,0.0013027191162109375,0.011474609375,0.0065155029296875,0.009124755859375,0.0108184814453125,0.04608154296875
2185156178320,0,0,0,0.00262451171875,0.00566864013671875,0.0023956298828125,0.0064544677734375,0.00275421142578125,0.0152130126953125
511256763509,2,0,360,0.0013027191162109375,0.0111541748046875,0.00528717041015625,6.113052368164062E-4,0.0052947998046875,0.001392364501953125
12685962818,2,0,360,0.0013027191162109375,0.017669677734375,9.5367431640625E-7,0.0012340545654296875,9.5367431640625E-7,0.003704071044921875
590783793350,2,0,0,2.7751922607421875E-4,0.002368927001953125,7.62939453125E-5,2.70843505859375E-4,7.62939453125E-5,4.1484832763671875E-4
613847160614,2,0,360,0.0013027191162109375,0.0146636962890625,3.1757354736328125E-4,0.0018672943115234375,5.359649658203125E-4,0.00717926025390625
235147564309,2,0,360,0.0013027191162109375,0.0092010498046875,0.0065765380859375,0.0099029541015625,0.0105743408203125,0.0760498046875
1454586482810,0,0,105,0.00368499755859375,0.00662994384765625,0.0015354156494140625,2.0599365234375E-4,0.001605987548828125,0.001384735107421875
1527606235496,1,0,200,0.00521087646484375,0.013214111328125,0.003032684326171875,0.0040130615234375,0.00347137451171875,0.0250244140625
1148252204807,3,0,200,0.003879547119140625,6.780624389648438E-4,0.00127410888671875,3.833770751953125E-4,0.00127410888671875,7.2479248046875E-4
2147610575044,0,0,0,0.00262451171875,0.00566864013671875,0.00145721435546875,0.0057830810546875,0.0017719268798828125,0.0135498046875
1467105885313,1,0,103,0.00719451904296875,0.00457763671875,0.0031585693359375,0.009735107421875,0.00347137451171875,0.023193359375
866343157373,0,0,0,0.00262451171875,0.00566864013671875,0,0,0,0
1982485026400,0,0,0,0.003612518310546875,0.0081024169921875,6.456375122070312E-4,2.2029876708984375E-4,6.847381591796875E-4,0.0051116943359375
1887821028729,1,0,103,0.1041259765625,0.02764892578125,0.129638671875,0.00543975830078125,0.129638671875,0.05572509765625
1356481655533,2,0,0,2.1266937255859375E-4,0.00223541259765625,1.52587890625E-4,0.0017452239990234375,1.8310546875E-4,0.00485992431640625
0,0,0,0,0.00390625,0.0141754150390625,9.355545043945312E-4,0.0114288330078125,0.00121307373046875,0.04437255859375
556122589368,1,0,200,0.00650787353515625,0.00113677978515625,9.5367431640625E-7,0,9.5367431640625E-7,0
742017340251,2,0,0,2.3555755615234375E-4,0.00222015380859375,7.62939453125E-6,0,7.62939453125E-6,0
723622816016,1,0,103,0.0104217529296875,0.04119873046875,6.580352783203125E-5,0.001049041748046875,6.961822509765625E-5,0.013275146484375
1519636208656,0,0,0,0.00182342529296875,0.0081024169921875,0.001430511474609375,0.0079193115234375,0.00182342529296875,0.018646240234375
1456825042623,0,0,105,0.00368499755859375,0.00662994384765625,0.0015354156494140625,2.0599365234375E-4,0.001605987548828125,0.001384735107421875
445414818420,0,1,116,0.00362396240234375,0.01629638671875,0.002521514892578125,0.0203857421875,0.002529144287109375,0.04345703125
1427916553132,2,0,360,0.0013027191162109375,0.01220703125,0.02105712890625,0.029327392578125,0.023101806640625,0.082763671875
1958057972888,0,0,103,0.011932373046875,0.017608642578125,0.0011386871337890625,9.0789794921875E-4,0.0011425018310546875,0.00200653076171875
160239164141,2,0,360,0.0013027191162109375,0.013519287109375,9.5367431640625E-7,1.3065338134765625E-4,9.5367431640625E-7,3.2138824462890625E-4
0,2,0,205,3.1757354736328125E-4,0.0089263916015625,2.3651123046875E-4,3.795623779296875E-4,2.422332763671875E-4,0.002422332763671875
1494035482464,0,0,105,0.00650787353515625,0.003696441650390625,0.0017414093017578125,0.01068115234375,0.002307891845703125,0.01983642578125
1962880840575,2,0,360,0.0013027191162109375,0.015960693359375,9.5367431640625E-7,0,9.5367431640625E-7,0
0,3,0,103,0.003253936767578125,0.0016193389892578125,5.626678466796875E-4,8.487701416015625E-5,5.645751953125E-4,4.6634674072265625E-4
1898186524495,2,0,360,0.0013027191162109375,0.0111541748046875,0.00487518310546875,0.00530242919921875,0.009979248046875,0.039306640625
1047207440338,2,0,360,0.0013027191162109375,0.017333984375,0.00638580322265625,0.016082763671875,0.017059326171875,0.091552734375
1967356354698,0,0,0,0.00403594970703125,0.0081024169921875,9.5367431640625E-6,6.389617919921875E-5,9.5367431640625E-6,2.5653839111328125E-4
0,0,0,0,0.00262451171875,0.00566864013671875,8.88824462890625E-4,0.003376007080078125,0.001064300537109375,0.0087738037109375
51966657430,3,1,200,0.0130462646484375,0.003238677978515625,0.0018558502197265625,2.288818359375E-4,0.001857757568359375,0.0015163421630859375
496098383769,1,0,105,0.189453125,0.0041656494140625,0.04058837890625,2.8324127197265625E-4,0.04058837890625,0.0011997222900390625
743391914288,0,0,0,0.00182342529296875,0.0081024169921875,7.4005126953125E-4,3.1185150146484375E-4,8.96453857421875E-4,7.8582763671875E-4
0,3,0,200,0.0106201171875,0.09716796875,0.00452423095703125,0.019622802734375,0.004608154296875,0.027191162109375
2140840748500,1,0,200,0.00262451171875,0.00566864013671875,0.0017719268798828125,0.0080108642578125,0.001873016357421875,0.0179443359375
1892553047503,0,0,103,0.0066375732421875,0.003787994384765625,0.002658843994140625,0.003292083740234375,0.004180908203125,0.024505615234375
0,3,0,200,0.002834320068359375,0.002025604248046875,4.3582916259765625E-4,0.00537872314453125,5.950927734375E-4,0.0242919921875
529395802852,1,0,200,0.0130157470703125,0,9.5367431640625E-7,0,9.5367431640625E-7,0
1245343375389,1,0,103,0.1041259765625,0.03466796875,0.129638671875,0.00543975830078125,0.129638671875,0.05572509765625
1361239063413,2,0,0,2.1266937255859375E-4,0.0027313232421875,8.58306884765625E-6,0,8.58306884765625E-6,0
858488727860,2,0,360,0.0013027191162109375,0.016510009765625,0.021514892578125,0.05462646484375,0.02197265625,0.140625
95695165809,2,0,360,0.0013027191162109375,0.00513458251953125,1.9073486328125E-6,0,1.9073486328125E-6,0
25209115534,2,0,360,0.0013027191162109375,0.00643157958984375,0.019287109375,0.018096923828125,0.02044677734375,0.03570556640625
1458465379508,0,0,105,0.0041961669921875,0.00662994384765625,0.0015354156494140625,2.0599365234375E-4,0.001605987548828125,0.001384735107421875
926030137255,1,0,117,0.0014705657958984375,0.0081024169921875,9.918212890625E-5,0,9.918212890625E-5,0
0,1,0,25,3.814697265625E-4,0,3.6334991455078125E-4,2.32696533203125E-4,3.643035888671875E-4,5.664825439453125E-4
494507861384,2,0,360,0.0013027191162109375,0.0159912109375,5.292892456054688E-4,0.00130462646484375,7.36236572265625E-4,0.0083160400390625
0,3,0,103,0.017303466796875,0.01690673828125,8.821487426757812E-4,7.05718994140625E-5,8.85009765625E-4,4.4536590576171875E-4
1557356950148,2,0,0,2.4700164794921875E-4,0.002391815185546875,1.52587890625E-4,0.0017452239990234375,1.8310546875E-4,0.00485992431640625
577085234034,2,0,360,0.0013027191162109375,0.02056884765625,0.0031280517578125,0.0030517578125,0.0102081298828125,0.022369384765625
2267446319326,0,0,105,0.00650787353515625,0.0065155029296875,0.0013866424560546875,7.982254028320312E-4,0.002597808837890625,0.0011882781982421875
1595653384377,0,0,0,0.00390625,0.0141754150390625,0.00232696533203125,0.020294189453125,0.002330780029296875,0.0313720703125
1832502421858,1,0,103,0.00521087646484375,0.0066070556640625,0.0016651153564453125,8.563995361328125E-4,0.0017490386962890625,0.008331298828125
2252217338403,1,0,103,0.00521087646484375,0.0066070556640625,0.00109100341796875,8.907318115234375E-4,0.00110626220703125,0.00299072265625
2448117051373,1,0,117,0.0014705657958984375,0.0081024169921875,0.0010509490966796875,0.008575439453125,0.00147247314453125,0.02685546875
1060771261590,0,0,107,0.0016574859619140625,0.00246429443359375,0.00128173828125,0.0046539306640625,0.00128173828125,0.009307861328125
446092276032,0,1,116,0.00362396240234375,0.01629638671875,0.002521514892578125,0.0203857421875,0.002529144287109375,0.04345703125
2214455390295,2,0,360,0.0013027191162109375,0.015838623046875,0.0062255859375,0.00579071044921875,0.0112152099609375,0.0380859375
1976747851695,1,0,117,0.0014705657958984375,0.0081024169921875,7.20977783203125E-4,3.01361083984375E-4,7.219314575195312E-4,0.0012416839599609375
1301537040517,2,0,360,0.0013027191162109375,0.011444091796875,9.5367431640625E-7,0,9.5367431640625E-7,0
1727973070630,0,0,103,0.00254058837890625,0.009368896484375,3.8814544677734375E-4,7.562637329101562E-4,4.3964385986328125E-4,0.0012340545654296875
2419420091038,2,0,103,0.0039215087890625,0.0084228515625,9.5367431640625E-7,0,9.5367431640625E-7,0
2630184085147,1,0,103,0.00687408447265625,0.0034332275390625,0.00472259521484375,0.00215911865234375,0.004730224609375,0.0322265625
128755748571,1,0,103,0.1041259765625,0.03564453125,0.129638671875,0.00543975830078125,0.129638671875,0.05572509765625
2478595133223,1,0,200,0.00262451171875,0.00566864013671875,3.833770751953125E-4,2.3174285888671875E-4,6.160736083984375E-4,6.780624389648438E-4
1084973127028,2,0,360,0.0013027191162109375,0.015380859375,1.1444091796875E-5,3.337860107421875E-5,7.43865966796875E-5,2.899169921875E-4
1645245342722,0,0,103,0.021728515625,0.0164794921875,0.001953125,0.02655029296875,0.0019683837890625,0.05621337890625
2198460801389,0,0,103,0.04559326171875,0.04095458984375,0.0111846923828125,0.03985595703125,0.011260986328125,0.1474609375
1220572044914,2,0,205,3.1757354736328125E-4,0.0089263916015625,1.86920166015625E-4,2.651214599609375E-4,1.8787384033203125E-4,0.00150299072265625
19070546672,1,0,103,0.189697265625,0.00350189208984375,0.11328125,0.0013446807861328125,0.1134033203125,0.0172119140625
1277749952764,2,0,360,0.0013027191162109375,0.0137939453125,9.5367431640625E-7,8.392333984375E-5,9.5367431640625E-7,1.964569091796875E-4
950653282454,0,0,0,0.00262451171875,0.00566864013671875,0,0,0,0
871583476732,2,0,360,0.0013027191162109375,0.0111541748046875,0.00528717041015625,6.113052368164062E-4,0.0052947998046875,0.001392364501953125
1583845325035,0,0,0,0.00390625,0.0141754150390625,0.00232696533203125,0.020294189453125,0.002330780029296875,0.0313720703125
740637541232,1,0,200,0.00521087646484375,0.013214111328125,1.9073486328125E-6,0,1.9073486328125E-6,0
2043312460850,0,0,0,0.00390625,0.0141754150390625,0.001514434814453125,0.0159912109375,0.001789093017578125,0.04400634765625
0,3,1,450,0.00627899169921875,0,0.00498199462890625,0.0211181640625,0.00507354736328125,0.05340576171875
1724738627093,0,0,103,0.002552032470703125,0.009368896484375,9.5367431640625E-7,0,9.5367431640625E-7,0
1690177619593,1,0,105,0.00524139404296875,0.002330780029296875,0.00171661376953125,2.0885467529296875E-4,0.00174713134765625,9.95635986328125E-4
241936356114,1,0,105,0.154052734375,0.011932373046875,1.9073486328125E-5,3.814697265625E-6,2.09808349609375E-5,0.001972198486328125
1994510679428,0,0,0,0.003612518310546875,0.0081024169921875,6.771087646484375E-4,2.002716064453125E-4,6.7901611328125E-4,8.182525634765625E-4
1865787059770,2,0,0,2.803802490234375E-4,0.00244903564453125,7.62939453125E-5,2.70843505859375E-4,7.62939453125E-5,4.1484832763671875E-4
2539224982620,2,0,0,1.94549560546875E-4,0.001171112060546875,9.250640869140625E-5,2.2029876708984375E-4,1.02996826171875E-4,6.465911865234375E-4
2266437536547,2,0,0,2.3651123046875E-4,0.002552032470703125,1.52587890625E-4,0.0017452239990234375,1.8310546875E-4,0.00485992431640625
756006146158,0,1,200,0.003509521484375,0.00704193115234375,0.0012149810791015625,0.00229644775390625,0.001247406005859375,0.03887939453125
714568037159,0,0,107,0.003253936767578125,5.283355712890625E-4,0.001399993896484375,1.7547607421875E-4,0.001399993896484375,2.6798248291015625E-4
1629616208248,1,0,200,0.00521087646484375,0.013214111328125,0.003032684326171875,0.0040130615234375,0.00347137451171875,0.0250244140625
2371877426366,1,0,103,0.1041259765625,0.030364990234375,0.129638671875,0.00543975830078125,0.129638671875,0.05572509765625
725984298354,0,0,0,0.00182342529296875,0.0081024169921875,7.4005126953125E-4,3.1185150146484375E-4,8.96453857421875E-4,7.8582763671875E-4
1973266850521,0,0,0,0.003612518310546875,0.0081024169921875,6.961822509765625E-4,1.5163421630859375E-4,6.98089599609375E-4,9.65118408203125E-4
1236942784405,1,0,103,0.00521087646484375,0.0066070556640625,0.00109100341796875,8.907318115234375E-4,0.00110626220703125,0.00299072265625
1278331493562,0,0,103,0.026031494140625,0.0648193359375,0.0109710693359375,0.0361328125,0.0111541748046875,0.0865478515625
2435702761815,0,0,103,0.0148773193359375,0.023406982421875,6.9427490234375E-4,0.0044708251953125,0.003147125244140625,0.1142578125
1186978972525,2,0,360,0.0013027191162109375,0.012298583984375,1.1444091796875E-5,3.337860107421875E-5,7.43865966796875E-5,2.899169921875E-4
1858188093635,3,0,200,0,0,0.009796142578125,8.869171142578125E-5,0.0098114013671875,4.8160552978515625E-4
1961241465478,1,0,103,0.1041259765625,0.030364990234375,0.129638671875,0.00543975830078125,0.129638671875,0.05572509765625
965938224528,0,0,0,0.00262451171875,0.00566864013671875,0,0,0,0
2354709428529,0,0,118,0.00650787353515625,0.01214599609375,0.003009796142578125,0.0079803466796875,0.003795623779296875,0.02508544921875
1405657773179,2,0,360,0.0013027191162109375,0.0113677978515625,0.0062255859375,0.00579071044921875,0.0112152099609375,0.0380859375
2520066976356,1,0,103,0.1041259765625,0.030029296875,0.129638671875,0.00543975830078125,0.129638671875,0.05572509765625
0,1,0,105,0.00650787353515625,0.006866455078125,0.0018444061279296875,0.0084075927734375,0.002033233642578125,0.02178955078125
1692295809499,1,0,103,0.002468109130859375,0.002376556396484375,8.497238159179688E-4,6.361007690429688E-4,0.001186370849609375,0.0110931396484375
117458910168,2,0,360,0.0013027191162109375,0.016021728515625,9.5367431640625E-7,0,9.5367431640625E-7,0
352869736511,2,1,101,0.01116943359375,0.011566162109375,0.00720977783203125,0.0135345458984375,0.0105438232421875,0.0423583984375
1431086242046,2,0,360,0.0013027191162109375,0.0121307373046875,1.9073486328125E-6,0,2.86102294921875E-6,0
77513298663,2,0,360,0.0013027191162109375,0.021728515625,0.01922607421875,0.031982421875,0.0206298828125,0.0692138671875
1070524212207,0,0,0,0.00262451171875,0.00566864013671875,0,0,0,0
0,3,0,450,0.028656005859375,0.03240966796875,9.918212890625E-4,0.0117034912109375,0.0010128021240234375,0.02008056640625
1126340504674,0,0,0,0.00390625,0.016204833984375,8.983612060546875E-4,0.008453369140625,0.0015850067138671875,0.026763916015625
1040246069601,2,0,360,0.0013027191162109375,0.0153961181640625,9.5367431640625E-7,0,9.5367431640625E-7,0
0,3,0,200,0.0234375,0.0704345703125,0.0078582763671875,0.0205078125,0.007904052734375,0.038330078125
1712233052801,0,0,103,0.002620697021484375,0.009368896484375,7.123947143554688E-4,9.72747802734375E-5,7.171630859375E-4,3.509521484375E-4
0,1,0,200,0.00717926025390625,0.0133819580078125,0.0043487548828125,0.0080718994140625,0.00438690185546875,0.0516357421875
445235089068,2,0,0,2.231597900390625E-4,0.002597808837890625,1.52587890625E-4,0.0017452239990234375,1.8310546875E-4,0.00485992431640625
0,1,0,117,0.001953125,0.010528564453125,8.649826049804688E-4,0.0017185211181640625,0.0011386871337890625,0.016510009765625
1490145682622,2,0,0,2.0885467529296875E-4,0.002239227294921875,8.58306884765625E-6,0,8.58306884765625E-6,0
1727722066275,0,0,103,0.00254058837890625,0.009368896484375,3.8814544677734375E-4,7.562637329101562E-4,4.3964385986328125E-4,0.0012340545654296875
723622816016,1,0,103,0.0104217529296875,0.04119873046875,6.580352783203125E-5,0.001049041748046875,6.961822509765625E-5,0.013275146484375
1456539118957,0,0,105,0.00368499755859375,0.00662994384765625,0.0015354156494140625,2.0599365234375E-4,0.001605987548828125,0.001384735107421875
723622816016,1,0,103,0.0104217529296875,0.04119873046875,6.580352783203125E-5,0.001049041748046875,6.961822509765625E-5,0.013275146484375
0,3,0,200,0.00732421875,0.020782470703125,0.03448486328125,0.0361328125,0.03460693359375,0.0845947265625
2594825410965,2,0,360,0.0013027191162109375,0.00679779052734375,0.00588226318359375,0.0124664306640625,0.0095367431640625,0.044677734375
2516451192759,0,0,0,0.00262451171875,0.00566864013671875,3.39508056640625E-4,4.00543212890625E-4,7.74383544921875E-4,0.0012378692626953125
1296883174023,2,0,360,0.0013027191162109375,0.020172119140625,0.0186767578125,0.0338134765625,0.019287109375,0.1065673828125
0,0,0,0,0.00262451171875,0.00566864013671875,8.88824462890625E-4,0.003376007080078125,0.001064300537109375,0.0087738037109375
77029782533,2,0,360,0.0013027191162109375,0.0146942138671875,9.5367431640625E-7,8.392333984375E-5,9.5367431640625E-7,1.964569091796875E-4
1611455852240,2,0,360,0.0013027191162109375,0.0111236572265625,0.010101318359375,0.00609588623046875,0.010162353515625,0.009796142578125
194478653002,2,0,360,0.0013027191162109375,0.015472412109375,0.019287109375,0.018096923828125,0.02044677734375,0.03570556640625
1065976927891,2,0,360,0.0013027191162109375,0.020050048828125,0.00421142578125,0.003536224365234375,0.008697509765625,0.03851318359375
1726577721674,1,0,103,0.010345458984375,0.0049285888671875,1.9168853759765625E-4,0.0010089874267578125,4.0531158447265625E-4,0.0041046142578125
1174264006781,2,0,360,0.0013027191162109375,0.0111236572265625,0.010101318359375,0.00609588623046875,0.010162353515625,0.009796142578125
1859936491731,3,0,200,0.010162353515625,0.1146240234375,0.00647735595703125,0.075439453125,0.006561279296875,0.1129150390625
1457039080260,0,0,105,0.00368499755859375,0.00662994384765625,0.0015354156494140625,2.0599365234375E-4,0.001605987548828125,0.001384735107421875
817164080941,1,0,103,0.00521087646484375,0.0066070556640625,0.00109100341796875,8.907318115234375E-4,0.00110626220703125,0.00299072265625
1611610715638,1,0,200,0.00521087646484375,0.013214111328125,1.9073486328125E-6,0,1.9073486328125E-6,0
0,2,0,103,0.02362060546875,0.0096893310546875,0.00774383544921875,0.0027618408203125,0.008087158203125,0.0118560791015625
1454655047956,0,0,105,0.00368499755859375,0.00662994384765625,0.0015354156494140625,2.0599365234375E-4,0.001605987548828125,0.001384735107421875
1973871589601,1,0,103,0.03375244140625,0.02783203125,0.03521728515625,0.029205322265625,0.037841796875,0.179931640625
1494125846803,0,0,105,0.00650787353515625,0.003696441650390625,0.0017414093017578125,0.01068115234375,0.002307891845703125,0.01983642578125
236275163705,0,0,103,0.00661468505859375,0.00246429443359375,0.003936767578125,7.51495361328125E-4,0.0067138671875,0.0338134765625
813494417855,2,1,105,0.07421875,0.0841064453125,0.04644775390625,0.073486328125,0.05133056640625,0.3447265625
2297843228800,2,0,0,2.3651123046875E-4,0.002552032470703125,1.52587890625E-4,0.0017452239990234375,1.8310546875E-4,0.00485992431640625
1664291802493,1,0,105,0.011016845703125,4.405975341796875E-4,8.96453857421875E-4,2.1839141845703125E-4,8.993148803710938E-4,7.944107055664062E-4
0,3,1,450,0.00627899169921875,0,0.00498199462890625,0.0211181640625,0.00507354736328125,0.05340576171875
323135470636,3,1,200,0.00522613525390625,0.025665283203125,0.001827239990234375,8.3160400390625E-4,0.00183868408203125,0.003444671630859375
787376652006,3,1,200,5.674362182617188E-4,2.2029876708984375E-4,5.102157592773438E-4,9.059906005859375E-5,5.121231079101562E-4,7.677078247070312E-4
682765436361,0,0,103,0.0051422119140625,0.048583984375,0.00299835205078125,0.0151214599609375,0.00307464599609375,0.020263671875
0,1,0,200,1.6498565673828125E-4,0,1.659393310546875E-4,1.4781951904296875E-4,1.697540283203125E-4,5.578994750976562E-4
2405052221007,2,0,119,0.05078125,0.0123291015625,0.0469970703125,0.002147674560546875,0.0469970703125,0.009765625
549582055822,1,0,103,0.12890625,0.234619140625,0.1094970703125,0.19189453125,0.1094970703125,0.27294921875
631239864038,2,0,103,0.0097503662109375,2.2029876708984375E-4,0.008697509765625,8.296966552734375E-5,0.008697509765625,3.337860107421875E-4
0,3,0,200,0.0046844482421875,0.029937744140625,0.0047149658203125,0.01397705078125,0.004730224609375,0.03125
1742857137764,0,0,103,0.00247955322265625,0.009368896484375,5.168914794921875E-4,0.00470733642578125,7.51495361328125E-4,0.010589599609375
1456796899453,0,0,105,0.00368499755859375,0.00662994384765625,0.0015354156494140625,2.0599365234375E-4,0.001605987548828125,0.001384735107421875
1454639158056,0,0,105,0.00368499755859375,0.00662994384765625,0.0015354156494140625,2.0599365234375E-4,0.001605987548828125,0.001384735107421875
723622816016,1,0,103,0.0104217529296875,0.04119873046875,6.580352783203125E-5,0.001049041748046875,6.961822509765625E-5,0.013275146484375
583027664035,1,0,103,0.00521087646484375,0.0066070556640625,0.0016651153564453125,8.563995361328125E-4,0.0017490386962890625,0.008331298828125
1516584399765,2,0,0,2.002716064453125E-4,0.0011272430419921875,9.250640869140625E-5,2.2029876708984375E-4,1.02996826171875E-4,6.465911865234375E-4
1159499037663,0,0,0,0.00182342529296875,0.0081024169921875,1.7642974853515625E-4,3.2901763916015625E-4,3.833770751953125E-4,9.126663208007812E-4
0,2,0,200,3.3664703369140625E-4,0.0014972686767578125,2.803802490234375E-4,9.517669677734375E-4,2.9850006103515625E-4,0.003566741943359375
2354710732506,0,0,118,0.00650787353515625,0.01214599609375,0.003009796142578125,0.0079803466796875,0.003795623779296875,0.02508544921875
820725265203,1,0,103,0.00521087646484375,0.0066070556640625,0.00115966796875,4.00543212890625E-4,0.0011615753173828125,0.001201629638671875
2005261296447,2,0,0,2.155303955078125E-4,0.002109527587890625,8.58306884765625E-6,0,8.58306884765625E-6,0
1822463357915,0,0,103,0.0101776123046875,0.017608642578125,0.0011386871337890625,9.0789794921875E-4,0.0011425018310546875,0.00200653076171875
0,1,0,117,0.0015621185302734375,0.00566864013671875,9.42230224609375E-4,0.002429962158203125,0.0012607574462890625,0.017913818359375
352551241377,0,0,0,0.002605438232421875,0.016204833984375,6.67572021484375E-4,1.3446807861328125E-4,6.67572021484375E-4,1.850128173828125E-4
1616320187098,2,0,0,2.0885467529296875E-4,0.0023193359375,8.58306884765625E-6,0,8.58306884765625E-6,0
464130817805,1,0,200,0.0130157470703125,0,9.5367431640625E-7,0,9.5367431640625E-7,0
852331548651,1,0,200,0.0130157470703125,0,9.5367431640625E-7,0,9.5367431640625E-7,0
1984043461385,0,0,0,0.003612518310546875,0.0081024169921875,6.771087646484375E-4,2.002716064453125E-4,6.7901611328125E-4,8.182525634765625E-4
2495585176419,0,0,0,0.00262451171875,0.00566864013671875,3.39508056640625E-4,4.00543212890625E-4,7.74383544921875E-4,0.0012378692626953125
1328477764264,2,0,0,2.7179718017578125E-4,0.002178192138671875,7.62939453125E-5,2.70843505859375E-4,7.62939453125E-5,4.1484832763671875E-4
1454585632783,0,0,105,0.00368499755859375,0.00662994384765625,0.0015354156494140625,2.0599365234375E-4,0.001605987548828125,0.001384735107421875
323834007893,2,0,360,0.0013027191162109375,0.0155029296875,0.009033203125,0.0102081298828125,0.025146484375,0.092529296875
755895820995,3,1,200,0.078125,0.17431640625,0.0738525390625,0.097900390625,0.0750732421875,0.30615234375
2426008953154,1,0,103,0.0016727447509765625,0.0110015869140625,6.132125854492188E-4,0,6.132125854492188E-4,0
1203278010253,2,0,360,0.0013027191162109375,0.02142333984375,6.160736083984375E-4,6.685256958007812E-4,8.077621459960938E-4,0.003139495849609375
1120514861137,2,0,360,0.0013027191162109375,0.020172119140625,0.0186767578125,0.0338134765625,0.019287109375,0.1065673828125
1499522378312,1,0,200,0.00521087646484375,0.013214111328125,1.9073486328125E-6,0,1.9073486328125E-6,0
96751049776,2,0,360,0.0013027191162109375,0.00518798828125,0.009002685546875,0.0129547119140625,0.0100555419921875,0.05224609375
0,2,0,200,3.3664703369140625E-4,0.0016727447509765625,2.6988983154296875E-4,0.0010433197021484375,2.8133392333984375E-4,0.0019435882568359375
983160680266,3,0,200,0.0123748779296875,0.00405120849609375,5.14984130859375E-5,0,5.14984130859375E-5,0
1657384296340,1,0,105,0.011016845703125,4.405975341796875E-4,8.96453857421875E-4,2.1839141845703125E-4,8.993148803710938E-4,7.944107055664062E-4
2354729145965,0,0,118,0.00650787353515625,0.01214599609375,0.003009796142578125,0.0079803466796875,0.003795623779296875,0.02508544921875
50041186616,1,0,200,0.00262451171875,0.00566864013671875,0.00140380859375,0.0082244873046875,0.001659393310546875,0.0682373046875
143258978238,2,0,360,0.0013027191162109375,0.0128021240234375,0.01971435546875,0.0191650390625,0.020050048828125,0.0386962890625
2222633483249,0,0,105,0.002468109130859375,0.0027313232421875,8.325576782226562E-4,0.00205230712890625,0.0015316009521484375,0.008209228515625
2495577376506,0,0,0,0.00262451171875,0.00566864013671875,3.39508056640625E-4,4.00543212890625E-4,7.74383544921875E-4,0.0012378692626953125
787376650911,3,1,200,5.674362182617188E-4,2.2029876708984375E-4,5.102157592773438E-4,9.059906005859375E-5,5.121231079101562E-4,7.677078247070312E-4
2400509819117,2,0,360,0.0013027191162109375,0.0224609375,0.0082550048828125,0.014739990234375,0.0153350830078125,0.0479736328125
436680687205,2,0,0,1.9168853759765625E-4,0.002597808837890625,1.52587890625E-4,0.0017452239990234375,1.8310546875E-4,0.00485992431640625
763358032921,0,0,103,0.002979278564453125,0.00440216064453125,6.160736083984375E-4,1.3256072998046875E-4,6.170272827148438E-4,5.207061767578125E-4
1758398822997,2,0,205,3.1757354736328125E-4,0.0089263916015625,1.86920166015625E-4,2.651214599609375E-4,1.8787384033203125E-4,0.00150299072265625
145503977638,0,0,0,0.00262451171875,0.00566864013671875,0.0016937255859375,8.1634521484375E-4,0.00189208984375,0.0091094970703125
1899424388640,2,0,360,0.0013027191162109375,0.021270751953125,0.0155792236328125,8.182525634765625E-4,0.015594482421875,0.001739501953125
2487959988180,3,0,200,0.0123748779296875,0.00405120849609375,5.14984130859375E-5,0,5.14984130859375E-5,0
1684762864784,1,0,200,0.0094757080078125,5.283355712890625E-4,0.0087127685546875,1.56402587890625E-4,0.0087127685546875,8.792877197265625E-4
30606060774,2,0,360,0.0013027191162109375,0.003082275390625,0.009002685546875,0.0129547119140625,0.0100555419921875,0.05224609375
1026437799239,0,0,103,0.001903533935546875,0.008636474609375,0.001537322998046875,0.00606536865234375,0.0015621185302734375,0.018310546875
0,2,0,200,0.0021820068359375,0.0065155029296875,7.009506225585938E-4,0.002307891845703125,7.59124755859375E-4,0.014068603515625
0,2,0,200,3.6525726318359375E-4,0.00131988525390625,3.566741943359375E-4,9.698867797851562E-4,3.96728515625E-4,0.003597259521484375
2563280108569,1,0,200,0.00650787353515625,0.00113677978515625,6.999969482421875E-4,0.0019683837890625,7.59124755859375E-4,0.00555419921875
195685667995,2,0,103,0.0041656494140625,0.048583984375,0.002788543701171875,0.024200439453125,0.00284576416015625,0.06005859375
1458466391990,0,0,105,0.0041961669921875,0.00662994384765625,0.0015354156494140625,2.0599365234375E-4,0.001605987548828125,0.001384735107421875
1454578205657,0,0,105,0.00368499755859375,0.00662994384765625,0.0015354156494140625,2.0599365234375E-4,0.001605987548828125,0.001384735107421875
0,3,1,200,0.0131683349609375,0.03125,0.0108642578125,0.0138702392578125,0.010894775390625,0.04656982421875
1697704671138,2,0,0,2.5844573974609375E-4,0.00244903564453125,7.62939453125E-5,2.70843505859375E-4,7.62939453125E-5,4.1484832763671875E-4
1047108922404,0,0,0,0.00262451171875,0.00566864013671875,0,0,0,0
32658786748,0,0,0,0.00262451171875,0.00566864013671875,7.62939453125E-4,5.321502685546875E-4,7.638931274414062E-4,0.001468658447265625
0,2,0,205,3.1757354736328125E-4,0.0089263916015625,2.3651123046875E-4,3.01361083984375E-4,2.5463104248046875E-4,0.00539398193359375
1120571061618,2,0,0,1.9741058349609375E-4,0.0011138916015625,9.250640869140625E-5,2.2029876708984375E-4,1.02996826171875E-4,6.465911865234375E-4
722131276534,0,0,105,0.001613616943359375,0.0016193389892578125,0.0012187957763671875,2.4700164794921875E-4,0.0012722015380859375,0.001514434814453125
838804720631,0,0,0,0.00262451171875,0.00566864013671875,0,0,0,0
2001717236946,0,1,116,0.025665283203125,0.01873779296875,0.002777099609375,0.0143280029296875,0.00278472900390625,0.066162109375
31243725910,2,0,360,0.0013027191162109375,0.00310516357421875,0.00588226318359375,0.0124664306640625,0.0095367431640625,0.044677734375
1057610174555,2,0,360,0.0013027191162109375,0.022857666015625,5.998611450195312E-4,0.001903533935546875,8.087158203125E-4,0.01483154296875
1506314005113,0,0,103,0.0012454986572265625,0.0018482208251953125,9.822845458984375E-4,0.00109100341796875,9.8419189453125E-4,0.00438690185546875
0,3,1,200,0.03125,0.0638427734375,0.021240234375,0.040771484375,0.021392822265625,0.556640625
2403041309360,2,0,0,2.3651123046875E-4,0.002552032470703125,1.52587890625E-4,0.0017452239990234375,1.8310546875E-4,0.00485992431640625
815868083705,1,0,103,0.00521087646484375,0.0066070556640625,0.00109100341796875,8.907318115234375E-4,0.00110626220703125,0.00299072265625
414581740797,2,0,360,0.0013027191162109375,0.01019287109375,0.00528717041015625,6.113052368164062E-4,0.0052947998046875,0.001392364501953125
1406075256190,0,0,103,0.0058135986328125,0.0401611328125,0.003246307373046875,0.049072265625,0.00411224365234375,0.1221923828125
2427367820756,1,0,103,0.0016727447509765625,0.0110015869140625,6.132125854492188E-4,0,6.132125854492188E-4,0
1729430347114,0,0,103,0.00254058837890625,0.009368896484375,3.8814544677734375E-4,7.562637329101562E-4,4.3964385986328125E-4,0.0012340545654296875
753166031513,1,0,117,0.0015621185302734375,0.00566864013671875,0.0015811920166015625,0.00687408447265625,0.001918792724609375,0.017303466796875
887599073208,1,0,117,0.0015621185302734375,0.00566864013671875,0.0010833740234375,3.604888916015625E-4,0.0011844635009765625,0.00490570068359375
1456904802161,0,0,105,0.00368499755859375,0.00662994384765625,0.0015354156494140625,2.0599365234375E-4,0.001605987548828125,0.001384735107421875
2198214373311,0,0,0,0.00390625,0.0141754150390625,0.001117706298828125,0.023956298828125,0.0014286041259765625,0.066162109375
1727198019170,0,0,103,0.00254058837890625,0.009368896484375,3.8814544677734375E-4,7.562637329101562E-4,4.3964385986328125E-4,0.0012340545654296875
2397013692188,0,0,0,0.00262451171875,0.00566864013671875,0.002086639404296875,0.0047760009765625,0.0023345947265625,0.01190185546875
994407302187,2,0,360,0.0013027191162109375,0.019439697265625,0.014862060546875,0.013763427734375,0.01495361328125,0.05731201171875
756006146828,0,1,200,0.003509521484375,0.00704193115234375,0.0012149810791015625,0.00229644775390625,0.001247406005859375,0.03887939453125
512742818609,3,1,200,0.009765625,0.06591796875,0.0016994476318359375,0.026397705078125,0.001705169677734375,0.04913330078125
1011524279913,0,0,0,0.00262451171875,0.00566864013671875,0,0,0,0
2536758854910,2,0,360,0.0013027191162109375,0.012939453125,0.0126495361328125,0.0122528076171875,0.012786865234375,0.06201171875
2558749107782,3,0,200,0.0130157470703125,0.03240966796875,0.0038604736328125,0.0081634521484375,0.003894805908203125,0.059326171875
2565193425564,0,0,103,0.00615692138671875,0.0087127685546875,0.003398895263671875,0.003208160400390625,0.003459930419921875,0.06024169921875
1533678304378,0,0,0,0.00182342529296875,0.0081024169921875,0.0014324188232421875,0.00746917724609375,0.00152587890625,0.0154571533203125
1466373498798,2,0,360,0.0013027191162109375,0.02288818359375,0.01922607421875,0.031982421875,0.0206298828125,0.0692138671875
1999274013403,0,0,0,0.003612518310546875,0.0081024169921875,6.771087646484375E-4,2.002716064453125E-4,6.7901611328125E-4,8.182525634765625E-4
0,3,0,200,0.002849578857421875,0.00475311279296875,0.00424957275390625,0.002765655517578125,0.0042572021484375,0.00432586669921875
75001956523,2,0,360,0.0013027191162109375,0.015533447265625,0.016143798828125,0.00662994384765625,0.0191650390625,0.0731201171875
1078771612660,2,0,360,0.0013027191162109375,0.020263671875,0.014862060546875,0.013763427734375,0.01495361328125,0.05731201171875
542839504124,2,0,103,0.00714874267578125,2.2029876708984375E-4,0.0057220458984375,8.58306884765625E-5,0.00572967529296875,3.5762786865234375E-4
98217727776,2,0,200,0.010894775390625,0.00688934326171875,0.0097198486328125,0.0085601806640625,0.009857177734375,0.01953125
723622816016,1,0,103,0.0104217529296875,0.04119873046875,6.580352783203125E-5,0.001049041748046875,6.961822509765625E-5,0.013275146484375
1494951657843,2,0,103,3.2520294189453125E-4,0.00223541259765625,1.4781951904296875E-4,2.3746490478515625E-4,1.6117095947265625E-4,9.021759033203125E-4
1354012188390,1,0,200,0.00521087646484375,0.013214111328125,0.003032684326171875,0.0040130615234375,0.00347137451171875,0.0250244140625
404740483400,1,0,103,0.004364013671875,0.002288818359375,0.00225830078125,6.67572021484375E-4,0.002300262451171875,0.0067901611328125
1084558068041,3,1,200,0.009765625,0.06591796875,0.0016994476318359375,0.026397705078125,0.001705169677734375,0.04913330078125
1082209645018,2,0,360,0.0013027191162109375,0.01513671875,9.5367431640625E-7,9.5367431640625E-7,9.5367431640625E-7,2.86102294921875E-6
916997001691,0,0,0,0.00262451171875,0.00566864013671875,0,0,0,0
1200098669040,2,0,0,2.613067626953125E-4,0.002178192138671875,7.62939453125E-5,2.70843505859375E-4,7.62939453125E-5,4.1484832763671875E-4
1026431278350,0,0,103,0.001903533935546875,0.008636474609375,0.001537322998046875,0.00606536865234375,0.0015621185302734375,0.018310546875
161154914094,1,0,103,0.00521087646484375,0.0066070556640625,0.0016651153564453125,8.563995361328125E-4,0.0017490386962890625,0.008331298828125
1456835287691,0,0,105,0.00368499755859375,0.00662994384765625,0.0015354156494140625,2.0599365234375E-4,0.001605987548828125,0.001384735107421875
572658492569,1,0,103,0.0104217529296875,0.0081024169921875,0.00138092041015625,0.0066680908203125,0.002437591552734375,0.03936767578125
1494045886823,0,0,105,0.00650787353515625,0.003696441650390625,0.0017414093017578125,0.01068115234375,0.002307891845703125,0.01983642578125
2157655529186,0,0,0,0.00262451171875,0.00566864013671875,0.0012302398681640625,0.0052032470703125,0.001415252685546875,0.017486572265625
0,1,0,200,1.6498565673828125E-4,0,1.64031982421875E-4,1.6021728515625E-4,1.678466796875E-4,9.508132934570312E-4
472188961787,1,0,103,0.007843017578125,0.002376556396484375,0.002010345458984375,0.001556396484375,0.00201416015625,0.0073699951171875
0,2,0,200,3.3664703369140625E-4,0.0014972686767578125,2.6988983154296875E-4,6.971359252929688E-4,2.8228759765625E-4,0.001926422119140625
723467731432,2,0,360,0.0013027191162109375,0.011871337890625,0.019287109375,0.0322265625,0.020599365234375,0.1099853515625
235809609972,2,0,360,0.0013027191162109375,0.0091400146484375,0.006500244140625,0.0063629150390625,0.0095977783203125,0.029083251953125
656450947550,3,1,200,5.674362182617188E-4,2.2411346435546875E-4,5.102157592773438E-4,9.059906005859375E-5,5.121231079101562E-4,7.677078247070312E-4
528760892277,3,1,25,3.2520294189453125E-4,2.2029876708984375E-4,1.354217529296875E-4,5.054473876953125E-5,1.3828277587890625E-4,4.3201446533203125E-4
1080309934494,1,0,103,0.1041259765625,0.03466796875,0.129638671875,0.00543975830078125,0.129638671875,0.05572509765625
2432199122684,2,0,103,0.0076141357421875,0.01214599609375,9.5367431640625E-7,0,9.5367431640625E-7,0
1889667372745,2,0,0,1.7070770263671875E-4,0.002620697021484375,8.58306884765625E-6,0,8.58306884765625E-6,0
1495754067552,2,0,0,2.0885467529296875E-4,0.002239227294921875,8.58306884765625E-6,0,8.58306884765625E-6,0
682763645579,0,0,103,0.0051422119140625,0.048583984375,0.00299835205078125,0.0151214599609375,0.00307464599609375,0.020263671875
2001690498063,2,0,0,1.9550323486328125E-4,0.001171112060546875,9.250640869140625E-5,2.2029876708984375E-4,1.02996826171875E-4,6.465911865234375E-4
2087162862147,2,0,360,0.0013027191162109375,0.0148162841796875,0.015625,0.0117340087890625,0.01641845703125,0.04345703125
2491085499553,3,1,200,0.009765625,0.06591796875,0.0017452239990234375,0.01641845703125,0.0017452239990234375,0.03289794921875
1977692068298,0,0,0,0.003612518310546875,0.0081024169921875,6.52313232421875E-4,8.802413940429688E-4,6.532669067382812E-4,0.0061798095703125
1771709151763,2,0,200,0.00390625,0.002201080322265625,0.001926422119140625,0.002651214599609375,0.002201080322265625,0.01043701171875
2056457791707,2,0,25,3.299713134765625E-4,0.002521514892578125,2.8324127197265625E-4,0.00141143798828125,3.01361083984375E-4,0.003871917724609375
1073155104502,3,1,200,0.0134124755859375,0.072998046875,0.03070068359375,0.035888671875,,
0,3,1,200,0.012725830078125,0.0880126953125,0.0093231201171875,0.0130767822265625,0.0093231201171875,0.025543212890625
1539232720938,0,0,103,0.0059661865234375,0.05694580078125,0.0022125244140625,0.015716552734375,0.00457763671875,0.128173828125
468978115141,2,0,360,0.0013027191162109375,0.0146636962890625,0.00476837158203125,0.0135955810546875,0.006622314453125,0.04425048828125
97996623744,0,0,103,0.0066986083984375,0.017608642578125,0.0010776519775390625,9.5367431640625E-5,0.00128936767578125,0.0013256072998046875
799982214039,1,0,103,0.00616455078125,0.0141754150390625,0.00441741943359375,5.168914794921875E-4,0.00441741943359375,0.0073394775390625
1506088384093,0,0,0,0.00262451171875,0.00566864013671875,1.010894775390625E-4,0,1.010894775390625E-4,0
1159176049825,0,0,103,0.0012569427490234375,0.00484466552734375,8.335113525390625E-4,0.0040283203125,8.592605590820312E-4,0.0095672607421875
103839114395,2,0,103,0.00725555419921875,0.007293701171875,0.005401611328125,0.00494384765625,0.00540924072265625,0.015838623046875
1454669219004,0,0,105,0.00368499755859375,0.00662994384765625,0.0015354156494140625,2.0599365234375E-4,0.001605987548828125,0.001384735107421875
0,1,0,103,0.00521087646484375,0.0066070556640625,0.0018596649169921875,0.0023651123046875,0.001888275146484375,0.0079803466796875
682766173922,0,0,103,0.0051422119140625,0.048583984375,0.00299835205078125,0.0151214599609375,0.00307464599609375,0.020263671875
0,3,0,200,0.03594970703125,0.011444091796875,0.028564453125,0.0028533935546875,0.028594970703125,0.0064239501953125
2017259790088,0,0,0,0.003612518310546875,0.0081024169921875,6.771087646484375E-4,2.002716064453125E-4,6.7901611328125E-4,8.182525634765625E-4
798294339632,1,0,117,0.0014705657958984375,0.0081024169921875,9.918212890625E-5,0,9.918212890625E-5,0
817826160456,1,0,103,0.0013904571533203125,8.802413940429688E-4,8.668899536132812E-4,5.512237548828125E-4,8.687973022460938E-4,0.002079010009765625
2591658886148,0,0,0,0.00262451171875,0.00566864013671875,0.002105712890625,0.009063720703125,0.002277374267578125,0.02545166015625
1511098238090,2,0,107,0.01080322265625,0.00958251953125,0.00848388671875,2.307891845703125E-4,0.00848388671875,9.822845458984375E-4
2567146746993,2,0,200,0.01171875,0.013214111328125,0.007965087890625,0.0177001953125,0.0095977783203125,0.152099609375
266036333829,1,0,200,0.00650787353515625,0.00113677978515625,9.5367431640625E-7,0,9.5367431640625E-7,0
150759996954,0,1,200,0.003509521484375,0.00704193115234375,0.0012149810791015625,0.00229644775390625,0.001247406005859375,0.03887939453125
1686117855452,2,1,360,0.0390625,0.104736328125,0.0230712890625,0.085205078125,0.02325439453125,0.27197265625
1928168463659,2,0,0,2.6607513427734375E-4,0.002674102783203125,8.58306884765625E-6,0,8.58306884765625E-6,0
1539990510074,3,0,200,0.0123748779296875,0.00405120849609375,5.14984130859375E-5,0,5.14984130859375E-5,0
1973575585497,0,0,0,0.003612518310546875,0.0081024169921875,6.771087646484375E-4,2.002716064453125E-4,6.7901611328125E-4,8.182525634765625E-4
119911573047,2,0,0,2.86102294921875E-4,0.00252532958984375,7.915496826171875E-5,1.6880035400390625E-4,7.915496826171875E-5,5.054473876953125E-4
710462212010,1,0,103,0.00521087646484375,0.0066070556640625,0.00109100341796875,8.907318115234375E-4,0.00110626220703125,0.00299072265625
2003762908721,0,0,0,0.003612518310546875,0.0081024169921875,6.456375122070312E-4,2.2029876708984375E-4,6.847381591796875E-4,0.0051116943359375
1876649461283,0,0,0,0.002605438232421875,0.016204833984375,8.7738037109375E-5,0,8.7738037109375E-5,0
1122751159058,3,1,200,0.00386810302734375,0.0081024169921875,0.00286102294921875,0.00577545166015625,0.002880096435546875,0.03057861328125
1548864322206,2,0,360,0.0013027191162109375,0.020050048828125,2.44140625E-4,0.0011386871337890625,7.143020629882812E-4,0.003223419189453125
1820189722180,3,0,200,0.0018463134765625,0,0.001232147216796875,0.00513458251953125,0.00138092041015625,0.0194091796875
2565165102503,2,0,360,0.0013027191162109375,0.00604248046875,9.5367431640625E-7,6.389617919921875E-5,9.5367431640625E-7,2.5653839111328125E-4
1455454948661,0,0,105,0.0041961669921875,0.00662994384765625,0.0015354156494140625,2.0599365234375E-4,0.001605987548828125,0.001384735107421875
1883138909702,1,0,103,0.009918212890625,0.003787994384765625,0.00420379638671875,0.00167083740234375,0.00420379638671875,0.01275634765625
723622816016,1,0,103,0.0104217529296875,0.04119873046875,6.580352783203125E-5,0.001049041748046875,6.961822509765625E-5,0.013275146484375
1919921568342,1,0,117,0.0015621185302734375,0.00566864013671875,0.001895904541015625,0.0086517333984375,0.0020751953125,0.03558349609375
978887797106,0,0,0,0.00262451171875,0.00566864013671875,0,0,0,0
2127402931717,0,0,0,0.00390625,0.00405120849609375,8.544921875E-4,0.001251220703125,8.592605590820312E-4,0.005645751953125
0,3,0,200,0.00771331787109375,0.04400634765625,5.931854248046875E-4,0.0010890960693359375,5.98907470703125E-4,0.001739501953125
0,1,0,117,0.0014705657958984375,0.0081024169921875,0.001384735107421875,0.011138916015625,0.0015010833740234375,0.03448486328125
1300864086532,2,0,0,2.1457672119140625E-4,0.00223541259765625,1.52587890625E-4,0.0017452239990234375,1.8310546875E-4,0.00485992431640625
1362670419773,0,0,105,0.00238800048828125,0.0032196044921875,0.0017070770263671875,0.002437591552734375,0.002117156982421875,0.016265869140625
0,1,0,200,0.00521087646484375,0.00647735595703125,0.00360870361328125,0.00457763671875,0.0036163330078125,0.010009765625
176909579408,2,0,360,0.0013027191162109375,0.01593017578125,0.0076751708984375,0.0233154296875,0.0087738037109375,0.080810546875
808764134086,3,0,200,0.003879547119140625,0.013214111328125,0.00127410888671875,3.833770751953125E-4,0.00127410888671875,7.2479248046875E-4
1195035788558,3,0,200,0.0123748779296875,0.00405120849609375,5.14984130859375E-5,0,5.14984130859375E-5,0
2620643798488,0,0,0,0.002605438232421875,0.016204833984375,0.00170135498046875,0.0089111328125,0.0022430419921875,0.0379638671875
0,3,0,103,0.003253936767578125,0.0016193389892578125,6.084442138671875E-4,7.62939453125E-5,6.084442138671875E-4,5.779266357421875E-4
1882635722985,1,0,103,0.1041259765625,0.02764892578125,0.129638671875,0.00543975830078125,0.129638671875,0.05572509765625
270408533033,2,0,360,0.0013027191162109375,0.009490966796875,0.00528717041015625,6.113052368164062E-4,0.0052947998046875,0.001392364501953125
1075411015641,0,0,107,0.0016155242919921875,0.00395965576171875,0.001636505126953125,0.00687408447265625,0.0016460418701171875,0.0114593505859375
1510555432452,2,0,360,0.0013027191162109375,0.01678466796875,0.008544921875,0.011993408203125,0.0128631591796875,0.072021484375
1727503797772,2,1,101,0.02679443359375,0.022918701171875,0.01953125,0.027008056640625,0.0208740234375,0.128662109375
1971346462766,0,0,0,0.003612518310546875,0.0081024169921875,6.771087646484375E-4,2.002716064453125E-4,6.7901611328125E-4,8.182525634765625E-4
335137192019,3,1,25,3.2520294189453125E-4,2.2029876708984375E-4,1.354217529296875E-4,5.054473876953125E-5,1.3828277587890625E-4,4.3201446533203125E-4
779703473376,2,0,360,0.0013027191162109375,0.0109710693359375,9.5367431640625E-7,0,9.5367431640625E-7,0
1689813479270,2,0,103,2.6416778564453125E-4,0.002056121826171875,1.5354156494140625E-4,3.70025634765625E-4,1.9359588623046875E-4,0.0013580322265625
1454637612030,0,0,105,0.0041961669921875,0.00662994384765625,0.0015354156494140625,2.0599365234375E-4,0.001605987548828125,0.001384735107421875
1070185376076,2,0,360,0.0013027191162109375,0.0223388671875,0.0018672943115234375,0.001293182373046875,0.003322601318359375,0.0081024169921875
0,3,0,200,0.00182342529296875,0.0081024169921875,0.03448486328125,0.04296875,0.03485107421875,0.1060791015625
75701114812,0,0,0,0.00262451171875,0.00566864013671875,7.62939453125E-4,5.321502685546875E-4,7.638931274414062E-4,0.001468658447265625
2393539525148,1,0,103,0.00335693359375,0.021697998046875,0.00284576416015625,0.0220947265625,0.002910614013671875,0.0838623046875
1454575246587,0,0,105,0.00368499755859375,0.00662994384765625,0.0015354156494140625,2.0599365234375E-4,0.001605987548828125,0.001384735107421875
1926223111891,0,0,0,0.003582000732421875,0.0081024169921875,0.001079559326171875,0.00678253173828125,0.001705169677734375,0.04559326171875
1194179479630,2,0,0,2.3555755615234375E-4,0.001773834228515625,7.62939453125E-6,0,7.62939453125E-6,0
73343769402,0,0,103,0.0054779052734375,0.0452880859375,2.86102294921875E-5,7.152557373046875E-5,2.956390380859375E-5,2.6035308837890625E-4
72411443737,1,0,200,0.00650787353515625,0.00113677978515625,9.5367431640625E-7,0,9.5367431640625E-7,0
2297057743991,0,1,116,0.0088653564453125,0.01629638671875,0.002498626708984375,6.90460205078125E-4,0.0025177001953125,0.0095672607421875
2001717232146,0,1,116,0.025665283203125,0.01873779296875,0.002777099609375,0.0143280029296875,0.00278472900390625,0.066162109375
2364533845288,0,0,103,0.0018482208251953125,0.005462646484375,2.384185791015625E-5,1.5735626220703125E-4,2.47955322265625E-5,6.29425048828125E-4
397305137053,1,0,103,0.004364013671875,0.00211334228515625,0.00225830078125,6.67572021484375E-4,0.002300262451171875,0.0067901611328125
988293139306,1,0,200,0.0130157470703125,0,9.5367431640625E-7,0,9.5367431640625E-7,0
0,3,0,103,0.0177001953125,0.0498046875,0.005706787109375,0.0311279296875,0.00586700439453125,0.119384765625
0,3,1,200,,,0.0046539306640625,0.00588226318359375,,
0,0,0,103,0.0012035369873046875,0.002025604248046875,5.645751953125E-4,1.1348724365234375E-4,5.655288696289062E-4,4.892349243164062E-4
1073735055341,2,0,360,0.0013027191162109375,0.020294189453125,5.91278076171875E-4,1.087188720703125E-4,5.922317504882812E-4,2.17437744140625E-4
2639654998443,2,0,360,0.0013027191162109375,0.00750732421875,7.905960083007812E-4,4.749298095703125E-4,0.00412750244140625,0.03375244140625
1855371951527,3,0,200,0,0,0.011871337890625,1.02996826171875E-4,0.011871337890625,4.0149688720703125E-4
2354723473522,0,0,118,0.00650787353515625,0.01214599609375,0.003009796142578125,0.0079803466796875,0.003795623779296875,0.02508544921875
1707158131042,2,0,0,2.17437744140625E-4,0.00244903564453125,7.62939453125E-5,2.70843505859375E-4,7.62939453125E-5,4.1484832763671875E-4
1100188682281,2,0,360,0.0013027191162109375,0.01922607421875,0.008544921875,0.011993408203125,0.0128631591796875,0.072021484375
370977447838,2,0,360,0.0013027191162109375,0.0155029296875,0.009033203125,0.0102081298828125,0.025146484375,0.092529296875
2433609327910,2,0,103,0.0076141357421875,0.01214599609375,9.5367431640625E-7,0,9.5367431640625E-7,0
922368957200,2,0,0,2.0599365234375E-4,0.00202178955078125,1.3065338134765625E-4,3.0994415283203125E-4,1.373291015625E-4,0.00144195556640625
0,2,0,200,0.002849578857421875,0.02008056640625,0.002880096435546875,0.0133056640625,0.00289154052734375,0.0546875
431861431119,3,1,200,5.674362182617188E-4,2.2029876708984375E-4,5.102157592773438E-4,9.059906005859375E-5,5.121231079101562E-4,7.677078247070312E-4
1829809382916,0,0,0,0.0078125,0.0081024169921875,0.0012416839599609375,0.017730712890625,0.001323699951171875,0.03515625
1626742806083,0,0,103,0.00540924072265625,0.0615234375,0.00323486328125,0.0794677734375,0.00405120849609375,0.21923828125
1292719164561,2,0,360,0.0013027191162109375,0.010589599609375,0.009002685546875,0.00600433349609375,0.00958251953125,0.0362548828125
2267405197267,0,0,105,0.00650787353515625,0.0065155029296875,0.0013866424560546875,7.982254028320312E-4,0.002597808837890625,0.0011882781982421875
2425932829600,2,0,103,0.00678253173828125,0.01214599609375,9.5367431640625E-7,0,9.5367431640625E-7,0
2212204948752,0,0,103,0.00676727294921875,0.09716796875,0.004119873046875,0.0121917724609375,0.004241943359375,0.026611328125
2347166069829,0,0,103,0.00605010986328125,0.00563812255859375,0.001880645751953125,2.4509429931640625E-4,0.0019016265869140625,0.0058135986328125
2258806552679,3,0,200,0.003856658935546875,0.0081024169921875,0.001953125,3.7860870361328125E-4,0.001964569091796875,0.0050048828125
0,2,0,103,0.0055694580078125,0.018280029296875,1.4781951904296875E-4,2.3746490478515625E-4,1.6117095947265625E-4,9.021759033203125E-4
0,2,1,101,0.01116943359375,0.010009765625,0.002872467041015625,0.006195068359375,0.0100250244140625,0.05938720703125
0,3,1,200,0.00605010986328125,0.03082275390625,0.002010345458984375,2.40325927734375E-4,0.00201416015625,0.00445556640625
1380087663780,2,0,360,0.0013027191162109375,0.022308349609375,0.00615692138671875,0.0091552734375,0.018829345703125,0.0689697265625
1432250047095,1,0,117,0.001750946044921875,0.0081024169921875,0.0011539459228515625,0.0122222900390625,0.0015106201171875,0.0296630859375
2212206010801,0,0,103,0.00676727294921875,0.09716796875,0.004119873046875,0.0121917724609375,0.004241943359375,0.026611328125
0,2,0,205,3.1757354736328125E-4,0.00823974609375,2.0694732666015625E-4,3.47137451171875E-4,2.4890899658203125E-4,0.00775909423828125
967613725328,2,0,360,0.0013027191162109375,0.0111541748046875,0.00528717041015625,6.113052368164062E-4,0.0052947998046875,0.001392364501953125
134025837714,0,0,103,0.0066986083984375,0.017608642578125,0.0010776519775390625,9.5367431640625E-5,0.00128936767578125,0.0013256072998046875
814984149021,0,0,200,0.0086822509765625,0.00357818603515625,0.00444793701171875,1.52587890625E-4,0.00444793701171875,6.170272827148438E-4
2661348483680,2,0,360,0.0013027191162109375,0.01904296875,0.0082550048828125,0.014739990234375,0.0153350830078125,0.0479736328125
2439642070151,1,0,117,0.0014705657958984375,0.0081024169921875,0.0012989044189453125,0.008575439453125,0.00147247314453125,0.01470947265625
76780441418,2,0,215,0.003253936767578125,0.0126800537109375,9.5367431640625E-5,0.014556884765625,1.0395050048828125E-4,0.112548828125
0,2,0,200,3.6525726318359375E-4,0.00211334228515625,2.44140625E-4,0.0012569427490234375,3.1280517578125E-4,0.010009765625
1609126351957,2,0,0,2.0885467529296875E-4,0.0023193359375,8.58306884765625E-6,0,8.58306884765625E-6,0
325390280151,2,0,360,0.0013027191162109375,0.0135040283203125,0.016510009765625,0.0105438232421875,0.017333984375,0.020355224609375
2022755977592,0,0,103,0.0139923095703125,0.017608642578125,0.0011272430419921875,0.0011138916015625,0.00115203857421875,0.002864837646484375
1454633473392,0,0,105,0.0041961669921875,0.00662994384765625,0.0015354156494140625,2.0599365234375E-4,0.001605987548828125,0.001384735107421875
2637438844507,1,0,103,0.00521087646484375,0.0066070556640625,0.00109100341796875,8.907318115234375E-4,0.00110626220703125,0.00299072265625
1720063980548,0,0,103,0.00669097900390625,0.009368896484375,9.5367431640625E-7,0,9.5367431640625E-7,0
1429464095517,2,0,205,3.1757354736328125E-4,0.0089263916015625,2.3651123046875E-4,2.5463104248046875E-4,2.651214599609375E-4,0.006378173828125
1707201103932,1,0,117,0.00182342529296875,0.0088043212890625,0.00182342529296875,0.01214599609375,0.00182342529296875,0.02783203125
1672268887539,1,0,200,0.0094757080078125,4.405975341796875E-4,0.0087127685546875,1.56402587890625E-4,0.0087127685546875,8.792877197265625E-4
664976412921,2,0,360,0.0013027191162109375,0.0111541748046875,0.00528717041015625,6.113052368164062E-4,0.0052947998046875,0.001392364501953125
1809837253389,2,0,360,0.0013027191162109375,0.020050048828125,0.019989013671875,0.02191162109375,0.02166748046875,0.079833984375
723622816016,1,0,103,0.0104217529296875,0.04119873046875,6.580352783203125E-5,0.001049041748046875,6.961822509765625E-5,0.013275146484375
2672598240732,1,0,103,0.00429534912109375,0.002025604248046875,0.00254058837890625,7.486343383789062E-4,0.0025482177734375,0.00756072998046875
0,3,0,200,0.028656005859375,0.03240966796875,0.0108489990234375,0.002231597900390625,0.0108642578125,0.00478363037109375
0,3,0,200,0.001277923583984375,7.047653198242188E-4,8.707046508789062E-4,0.0045928955078125,8.878707885742188E-4,0.0124664306640625
1665128876158,1,0,105,0.011016845703125,4.405975341796875E-4,8.96453857421875E-4,2.1839141845703125E-4,8.993148803710938E-4,7.944107055664062E-4
234199290082,2,0,103,0.0097503662109375,2.2029876708984375E-4,0.0087432861328125,6.4849853515625E-5,0.0087432861328125,4.4918060302734375E-4
1884834022229,1,0,200,0.00650787353515625,0.00113677978515625,9.5367431640625E-7,0,9.5367431640625E-7,0
236140449483,0,0,103,0.0093536376953125,0.0014095306396484375,0.0030517578125,7.152557373046875E-4,0.003063201904296875,0.0107574462890625
56857060826,2,0,103,0.00725555419921875,0.007293701171875,0.005401611328125,0.00494384765625,0.00540924072265625,0.015838623046875
1429435804979,2,0,205,3.1757354736328125E-4,0.0089263916015625,2.3651123046875E-4,2.5463104248046875E-4,2.651214599609375E-4,0.006378173828125
0,3,0,103,0.002445220947265625,8.096694946289062E-4,6.723403930664062E-4,7.915496826171875E-5,6.742477416992188E-4,5.235671997070312E-4
0,0,0,0,0.00262451171875,0.00566864013671875,9.3841552734375E-4,0.00165557861328125,0.001506805419921875,0.01824951171875
1591061719377,1,0,200,0.00521087646484375,0.013214111328125,0.003032684326171875,0.0040130615234375,0.00347137451171875,0.0250244140625
1080990883274,2,0,0,1.9741058349609375E-4,0.00106048583984375,9.250640869140625E-5,2.2029876708984375E-4,1.02996826171875E-4,6.465911865234375E-4
1734893368672,0,0,103,0.00255584716796875,0.009368896484375,1.9073486328125E-6,0,1.9073486328125E-6,0
2297057743536,0,1,116,0.0088653564453125,0.01629638671875,0.002498626708984375,6.90460205078125E-4,0.0025177001953125,0.0095672607421875
671852552952,1,1,101,0.003368377685546875,0.0316162109375,0.002593994140625,0.029388427734375,,
0,3,0,200,0.00441741943359375,0.00405120849609375,0.0042572021484375,0.00511932373046875,0.00428009033203125,0.0145111083984375
1083819902278,2,0,360,0.0013027191162109375,0.015380859375,3.1757354736328125E-4,0.0018672943115234375,5.359649658203125E-4,0.00717926025390625
1665556630237,1,0,105,0.011016845703125,4.405975341796875E-4,8.96453857421875E-4,2.1839141845703125E-4,8.993148803710938E-4,7.944107055664062E-4
1713704354516,1,0,103,0.10498046875,0.0147857666015625,0.001033782958984375,0.0062255859375,0.0011959075927734375,0.00897216796875
1026420441513,0,0,103,0.001903533935546875,0.008636474609375,0.001537322998046875,0.00606536865234375,0.0015621185302734375,0.018310546875
682763013042,0,0,103,0.0051422119140625,0.048583984375,0.00299835205078125,0.0151214599609375,0.00307464599609375,0.020263671875
1724897200959,0,0,103,0.00528717041015625,0.05694580078125,7.62939453125E-5,1.6880035400390625E-4,7.62939453125E-5,3.414154052734375E-4
293379831199,1,0,103,0.1041259765625,0.0322265625,0.129638671875,0.00543975830078125,0.129638671875,0.05572509765625
1218813260036,0,1,116,0.00324249267578125,0.01629638671875,0.002376556396484375,0.002269744873046875,0.00238037109375,0.00537872314453125
21949263572,1,0,103,0.00521087646484375,0.0066070556640625,0.0016651153564453125,8.563995361328125E-4,0.0017490386962890625,0.008331298828125
1728828916475,0,0,0,0.002605438232421875,0.016204833984375,0.0017757415771484375,0.02117919921875,0.0020294189453125,0.04046630859375
1054577397903,2,0,360,0.0013027191162109375,0.017791748046875,0.0098419189453125,0.003314971923828125,0.010223388671875,0.03564453125
2158268097922,1,0,103,0.00521087646484375,0.0066070556640625,0.00109100341796875,8.907318115234375E-4,0.00110626220703125,0.00299072265625
0,0,0,0,0.0062103271484375,0.002994537353515625,3.54766845703125E-4,1.926422119140625E-4,7.562637329101562E-4,6.017684936523438E-4
442700723836,0,1,116,0.00362396240234375,0.01629638671875,0.002521514892578125,0.0203857421875,0.002529144287109375,0.04345703125
470253236193,2,0,200,3.3664703369140625E-4,0.0018482208251953125,2.6988983154296875E-4,6.971359252929688E-4,2.8228759765625E-4,0.001926422119140625
231090713100,0,0,103,0.0032196044921875,0.03326416015625,0.00357818603515625,0.04876708984375,0.003688812255859375,0.05963134765625
2641601891010,1,0,117,0.0014705657958984375,0.0081024169921875,0.00106048583984375,0.0092010498046875,0.00124359130859375,0.018463134765625
177557146355,2,0,360,0.0013027191162109375,0.00725555419921875,0.0225830078125,0.04559326171875,0.02325439453125,0.10205078125
0,3,0,200,0.01953125,0.020263671875,0.0019092559814453125,0.00376129150390625,0.001918792724609375,0.0135955810546875
1228894326693,1,0,117,0.0015621185302734375,0.00566864013671875,0.001251220703125,0.0063018798828125,0.001323699951171875,0.009185791015625
1309515577746,2,0,360,0.0013027191162109375,0.0111236572265625,0.010101318359375,0.00609588623046875,0.010162353515625,0.009796142578125
0,3,0,450,0.01654052734375,0.030029296875,0.0014743804931640625,0.0108642578125,0.001556396484375,0.04412841796875
1454567596238,0,0,105,0.0041961669921875,0.00662994384765625,0.0015354156494140625,2.0599365234375E-4,0.001605987548828125,0.001384735107421875
915650914672,2,0,360,0.0013027191162109375,0.0111541748046875,0.00528717041015625,6.113052368164062E-4,0.0052947998046875,0.001392364501953125
1730867199224,0,0,103,0.0051727294921875,0.029144287109375,6.589889526367188E-4,1.4495849609375E-4,6.59942626953125E-4,4.3392181396484375E-4
1970493871028,0,0,0,0.003612518310546875,0.0081024169921875,6.961822509765625E-4,1.5163421630859375E-4,6.98089599609375E-4,9.65118408203125E-4
1326316196434,2,0,0,2.3174285888671875E-4,0.00182342529296875,1.1730194091796875E-4,1.2969970703125E-4,1.18255615234375E-4,3.39508056640625E-4
1534803322525,1,0,117,0.0014705657958984375,0.0081024169921875,8.7738037109375E-5,1.8215179443359375E-4,8.7738037109375E-5,3.643035888671875E-4
733851363990,2,0,360,0.0013027191162109375,0.011474609375,9.5367431640625E-7,0,9.5367431640625E-7,0
0,3,1,200,0.005096435546875,0.030364990234375,0.00461578369140625,0.002445220947265625,,
718899344143,1,0,117,0.003612518310546875,0.0081024169921875,0.00311279296875,0.0102691650390625,0.003383636474609375,0.0494384765625
610121451268,2,0,360,0.0013027191162109375,0.021026611328125,0.00670623779296875,0.02008056640625,0.008026123046875,0.061279296875
0,0,0,0,0.0078125,0.01214599609375,8.4686279296875E-4,0.00504302978515625,0.00392913818359375,0.022674560546875
57779502872,3,0,200,0.003856658935546875,0.0081024169921875,0.001953125,3.7860870361328125E-4,0.001964569091796875,0.0050048828125
2067909412573,1,0,103,0.00521087646484375,0.0066070556640625,0.0018596649169921875,0.0023651123046875,0.001888275146484375,0.0079803466796875
1064128761518,0,0,107,0.00165557861328125,0.002552032470703125,0.001468658447265625,0.00435638427734375,0.001468658447265625,0.004669189453125
1264000367728,2,0,103,0.006805419921875,0.00836181640625,0.005126953125,0.00246429443359375,0.00513458251953125,0.0071868896484375
1403606055077,0,0,103,0.00762939453125,0.00678253173828125,0.00119781494140625,0,0.00119781494140625,0
160328765431,2,0,360,0.0013027191162109375,0.013397216796875,0.009552001953125,0.0151824951171875,0.0099639892578125,0.0477294921875
195685668016,2,0,103,0.0041656494140625,0.048583984375,0.002788543701171875,0.024200439453125,0.00284576416015625,0.06005859375
140678362326,2,0,360,0.0013027191162109375,0.01129150390625,0.0069580078125,0.0091094970703125,0.0104522705078125,0.070068359375
105802132793,2,0,0,2.193450927734375E-4,0.002132415771484375,1.25885009765625E-4,4.4345855712890625E-4,1.4591217041015625E-4,0.002155303955078125
2374464388817,3,1,200,0.0134124755859375,0.072998046875,0.031036376953125,0.02056884765625,,
1804300313952,2,0,360,0.0013027191162109375,0.0126800537109375,0.0135955810546875,0.004974365234375,0.0142669677734375,0.05206298828125
1062981402643,2,0,360,0.0013027191162109375,0.017364501953125,0.016143798828125,0.00662994384765625,0.0191650390625,0.0731201171875
886956001223,0,0,115,0.002208709716796875,0.003345489501953125,8.802413940429688E-4,0,8.802413940429688E-4,0
545503503217,1,0,105,0.017242431640625,0.00598907470703125,0.00475311279296875,0.0042724609375,0.00550079345703125,0.02374267578125
1436923903778,1,0,117,0.0014705657958984375,0.0081024169921875,8.7738037109375E-5,1.8215179443359375E-4,8.7738037109375E-5,3.643035888671875E-4
723622816016,1,0,103,0.0104217529296875,0.04119873046875,6.580352783203125E-5,0.001049041748046875,6.961822509765625E-5,0.013275146484375
1671230465137,1,0,200,0.0094757080078125,4.405975341796875E-4,0.0087127685546875,1.56402587890625E-4,0.0087127685546875,8.792877197265625E-4
1966214598835,2,0,0,2.155303955078125E-4,0.002674102783203125,8.58306884765625E-6,0,8.58306884765625E-6,0
255351156899,3,1,200,0.1019287109375,0.263671875,0.04718017578125,0.026763916015625,0.04718017578125,0.0499267578125
236209284384,0,0,103,0.00661468505859375,0.00246429443359375,0.003936767578125,7.51495361328125E-4,0.0067138671875,0.0338134765625
73143264684,2,0,360,0.0013027191162109375,0.01318359375,9.5367431640625E-7,8.106231689453125E-5,9.5367431640625E-7,3.08990478515625E-4
1683835637197,1,0,103,0.0078887939453125,0.0110015869140625,0.0010089874267578125,3.54766845703125E-4,0.001026153564453125,0.00146484375
639644968956,2,0,103,2.2411346435546875E-4,0.003108978271484375,1.52587890625E-4,3.414154052734375E-4,1.6498565673828125E-4,9.632110595703125E-4
2432022910851,0,0,0,0.00262451171875,0.00566864013671875,0.002086639404296875,0.0047760009765625,0.0023345947265625,0.01190185546875
2251716559012,0,0,103,0.00530242919921875,0.00360870361328125,0.0029449462890625,0.009063720703125,0.00335693359375,0.0154571533203125
0,3,1,200,0.0106048583984375,0.015411376953125,0.0062408447265625,0.00431060791015625,0.00624847412109375,0.02593994140625
1139877424433,2,0,360,0.0013027191162109375,0.020172119140625,0.008880615234375,0.01959228515625,0.010040283203125,0.0521240234375
2002997151631,0,0,0,0.003612518310546875,0.0081024169921875,6.961822509765625E-4,1.5163421630859375E-4,6.98089599609375E-4,9.65118408203125E-4
1378001970746,2,0,360,0.0013027191162109375,0.0137939453125,9.5367431640625E-7,8.392333984375E-5,9.5367431640625E-7,1.964569091796875E-4
1825420374140,1,0,103,0.00521087646484375,0.0066070556640625,0.00115966796875,4.00543212890625E-4,0.0011615753173828125,0.001201629638671875
27693449679,3,0,200,0.05859375,0.0704345703125,0.0391845703125,0.010528564453125,0.04083251953125,0.05780029296875
125490183660,1,0,103,0.00521087646484375,0.0066070556640625,0.0018596649169921875,0.0023651123046875,0.001888275146484375,0.0079803466796875
2213691540422,0,0,0,0.00262451171875,0.00566864013671875,0.002155303955078125,0.00711822509765625,0.00220489501953125,0.015472412109375
815840705088,1,0,103,0.00521087646484375,0.0066070556640625,0.00109100341796875,8.907318115234375E-4,0.00110626220703125,0.00299072265625
1056949653708,1,0,103,0.00521087646484375,0.0066070556640625,0.00109100341796875,8.907318115234375E-4,0.00110626220703125,0.00299072265625
723622816016,1,0,103,0.0104217529296875,0.04119873046875,6.580352783203125E-5,0.001049041748046875,6.961822509765625E-5,0.013275146484375
130816207085,0,1,116,0.00501251220703125,0.01629638671875,0.0026702880859375,5.18798828125E-4,0.0026702880859375,0.0023345947265625
1456924170832,0,0,105,0.00368499755859375,0.00662994384765625,0.0015354156494140625,2.0599365234375E-4,0.001605987548828125,0.001384735107421875
420539450236,2,0,360,0.0013027191162109375,0.010284423828125,9.5367431640625E-7,0,9.5367431640625E-7,0
2022321263714,0,0,0,0.003612518310546875,0.0081024169921875,6.771087646484375E-4,2.002716064453125E-4,6.7901611328125E-4,8.182525634765625E-4
1971215688036,1,0,103,0.0201416015625,0.025360107421875,0.03521728515625,0.029205322265625,0.037841796875,0.179931640625
2058708183947,0,0,107,0.001956939697265625,0.003696441650390625,6.14166259765625E-4,0,6.14166259765625E-4,0
0,3,0,200,0.009246826171875,0.01153564453125,0.04779052734375,0.030181884765625,0.04815673828125,0.065673828125
2554730691366,1,0,200,0.0013027191162109375,0,3.16619873046875E-4,4.100799560546875E-5,3.1757354736328125E-4,2.0313262939453125E-4
1994107451159,0,0,0,0.003612518310546875,0.0081024169921875,6.52313232421875E-4,8.802413940429688E-4,6.532669067382812E-4,0.0061798095703125
274551981926,1,0,103,0.0104217529296875,0.01727294921875,0.007415771484375,3.490447998046875E-4,0.00742340087890625,0.0023193359375
2143007719340,2,0,0,1.9168853759765625E-4,0.001373291015625,9.5367431640625E-6,0,9.5367431640625E-6,0
1981277949533,1,0,117,0.0015621185302734375,0.00566864013671875,0.0014057159423828125,0.008331298828125,0.0015621185302734375,0.04150390625
58433534613,1,0,200,0.00650787353515625,0.00113677978515625,6.999969482421875E-4,0.0019683837890625,7.59124755859375E-4,0.00555419921875
776770302355,2,0,360,0.0013027191162109375,0.021728515625,0.01922607421875,0.031982421875,0.0206298828125,0.0692138671875
1026429823381,0,0,103,0.001903533935546875,0.008636474609375,0.001537322998046875,0.00606536865234375,0.0015621185302734375,0.018310546875
0,3,1,200,,,0.077392578125,0.05517578125,,
1344251909772,1,0,200,0.00650787353515625,0.00113677978515625,9.5367431640625E-7,0,9.5367431640625E-7,0
0,2,0,200,0.022125244140625,0.0648193359375,0.00473785400390625,0.0102386474609375,0.0047454833984375,0.04296875
772469352255,2,1,101,0.01116943359375,0.011566162109375,0.00720977783203125,0.0135345458984375,0.0105438232421875,0.0423583984375
1653344364720,3,0,200,0.003856658935546875,0.0081024169921875,0.001953125,3.7860870361328125E-4,0.001964569091796875,0.0050048828125
173215532140,2,0,360,0.0013027191162109375,0.014556884765625,0.01971435546875,0.0191650390625,0.020050048828125,0.0386962890625
157248953130,3,1,200,0.009765625,0.1318359375,0.0015354156494140625,0.024139404296875,0.0015411376953125,0.0546875
0,1,0,119,0.0058135986328125,0.002025604248046875,0.00604248046875,0.0084686279296875,0.00704193115234375,0.028228759765625
1087410391436,2,0,360,0.0013027191162109375,0.02001953125,0.00569915771484375,0.017669677734375,0.007965087890625,0.0672607421875
0,0,0,0,0.003780364990234375,0.00563812255859375,9.250640869140625E-5,0,9.250640869140625E-5,0
1089632147073,2,0,360,0.0013027191162109375,0.015289306640625,0.00724029541015625,0.0129241943359375,0.00933837890625,0.0706787109375
1019408363527,2,0,0,2.193450927734375E-4,0.002597808837890625,1.52587890625E-4,0.0017452239990234375,1.8310546875E-4,0.00485992431640625
2449895411731,2,0,103,0.0076141357421875,0.01214599609375,9.5367431640625E-7,0,9.5367431640625E-7,0
1980831914221,0,0,0,0.003612518310546875,0.0081024169921875,6.456375122070312E-4,2.2029876708984375E-4,6.847381591796875E-4,0.0051116943359375
723622816016,1,0,103,0.0104217529296875,0.04119873046875,6.580352783203125E-5,0.001049041748046875,6.961822509765625E-5,0.013275146484375
1508685650763,2,0,0,2.0885467529296875E-4,0.002239227294921875,8.58306884765625E-6,0,8.58306884765625E-6,0
1457407541121,0,0,105,0.00368499755859375,0.00662994384765625,0.0015354156494140625,2.0599365234375E-4,0.001605987548828125,0.001384735107421875
1236840984538,1,0,103,0.00521087646484375,0.0066070556640625,0.00109100341796875,8.907318115234375E-4,0.00110626220703125,0.00299072265625
954730318091,0,0,105,0.0137939453125,0.016204833984375,0.008453369140625,0.00481414794921875,0.0120849609375,0.03399658203125
0,1,0,117,0.0014705657958984375,0.0081024169921875,0.0013103485107421875,0.01171875,0.00147247314453125,0.03179931640625
1970802633386,0,0,0,0.003612518310546875,0.0081024169921875,6.961822509765625E-4,1.5163421630859375E-4,6.98089599609375E-4,9.65118408203125E-4
841694329659,2,0,0,1.9550323486328125E-4,0.0010128021240234375,9.250640869140625E-5,2.2029876708984375E-4,1.02996826171875E-4,6.465911865234375E-4
2058717046595,0,0,107,0.001956939697265625,0.003696441650390625,6.14166259765625E-4,0,6.14166259765625E-4,0
2474292150409,0,0,0,0.00262451171875,0.00566864013671875,3.39508056640625E-4,4.00543212890625E-4,7.74383544921875E-4,0.0012378692626953125
1586477686883,3,0,200,0.003856658935546875,0.0081024169921875,0.001953125,3.7860870361328125E-4,0.001964569091796875,0.0050048828125
399329639787,1,0,103,0.004364013671875,0.00211334228515625,0.00225830078125,6.67572021484375E-4,0.002300262451171875,0.0067901611328125
2569858883216,2,0,103,3.85284423828125E-4,0.0018177032470703125,1.8024444580078125E-4,4.901885986328125E-4,2.040863037109375E-4,0.001552581787109375
0,3,0,103,0.0108184814453125,0.003520965576171875,6.44683837890625E-4,6.29425048828125E-5,6.465911865234375E-4,4.1103363037109375E-4
0,3,1,200,0.014434814453125,0.020660400390625,0.00592041015625,0.00466156005859375,0.0059356689453125,0.01190185546875
38615077046,2,0,360,0.0013027191162109375,0.017669677734375,9.5367431640625E-7,0.0012340545654296875,9.5367431640625E-7,0.003704071044921875
0,3,0,200,0.0066986083984375,0.02587890625,0.0078277587890625,0.025421142578125,0.008544921875,0.0826416015625
2642692938238,1,0,103,0.00521087646484375,0.0066070556640625,0.00109100341796875,8.907318115234375E-4,0.00110626220703125,0.00299072265625
155089534721,2,0,360,0.0013027191162109375,0.00757598876953125,9.5367431640625E-7,4.76837158203125E-5,9.5367431640625E-7,2.498626708984375E-4
288745560737,1,0,105,0.00572967529296875,0.0043182373046875,0.00481414794921875,0.005401611328125,0.00572967529296875,0.0263671875
157390727783,2,0,0,2.269744873046875E-4,0.0025177001953125,8.58306884765625E-6,0,8.58306884765625E-6,0
1120424235608,2,0,360,0.0013027191162109375,0.01373291015625,0.0052642822265625,0.0084991455078125,0.010101318359375,0.0755615234375
0,2,0,103,0.002445220947265625,8.096694946289062E-4,0.00774383544921875,0.0027618408203125,0.008087158203125,0.0118560791015625
503518395656,1,0,117,0.00133514404296875,0.0081024169921875,3.528594970703125E-4,3.4236907958984375E-4,7.104873657226562E-4,7.543563842773438E-4
2534956041177,0,0,0,0.00262451171875,0.00566864013671875,0.002803802490234375,0.00579071044921875,0.00308990478515625,0.0181884765625
15121851552,2,0,360,0.0013027191162109375,0.00395965576171875,9.5367431640625E-7,4.76837158203125E-5,9.5367431640625E-7,2.498626708984375E-4
535037953731,3,1,200,0.009765625,0.06591796875,0.0016994476318359375,0.026397705078125,0.001705169677734375,0.04913330078125
1262353181814,2,0,360,0.0013027191162109375,0.017578125,0.0053253173828125,0.011871337890625,0.0087890625,0.046875
158445544279,2,0,103,0.00722503662109375,0.00768280029296875,0.00522613525390625,0.003765106201171875,0.0052337646484375,0.008453369140625
1392921903771,2,0,103,4.2057037353515625E-4,0.00162506103515625,1.8024444580078125E-4,4.901885986328125E-4,2.040863037109375E-4,0.001552581787109375
607846857594,2,0,0,2.231597900390625E-4,0.002597808837890625,1.52587890625E-4,0.0017452239990234375,1.8310546875E-4,0.00485992431640625
2354723027402,0,0,118,0.00650787353515625,0.01214599609375,0.003009796142578125,0.0079803466796875,0.003795623779296875,0.02508544921875
1054026743597,2,0,0,2.1648406982421875E-4,0.002597808837890625,1.52587890625E-4,0.0017452239990234375,1.8310546875E-4,0.00485992431640625
1970219355914,0,0,0,0.003612518310546875,0.0081024169921875,6.961822509765625E-4,1.5163421630859375E-4,6.98089599609375E-4,9.65118408203125E-4
2489964824323,0,0,0,0.00262451171875,0.00566864013671875,3.39508056640625E-4,4.00543212890625E-4,7.74383544921875E-4,0.0012378692626953125
851370252525,2,0,360,0.0013027191162109375,0.0111541748046875,0.00528717041015625,6.113052368164062E-4,0.0052947998046875,0.001392364501953125
1903532379971,2,1,200,3.2520294189453125E-4,0.00440216064453125,4.863739013671875E-5,0,2.8896331787109375E-4,2.040863037109375E-4
386499075145,2,0,103,2.956390380859375E-4,0.0015850067138671875,1.8024444580078125E-4,4.901885986328125E-4,2.040863037109375E-4,0.001552581787109375
1081962721400,0,0,107,0.0016155242919921875,0.00395965576171875,3.337860107421875E-5,1.6689300537109375E-4,3.337860107421875E-5,0.0012664794921875
2297057744451,0,1,116,0.0088653564453125,0.01629638671875,0.002498626708984375,6.90460205078125E-4,0.0025177001953125,0.0095672607421875
2325990659421,2,0,360,0.0013027191162109375,0.018341064453125,0.00731658935546875,0.001995086669921875,0.0081634521484375,0.0445556640625
1458316832451,0,0,105,0.00368499755859375,0.00662994384765625,0.0015354156494140625,2.0599365234375E-4,0.001605987548828125,0.001384735107421875
296066697739,1,0,105,0.016693115234375,0.0089874267578125,0.00567626953125,0.0088348388671875,0.00567626953125,0.020294189453125
1456797578305,0,0,105,0.00368499755859375,0.00662994384765625,0.0015354156494140625,2.0599365234375E-4,0.001605987548828125,0.001384735107421875
1623837696638,2,0,0,2.0885467529296875E-4,0.0023193359375,8.58306884765625E-6,0,8.58306884765625E-6,0
1951535146485,2,0,360,0.0013027191162109375,0.021697998046875,0.01873779296875,0.03472900390625,0.01910400390625,0.20263671875
814983585390,0,0,200,0.0011005401611328125,0.0032806396484375,0.00444793701171875,1.52587890625E-4,0.00444793701171875,6.170272827148438E-4
574829432577,1,0,103,0.0104217529296875,0.0081024169921875,0.00138092041015625,0.0066680908203125,0.002437591552734375,0.03936767578125
2354709574917,0,0,118,0.00650787353515625,0.01214599609375,0.003009796142578125,0.0079803466796875,0.003795623779296875,0.02508544921875
1478905843840,0,0,103,0.00247955322265625,0.026580810546875,9.72747802734375E-5,0,9.72747802734375E-5,0
1427885725651,2,0,0,2.0885467529296875E-4,0.002239227294921875,8.58306884765625E-6,0,8.58306884765625E-6,0
1506301145910,0,0,103,0.0012454986572265625,0.0018482208251953125,9.822845458984375E-4,0.00109100341796875,9.8419189453125E-4,0.00438690185546875
1094898044464,2,0,360,0.0013027191162109375,0.020355224609375,0.0108795166015625,0.0169677734375,0.0126190185546875,0.0540771484375
1482105209240,0,0,103,0.00247955322265625,0.026580810546875,9.72747802734375E-5,0,9.72747802734375E-5,0
1305513220027,1,0,103,0.002960205078125,0.0065155029296875,0.00186920166015625,0.0015106201171875,0.0019054412841796875,0.011260986328125
633627730699,2,0,360,0.0013027191162109375,0.01483154296875,1.1444091796875E-5,3.337860107421875E-5,7.43865966796875E-5,2.899169921875E-4
756006146493,0,1,200,0.003509521484375,0.00704193115234375,0.0012149810791015625,0.00229644775390625,0.001247406005859375,0.03887939453125
0,1,0,25,3.814697265625E-4,0,3.6334991455078125E-4,2.32696533203125E-4,3.643035888671875E-4,5.664825439453125E-4
168713484623,1,0,200,0.00650787353515625,0.00113677978515625,9.5367431640625E-7,0,9.5367431640625E-7,0
1670131499874,2,0,0,2.0885467529296875E-4,0.0023193359375,8.58306884765625E-6,0,8.58306884765625E-6,0
2354710405761,0,0,118,0.00650787353515625,0.01214599609375,0.003009796142578125,0.0079803466796875,0.003795623779296875,0.02508544921875
147514156439,2,0,0,2.86102294921875E-4,0.00252532958984375,7.62939453125E-5,2.70843505859375E-4,7.62939453125E-5,4.1484832763671875E-4
0,1,0,105,0.00521087646484375,0.0066070556640625,0.00102996826171875,3.47137451171875E-4,0.0010318756103515625,0.0032958984375
1226314939874,1,0,103,0.00521087646484375,0.0066070556640625,0.0016651153564453125,8.563995361328125E-4,0.0017490386962890625,0.008331298828125
2487122411685,0,0,0,0.00262451171875,0.00566864013671875,0.001102447509765625,0.005615234375,0.0014438629150390625,0.015777587890625
0,3,0,450,0.00262451171875,0.00566864013671875,6.837844848632812E-4,0.003582000732421875,7.01904296875E-4,0.008056640625
2553752859253,0,0,0,0.00262451171875,0.00566864013671875,0.0012302398681640625,0.0064239501953125,0.00141143798828125,0.0147705078125
1825555681469,3,1,200,0.078125,0.17431640625,0.0738525390625,0.097900390625,0.0750732421875,0.30615234375
723622816016,1,0,103,0.0104217529296875,0.04119873046875,6.580352783203125E-5,0.001049041748046875,6.961822509765625E-5,0.013275146484375
0,1,0,25,3.814697265625E-4,0,3.6334991455078125E-4,2.32696533203125E-4,3.643035888671875E-4,5.664825439453125E-4
353608616674,1,0,103,0.0111541748046875,0.0043182373046875,0.00698089599609375,0.00603485107421875,0.006988525390625,0.015045166015625
1454676891234,0,0,105,0.00368499755859375,0.00662994384765625,0.0015354156494140625,2.0599365234375E-4,0.001605987548828125,0.001384735107421875
0,1,0,119,0.003032684326171875,0.0081024169921875,0.001678466796875,0.00135040283203125,0.001743316650390625,0.019561767578125
1231132751657,2,0,360,0.0013027191162109375,0.02032470703125,0.019073486328125,0.04034423828125,0.019805908203125,0.0732421875
150629730284,0,0,103,0.00547027587890625,0.0455322265625,0.00244140625,0.04656982421875,0.002696990966796875,0.08203125
83967911179,2,1,101,0.03070068359375,0.02203369140625,0.01953125,0.027008056640625,0.0208740234375,0.128662109375
0,2,0,0,2.1266937255859375E-4,0.00188446044921875,1.220703125E-4,2.4509429931640625E-4,2.0503997802734375E-4,6.3323974609375E-4
2286924022727,1,0,103,0.00521087646484375,0.0066070556640625,0.00109100341796875,8.907318115234375E-4,0.00110626220703125,0.00299072265625
1724938838998,0,0,103,0.00528717041015625,0.05694580078125,7.62939453125E-5,1.6880035400390625E-4,7.62939453125E-5,3.414154052734375E-4
1956215726233,2,0,360,0.0013027191162109375,0.02166748046875,9.5367431640625E-7,0,9.5367431640625E-7,0
1132140144896,2,0,360,0.0013027191162109375,0.02001953125,0.0225830078125,0.04559326171875,0.02325439453125,0.10205078125
1445400290587,1,0,200,0.00521087646484375,0.013214111328125,0.003032684326171875,0.0040130615234375,0.00347137451171875,0.0250244140625
1003989918950,2,0,360,0.0013027191162109375,0.019775390625,5.388259887695312E-4,0.0011920928955078125,6.246566772460938E-4,0.0103912353515625
69225739543,2,0,360,0.0013027191162109375,0.0030364990234375,9.5367431640625E-7,1.068115234375E-4,9.5367431640625E-7,3.1948089599609375E-4
16148765227,2,0,360,0.0013027191162109375,0.02197265625,9.5367431640625E-7,8.7738037109375E-5,9.5367431640625E-7,3.08990478515625E-4
2020913702706,2,0,0,2.155303955078125E-4,0.002109527587890625,8.58306884765625E-6,0,8.58306884765625E-6,0
1729208434858,0,0,103,0.00254058837890625,0.009368896484375,3.8814544677734375E-4,7.562637329101562E-4,4.3964385986328125E-4,0.0012340545654296875
2249661145473,1,0,200,0.00262451171875,0.00566864013671875,0.0017719268798828125,0.0080108642578125,0.001873016357421875,0.0179443359375
1320321138290,2,0,360,0.0013027191162109375,0.0113677978515625,0.0053558349609375,0.0121307373046875,0.006103515625,0.03741455078125
2225082746603,1,0,103,0.001239776611328125,9.6893310546875E-4,3.0612945556640625E-4,7.915496826171875E-5,3.0612945556640625E-4,3.1566619873046875E-4
610725249762,2,0,360,0.0013027191162109375,0.020751953125,5.53131103515625E-4,4.6634674072265625E-4,7.600784301757812E-4,0.0023956298828125
1599312147896,2,0,360,0.0013027191162109375,0.0111541748046875,0.00528717041015625,6.113052368164062E-4,0.0052947998046875,0.001392364501953125
723622816016,1,0,103,0.0104217529296875,0.04119873046875,6.580352783203125E-5,0.001049041748046875,6.961822509765625E-5,0.013275146484375
2336236995911,1,0,200,0.00650787353515625,0.00113677978515625,6.999969482421875E-4,0.0019683837890625,7.59124755859375E-4,0.00555419921875
886955243305,0,0,115,0.002208709716796875,0.003345489501953125,8.802413940429688E-4,0,8.802413940429688E-4,0
1979752579891,0,0,0,0.003612518310546875,0.0081024169921875,6.961822509765625E-4,1.5163421630859375E-4,6.98089599609375E-4,9.65118408203125E-4
1110073495802,2,0,103,4.3582916259765625E-4,0.0015583038330078125,1.8024444580078125E-4,4.901885986328125E-4,2.040863037109375E-4,0.001552581787109375
0,2,0,200,2.880096435546875E-4,0.0019378662109375,1.3446807861328125E-4,1.9359588623046875E-4,1.41143798828125E-4,0.0010509490966796875
0,1,0,200,0.001354217529296875,0.0018482208251953125,9.431838989257812E-4,0.00106048583984375,9.469985961914062E-4,0.011993408203125
2438025209111,2,0,360,0.0013027191162109375,0.0090179443359375,9.5367431640625E-7,0,9.5367431640625E-7,0
1075423191468,0,0,107,0.0124664306640625,0.00395965576171875,0.001636505126953125,0.00687408447265625,0.0016460418701171875,0.0114593505859375
894166045528,0,0,0,0.00262451171875,0.00566864013671875,0,0,0,0
1691057126739,1,0,200,0.0094757080078125,5.283355712890625E-4,0.0087127685546875,1.56402587890625E-4,0.0087127685546875,8.792877197265625E-4
24423652426,2,0,360,0.0013027191162109375,0.0051116943359375,0.00583648681640625,3.814697265625E-4,0.006072998046875,0.0011043548583984375
0,2,0,205,0.00136566162109375,0.002025604248046875,2.3651123046875E-4,2.5463104248046875E-4,2.651214599609375E-4,0.006378173828125
753610884818,0,0,0,0.00262451171875,0.00566864013671875,0,0,0,0
651508510825,1,0,117,0.0014705657958984375,0.0081024169921875,8.478164672851562E-4,4.062652587890625E-4,9.479522705078125E-4,0.00736236572265625
1768407468797,0,0,0,0.00262451171875,0.00566864013671875,1.010894775390625E-4,0,1.010894775390625E-4,0
72705826197,2,0,103,0.00725555419921875,0.007293701171875,0.005401611328125,0.00494384765625,0.00540924072265625,0.015838623046875
22400751762,1,0,103,0.00521087646484375,0.0066070556640625,0.0016651153564453125,8.563995361328125E-4,0.0017490386962890625,0.008331298828125
2152129246955,2,0,103,0.0015621185302734375,0.0016193389892578125,0.0016040802001953125,0.0013179779052734375,0.001605987548828125,0.0040283203125
1020839897297,2,0,0,2.55584716796875E-4,0.002288818359375,7.82012939453125E-5,5.7220458984375E-5,7.915496826171875E-5,3.1375885009765625E-4
2160126312233,2,0,360,0.0013027191162109375,0.00885009765625,9.5367431640625E-7,0,9.5367431640625E-7,0
1506896478171,0,0,103,0.001270294189453125,0.0018482208251953125,9.822845458984375E-4,0.00109100341796875,9.8419189453125E-4,0.00438690185546875
1276469468965,0,1,116,0.00341796875,0.01629638671875,0.002376556396484375,0.002269744873046875,0.00238037109375,0.00537872314453125
1931923795134,1,0,119,0.005523681640625,0.0528564453125,0.003875732421875,0.0213623046875,0.0050201416015625,0.0614013671875
1992934608124,0,0,0,0.003612518310546875,0.0081024169921875,6.771087646484375E-4,2.002716064453125E-4,6.7901611328125E-4,8.182525634765625E-4
1278385470220,2,0,360,0.0013027191162109375,0.01214599609375,0.0135955810546875,0.004974365234375,0.0142669677734375,0.05206298828125
1689908369345,1,0,103,0.0078887939453125,0.0110015869140625,0.0010089874267578125,3.54766845703125E-4,0.001026153564453125,0.00146484375
1454567993951,0,0,105,0.00368499755859375,0.00662994384765625,0.0015354156494140625,2.0599365234375E-4,0.001605987548828125,0.001384735107421875
2405171429326,2,0,360,0.0013027191162109375,0.00909423828125,0.003173828125,0.0051727294921875,0.009613037109375,0.05078125
2354709967206,0,0,118,0.00650787353515625,0.01214599609375,0.003009796142578125,0.0079803466796875,0.003795623779296875,0.02508544921875
2523646370050,1,0,103,0.00521087646484375,0.0066070556640625,0.0018596649169921875,0.0023651123046875,0.001888275146484375,0.0079803466796875
1506938012851,0,0,103,0.0012454986572265625,0.0018482208251953125,9.822845458984375E-4,0.00109100341796875,9.8419189453125E-4,0.00438690185546875
251477025313,2,0,360,0.0013027191162109375,0.0096893310546875,0.010101318359375,0.00609588623046875,0.010162353515625,0.009796142578125
1457045066184,0,0,105,0.00368499755859375,0.00662994384765625,0.0015354156494140625,2.0599365234375E-4,0.001605987548828125,0.001384735107421875
1661690199321,1,0,105,0.011016845703125,4.405975341796875E-4,8.96453857421875E-4,2.1839141845703125E-4,8.993148803710938E-4,7.944107055664062E-4
1472468456682,2,0,360,0.0013027191162109375,0.011474609375,0.0069580078125,0.0091094970703125,0.0104522705078125,0.070068359375
1052169557930,2,0,360,0.0013027191162109375,0.020050048828125,5.388259887695312E-4,0.0011920928955078125,6.246566772460938E-4,0.0103912353515625
1475044641609,2,1,101,0.01116943359375,0.011566162109375,0.00720977783203125,0.0135345458984375,0.0105438232421875,0.0423583984375
723622816016,1,0,103,0.0104217529296875,0.04119873046875,6.580352783203125E-5,0.001049041748046875,6.961822509765625E-5,0.013275146484375
1398603684595,1,0,103,0.00380706787109375,0.00678253173828125,0.0022430419921875,0.0015869140625,0.0022735595703125,0.012420654296875
89771860582,1,0,119,0.005645751953125,0.0528564453125,0.0018291473388671875,0.0419921875,0.00252532958984375,0.1070556640625
1463731606150,0,0,103,0.0028533935546875,0.0104827880859375,0.002513885498046875,0.00595855712890625,0.00254058837890625,0.020233154296875
611041111235,2,0,103,0.00521087646484375,0.0088043212890625,0.00540924072265625,2.6798248291015625E-4,0.00540924072265625,0.0012836456298828125
75630057629,0,0,0,0.0078125,0.01214599609375,0.00444793701171875,2.6035308837890625E-4,0.00444793701171875,7.581710815429688E-4
0,1,0,103,0.017425537109375,0.01092529296875,0.004974365234375,0.0089111328125,0.00506591796875,0.028472900390625
1733513996516,2,0,360,0.0013027191162109375,0.0111541748046875,0.00528717041015625,6.113052368164062E-4,0.0052947998046875,0.001392364501953125
1969262753014,2,0,360,0.0013027191162109375,0.0228271484375,1.9073486328125E-6,0,1.9073486328125E-6,0
1081731566436,2,0,103,0.0046539306640625,0.009490966796875,7.43865966796875E-5,0,7.62939453125E-5,0.0010013580322265625
1218505295297,3,1,25,0.00228118896484375,0.0027313232421875,2.574920654296875E-4,0,2.574920654296875E-4,2.86102294921875E-6
826308053595,2,0,360,0.0013027191162109375,0.011077880859375,9.5367431640625E-7,0,9.5367431640625E-7,0
189044325307,2,0,0,2.13623046875E-4,0.0012416839599609375,9.250640869140625E-5,2.2029876708984375E-4,1.02996826171875E-4,6.465911865234375E-4
2005213334493,2,0,0,2.155303955078125E-4,0.002109527587890625,8.58306884765625E-6,0,8.58306884765625E-6,0
1182632851862,2,0,360,0.0013027191162109375,0.017578125,0.0053253173828125,0.011871337890625,0.0087890625,0.046875
1248522648766,0,0,103,0.00608062744140625,0.00457763671875,0.00284576416015625,0.003353118896484375,0.0031280517578125,0.03424072265625
1049289986207,3,0,200,0.0123748779296875,0.00405120849609375,5.14984130859375E-5,0,5.14984130859375E-5,0
237546895385,2,0,360,0.0013027191162109375,0.011474609375,0.0069580078125,0.0091094970703125,0.0104522705078125,0.070068359375
233550638759,2,0,360,0.0013027191162109375,0.013397216796875,0.009552001953125,0.0151824951171875,0.0099639892578125,0.0477294921875
1454616566230,0,0,105,0.00368499755859375,0.00662994384765625,0.0015354156494140625,2.0599365234375E-4,0.001605987548828125,0.001384735107421875
2027785592365,1,0,200,0.00650787353515625,0.00113677978515625,9.5367431640625E-7,0,9.5367431640625E-7,0
713371546440,2,0,200,0.00390625,0.00405120849609375,0.00164794921875,0.001491546630859375,0.00262451171875,0.01092529296875
0,3,0,103,0.002445220947265625,8.096694946289062E-4,6.723403930664062E-4,7.915496826171875E-5,6.742477416992188E-4,5.235671997070312E-4
1952064916117,2,0,205,3.1757354736328125E-4,0.00823974609375,2.0694732666015625E-4,4.2057037353515625E-4,2.0885467529296875E-4,0.0012149810791015625
16615451853,2,0,360,0.0013027191162109375,0.01605224609375,0,0,0,0
1026417928397,0,0,103,0.001903533935546875,0.008636474609375,0.001537322998046875,0.00606536865234375,0.0015621185302734375,0.018310546875
0,3,1,200,0.005096435546875,0.030364990234375,0.051513671875,0.03668212890625,0.05169677734375,0.0841064453125
677683554960,3,0,200,0.014404296875,0.0149688720703125,0.01580810546875,0.0194091796875,0.015869140625,0.08642578125
2487677892630,2,0,119,0.05078125,0.0123291015625,0.0469970703125,0.002147674560546875,0.0469970703125,0.009765625
0,3,1,200,,,0.04522705078125,7.333755493164062E-4,0.04522705078125,0.003536224365234375
1539257668559,0,0,103,0.0059661865234375,0.05694580078125,0.0022125244140625,0.015716552734375,0.00457763671875,0.128173828125
1345222106346,2,0,0,2.25067138671875E-4,0.0017910003662109375,1.3828277587890625E-4,7.13348388671875E-4,1.506805419921875E-4,0.00235748291015625
1409017740307,1,0,103,0.015899658203125,0.002288818359375,0.001331329345703125,2.2792816162109375E-4,0.001331329345703125,0.0013427734375
59425768520,2,0,360,0.0013027191162109375,0.0146942138671875,0.01953125,0.0224609375,0.023651123046875,0.0614013671875
0,2,0,200,0.0416259765625,0.140869140625,0.002597808837890625,5.18798828125E-4,0.002605438232421875,0.002231597900390625
787376651881,3,1,200,5.674362182617188E-4,2.2029876708984375E-4,5.102157592773438E-4,9.059906005859375E-5,5.121231079101562E-4,7.677078247070312E-4
0,3,1,200,3.2520294189453125E-4,2.2029876708984375E-4,0.002651214599609375,0.00550079345703125,0.00269317626953125,0.021820068359375
1392735148995,2,0,360,0.0013027191162109375,0.020172119140625,0.02197265625,0.031036376953125,0.024078369140625,0.12744140625
2192687178692,0,0,0,0.00390625,0.0141754150390625,0.001514434814453125,0.0159912109375,0.001789093017578125,0.04400634765625
1389900187806,3,0,200,0.003856658935546875,0.0081024169921875,0.001953125,3.7860870361328125E-4,0.001964569091796875,0.0050048828125
1864960341675,2,1,200,0.19970703125,0.2841796875,0.14697265625,0.23291015625,0.181640625,0.6611328125
148313111049,2,0,103,0.01300048828125,0.028717041015625,0.0020599365234375,1.354217529296875E-4,0.002063751220703125,9.632110595703125E-4
648882900543,1,0,103,0.00146484375,8.802413940429688E-4,1.239776611328125E-5,2.40325927734375E-4,1.239776611328125E-5,4.8065185546875E-4
0,1,0,117,0.00116729736328125,0.002025604248046875,1.6689300537109375E-4,1.8978118896484375E-4,1.678466796875E-4,4.730224609375E-4
0,1,0,200,0.0014896392822265625,0.002025604248046875,1.5735626220703125E-4,1.4495849609375E-4,1.6117095947265625E-4,5.292892456054688E-4
1100970516908,2,0,360,0.0013027191162109375,0.02001953125,0.00569915771484375,0.017669677734375,0.007965087890625,0.0672607421875
723622816016,1,0,103,0.0104217529296875,0.04119873046875,6.580352783203125E-5,0.001049041748046875,6.961822509765625E-5,0.013275146484375
1324252457156,1,0,103,0.00521087646484375,0.0066070556640625,0.0018596649169921875,0.0023651123046875,0.001888275146484375,0.0079803466796875
2382388307625,0,0,0,0.00262451171875,0.00566864013671875,0.0012969970703125,0.0012149810791015625,0.001377105712890625,0.009185791015625
678084994181,2,0,360,0.0013027191162109375,0.011474609375,9.5367431640625E-7,0,9.5367431640625E-7,0
145333138591,1,0,200,0.00572967529296875,0.002819061279296875,3.2138824462890625E-4,2.9468536376953125E-4,3.24249267578125E-4,9.11712646484375E-4
1080337439776,2,0,360,0.0013027191162109375,0.019805908203125,0.00438690185546875,0.0093231201171875,0.0098876953125,0.04498291015625
1483129074365,0,0,0,0.002605438232421875,0.016204833984375,0.0012664794921875,0.01837158203125,0.00179290771484375,0.03021240234375
1987641944324,0,0,0,0.003612518310546875,0.0081024169921875,6.456375122070312E-4,2.2029876708984375E-4,6.847381591796875E-4,0.0051116943359375
565655347478,1,0,105,0.00572967529296875,0.0042266845703125,0.00457763671875,0.00424957275390625,0.00572967529296875,0.01654052734375
126740302074,3,1,200,0.078125,0.17431640625,0.0738525390625,0.097900390625,0.0750732421875,0.30615234375
1840290797928,1,0,117,0.0016155242919921875,0.0081024169921875,0.001125335693359375,0.014678955078125,0.0014629364013671875,0.02984619140625
352869736511,2,1,101,0.01116943359375,0.011566162109375,0.00720977783203125,0.0135345458984375,0.0105438232421875,0.0423583984375
0,3,1,200,0.002979278564453125,0.0081024169921875,0.0014858245849609375,9.546279907226562E-4,,
1664675633271,0,0,103,0.013275146484375,0.025238037109375,0.0011386871337890625,9.0789794921875E-4,0.0011425018310546875,0.00200653076171875
1958457165719,2,0,360,0.0013027191162109375,0.021820068359375,7.295608520507812E-4,1.6307830810546875E-4,7.305145263671875E-4,8.459091186523438E-4
163564806362,2,1,101,0.02874755859375,0.016571044921875,0.007781982421875,0.023223876953125,0.0144195556640625,0.0904541015625
623762408887,2,0,360,0.0013027191162109375,0.0155029296875,0.009033203125,0.0102081298828125,0.025146484375,0.092529296875
0,0,0,0,0.00200653076171875,0.00449371337890625,0.002017974853515625,0.02362060546875,0.00283050537109375,0.04949951171875
241227343559,1,0,200,0.00262451171875,0.00566864013671875,0.0014495849609375,0.0086822509765625,0.0015716552734375,0.019805908203125
1731711734237,0,0,103,0.00254058837890625,0.009368896484375,3.8814544677734375E-4,7.562637329101562E-4,4.3964385986328125E-4,0.0012340545654296875
0,0,0,103,0.002288818359375,8.096694946289062E-4,5.483627319335938E-4,9.918212890625E-5,5.502700805664062E-4,0.001079559326171875
1296641076117,0,0,0,0.00182342529296875,0.0081024169921875,0.0010528564453125,0.0048828125,0.00147247314453125,0.025299072265625
2448471797871,1,0,25,0.026031494140625,0.007843017578125,0.002140045166015625,0.00559234619140625,0.0059356689453125,0.05615234375
8701441466,2,0,360,0.0013027191162109375,0.0066986083984375,0.0142364501953125,0.01373291015625,0.014495849609375,0.0491943359375
1081959141838,0,0,107,0.0016155242919921875,0.00395965576171875,3.337860107421875E-5,1.6689300537109375E-4,3.337860107421875E-5,0.0012664794921875
0,1,0,200,1.6498565673828125E-4,0,1.2969970703125E-4,1.02996826171875E-4,1.3256072998046875E-4,4.38690185546875E-4
1454747667546,0,0,105,0.00368499755859375,0.00662994384765625,0.0015354156494140625,2.0599365234375E-4,0.001605987548828125,0.001384735107421875
479453552602,2,1,101,0.0118255615234375,0.02276611328125,0.008941650390625,0.02386474609375,0.009735107421875,0.0404052734375
2437055534469,2,0,103,0.0076141357421875,0.01214599609375,9.5367431640625E-7,0,9.5367431640625E-7,0
1454635394254,0,0,105,0.0041961669921875,0.00662994384765625,0.0015354156494140625,2.0599365234375E-4,0.001605987548828125,0.001384735107421875
868930324559,1,0,117,0.0014705657958984375,0.0081024169921875,9.918212890625E-5,0,9.918212890625E-5,0
2010563093082,0,0,0,0.003612518310546875,0.0081024169921875,9.5367431640625E-7,0,9.5367431640625E-7,0
1716208374234,1,1,101,0.003368377685546875,0.0316162109375,0.002208709716796875,0.025604248046875,,
0,2,0,205,0.01019287109375,0.02130126953125,2.3651123046875E-4,2.5463104248046875E-4,2.651214599609375E-4,0.006378173828125
0,1,0,117,0.0015621185302734375,0.00566864013671875,0.001316070556640625,0.0042572021484375,0.0016536712646484375,0.012481689453125
2354723922069,0,0,118,0.00650787353515625,0.01214599609375,0.003009796142578125,0.0079803466796875,0.003795623779296875,0.02508544921875
601619484167,2,0,360,0.0013027191162109375,0.0146026611328125,0.00247955322265625,6.542205810546875E-4,0.0030517578125,0.0081634521484375
1661871344112,1,0,105,0.011016845703125,4.405975341796875E-4,8.96453857421875E-4,2.1839141845703125E-4,8.993148803710938E-4,7.944107055664062E-4
1818610546525,3,1,200,0.009765625,0.1318359375,0.0015354156494140625,0.024139404296875,0.0015411376953125,0.0546875
1688263065197,2,0,360,0.0013027191162109375,0.021820068359375,0.021514892578125,0.05462646484375,0.02197265625,0.140625
0,1,0,200,9.584426879882812E-4,0.00440216064453125,5.512237548828125E-4,1.4781951904296875E-4,5.521774291992188E-4,5.207061767578125E-4
2354709574847,0,0,118,0.00650787353515625,0.01214599609375,0.003009796142578125,0.0079803466796875,0.003795623779296875,0.02508544921875
1968906733016,0,0,0,0.00182342529296875,0.0081024169921875,0.00131988525390625,0.00630950927734375,0.0016307830810546875,0.0106201171875
957021890610,2,1,101,0.03265380859375,0.02203369140625,0.01953125,0.027008056640625,0.0208740234375,0.128662109375
472025840593,1,1,103,0.0369873046875,0.01629638671875,0.00335693359375,0.00490570068359375,0.00337982177734375,0.03106689453125
0,0,0,0,0.003025054931640625,0.00360870361328125,0.0010833740234375,4.520416259765625E-4,0.001171112060546875,0.003604888916015625
171206264633,2,0,103,0.00521087646484375,0.0088043212890625,0.0111083984375,0.00139617919921875,0.0111541748046875,0.018890380859375
1415206146696,1,0,200,0.00262451171875,0.00566864013671875,9.059906005859375E-5,1.239776611328125E-4,9.059906005859375E-5,3.261566162109375E-4
232116263068,1,0,105,0.07861328125,0.0079498291015625,0.019927978515625,2.079010009765625E-4,0.019927978515625,0.0011920928955078125
2124940753947,1,0,103,0.0061187744140625,0.012939453125,0.0014896392822265625,0.011962890625,0.001495361328125,0.1075439453125
0,1,0,200,0.00151824951171875,0.002025604248046875,1.8024444580078125E-4,1.64031982421875E-4,2.002716064453125E-4,0.0010890960693359375
1043651926726,2,0,360,0.0013027191162109375,0.01513671875,0.00247955322265625,6.542205810546875E-4,0.0030517578125,0.0081634521484375
1455127725420,0,0,105,0.00368499755859375,0.00662994384765625,0.0015354156494140625,2.0599365234375E-4,0.001605987548828125,0.001384735107421875
2363838852053,1,0,103,0.00521087646484375,0.0066070556640625,0.0018596649169921875,0.0023651123046875,0.001888275146484375,0.0079803466796875
2034717131440,2,0,360,0.0013027191162109375,0.00885009765625,0.005096435546875,0.00595855712890625,0.0102996826171875,0.05584716796875
1506447611733,0,0,103,0.0012454986572265625,0.0018482208251953125,9.822845458984375E-4,0.00109100341796875,9.8419189453125E-4,0.00438690185546875
29026539522,2,0,360,0.0013027191162109375,0.00395965576171875,1.9073486328125E-6,0,1.9073486328125E-6,0
2490231362283,0,0,0,0.00262451171875,0.00566864013671875,3.39508056640625E-4,4.00543212890625E-4,7.74383544921875E-4,0.0012378692626953125
2456971064892,0,0,0,0.00262451171875,0.00566864013671875,0.001102447509765625,0.005615234375,0.0014438629150390625,0.015777587890625
1749856092535,2,0,0,2.002716064453125E-4,0.0011272430419921875,9.250640869140625E-5,2.2029876708984375E-4,1.02996826171875E-4,6.465911865234375E-4
266085000879,2,0,0,1.6307830810546875E-4,2.727508544921875E-4,1.5163421630859375E-4,5.340576171875E-5,1.52587890625E-4,3.5381317138671875E-4
1454566251760,0,0,105,0.00368499755859375,0.00662994384765625,0.0015354156494140625,2.0599365234375E-4,0.001605987548828125,0.001384735107421875
2213805229882,0,0,0,0.002475738525390625,0.0081024169921875,8.420944213867188E-4,0.00594329833984375,0.00257110595703125,0.065185546875
2005278375281,0,0,0,0.003612518310546875,0.0081024169921875,0.00336456298828125,0.0133514404296875,0.003612518310546875,0.0714111328125
0,0,0,0,0.00650787353515625,0.1029052734375,0.0011768341064453125,0.001560211181640625,0.0012531280517578125,0.0082244873046875
1081738135223,1,0,103,0.1041259765625,0.03466796875,0.129638671875,0.00543975830078125,0.129638671875,0.05572509765625
378825847387,2,0,360,0.0013027191162109375,0.0140380859375,0.0076751708984375,0.0233154296875,0.0087738037109375,0.080810546875
229259883267,2,0,360,0.0013027191162109375,0.0089569091796875,0.006500244140625,0.0063629150390625,0.0095977783203125,0.029083251953125
909352549550,0,0,0,0.00262451171875,0.00566864013671875,0,0,0,0
2675676539724,0,0,0,0.002605438232421875,0.016204833984375,0.00170135498046875,0.0089111328125,0.0022430419921875,0.0379638671875
479392333507,0,1,116,0.00362396240234375,0.01629638671875,0.002521514892578125,0.0203857421875,0.002529144287109375,0.04345703125
2354708503944,0,0,118,0.00650787353515625,0.01214599609375,0.003009796142578125,0.0079803466796875,0.003795623779296875,0.02508544921875
420721866158,1,0,200,0.00650787353515625,0.00113677978515625,9.5367431640625E-7,0,9.5367431640625E-7,0
2473163710435,1,0,105,0.187744140625,0.00994873046875,5.731582641601562E-4,1.2493133544921875E-4,5.731582641601562E-4,2.7179718017578125E-4
29138034801,2,0,360,0.0013027191162109375,0.0103302001953125,0.0069580078125,0.0091094970703125,0.0104522705078125,0.070068359375
0,3,0,200,0.00121307373046875,7.925033569335938E-4,0.0078277587890625,0.025421142578125,0.008544921875,0.0826416015625
12431068670,1,0,200,0.001953125,0.010528564453125,0.001407623291015625,0.01080322265625,0.00156402587890625,0.030059814453125
2354733729161,0,0,118,0.00650787353515625,0.01214599609375,0.003009796142578125,0.0079803466796875,0.003795623779296875,0.02508544921875
0,3,1,200,0.00386810302734375,0.0081024169921875,0.00312042236328125,0.0055389404296875,0.0031280517578125,0.0203857421875
0,3,0,200,0.002735137939453125,0.01214599609375,0.0041656494140625,0.0012836456298828125,0.00417327880859375,0.0040283203125
2479670498298,0,0,0,0.00262451171875,0.00566864013671875,0.001102447509765625,0.005615234375,0.0014438629150390625,0.015777587890625
390071435185,2,0,360,0.0013027191162109375,0.0099639892578125,0.00528717041015625,6.113052368164062E-4,0.0052947998046875,0.001392364501953125
540122435476,2,0,0,2.231597900390625E-4,0.002597808837890625,1.52587890625E-4,0.0017452239990234375,1.8310546875E-4,0.00485992431640625
0,1,0,200,0.009796142578125,0.0133819580078125,1.6021728515625E-4,1.201629638671875E-4,1.64031982421875E-4,4.1294097900390625E-4
752673113705,0,0,103,0.002979278564453125,0.00440216064453125,6.160736083984375E-4,1.3256072998046875E-4,6.170272827148438E-4,5.207061767578125E-4
679942977864,0,0,0,0.00182342529296875,0.0081024169921875,7.4005126953125E-4,3.1185150146484375E-4,8.96453857421875E-4,7.8582763671875E-4
1457818968701,0,0,105,0.00368499755859375,0.00662994384765625,0.0015354156494140625,2.0599365234375E-4,0.001605987548828125,0.001384735107421875
2430646314505,2,0,103,0.0076141357421875,0.01214599609375,9.5367431640625E-7,0,9.5367431640625E-7,0
236807960462,0,0,103,0.00661468505859375,0.00246429443359375,0.003936767578125,7.51495361328125E-4,0.0067138671875,0.0338134765625
723622816016,1,0,103,0.0104217529296875,0.04119873046875,6.580352783203125E-5,0.001049041748046875,6.961822509765625E-5,0.013275146484375
750045982558,0,0,0,0.00262451171875,0.00566864013671875,0,0,0,0
1414750951097,2,0,360,0.0013027191162109375,0.0111236572265625,0.010101318359375,0.00609588623046875,0.010162353515625,0.009796142578125
0,3,0,200,0.00597381591796875,0,0.00373077392578125,0.00595855712890625,0.00376129150390625,0.0113067626953125
545503503217,1,0,105,0.017242431640625,0.00598907470703125,0.00475311279296875,0.0042724609375,0.00550079345703125,0.02374267578125
1905927410408,3,1,200,0.1019287109375,0.263671875,0.04718017578125,0.026763916015625,0.04718017578125,0.0499267578125
2473163710435,1,0,105,0.187744140625,0.00994873046875,5.731582641601562E-4,1.2493133544921875E-4,5.731582641601562E-4,2.7179718017578125E-4
2524393116076,0,0,0,0.0017528533935546875,0.0097198486328125,0.0010852813720703125,0.00710296630859375,0.00136566162109375,0.024200439453125
0,1,0,200,1.6498565673828125E-4,0,1.64031982421875E-4,1.6689300537109375E-4,1.6498565673828125E-4,7.715225219726562E-4
2473163710435,1,0,105,0.187744140625,0.00994873046875,5.731582641601562E-4,1.2493133544921875E-4,5.731582641601562E-4,2.7179718017578125E-4
375087099063,1,0,200,0.00650787353515625,0.00113677978515625,9.5367431640625E-7,0,9.5367431640625E-7,0
1656817987396,1,0,105,0.011016845703125,4.405975341796875E-4,8.96453857421875E-4,2.1839141845703125E-4,8.993148803710938E-4,7.944107055664062E-4
2596575564168,2,0,360,0.0013027191162109375,0.00679779052734375,9.5367431640625E-7,0,9.5367431640625E-7,0
1937300169115,2,0,200,0.00390625,0.00405120849609375,9.088516235351562E-4,6.866455078125E-5,9.11712646484375E-4,5.359649658203125E-4
1971727385012,0,0,0,0.003612518310546875,0.0081024169921875,6.771087646484375E-4,2.002716064453125E-4,6.7901611328125E-4,8.182525634765625E-4
2481320488671,1,0,0,0.0066986083984375,0.022552490234375,1.983642578125E-4,1.583099365234375E-4,2.0122528076171875E-4,9.632110595703125E-4
77219355978,2,0,360,0.0013027191162109375,0.021728515625,0.01922607421875,0.031982421875,0.0206298828125,0.0692138671875
1975510385757,0,0,0,0.003612518310546875,0.0081024169921875,6.771087646484375E-4,2.002716064453125E-4,6.7901611328125E-4,8.182525634765625E-4
60792276594,2,0,205,3.1757354736328125E-4,0.0089263916015625,2.13623046875E-4,3.814697265625E-4,2.2792816162109375E-4,0.00405120849609375
2374450781700,3,1,200,0.0134124755859375,0.072998046875,0.031036376953125,0.02056884765625,,
1061836162395,2,0,0,1.9741058349609375E-4,0.00106048583984375,9.250640869140625E-5,2.2029876708984375E-4,1.02996826171875E-4,6.465911865234375E-4
1457087279224,0,0,105,0.00368499755859375,0.00662994384765625,0.0015354156494140625,2.0599365234375E-4,0.001605987548828125,0.001384735107421875
721393053410,1,0,103,0.001468658447265625,7.925033569335938E-4,8.382797241210938E-4,3.3855438232421875E-4,8.43048095703125E-4,7.9345703125E-4
1668512956359,1,0,200,0.0094757080078125,4.405975341796875E-4,0.0087127685546875,1.56402587890625E-4,0.0087127685546875,8.792877197265625E-4
235193704121,3,1,25,3.2520294189453125E-4,2.2029876708984375E-4,1.354217529296875E-4,5.054473876953125E-5,1.3828277587890625E-4,4.3201446533203125E-4
1706546836857,0,0,103,0.0023040771484375,0.009368896484375,7.123947143554688E-4,9.72747802734375E-5,7.171630859375E-4,3.509521484375E-4
70592403611,0,0,0,0.00390625,0.0141754150390625,0.0011768341064453125,0.001560211181640625,0.0012531280517578125,0.0082244873046875
2422748179520,1,0,200,0.00724029541015625,0.0096893310546875,0.003391265869140625,0.00217437744140625,0.0034027099609375,0.008148193359375
1786792055085,1,0,119,0.00560760498046875,0.0528564453125,0.003875732421875,0.0213623046875,0.0050201416015625,0.0614013671875
1404860174983,2,0,0,2.0885467529296875E-4,0.002162933349609375,8.58306884765625E-6,0,8.58306884765625E-6,0
669448323521,2,0,360,0.0013027191162109375,0.01483154296875,1.1444091796875E-5,3.337860107421875E-5,7.43865966796875E-5,2.899169921875E-4
2671604292745,2,0,360,0.0013027191162109375,0.019317626953125,0.00670623779296875,0.02008056640625,0.008026123046875,0.061279296875
329581584897,2,0,360,0.0013027191162109375,0.01348876953125,0.019287109375,0.0322265625,0.020599365234375,0.1099853515625
1656754116287,1,0,105,0.011016845703125,4.405975341796875E-4,8.96453857421875E-4,2.1839141845703125E-4,8.993148803710938E-4,7.944107055664062E-4
2254791005941,2,0,360,0.0013027191162109375,0.016082763671875,0.009002685546875,0.00600433349609375,0.00958251953125,0.0362548828125
65290927194,2,0,205,3.1757354736328125E-4,0.00823974609375,2.0694732666015625E-4,4.2057037353515625E-4,2.0885467529296875E-4,0.0012149810791015625
1494136220938,0,0,105,0.00650787353515625,0.003696441650390625,0.0017414093017578125,0.01068115234375,0.002307891845703125,0.01983642578125
1675350190005,2,0,103,3.299713134765625E-4,0.0016689300537109375,1.8024444580078125E-4,4.901885986328125E-4,2.040863037109375E-4,0.001552581787109375
1272821077826,0,0,105,0.0024566650390625,0.0032196044921875,9.5367431640625E-7,0,9.5367431640625E-7,0
798595785986,1,0,200,0.0130157470703125,0,9.5367431640625E-7,0,9.5367431640625E-7,0
2036697881594,2,0,103,0.0097503662109375,2.2029876708984375E-4,0.009185791015625,9.1552734375E-5,0.0092010498046875,0.001247406005859375
635806837059,2,0,360,0.0013027191162109375,0.0111541748046875,0.00528717041015625,6.113052368164062E-4,0.0052947998046875,0.001392364501953125
1971029041568,1,0,117,0.003612518310546875,0.0081024169921875,2.841949462890625E-4,1.6880035400390625E-4,6.608963012695312E-4,2.8228759765625E-4
518688313326,1,0,103,0.0014247894287109375,0.0081024169921875,7.05718994140625E-4,2.86102294921875E-4,7.076263427734375E-4,0.001190185546875
1661605212947,1,0,105,0.011016845703125,4.405975341796875E-4,8.96453857421875E-4,2.1839141845703125E-4,8.993148803710938E-4,7.944107055664062E-4
1442619381834,1,0,103,0.023284912109375,0.02423095703125,0.01824951171875,0.029754638671875,0.018798828125,0.0655517578125
787376650841,3,1,200,5.674362182617188E-4,2.2029876708984375E-4,5.102157592773438E-4,9.059906005859375E-5,5.121231079101562E-4,7.677078247070312E-4
0,0,0,0,0.0032958984375,0.01812744140625,9.250640869140625E-5,0,9.250640869140625E-5,0
2110003857397,2,0,200,0.010894775390625,0.00688934326171875,0.0097198486328125,0.0085601806640625,0.009857177734375,0.01953125
21151361443,2,0,360,0.0013027191162109375,0.003139495849609375,0.00487518310546875,0.00530242919921875,0.009979248046875,0.039306640625
447453069750,1,0,103,0.00521087646484375,0.0066070556640625,0.0018596649169921875,0.0023651123046875,0.001888275146484375,0.0079803466796875
1616282220306,1,0,103,0.00197601318359375,0.00589752197265625,0.001483917236328125,0.00799560546875,0.001529693603515625,0.026763916015625
2167210352277,1,0,103,0.003875732421875,0.003787994384765625,0.0027618408203125,0.002323150634765625,0.002777099609375,0.009429931640625
0,3,0,200,0.0625,0.0704345703125,0.05126953125,0.025604248046875,0.051513671875,0.045166015625
1971230649634,2,0,200,0.00390625,0.00405120849609375,9.088516235351562E-4,6.866455078125E-5,9.11712646484375E-4,5.359649658203125E-4
0,3,1,200,0.05523681640625,0.123291015625,0.0506591796875,0.0811767578125,0.0509033203125,0.2724609375
0,1,0,200,0.024200439453125,0.0810546875,1.163482666015625E-4,1.64031982421875E-4,1.201629638671875E-4,0.0010547637939453125
1452053165936,2,0,103,0.00632476806640625,0.00921630859375,0.0048370361328125,0.00513458251953125,0.00484466552734375,0.00641632080078125
0,2,0,205,0.002445220947265625,8.096694946289062E-4,2.288818359375E-4,2.40325927734375E-4,2.32696533203125E-4,0.0011577606201171875
840246144997,0,0,0,0.00262451171875,0.00566864013671875,0,0,0,0
1689788941466,2,0,0,2.0599365234375E-4,0.002094268798828125,1.3065338134765625E-4,3.0994415283203125E-4,1.373291015625E-4,0.00144195556640625
0,3,1,200,,,0.00312042236328125,0.0055389404296875,0.0031280517578125,0.0203857421875
1331450274981,3,0,200,0.003856658935546875,0.0081024169921875,0.001953125,3.7860870361328125E-4,0.001964569091796875,0.0050048828125
1457456903633,0,0,105,0.00368499755859375,0.00662994384765625,0.0015354156494140625,2.0599365234375E-4,0.001605987548828125,0.001384735107421875
2510988033797,2,0,360,0.0013027191162109375,0.0223388671875,0.016387939453125,0.0340576171875,0.0194091796875,0.1416015625
692491385598,2,0,215,0.003253936767578125,0.011688232421875,9.72747802734375E-5,0.011016845703125,1.0585784912109375E-4,0.115478515625
2522449977293,2,0,0,1.94549560546875E-4,0.001171112060546875,9.250640869140625E-5,2.2029876708984375E-4,1.02996826171875E-4,6.465911865234375E-4
1273240299719,0,0,0,0.00182342529296875,0.0081024169921875,1.7642974853515625E-4,3.2901763916015625E-4,3.833770751953125E-4,9.126663208007812E-4
2354707800055,0,0,118,0.00650787353515625,0.01214599609375,0.003009796142578125,0.0079803466796875,0.003795623779296875,0.02508544921875
1456964847289,0,0,105,0.00368499755859375,0.00662994384765625,0.0015354156494140625,2.0599365234375E-4,0.001605987548828125,0.001384735107421875
1454619940223,0,0,105,0.00368499755859375,0.00662994384765625,0.0015354156494140625,2.0599365234375E-4,0.001605987548828125,0.001384735107421875
2537845021294,2,0,0,3.3473968505859375E-4,0.002239227294921875,7.915496826171875E-5,1.6880035400390625E-4,7.915496826171875E-5,5.054473876953125E-4
512099418489,2,0,360,0.0013027191162109375,0.021026611328125,0.00670623779296875,0.02008056640625,0.008026123046875,0.061279296875
2384130115399,2,0,360,0.0013027191162109375,0.0088958740234375,0.010101318359375,0.00609588623046875,0.010162353515625,0.009796142578125
2187845879844,1,0,103,0.0126190185546875,0.00672149658203125,1.6021728515625E-4,5.626678466796875E-5,1.6117095947265625E-4,1.678466796875E-4
934218181453,2,0,0,2.2220611572265625E-4,0.002597808837890625,1.52587890625E-4,0.0017452239990234375,1.8310546875E-4,0.00485992431640625
1477185716165,1,0,200,0.00521087646484375,0.013214111328125,0.003032684326171875,0.0040130615234375,0.00347137451171875,0.0250244140625
2290550215798,2,0,0,3.35693359375E-4,0.0025634765625,7.62939453125E-5,2.70843505859375E-4,7.62939453125E-5,4.1484832763671875E-4
713711985772,2,0,200,0.00390625,0.00405120849609375,0.00164794921875,0.001491546630859375,0.00262451171875,0.01092529296875
1455506830206,0,0,105,0.00368499755859375,0.00662994384765625,0.0015354156494140625,2.0599365234375E-4,0.001605987548828125,0.001384735107421875
236511125587,0,0,103,0.009185791015625,0.00246429443359375,0.003936767578125,7.51495361328125E-4,0.0067138671875,0.0338134765625
2119281993027,0,0,0,0.00262451171875,0.00566864013671875,0.002155303955078125,0.00711822509765625,0.00220489501953125,0.015472412109375
0,3,0,200,0.0718994140625,0.0043182373046875,5.397796630859375E-4,9.469985961914062E-4,5.464553833007812E-4,0.003551483154296875
1722760709621,0,0,103,0.002552032470703125,0.009368896484375,9.5367431640625E-7,0,9.5367431640625E-7,0
1002461837237,2,0,360,0.0013027191162109375,0.019744873046875,0.0225830078125,0.04559326171875,0.02325439453125,0.10205078125
1211642265457,2,0,360,0.0013027191162109375,0.02288818359375,0.01922607421875,0.031982421875,0.0206298828125,0.0692138671875
408940594542,0,0,103,0.021942138671875,0.016998291015625,0.0019359588623046875,0.00635528564453125,0.0019512176513671875,0.018890380859375
1954062813566,0,0,0,0.003582000732421875,0.0081024169921875,0.001079559326171875,0.00678253173828125,0.001705169677734375,0.04559326171875
2463526754099,2,0,360,0.0013027191162109375,0.009124755859375,0.00467681884765625,0.0011806488037109375,0.00556182861328125,0.00848388671875
66649208303,0,0,0,0.0078125,0.01214599609375,0.00444793701171875,2.6035308837890625E-4,0.00444793701171875,7.581710815429688E-4
723622816016,1,0,103,0.0104217529296875,0.04119873046875,6.580352783203125E-5,0.001049041748046875,6.961822509765625E-5,0.013275146484375
1830965679629,3,0,200,0.0018463134765625,0,0.001312255859375,0.0041961669921875,0.00152587890625,0.015625
211191392050,1,0,200,0.0130157470703125,0,9.5367431640625E-7,0,9.5367431640625E-7,0
1085988004246,2,0,0,1.9741058349609375E-4,0.00106048583984375,9.250640869140625E-5,2.2029876708984375E-4,1.02996826171875E-4,6.465911865234375E-4
2063141962238,0,0,0,0.003612518310546875,0.0081024169921875,6.580352783203125E-4,1.5163421630859375E-4,6.580352783203125E-4,8.563995361328125E-4
1105737936335,2,1,101,0.01116943359375,0.011566162109375,0.0074310302734375,0.012451171875,0.01043701171875,0.09619140625
1160056348277,2,0,0,2.002716064453125E-4,0.0017528533935546875,9.250640869140625E-5,2.2029876708984375E-4,1.02996826171875E-4,6.465911865234375E-4
1811708818117,2,0,103,3.757476806640625E-4,0.0016689300537109375,1.8024444580078125E-4,4.901885986328125E-4,2.040863037109375E-4,0.001552581787109375
471852897025,1,0,200,0.00262451171875,0.00566864013671875,0.001354217529296875,0.00516510009765625,0.001506805419921875,0.022125244140625
189284012397,2,0,360,0.0013027191162109375,0.0153656005859375,0.0021209716796875,3.1566619873046875E-4,0.0021209716796875,0.0012454986572265625
0,3,1,200,0.020111083984375,0.0616455078125,0.015777587890625,0.02239990234375,0.01580810546875,0.0640869140625
1751620344759,2,0,0,2.25067138671875E-4,0.002391815185546875,1.52587890625E-4,0.0017452239990234375,1.8310546875E-4,0.00485992431640625
162901666370,0,0,0,0.00390625,0.0141754150390625,0.002017974853515625,0.02362060546875,0.00283050537109375,0.04949951171875
2354732339793,0,0,118,0.00650787353515625,0.01214599609375,0.003009796142578125,0.0079803466796875,0.003795623779296875,0.02508544921875
1385283978713,2,0,360,0.0013027191162109375,0.013824462890625,0,0,0,0
7247487247,2,0,360,0.0013027191162109375,0.01727294921875,0.0107879638671875,0.01959228515625,0.0129241943359375,0.053955078125
1870642875889,3,0,200,0.010162353515625,0.1146240234375,0.0068359375,0.030853271484375,0.0069122314453125,0.04931640625
0,1,0,117,0.0130157470703125,0.0242919921875,9.5367431640625E-7,0,9.5367431640625E-7,0
550502080049,2,0,360,0.0013027191162109375,0.0148468017578125,0.019287109375,0.0322265625,0.020599365234375,0.1099853515625
1439475465368,1,0,103,0.00521087646484375,0.0066070556640625,0.00109100341796875,8.907318115234375E-4,0.00110626220703125,0.00299072265625
1454618865921,0,0,105,0.00368499755859375,0.00662994384765625,0.0015354156494140625,2.0599365234375E-4,0.001605987548828125,0.001384735107421875
0,3,0,200,0.0012111663818359375,0.003082275390625,0.00394439697265625,0.00921630859375,0.00395965576171875,0.043701171875
442247166406,0,0,0,0.00262451171875,0.00566864013671875,7.62939453125E-4,5.321502685546875E-4,7.638931274414062E-4,0.001468658447265625
731538692639,2,0,360,0.0013027191162109375,0.01177978515625,1.9073486328125E-6,0,2.86102294921875E-6,0
787376653221,3,1,200,5.674362182617188E-4,2.2029876708984375E-4,5.102157592773438E-4,9.059906005859375E-5,5.121231079101562E-4,7.677078247070312E-4
126427664079,2,0,0,1.94549560546875E-4,0.0025177001953125,8.58306884765625E-6,0,8.58306884765625E-6,0
1371857665948,1,0,200,0.00650787353515625,0.00113677978515625,9.5367431640625E-7,0,9.5367431640625E-7,0
0,2,0,200,7.810592651367188E-4,0.002429962158203125,0.002300262451171875,0.03717041015625,0.0023040771484375,0.05645751953125
992372930913,2,0,360,0.0013027191162109375,0.018890380859375,9.5367431640625E-7,0.0012340545654296875,9.5367431640625E-7,0.003704071044921875
1300774564204,2,0,103,0.006805419921875,0.0045928955078125,0.005126953125,0.00246429443359375,0.00513458251953125,0.0071868896484375
2244544966778,3,1,200,0.002857208251953125,0.016204833984375,0.001239776611328125,1.9168853759765625E-4,0.001270294189453125,0.0109100341796875
236128158032,0,0,103,0.00521087646484375,0.0014095306396484375,0.0030517578125,7.152557373046875E-4,0.003063201904296875,0.0107574462890625
0,0,0,0,0.003612518310546875,0.0081024169921875,6.799697875976562E-4,1.6498565673828125E-4,6.809234619140625E-4,6.961822509765625E-4
183458935090,2,0,0,2.2792816162109375E-4,0.00260162353515625,1.52587890625E-4,0.0017452239990234375,1.8310546875E-4,0.00485992431640625
83437924100,2,0,360,0.0013027191162109375,0.02197265625,0.005767822265625,0.0113983154296875,0.0131988525390625,0.0611572265625
1075418058193,0,0,107,0.0016155242919921875,0.00395965576171875,0.001636505126953125,0.00687408447265625,0.0016460418701171875,0.0114593505859375
2267445145849,0,0,105,0.00650787353515625,0.0065155029296875,0.0013866424560546875,7.982254028320312E-4,0.002597808837890625,0.0011882781982421875
2430170118635,0,0,103,0.0148773193359375,0.023406982421875,6.9427490234375E-4,0.0044708251953125,0.003147125244140625,0.1142578125
31686424491,2,0,360,0.0013027191162109375,0.0155181884765625,5.292892456054688E-4,0.00130462646484375,7.36236572265625E-4,0.0083160400390625
0,1,0,105,0.00521087646484375,0.0066070556640625,0.00102996826171875,3.47137451171875E-4,0.0010318756103515625,0.0032958984375
1192905589531,2,0,0,2.3555755615234375E-4,0.001773834228515625,7.62939453125E-6,0,7.62939453125E-6,0
2064491589422,1,0,200,0.00262451171875,0.00566864013671875,0.0017719268798828125,0.0080108642578125,0.001873016357421875,0.0179443359375
2297057743246,0,1,116,0.0088653564453125,0.01629638671875,0.002498626708984375,6.90460205078125E-4,0.0025177001953125,0.0095672607421875
1742958942206,0,0,103,0.0074920654296875,0.009368896484375,5.168914794921875E-4,0.00470733642578125,7.51495361328125E-4,0.010589599609375
0,2,0,200,2.93731689453125E-4,0.0017604827880859375,1.850128173828125E-4,7.734298706054688E-4,2.0885467529296875E-4,0.002368927001953125
236912705628,0,0,103,0.0074310302734375,0.00484466552734375,0.00226593017578125,0.00225067138671875,0.0036468505859375,0.030059814453125
723622816016,1,0,103,0.0104217529296875,0.04119873046875,6.580352783203125E-5,0.001049041748046875,6.961822509765625E-5,0.013275146484375
256023720100,1,0,200,0.00650787353515625,0.00113677978515625,9.5367431640625E-7,0,9.5367431640625E-7,0
235867997766,0,0,103,0.00521087646484375,0.0014095306396484375,0.0030517578125,7.152557373046875E-4,0.003063201904296875,0.0107574462890625
1512911143579,0,0,0,0.00262451171875,0.00566864013671875,0.0015277862548828125,0.0080413818359375,0.00160980224609375,0.033447265625
1132528372918,2,0,360,0.0013027191162109375,0.02001953125,0.00569915771484375,0.017669677734375,0.007965087890625,0.0672607421875
1470174260638,2,0,0,2.0885467529296875E-4,0.002239227294921875,8.58306884765625E-6,0,8.58306884765625E-6,0
0,2,0,103,0.0104827880859375,0.016632080078125,0.00774383544921875,0.0027618408203125,0.008087158203125,0.0118560791015625
591360466609,1,0,103,0.00521087646484375,0.0066070556640625,0.0016651153564453125,8.563995361328125E-4,0.0017490386962890625,0.008331298828125
1408040922391,0,0,0,0.0078125,0.0081024169921875,0.0012416839599609375,0.017730712890625,0.001323699951171875,0.03515625
2589871468155,2,0,360,0.0013027191162109375,0.015228271484375,0.0155792236328125,8.182525634765625E-4,0.015594482421875,0.001739501953125
2318149200025,1,0,103,0.0019683837890625,0.0110015869140625,1.9073486328125E-6,0,1.9073486328125E-6,0
261688366573,1,0,117,0.0015621185302734375,0.00566864013671875,0.001316070556640625,0.0042572021484375,0.0016536712646484375,0.012481689453125
1986986553754,0,0,0,0.003612518310546875,0.0081024169921875,6.961822509765625E-4,1.5163421630859375E-4,6.98089599609375E-4,9.65118408203125E-4
1987106739896,0,0,0,0.003612518310546875,0.0081024169921875,9.5367431640625E-7,0,9.5367431640625E-7,0
1066282057726,2,0,360,0.0013027191162109375,0.020263671875,0.014862060546875,0.013763427734375,0.01495361328125,0.05731201171875
2335194497699,0,0,105,0.003757476806640625,0.0094757080078125,2.1266937255859375E-4,1.087188720703125E-4,2.13623046875E-4,3.2520294189453125E-4
2559350420713,1,0,103,0.00521087646484375,0.0066070556640625,0.0016651153564453125,8.563995361328125E-4,0.0017490386962890625,0.008331298828125
1454955147291,0,0,105,0.00368499755859375,0.00662994384765625,0.0015354156494140625,2.0599365234375E-4,0.001605987548828125,0.001384735107421875
1506445426123,0,0,103,0.001270294189453125,0.0018482208251953125,9.822845458984375E-4,0.00109100341796875,9.8419189453125E-4,0.00438690185546875
348618629969,1,0,103,0.1041259765625,0.0322265625,0.129638671875,0.00543975830078125,0.129638671875,0.05572509765625
1199941326790,2,0,360,0.0013027191162109375,0.01922607421875,0.008544921875,0.011993408203125,0.0128631591796875,0.072021484375
1782891665851,0,0,0,0.00390625,0.0141754150390625,0.00232696533203125,0.020294189453125,0.002330780029296875,0.0313720703125
1356355399483,2,0,0,2.1457672119140625E-4,0.001773834228515625,1.1730194091796875E-4,1.2969970703125E-4,1.18255615234375E-4,3.39508056640625E-4
1777506452039,1,0,200,0.00650787353515625,0.00113677978515625,9.5367431640625E-7,0,9.5367431640625E-7,0
364037788404,1,0,105,0.00521087646484375,0.0066070556640625,9.660720825195312E-4,4.3392181396484375E-4,9.72747802734375E-4,0.0016021728515625
396735157587,2,1,360,0.0390625,0.0704345703125,0.027008056640625,0.074462890625,0.02728271484375,0.1640625
2014618050800,2,0,360,0.0013027191162109375,0.014251708984375,9.5367431640625E-7,8.392333984375E-5,9.5367431640625E-7,1.964569091796875E-4
0,1,0,117,0.0014705657958984375,0.0081024169921875,6.551742553710938E-4,1.9931793212890625E-4,6.6375732421875E-4,6.952285766601562E-4
0,3,1,200,0.01220703125,0.023101806640625,0.0516357421875,0.086181640625,0.05194091796875,0.174560546875
2424003769880,2,0,103,0.00678253173828125,0.01214599609375,9.5367431640625E-7,0,9.5367431640625E-7,0
723622816016,1,0,103,0.0104217529296875,0.04119873046875,6.580352783203125E-5,0.001049041748046875,6.961822509765625E-5,0.013275146484375
1129582631873,2,0,360,0.0013027191162109375,0.020263671875,0.014862060546875,0.013763427734375,0.01495361328125,0.05731201171875
0,3,0,200,0.0029296875,0.024688720703125,9.222030639648438E-4,0.03466796875,0.0011920928955078125,0.078369140625
331549614288,2,0,360,0.0013027191162109375,0.010009765625,9.5367431640625E-7,0,9.5367431640625E-7,0
636316649869,2,0,0,2.231597900390625E-4,0.002597808837890625,1.52587890625E-4,0.0017452239990234375,1.8310546875E-4,0.00485992431640625
1294272947661,2,0,360,0.0013027191162109375,0.01116943359375,5.846023559570312E-4,0.0010356903076171875,7.963180541992188E-4,0.00276947021484375
2418168697190,0,0,103,8.897781372070312E-4,8.096694946289062E-4,5.083084106445312E-4,1.087188720703125E-4,5.083084106445312E-4,3.3092498779296875E-4
1454775119935,0,0,105,0.00368499755859375,0.00662994384765625,0.0015354156494140625,2.0599365234375E-4,0.001605987548828125,0.001384735107421875
1972886451863,0,0,0,0.003612518310546875,0.0081024169921875,6.771087646484375E-4,2.002716064453125E-4,6.7901611328125E-4,8.182525634765625E-4
66384911648,2,0,360,0.0013027191162109375,0.01727294921875,0.0107879638671875,0.01959228515625,0.0129241943359375,0.053955078125
466351426004,1,0,103,0.1041259765625,0.026153564453125,0.129638671875,0.00543975830078125,0.129638671875,0.05572509765625
1050752295354,0,0,0,0.00262451171875,0.00566864013671875,0,0,0,0
2125404597704,1,0,103,0.00521087646484375,0.0066070556640625,0.0018596649169921875,0.0023651123046875,0.001888275146484375,0.0079803466796875
0,0,0,0,0.003612518310546875,0.0081024169921875,6.799697875976562E-4,1.6498565673828125E-4,6.809234619140625E-4,6.961822509765625E-4
1794966234362,1,0,103,0.03460693359375,0.021881103515625,0.0179443359375,0.01837158203125,0.01800537109375,0.1087646484375
1159225670765,0,0,103,0.0012569427490234375,0.00484466552734375,8.335113525390625E-4,0.0040283203125,8.592605590820312E-4,0.0095672607421875
814976770459,0,0,200,0.0011005401611328125,0.003231048583984375,0.00444793701171875,1.52587890625E-4,0.00444793701171875,6.170272827148438E-4
2568797522912,0,0,0,0.00262451171875,0.00566864013671875,0.001102447509765625,0.005615234375,0.0014438629150390625,0.015777587890625
759749828165,1,0,200,0.00650787353515625,0.00113677978515625,9.5367431640625E-7,0,9.5367431640625E-7,0
2566154552303,0,0,0,0.00262451171875,0.00566864013671875,9.765625E-4,0.0030670166015625,0.0011119842529296875,0.00970458984375
141469829435,1,0,200,0.0130157470703125,0,9.5367431640625E-7,0,9.5367431640625E-7,0
281973173498,1,0,103,0.009246826171875,0.018402099609375,0.0050811767578125,0.01092529296875,0.005218505859375,0.04339599609375
0,2,0,200,3.6525726318359375E-4,0.00131988525390625,2.689361572265625E-4,5.064010620117188E-4,3.032684326171875E-4,0.00244140625
0,3,0,200,0.0148468017578125,0.1146240234375,0.009521484375,0.010772705078125,0.009552001953125,0.0546875
1407525759655,2,0,103,0.0097503662109375,2.2029876708984375E-4,0.009033203125,7.05718994140625E-5,0.009033203125,5.550384521484375E-4
0,3,0,200,0.02020263671875,0.05987548828125,0.0185546875,0.002391815185546875,0.018585205078125,0.0111541748046875
779007569274,2,0,360,0.0013027191162109375,0.021728515625,0.01922607421875,0.031982421875,0.0206298828125,0.0692138671875
2385554022782,2,0,360,0.0013027191162109375,0.022552490234375,9.5367431640625E-7,0,9.5367431640625E-7,0
73372306953,0,0,103,0.0054779052734375,0.0452880859375,2.86102294921875E-5,7.152557373046875E-5,2.956390380859375E-5,2.6035308837890625E-4
0,3,0,200,0.00408935546875,0.00519561767578125,0.00275421142578125,0.01324462890625,0.002773284912109375,0.05694580078125
2434308571395,2,0,103,0.0076141357421875,0.01214599609375,9.5367431640625E-7,0,9.5367431640625E-7,0
2474588572027,1,0,103,0.00521087646484375,0.0066070556640625,0.0016651153564453125,8.563995361328125E-4,0.0017490386962890625,0.008331298828125
1062241899634,2,0,360,0.0013027191162109375,0.020050048828125,0.00421142578125,0.003536224365234375,0.008697509765625,0.03851318359375
2065462960073,2,0,360,0.0013027191162109375,0.0088043212890625,0.00662994384765625,0.011505126953125,0.0099639892578125,0.04901123046875
89227066459,2,0,103,0.00725555419921875,0.007293701171875,0.005401611328125,0.00494384765625,0.00540924072265625,0.015838623046875
1083243685514,2,0,103,0.0046539306640625,0.009490966796875,7.43865966796875E-5,0,7.62939453125E-5,0.0010013580322265625
2423150997776,0,0,103,0.0148773193359375,0.023406982421875,6.9427490234375E-4,0.0044708251953125,0.003147125244140625,0.1142578125
1886438082174,1,0,118,0.00921630859375,0.002025604248046875,0.0019321441650390625,6.380081176757812E-4,0.0019359588623046875,0.0069122314453125
36097665896,2,0,360,0.0013027191162109375,0.00250244140625,0.00487518310546875,0.00530242919921875,0.009979248046875,0.039306640625
1738815918772,0,0,103,0.00255584716796875,0.009368896484375,1.9073486328125E-6,0,1.9073486328125E-6,0
0,1,0,105,0.00650787353515625,0.007659912109375,0.003826141357421875,2.9754638671875E-4,0.00386810302734375,0.00617218017578125
399443054348,0,0,103,0.0084686279296875,0.03240966796875,0.00521087646484375,0.02899169921875,0.00547027587890625,0.0865478515625
755115070968,3,1,200,0.078125,0.17431640625,0.0738525390625,0.097900390625,0.0750732421875,0.30615234375
1028869399143,1,0,200,0.00650787353515625,0.00113677978515625,9.5367431640625E-7,0,9.5367431640625E-7,0
73626544956,2,0,103,0.00725555419921875,0.007293701171875,0.005401611328125,0.00494384765625,0.00540924072265625,0.015838623046875
1038713169637,2,0,360,0.0013027191162109375,0.022857666015625,5.998611450195312E-4,0.001903533935546875,8.087158203125E-4,0.01483154296875
1299246396993,1,0,103,0.00521087646484375,0.0066070556640625,0.00109100341796875,8.907318115234375E-4,0.00110626220703125,0.00299072265625
1974410601882,0,0,0,0.003612518310546875,0.0081024169921875,6.771087646484375E-4,2.002716064453125E-4,6.7901611328125E-4,8.182525634765625E-4
1986659212435,0,0,0,0.003612518310546875,0.0081024169921875,6.771087646484375E-4,2.002716064453125E-4,6.7901611328125E-4,8.182525634765625E-4
1828346013320,1,0,119,0.00567626953125,0.0528564453125,0.003875732421875,0.0213623046875,0.0050201416015625,0.0614013671875
1133677663638,2,0,360,0.0013027191162109375,0.020172119140625,0.0186767578125,0.0338134765625,0.019287109375,0.1065673828125
1234311463284,0,0,0,0.00182342529296875,0.0081024169921875,1.7642974853515625E-4,3.2901763916015625E-4,3.833770751953125E-4,9.126663208007812E-4
35719564428,2,0,360,0.0013027191162109375,0.00399017333984375,0.01409912109375,0.016571044921875,0.017608642578125,0.05889892578125
674354680739,0,0,0,0.00182342529296875,0.0081024169921875,7.4005126953125E-4,3.1185150146484375E-4,8.96453857421875E-4,7.8582763671875E-4
1733840619924,0,0,103,0.00234222412109375,0.029144287109375,6.589889526367188E-4,1.4495849609375E-4,6.59942626953125E-4,4.3392181396484375E-4
1783002716837,1,0,103,0.00521087646484375,0.0066070556640625,0.0018596649169921875,0.0023651123046875,0.001888275146484375,0.0079803466796875
2416373597132,0,0,0,0.002605438232421875,0.016204833984375,0.0014896392822265625,0.018402099609375,0.001491546630859375,0.0252685546875
1859733423930,3,0,200,0.010162353515625,0.1146240234375,0.0068359375,0.030853271484375,0.0069122314453125,0.04931640625
2563368166651,0,0,0,0.00262451171875,0.00566864013671875,9.34600830078125E-5,1.6021728515625E-4,9.34600830078125E-5,4.8065185546875E-4
575838746499,2,0,0,1.94549560546875E-4,0.0012416839599609375,9.250640869140625E-5,2.2029876708984375E-4,1.02996826171875E-4,6.465911865234375E-4
1972843537262,0,0,0,0.003612518310546875,0.0081024169921875,6.961822509765625E-4,1.5163421630859375E-4,6.98089599609375E-4,9.65118408203125E-4
0,0,0,200,0.0017681121826171875,6.160736083984375E-4,5.826950073242188E-4,1.8405914306640625E-4,5.846023559570312E-4,4.7206878662109375E-4
19390583015,1,0,200,0.00262451171875,0.00566864013671875,0.0014495849609375,0.0086822509765625,0.0015716552734375,0.019805908203125
1984638289504,1,0,103,0.1041259765625,0.030364990234375,0.129638671875,0.00543975830078125,0.129638671875,0.05572509765625
0,3,1,200,0.014434814453125,0.020660400390625,0.00592041015625,0.00466156005859375,0.0059356689453125,0.01190185546875
1506220257525,0,0,103,0.0012454986572265625,0.0018482208251953125,9.822845458984375E-4,0.00109100341796875,9.8419189453125E-4,0.00438690185546875
1971098069611,0,0,0,0.003612518310546875,0.0081024169921875,6.771087646484375E-4,2.002716064453125E-4,6.7901611328125E-4,8.182525634765625E-4
1393270383996,2,0,360,0.0013027191162109375,0.0113983154296875,0.0062255859375,0.00579071044921875,0.0112152099609375,0.0380859375
1667723134963,1,0,200,0.0094757080078125,4.405975341796875E-4,0.0087127685546875,1.56402587890625E-4,0.0087127685546875,8.792877197265625E-4
1815064380541,2,0,360,0.0013027191162109375,0.011077880859375,9.5367431640625E-7,0,9.5367431640625E-7,0
143597343117,2,0,360,0.0013027191162109375,0.021759033203125,0.0092010498046875,0.0117950439453125,0.02239990234375,0.0909423828125
1356957118738,1,0,200,0.001953125,0.010528564453125,0.0011310577392578125,0.005584716796875,0.001491546630859375,0.021148681640625
2577244439906,1,0,103,0.1041259765625,0.027130126953125,0.136962890625,0.00432586669921875,0.13818359375,0.022674560546875
196339784589,0,0,0,0.00390625,0.0141754150390625,0.001190185546875,4.062652587890625E-4,0.0011997222900390625,0.001674652099609375
1024345786365,2,0,360,0.0013027191162109375,0.01513671875,0.00247955322265625,6.542205810546875E-4,0.0030517578125,0.0081634521484375
146400781199,0,0,0,0.0078125,0.01214599609375,0.00444793701171875,2.6035308837890625E-4,0.00444793701171875,7.581710815429688E-4
2453888979925,1,0,103,0.003284454345703125,0.005279541015625,0.002834320068359375,0.00696563720703125,0.002857208251953125,0.02618408203125
1018130481059,2,0,360,0.0013027191162109375,0.02001953125,0.00569915771484375,0.017669677734375,0.007965087890625,0.0672607421875
2063477822081,2,1,105,0.03125,0.0653076171875,0.00235748291015625,0,0.00261688232421875,0.00103759765625
1387003122413,2,0,360,0.0013027191162109375,0.02288818359375,0.01922607421875,0.031982421875,0.0206298828125,0.0692138671875
1413828116284,1,0,200,0.00650787353515625,0.00113677978515625,9.5367431640625E-7,0,9.5367431640625E-7,0
208339838163,2,0,360,0.0013027191162109375,0.008819580078125,0.010101318359375,0.00609588623046875,0.010162353515625,0.009796142578125
1323001980464,1,0,200,0.00521087646484375,0.013214111328125,0.003032684326171875,0.0040130615234375,0.00347137451171875,0.0250244140625
17203615487,2,0,360,0.0013027191162109375,0.0091552734375,0.01312255859375,0.0106201171875,0.014556884765625,0.0716552734375
317044760046,2,0,360,0.0013027191162109375,0.013397216796875,0.009552001953125,0.0151824951171875,0.0099639892578125,0.0477294921875
0,1,0,200,0.0073699951171875,0.00748443603515625,0.00231170654296875,0.001804351806640625,0.00246429443359375,0.00519561767578125
235743367406,0,0,103,0.0083465576171875,0.0014095306396484375,0.0030517578125,7.152557373046875E-4,0.003063201904296875,0.0107574462890625
324072089873,1,0,200,0.0077667236328125,0.020965576171875,0.003814697265625,0.01611328125,0.006011962890625,0.067138671875
1658784746547,1,0,105,0.011016845703125,4.405975341796875E-4,8.96453857421875E-4,2.1839141845703125E-4,8.993148803710938E-4,7.944107055664062E-4
1048066270125,1,0,200,0.00650787353515625,0.00113677978515625,9.5367431640625E-7,0,9.5367431640625E-7,0
1379818756944,2,0,360,0.0013027191162109375,0.01922607421875,0.008544921875,0.011993408203125,0.0128631591796875,0.072021484375
261340283691,2,0,0,2.2792816162109375E-4,0.00260162353515625,1.52587890625E-4,0.0017452239990234375,1.8310546875E-4,0.00485992431640625
1500012164349,2,0,360,0.0013027191162109375,0.01654052734375,0.008544921875,0.011993408203125,0.0128631591796875,0.072021484375
1718520681636,0,1,105,0.005462646484375,0.016204833984375,8.802413940429688E-4,1.506805419921875E-4,8.81195068359375E-4,8.144378662109375E-4
1512567760352,1,0,119,0.0052337646484375,0.0528564453125,0.003875732421875,0.0213623046875,0.0050201416015625,0.0614013671875
1577609357738,1,0,117,0.0014705657958984375,0.0081024169921875,8.7738037109375E-5,1.8215179443359375E-4,8.7738037109375E-5,3.643035888671875E-4
0,1,0,200,0.0017528533935546875,0.0097198486328125,1.163482666015625E-4,1.64031982421875E-4,1.201629638671875E-4,0.0010547637939453125
317724709626,1,0,117,0.0014705657958984375,0.0081024169921875,1.6689300537109375E-4,1.8978118896484375E-4,1.678466796875E-4,4.730224609375E-4
0,2,0,205,0.002445220947265625,8.096694946289062E-4,2.3651123046875E-4,2.5463104248046875E-4,2.651214599609375E-4,0.006378173828125
1105766605936,2,0,360,0.0013027191162109375,0.0203857421875,0.00438690185546875,0.0093231201171875,0.0098876953125,0.04498291015625
2421882881547,2,0,103,0.00534820556640625,0.0084228515625,9.5367431640625E-7,0,9.5367431640625E-7,0
867159643252,0,0,0,0.00262451171875,0.00566864013671875,0,0,0,0
0,2,0,200,0.0416259765625,0.0704345703125,0.034423828125,0.05450439453125,0.03466796875,0.0911865234375
1537794069529,1,0,103,0.00650787353515625,0.02886962890625,0.0050811767578125,0.01806640625,0.00678253173828125,0.110107421875
837638249900,3,0,450,0.0039825439453125,0,6.780624389648438E-4,0.00687408447265625,6.90460205078125E-4,0.0146026611328125
480309156728,2,0,360,0.0013027191162109375,0.01947021484375,9.5367431640625E-7,0.0012340545654296875,9.5367431640625E-7,0.003704071044921875
2407823771391,1,0,103,0.023773193359375,0.00325775146484375,5.044937133789062E-4,1.6689300537109375E-4,5.064010620117188E-4,0.0010128021240234375
822829442749,3,0,200,0.003856658935546875,0.0081024169921875,0.001953125,3.7860870361328125E-4,0.001964569091796875,0.0050048828125
1195276108269,2,0,103,0.0097503662109375,2.2029876708984375E-4,0.008697509765625,8.296966552734375E-5,0.008697509765625,3.337860107421875E-4
708094418211,0,0,0,0.00182342529296875,0.0081024169921875,7.4005126953125E-4,3.1185150146484375E-4,8.96453857421875E-4,7.8582763671875E-4
288881743101,1,0,103,0.00521087646484375,0.0066070556640625,0.0018596649169921875,0.0023651123046875,0.001888275146484375,0.0079803466796875
585215646532,3,1,200,0.078125,0.17431640625,0.0738525390625,0.097900390625,0.0750732421875,0.30615234375
290292542640,0,0,103,0.00579833984375,0.00519561767578125,0.00229644775390625,1.7070770263671875E-4,0.00229644775390625,0.00434112548828125
958878502722,3,1,25,0.00228118896484375,0.0027313232421875,2.574920654296875E-4,0,2.574920654296875E-4,2.86102294921875E-6
2499772013699,0,0,0,0.00262451171875,0.00566864013671875,3.39508056640625E-4,4.00543212890625E-4,7.74383544921875E-4,0.0012378692626953125
1470719973787,0,0,103,0.00418853759765625,0.0294189453125,9.72747802734375E-5,0,9.72747802734375E-5,0
1966548019034,0,1,116,0.0050811767578125,0.0230712890625,0.002777099609375,0.0143280029296875,0.00278472900390625,0.066162109375
1642763750140,1,0,200,0.00521087646484375,0.013214111328125,0.003032684326171875,0.0040130615234375,0.00347137451171875,0.0250244140625
2435980341325,2,0,360,0.0013027191162109375,0.0093841552734375,0.00763702392578125,0.014892578125,0.00927734375,0.04559326171875
1496764814927,2,0,0,2.0885467529296875E-4,0.002239227294921875,8.58306884765625E-6,0,8.58306884765625E-6,0
4742803981,1,0,200,0.00650787353515625,0.00113677978515625,9.5367431640625E-7,0,9.5367431640625E-7,0
2514417732061,0,0,105,0.003742218017578125,0.0095672607421875,0.002593994140625,0.00605010986328125,0.002685546875,0.0108795166015625
787376650876,3,1,200,5.674362182617188E-4,2.2029876708984375E-4,5.102157592773438E-4,9.059906005859375E-5,5.121231079101562E-4,7.677078247070312E-4
610403247946,2,1,101,0.01116943359375,0.011566162109375,0.0074310302734375,0.012451171875,0.01043701171875,0.09619140625
131900726581,2,0,103,0.00521087646484375,0.0088043212890625,0.0111083984375,0.00139617919921875,0.0111541748046875,0.018890380859375
2282857752018,3,0,200,0.0123748779296875,0.00405120849609375,5.14984130859375E-5,0,5.14984130859375E-5,0
2242603257799,0,0,0,0.00262451171875,0.00566864013671875,0.002155303955078125,0.00711822509765625,0.00220489501953125,0.015472412109375
2229777496225,2,0,360,0.0013027191162109375,0.0090179443359375,9.5367431640625E-7,0,9.5367431640625E-7,0
1330005962811,1,0,200,0.00650787353515625,0.00113677978515625,9.5367431640625E-7,0,9.5367431640625E-7,0
85192891839,0,0,103,0.0066986083984375,0.017608642578125,0.0010776519775390625,9.5367431640625E-5,0.00128936767578125,0.0013256072998046875
235582238291,0,0,103,0.008392333984375,0.0016727447509765625,0.003063201904296875,8.611679077148438E-4,0.0030975341796875,0.0135955810546875
2473163710435,1,0,105,0.187744140625,0.00994873046875,5.731582641601562E-4,1.2493133544921875E-4,5.731582641601562E-4,2.7179718017578125E-4
1051481424623,2,0,360,0.0013027191162109375,0.022369384765625,0.0113677978515625,0.026153564453125,0.019622802734375,0.0843505859375
1009057946876,0,0,0,0.002475738525390625,0.0081024169921875,0.0018100738525390625,0.00525665283203125,0.002475738525390625,0.0088653564453125
1059691746821,0,0,0,0.00262451171875,0.00566864013671875,0,0,0,0
518130088760,2,0,103,0.00612640380859375,0.0810546875,0.004241943359375,0.02398681640625,0.0042572021484375,0.062744140625
818368625974,2,0,360,0.0013027191162109375,0.0118865966796875,0.00247955322265625,6.542205810546875E-4,0.0030517578125,0.0081634521484375
93023604467,0,0,0,0.00390625,0.0141754150390625,0.001190185546875,4.062652587890625E-4,0.0011997222900390625,0.001674652099609375
0,1,0,200,0.0136871337890625,0.0103912353515625,1.2683868408203125E-4,1.583099365234375E-4,1.3065338134765625E-4,0.002544403076171875
0,1,0,200,6.361007690429688E-4,0.002201080322265625,0.0011138916015625,2.269744873046875E-4,0.0011425018310546875,0.0015964508056640625
642676472788,2,0,360,0.0013027191162109375,0.0111541748046875,0.00528717041015625,6.113052368164062E-4,0.0052947998046875,0.001392364501953125
1669388170614,2,0,0,2.0885467529296875E-4,0.0023193359375,8.58306884765625E-6,0,8.58306884765625E-6,0
2519902360835,1,0,0,0.00638580322265625,0.016387939453125,2.1839141845703125E-4,1.163482666015625E-4,2.193450927734375E-4,1.3637542724609375E-4
0,2,0,200,2.880096435546875E-4,0.0019378662109375,1.678466796875E-4,3.814697265625E-4,1.8215179443359375E-4,0.0017032623291015625
0,3,0,200,0.0031890869140625,0.015625,7.5531005859375E-4,0.00463104248046875,7.638931274414062E-4,0.00982666015625
349627097281,2,0,0,2.2792816162109375E-4,0.00260162353515625,1.52587890625E-4,0.0017452239990234375,1.8310546875E-4,0.00485992431640625
1994792919465,0,0,0,0.003612518310546875,0.0081024169921875,0.0017337799072265625,0.0081787109375,0.002086639404296875,0.0153045654296875
45412439375,2,0,360,0.0013027191162109375,0.0089569091796875,0.0198974609375,0.009521484375,0.02081298828125,0.0823974609375
1281791729958,2,0,360,0.0013027191162109375,0.02178955078125,0.016387939453125,0.0340576171875,0.0194091796875,0.1416015625
1680534123216,1,0,200,0.0094757080078125,5.283355712890625E-4,0.0087127685546875,1.56402587890625E-4,0.0087127685546875,8.792877197265625E-4
419126731035,1,0,103,0.004364013671875,0.002288818359375,0.00225830078125,6.67572021484375E-4,0.002300262451171875,0.0067901611328125
1360445681754,2,0,103,0.0849609375,0.15234375,9.5367431640625E-7,0,9.5367431640625E-7,0
0,3,1,200,0.020111083984375,0.0616455078125,0.015777587890625,0.02239990234375,0.01580810546875,0.0640869140625
576878856696,3,1,25,0.00228118896484375,0.002964019775390625,2.574920654296875E-4,0,2.574920654296875E-4,2.86102294921875E-6
123423174408,1,0,119,0.00563812255859375,0.0528564453125,0.001163482666015625,0.037109375,0.0016193389892578125,0.06195068359375
841606597270,0,0,200,8.554458618164062E-4,0.0014972686767578125,0.0013027191162109375,1.7452239990234375E-4,0.00130462646484375,7.162094116210938E-4
1519883124312,0,0,0,0.00182342529296875,0.0081024169921875,0.001430511474609375,0.0079193115234375,0.00182342529296875,0.018646240234375
2203109824654,3,0,200,0.0106201171875,0.03521728515625,0.00728607177734375,0.0189208984375,0.00732421875,0.0904541015625
1694851006714,1,0,200,0.00521087646484375,0.013214111328125,0.003032684326171875,0.0040130615234375,0.00347137451171875,0.0250244140625
963738267907,0,0,0,0.00262451171875,0.00566864013671875,0,0,0,0
0,3,0,103,0.0010814666748046875,8.802413940429688E-4,6.44683837890625E-4,6.29425048828125E-5,6.465911865234375E-4,4.1103363037109375E-4
1361541612545,0,0,103,0.0053253173828125,0.04437255859375,0.0026702880859375,0.05609130859375,0.003551483154296875,0.084228515625
319327549323,1,0,103,0.0037994384765625,0.0042266845703125,0.00353240966796875,0.0011386871337890625,0.0035400390625,0.0141754150390625
1794966234362,1,0,103,0.03460693359375,0.021881103515625,0.0179443359375,0.01837158203125,0.01800537109375,0.1087646484375
2639555144408,2,0,360,0.0013027191162109375,0.018157958984375,0.0155792236328125,8.182525634765625E-4,0.015594482421875,0.001739501953125
236685567925,0,0,103,0.00661468505859375,0.0016727447509765625,0.003063201904296875,8.611679077148438E-4,0.0030975341796875,0.0135955810546875
1879460367683,3,0,200,0.0020751953125,0.0016193389892578125,6.313323974609375E-4,4.4536590576171875E-4,6.322860717773438E-4,0.00131988525390625
866343157093,0,0,0,0.00262451171875,0.00566864013671875,0,0,0,0
970567711249,0,0,107,0.0018405914306640625,0.003520965576171875,0.0014934539794921875,1.8310546875E-4,0.001575469970703125,6.37054443359375E-4
0,2,0,200,3.3664703369140625E-4,0.0014972686767578125,2.6988983154296875E-4,6.971359252929688E-4,2.8228759765625E-4,0.001926422119140625
1109019071927,2,0,0,2.1648406982421875E-4,0.002597808837890625,1.52587890625E-4,0.0017452239990234375,1.8310546875E-4,0.00485992431640625
533362078504,2,0,0,1.94549560546875E-4,0.0012416839599609375,9.250640869140625E-5,2.2029876708984375E-4,1.02996826171875E-4,6.465911865234375E-4
68019410279,2,0,360,0.0013027191162109375,0.0103302001953125,2.47955322265625E-5,9.918212890625E-5,4.76837158203125E-5,4.8065185546875E-4
1412151504977,1,0,200,0.00521087646484375,0.013214111328125,0.003032684326171875,0.0040130615234375,0.00347137451171875,0.0250244140625
2065515807291,1,0,103,0.0045318603515625,0.00748443603515625,0.002391815185546875,4.57763671875E-4,0.002391815185546875,0.008392333984375
1454568953515,0,0,105,0.00368499755859375,0.00662994384765625,0.0015354156494140625,2.0599365234375E-4,0.001605987548828125,0.001384735107421875
0,2,0,103,3.7384033203125E-4,0.0015239715576171875,1.8024444580078125E-4,4.901885986328125E-4,2.040863037109375E-4,0.001552581787109375
1970713599655,0,0,0,0.003612518310546875,0.0081024169921875,6.771087646484375E-4,2.002716064453125E-4,6.7901611328125E-4,8.182525634765625E-4
103833582242,2,0,103,0.00725555419921875,0.007293701171875,0.005401611328125,0.00494384765625,0.00540924072265625,0.015838623046875
1831209816414,0,0,103,0.002399444580078125,0.009368896484375,0.0011425018310546875,0.0093994140625,0.0014705657958984375,0.021392822265625
651983488686,0,0,0,0.00182342529296875,0.0081024169921875,7.4005126953125E-4,3.1185150146484375E-4,8.96453857421875E-4,7.8582763671875E-4
365588542259,3,1,25,0.00228118896484375,0.00296783447265625,2.574920654296875E-4,0,2.574920654296875E-4,2.86102294921875E-6
22831442201,2,0,360,0.0013027191162109375,0.0051116943359375,0.00583648681640625,3.814697265625E-4,0.006072998046875,0.0011043548583984375
1538314087379,0,0,0,0.00182342529296875,0.0081024169921875,0.001430511474609375,0.0079193115234375,0.00182342529296875,0.018646240234375
2554791026246,2,0,0,1.94549560546875E-4,0.001171112060546875,9.250640869140625E-5,2.2029876708984375E-4,1.02996826171875E-4,6.465911865234375E-4
1212685851410,1,0,103,0.1041259765625,0.03466796875,0.129638671875,0.00543975830078125,0.129638671875,0.05572509765625
774461167781,0,0,103,0.002979278564453125,0.00440216064453125,6.189346313476562E-4,1.41143798828125E-4,6.208419799804688E-4,6.189346313476562E-4
708094296712,2,0,360,0.0013027191162109375,0.011871337890625,0,1.9073486328125E-6,0,2.86102294921875E-6
954987422031,3,1,200,0.0095367431640625,0.04974365234375,0.0072784423828125,0.031158447265625,,
841608462148,0,0,200,8.554458618164062E-4,0.0014972686767578125,0.0013027191162109375,1.7452239990234375E-4,0.00130462646484375,7.162094116210938E-4
1840565923823,2,0,0,2.002716064453125E-4,0.0011272430419921875,9.250640869140625E-5,2.2029876708984375E-4,1.02996826171875E-4,6.465911865234375E-4
1749967286961,2,0,103,3.2520294189453125E-4,0.00223541259765625,3.032684326171875E-4,0.002002716064453125,3.108978271484375E-4,0.00372314453125
1876233417886,1,0,117,0.0015621185302734375,0.00566864013671875,0.002147674560546875,0.0084991455078125,0.002391815185546875,0.02984619140625
1034369784268,1,0,200,0.00262451171875,0.00566864013671875,0.00121307373046875,0.004852294921875,0.001476287841796875,0.0133819580078125
2478539911491,0,0,105,0.00650787353515625,0.0069580078125,4.0531158447265625E-4,0,4.0531158447265625E-4,0
760010240220,0,0,0,0.00262451171875,0.00566864013671875,0,0,0,0
1995794884980,0,0,0,0.003612518310546875,0.0081024169921875,0.0017337799072265625,0.0081787109375,0.002086639404296875,0.0153045654296875
1733235458195,2,0,0,2.0885467529296875E-4,0.002246856689453125,8.58306884765625E-6,0,8.58306884765625E-6,0
2421602077080,2,0,0,2.3651123046875E-4,0.002552032470703125,1.735687255859375E-4,0.0015125274658203125,1.8596649169921875E-4,0.003047943115234375
2167802299540,1,0,103,0.015625,0.0081024169921875,5.617141723632812E-4,0.001399993896484375,7.181167602539062E-4,0.00604248046875
0,0,0,0,0.00262451171875,0.00566864013671875,9.3841552734375E-4,0.00165557861328125,0.001506805419921875,0.01824951171875
2096097876504,1,0,25,0.026031494140625,0.0081024169921875,0.002140045166015625,0.00559234619140625,0.0059356689453125,0.05615234375
0,1,0,200,0.00292205810546875,0.00211334228515625,1.56402587890625E-4,1.4495849609375E-4,1.5926361083984375E-4,0.001018524169921875
841587776812,0,0,200,0.001132965087890625,0.0014972686767578125,0.0013027191162109375,1.7452239990234375E-4,0.00130462646484375,7.162094116210938E-4
802529737408,1,0,200,0.00650787353515625,0.00113677978515625,9.5367431640625E-7,0,9.5367431640625E-7,0
1728941533623,0,0,103,0.00254058837890625,0.009368896484375,3.8814544677734375E-4,7.562637329101562E-4,4.3964385986328125E-4,0.0012340545654296875
2069669655577,2,0,360,0.0013027191162109375,0.0088043212890625,0.00446319580078125,0.009552001953125,0.0098724365234375,0.0692138671875
38880823518,0,1,116,0.0048370361328125,0.01629638671875,0.0026702880859375,5.18798828125E-4,0.0026702880859375,0.0023345947265625
345073728712,2,0,360,0.0013027191162109375,0.0139312744140625,9.5367431640625E-7,1.3065338134765625E-4,9.5367431640625E-7,3.2138824462890625E-4
0,1,0,117,0.00182342529296875,0.0091552734375,0.0011157989501953125,0.006500244140625,0.0011501312255859375,0.021209716796875
1134337325663,2,0,360,0.0013027191162109375,0.020172119140625,0.0186767578125,0.0338134765625,0.019287109375,0.1065673828125
1850729544148,2,0,360,0.0013027191162109375,0.01068115234375,0.0062255859375,0.00579071044921875,0.0112152099609375,0.0380859375
2024088723623,0,0,0,0.003612518310546875,0.0081024169921875,6.961822509765625E-4,1.5163421630859375E-4,6.98089599609375E-4,9.65118408203125E-4
342875822519,2,0,360,0.0013027191162109375,0.0139312744140625,1.1444091796875E-5,3.337860107421875E-5,7.43865966796875E-5,2.899169921875E-4
1191794495450,2,0,360,0.0013027191162109375,0.012298583984375,1.1444091796875E-5,3.337860107421875E-5,7.43865966796875E-5,2.899169921875E-4
1453734164296,1,0,103,0.00521087646484375,0.0066070556640625,0.00109100341796875,8.907318115234375E-4,0.00110626220703125,0.00299072265625
0,3,1,200,0.00872802734375,0,0.00312042236328125,0.0055389404296875,0.0031280517578125,0.0203857421875
0,1,0,200,2.5463104248046875E-4,0.04052734375,1.4209747314453125E-4,1.3256072998046875E-4,1.4495849609375E-4,9.975433349609375E-4
145662139224,2,0,0,2.13623046875E-4,0.0012416839599609375,9.250640869140625E-5,2.2029876708984375E-4,1.02996826171875E-4,6.465911865234375E-4
113626330045,2,0,0,2.2792816162109375E-4,0.002513885498046875,1.52587890625E-4,0.0017452239990234375,1.8310546875E-4,0.00485992431640625
2571196051634,1,0,103,0.1041259765625,0.027130126953125,0.129638671875,0.00543975830078125,0.129638671875,0.05572509765625
1642882357110,2,0,360,0.0013027191162109375,0.0110015869140625,0,0,0,0
639980635496,2,0,0,2.193450927734375E-4,0.00269317626953125,1.52587890625E-4,8.12530517578125E-4,1.79290771484375E-4,0.0048828125
2354709428670,0,0,118,0.00650787353515625,0.01214599609375,0.003009796142578125,0.0079803466796875,0.003795623779296875,0.02508544921875
1685283261896,1,0,200,0.0094757080078125,5.283355712890625E-4,0.0087127685546875,1.56402587890625E-4,0.0087127685546875,8.792877197265625E-4
1452700102809,2,0,360,0.0013027191162109375,0.0139312744140625,0.01953125,0.0224609375,0.023651123046875,0.0614013671875
1456985073480,0,0,105,0.00368499755859375,0.00662994384765625,0.0015354156494140625,2.0599365234375E-4,0.001605987548828125,0.001384735107421875
1348406037845,1,0,103,0.0516357421875,0.00457763671875,0.0029754638671875,3.833770751953125E-4,0.0029754638671875,0.001613616943359375
2447116983116,0,0,0,0.00262451171875,0.00566864013671875,3.39508056640625E-4,4.00543212890625E-4,7.74383544921875E-4,0.0012378692626953125
1984814503586,0,0,0,0.003612518310546875,0.0081024169921875,6.771087646484375E-4,2.002716064453125E-4,6.7901611328125E-4,8.182525634765625E-4
757852261134,3,1,200,0.009765625,0.1318359375,0.0015354156494140625,0.024139404296875,0.0015411376953125,0.0546875
1314278363565,0,0,0,0.00182342529296875,0.0081024169921875,0.0010528564453125,0.0048828125,0.00147247314453125,0.025299072265625
933667922711,2,0,0,2.2220611572265625E-4,0.002597808837890625,1.52587890625E-4,0.0017452239990234375,1.8310546875E-4,0.00485992431640625
1454827927988,0,0,105,0.00368499755859375,0.00662994384765625,0.0015354156494140625,2.0599365234375E-4,0.001605987548828125,0.001384735107421875
241936356114,1,0,105,0.154052734375,0.011932373046875,1.9073486328125E-5,3.814697265625E-6,2.09808349609375E-5,0.001972198486328125
0,3,1,200,,,0.00312042236328125,0.0055389404296875,0.0031280517578125,0.0203857421875
0,2,0,103,0.002338409423828125,0.003170013427734375,2.346038818359375E-4,9.412765502929688E-4,2.47955322265625E-4,0.003147125244140625
216075584771,1,0,103,0.00521087646484375,0.0066070556640625,0.00109100341796875,8.907318115234375E-4,0.00110626220703125,0.00299072265625
1454576644846,0,0,105,0.00368499755859375,0.00662994384765625,0.0015354156494140625,2.0599365234375E-4,0.001605987548828125,0.001384735107421875
1664285109330,1,0,105,0.011016845703125,4.405975341796875E-4,8.96453857421875E-4,2.1839141845703125E-4,8.993148803710938E-4,7.944107055664062E-4
633536160787,2,0,200,4.2247772216796875E-4,0.0018482208251953125,2.689361572265625E-4,5.064010620117188E-4,3.032684326171875E-4,0.00244140625
987677773118,0,0,0,0.00262451171875,0.00566864013671875,0,0,0,0
1132301491848,0,0,116,0.0016193389892578125,0.003696441650390625,0.0011539459228515625,0.00433349609375,0.001361846923828125,0.00759124755859375
1975995911660,0,0,0,0.003612518310546875,0.0081024169921875,6.961822509765625E-4,1.5163421630859375E-4,6.98089599609375E-4,9.65118408203125E-4
0,2,0,200,3.6525726318359375E-4,0.00131988525390625,2.689361572265625E-4,5.064010620117188E-4,3.032684326171875E-4,0.00244140625
809054613227,1,0,200,0.00650787353515625,0.00113677978515625,9.5367431640625E-7,0,9.5367431640625E-7,0
2048846880794,0,0,0,0.00403594970703125,0.0081024169921875,9.5367431640625E-6,6.389617919921875E-5,9.5367431640625E-6,2.5653839111328125E-4
1505744448822,0,0,105,0.0024261474609375,0.001987457275390625,9.5367431640625E-7,0,9.5367431640625E-7,0
1982716989715,2,0,360,0.0013027191162109375,0.011474609375,0.009002685546875,0.00600433349609375,0.00958251953125,0.0362548828125
1267819033546,2,0,103,0.0128326416015625,0.01214599609375,0.006103515625,0.00125885009765625,0.0061798095703125,0.0662841796875
2354710926140,0,0,118,0.00650787353515625,0.01214599609375,0.003009796142578125,0.0079803466796875,0.003795623779296875,0.02508544921875
330394105129,1,0,200,0.00650787353515625,0.00113677978515625,9.5367431640625E-7,0,9.5367431640625E-7,0
0,1,0,200,0.028656005859375,0.03240966796875,0.022796630859375,0.00370025634765625,0.022796630859375,0.02362060546875
1763250091050,0,0,103,0.002452850341796875,0.009368896484375,0.00135040283203125,0.008544921875,0.0019435882568359375,0.016632080078125
2140208764613,1,0,103,0.019500732421875,0.03533935546875,0.00693511962890625,0.025482177734375,0.0103912353515625,0.096923828125
303715329646,2,0,360,0.0013027191162109375,0.019439697265625,0.015289306640625,0.01971435546875,0.02252197265625,0.08837890625
1994994041338,0,0,0,0.003612518310546875,0.0081024169921875,0.00336456298828125,0.0133514404296875,0.003612518310546875,0.0714111328125
0,2,0,103,0.0104217529296875,0.00360870361328125,2.346038818359375E-4,9.412765502929688E-4,2.47955322265625E-4,0.003147125244140625
1228122599511,2,0,360,0.0013027191162109375,0.020172119140625,0.0186767578125,0.0338134765625,0.019287109375,0.1065673828125
1439515188806,1,0,200,0.00521087646484375,0.013214111328125,0.003032684326171875,0.0040130615234375,0.00347137451171875,0.0250244140625
1937315586351,2,0,200,0.00390625,0.00405120849609375,9.088516235351562E-4,6.866455078125E-5,9.11712646484375E-4,5.359649658203125E-4
0,1,0,105,0.00521087646484375,0.0066070556640625,0.001064300537109375,3.1757354736328125E-4,0.0010662078857421875,0.001064300537109375
1525926283713,0,0,0,0.00390625,0.0141754150390625,5.645751953125E-4,4.405975341796875E-4,5.674362182617188E-4,0.0016651153564453125
1789381471398,0,0,114,0.0015201568603515625,0.0057220458984375,6.847381591796875E-4,0.00289154052734375,8.1634521484375E-4,0.00743865966796875
1403546449231,0,0,103,0.00762939453125,0.00678253173828125,0.00119781494140625,0,0.00119781494140625,0
2354709240216,0,0,118,0.00650787353515625,0.01214599609375,0.003009796142578125,0.0079803466796875,0.003795623779296875,0.02508544921875
0,3,1,200,0.020111083984375,0.0616455078125,0.00982666015625,0.024322509765625,0.0098419189453125,0.0670166015625
0,0,0,0,9.326934814453125E-4,0.00211334228515625,0.001087188720703125,0.015838623046875,0.0012378692626953125,0.0986328125
240215207430,2,0,360,0.0013027191162109375,0.017669677734375,0.012481689453125,0.0218505859375,0.02093505859375,0.0848388671875
2587420558151,0,0,0,0.00262451171875,0.00566864013671875,3.39508056640625E-4,4.00543212890625E-4,7.74383544921875E-4,0.0012378692626953125
72620027047,3,0,0,2.5463104248046875E-4,0.04052734375,1.6498565673828125E-4,0.0119781494140625,1.8215179443359375E-4,0.014434814453125
1430149690055,2,0,0,2.0885467529296875E-4,0.002239227294921875,8.58306884765625E-6,0,8.58306884765625E-6,0
2001828450170,2,0,360,0.0013027191162109375,0.008758544921875,0.00467681884765625,0.0011806488037109375,0.00556182861328125,0.00848388671875
1004640487662,2,0,103,0.0012416839599609375,3.0422210693359375E-4,6.44683837890625E-4,9.1552734375E-5,6.475448608398438E-4,6.427764892578125E-4
1537630227065,1,0,103,0.00650787353515625,0.02886962890625,0.0050811767578125,0.01806640625,0.00678253173828125,0.110107421875
1818610546350,3,1,200,0.009765625,0.1318359375,0.0015354156494140625,0.024139404296875,0.0015411376953125,0.0546875
1996443569527,0,0,0,0.003612518310546875,0.0081024169921875,6.961822509765625E-4,1.5163421630859375E-4,6.98089599609375E-4,9.65118408203125E-4
673601480829,0,0,103,0.00521087646484375,0.00440216064453125,0.002864837646484375,1.2874603271484375E-4,0.00286865234375,5.235671997070312E-4
1582572230769,2,0,360,0.0013027191162109375,0.0111541748046875,0.00528717041015625,6.113052368164062E-4,0.0052947998046875,0.001392364501953125
1567954319730,1,0,200,0.00521087646484375,0.013214111328125,0.003032684326171875,0.0040130615234375,0.00347137451171875,0.0250244140625
1895869465920,0,0,103,0.0066375732421875,0.003787994384765625,0.002658843994140625,0.003292083740234375,0.004180908203125,0.024505615234375
0,3,0,200,0.020050048828125,0.023681640625,0.00402069091796875,0.002777099609375,0.0040283203125,0.011077880859375
1325219403760,1,0,103,0.00521087646484375,0.0066070556640625,0.00109100341796875,8.907318115234375E-4,0.00110626220703125,0.00299072265625
291329923700,0,0,0,0.003582000732421875,0.0081024169921875,0.0010242462158203125,0.00728607177734375,0.0010700225830078125,0.01702880859375
0,1,0,200,1.6498565673828125E-4,0,1.430511474609375E-4,1.8405914306640625E-4,1.4400482177734375E-4,0.001251220703125
1708079615035,0,0,103,0.002620697021484375,0.009368896484375,7.123947143554688E-4,9.72747802734375E-5,7.171630859375E-4,3.509521484375E-4
2267405612108,0,0,105,0.00650787353515625,0.0065155029296875,0.0013866424560546875,7.982254028320312E-4,0.002597808837890625,0.0011882781982421875
1075422990435,0,0,107,0.0016155242919921875,0.00395965576171875,0.001636505126953125,0.00687408447265625,0.0016460418701171875,0.0114593505859375
1986302178704,2,0,0,2.2602081298828125E-4,0.002468109130859375,1.52587890625E-4,0.0017452239990234375,1.8310546875E-4,0.00485992431640625
2331150204524,3,1,200,0.002857208251953125,0.016204833984375,0.0012569427490234375,7.62939453125E-5,0.00125885009765625,2.651214599609375E-4
1026437650939,0,0,103,0.001903533935546875,0.008636474609375,0.001537322998046875,0.00606536865234375,0.0015621185302734375,0.018310546875
0,0,0,0,0.002605438232421875,0.016204833984375,0.0014667510986328125,0.030548095703125,0.001800537109375,0.04949951171875
0,3,0,200,0.00650787353515625,0.01214599609375,0.0010986328125,5.779266357421875E-4,0.001102447509765625,0.003078460693359375
2364529014228,0,0,103,0.0018482208251953125,0.005462646484375,2.384185791015625E-5,1.5735626220703125E-4,2.47955322265625E-5,6.29425048828125E-4
153332033145,2,0,115,0.001476287841796875,0.00492095947265625,6.90460205078125E-4,0.0011539459228515625,8.678436279296875E-4,0.0088958740234375
2420087856765,0,0,103,0.0148773193359375,0.02130126953125,6.9427490234375E-4,0.0044708251953125,0.003147125244140625,0.1142578125
0,3,0,200,0.00432586669921875,0.0043182373046875,0.03436279296875,0.05999755859375,0.034423828125,0.15185546875
1609124526581,2,0,0,2.0885467529296875E-4,0.0023193359375,8.58306884765625E-6,0,8.58306884765625E-6,0
2473163710435,1,0,105,0.187744140625,0.00994873046875,5.731582641601562E-4,1.2493133544921875E-4,5.731582641601562E-4,2.7179718017578125E-4
235048405569,2,0,360,0.0013027191162109375,0.017425537109375,0.01971435546875,0.0191650390625,0.020050048828125,0.0386962890625
235625669115,0,0,103,0.00661468505859375,0.00246429443359375,0.003936767578125,7.51495361328125E-4,0.0067138671875,0.0338134765625
0,3,1,450,0.003147125244140625,0,0.003139495849609375,0.0057830810546875,,
235970511836,0,0,103,0.00661468505859375,0.00246429443359375,0.003936767578125,7.51495361328125E-4,0.0067138671875,0.0338134765625
38061864429,1,0,105,0.00521087646484375,0.0066070556640625,9.660720825195312E-4,4.3392181396484375E-4,9.72747802734375E-4,0.0016021728515625
213706480118,1,0,103,0.1041259765625,0.03564453125,0.129638671875,0.00543975830078125,0.129638671875,0.05572509765625
1665372131958,1,0,105,0.011016845703125,4.405975341796875E-4,8.96453857421875E-4,2.1839141845703125E-4,8.993148803710938E-4,7.944107055664062E-4
256274613432,2,0,25,3.3855438232421875E-4,0.002605438232421875,2.8324127197265625E-4,0.00141143798828125,3.01361083984375E-4,0.003871917724609375
545503503217,1,0,105,0.017242431640625,0.00598907470703125,0.00475311279296875,0.0042724609375,0.00550079345703125,0.02374267578125
718824324036,1,0,103,0.00521087646484375,0.0066070556640625,0.00109100341796875,8.907318115234375E-4,0.00110626220703125,0.00299072265625
1129972460268,2,0,360,0.0013027191162109375,0.020172119140625,0.02197265625,0.031036376953125,0.024078369140625,0.12744140625
899202847664,1,0,103,0.00521087646484375,0.0066070556640625,0.00109100341796875,8.907318115234375E-4,0.00110626220703125,0.00299072265625
1454687739428,0,0,105,0.00368499755859375,0.00662994384765625,0.0015354156494140625,2.0599365234375E-4,0.001605987548828125,0.001384735107421875
1664128425323,0,0,0,0.002605438232421875,0.016204833984375,0.0021514892578125,0.02593994140625,0.002605438232421875,0.088134765625
266564188308,2,0,360,0.0013027191162109375,0.009490966796875,0.006500244140625,0.0063629150390625,0.0095977783203125,0.029083251953125
1453421204376,0,0,0,0.002475738525390625,0.0081024169921875,4.367828369140625E-4,5.779266357421875E-4,5.1116943359375E-4,0.00279998779296875
11630113867,2,0,205,3.1757354736328125E-4,0.0089263916015625,1.86920166015625E-4,2.651214599609375E-4,1.8787384033203125E-4,0.00150299072265625
975749002579,1,0,119,0.0078887939453125,0.0528564453125,0.003875732421875,0.0213623046875,0.0050201416015625,0.0614013671875
2297057744311,0,1,116,0.0088653564453125,0.01629638671875,0.002498626708984375,6.90460205078125E-4,0.0025177001953125,0.0095672607421875
1469586309144,1,0,200,0.00262451171875,0.00566864013671875,0.0011310577392578125,0.00539398193359375,0.0014019012451171875,0.023712158203125
478261869782,2,0,200,3.3664703369140625E-4,0.0018482208251953125,2.6988983154296875E-4,6.971359252929688E-4,2.8228759765625E-4,0.001926422119140625
799855941688,1,0,103,0.00521087646484375,0.0066070556640625,0.00109100341796875,8.907318115234375E-4,0.00110626220703125,0.00299072265625
751447628973,1,0,200,0.0130157470703125,0,9.5367431640625E-7,0,9.5367431640625E-7,0
1454657866534,0,0,105,0.00368499755859375,0.00662994384765625,0.0015354156494140625,2.0599365234375E-4,0.001605987548828125,0.001384735107421875
817087656756,0,0,200,0.0011005401611328125,0.003231048583984375,0.00444793701171875,1.52587890625E-4,0.00444793701171875,6.170272827148438E-4
2177377449930,1,0,103,0.01495361328125,0.0284423828125,0.003662109375,0.001483917236328125,0.0039825439453125,0.018463134765625
637153412237,2,0,200,4.2247772216796875E-4,0.0018482208251953125,2.689361572265625E-4,5.064010620117188E-4,3.032684326171875E-4,0.00244140625
1830356342691,2,0,0,2.0599365234375E-4,0.00302886962890625,8.58306884765625E-6,0,8.58306884765625E-6,0
2037335435799,2,0,103,0.0015621185302734375,0.0016193389892578125,0.0016040802001953125,0.0013179779052734375,0.001605987548828125,0.0040283203125
2663590547144,0,0,0,0.00262451171875,0.00566864013671875,9.34600830078125E-5,1.6021728515625E-4,9.34600830078125E-5,4.8065185546875E-4
2550691930109,2,0,360,0.0013027191162109375,0.017852783203125,0.016387939453125,0.0340576171875,0.0194091796875,0.1416015625
0,2,0,205,3.1757354736328125E-4,0.0089263916015625,2.4700164794921875E-4,2.040863037109375E-4,2.5272369384765625E-4,0.0019207000732421875
1978299259682,0,0,0,0.003612518310546875,0.0081024169921875,6.961822509765625E-4,1.5163421630859375E-4,6.98089599609375E-4,9.65118408203125E-4
504267503586,0,1,200,0.003509521484375,0.00704193115234375,0.0012149810791015625,0.00229644775390625,0.001247406005859375,0.03887939453125
69931287271,2,0,103,0.00725555419921875,0.007293701171875,0.005401611328125,0.00494384765625,0.00540924072265625,0.015838623046875
352648437692,3,1,25,0.00228118896484375,0.00296783447265625,2.574920654296875E-4,0,2.574920654296875E-4,2.86102294921875E-6
850415234564,0,0,0,0.00262451171875,0.00566864013671875,0,0,0,0
1543982643101,1,0,117,0.0014705657958984375,0.0081024169921875,8.7738037109375E-5,1.8215179443359375E-4,8.7738037109375E-5,3.643035888671875E-4
814097362235,0,0,0,0.00262451171875,0.00566864013671875,0,0,0,0
1464598352871,2,0,360,0.0013027191162109375,0.0162353515625,0.0085906982421875,0.016143798828125,0.0100555419921875,0.083984375
82801949017,0,0,103,0.0010318756103515625,0.0088043212890625,6.98089599609375E-4,0.002948760986328125,6.999969482421875E-4,0.00749969482421875
1229480773006,1,0,105,0.00521087646484375,0.0066070556640625,9.660720825195312E-4,4.3392181396484375E-4,9.72747802734375E-4,0.0016021728515625
621517747442,2,0,360,0.0013027191162109375,0.0155029296875,0.009033203125,0.0102081298828125,0.025146484375,0.092529296875
545503503217,1,0,105,0.017242431640625,0.00598907470703125,0.00475311279296875,0.0042724609375,0.00550079345703125,0.02374267578125
1630946960934,0,0,103,0.01556396484375,0.0240478515625,0.0011386871337890625,9.0789794921875E-4,0.0011425018310546875,0.00200653076171875
1785042479275,1,0,103,0.00627899169921875,0.0110015869140625,0.0010089874267578125,3.54766845703125E-4,0.001026153564453125,0.00146484375
0,3,0,200,0.0012149810791015625,0.0027313232421875,0.028564453125,0.0028533935546875,0.028594970703125,0.0064239501953125
2549557432113,2,0,360,0.0013027191162109375,0.0143585205078125,0.0150909423828125,0.04730224609375,0.0174560546875,0.14697265625
0,2,0,205,0.00600433349609375,0.015411376953125,2.1648406982421875E-4,2.803802490234375E-4,2.193450927734375E-4,0.00196075439453125
2111044761503,3,0,200,0.0106201171875,0.03521728515625,0.0078277587890625,0.025421142578125,0.008544921875,0.0826416015625
2374315747499,2,0,200,0.01171875,0.013214111328125,0.0081329345703125,0.0139923095703125,0.009429931640625,0.085205078125
2078200794329,1,0,103,0.03253173828125,0.0413818359375,1.9073486328125E-6,0,1.9073486328125E-6,0
723622816016,1,0,103,0.0104217529296875,0.04119873046875,6.580352783203125E-5,0.001049041748046875,6.961822509765625E-5,0.013275146484375
21710775089,1,0,103,0.00521087646484375,0.0066070556640625,0.0018596649169921875,0.0023651123046875,0.001888275146484375,0.0079803466796875
0,3,0,200,0.003261566162109375,0.0017604827880859375,0.00394439697265625,0.00921630859375,0.00395965576171875,0.043701171875
660536177204,3,0,200,0.014404296875,0.0149688720703125,0.01580810546875,0.0194091796875,0.015869140625,0.08642578125
585910807959,0,0,105,0.00650787353515625,0.00634002685546875,1.1730194091796875E-4,1.068115234375E-4,1.1920928955078125E-4,4.558563232421875E-4
585929659895,0,0,105,0.00650787353515625,0.00634002685546875,1.1730194091796875E-4,1.068115234375E-4,1.1920928955078125E-4,4.558563232421875E-4
311306069186,2,0,360,0.0013027191162109375,0.0131988525390625,0.006134033203125,0.0110015869140625,0.0084228515625,0.05194091796875
524960279482,1,0,200,0.0079193115234375,2.2029876708984375E-4,0.00457000732421875,0.001461029052734375,0.0046844482421875,0.023895263671875
119565825497,2,0,205,3.1757354736328125E-4,0.0089263916015625,2.1648406982421875E-4,1.7070770263671875E-4,2.2125244140625E-4,0.00142669677734375
2645596528385,2,0,360,0.0013027191162109375,0.01861572265625,0.0131072998046875,0.01910400390625,0.019927978515625,0.0621337890625
1454566902626,0,0,105,0.0041961669921875,0.00662994384765625,0.0015354156494140625,2.0599365234375E-4,0.001605987548828125,0.001384735107421875
399442346667,0,0,103,0.0084686279296875,0.03240966796875,0.00521087646484375,0.02899169921875,0.00547027587890625,0.0865478515625
1826388680916,0,0,103,0.0101776123046875,0.017608642578125,0.0011272430419921875,0.0011138916015625,0.00115203857421875,0.002864837646484375
1995781548567,2,0,360,0.0013027191162109375,0.014251708984375,9.5367431640625E-7,0,9.5367431640625E-7,0
1985669164063,0,0,103,0.00128173828125,0.00598907470703125,6.7138671875E-4,1.4781951904296875E-4,7.076263427734375E-4,4.825592041015625E-4
479529646552,2,0,200,3.8433074951171875E-4,0.0018482208251953125,2.803802490234375E-4,9.517669677734375E-4,2.9850006103515625E-4,0.003566741943359375
2433367591934,2,0,103,0.0076141357421875,0.01214599609375,9.5367431640625E-7,0,9.5367431640625E-7,0
0,3,1,200,0.0118255615234375,0.01849365234375,0.066162109375,9.059906005859375E-4,0.066162109375,0.00510406494140625
1713323459188,3,1,105,3.3855438232421875E-4,8.802413940429688E-4,3.3283233642578125E-4,6.961822509765625E-5,,
1473521897568,2,0,0,2.117156982421875E-4,0.00231170654296875,1.52587890625E-4,0.0017452239990234375,1.8310546875E-4,0.00485992431640625
797766784497,2,0,25,3.5572052001953125E-4,0.002521514892578125,2.8324127197265625E-4,0.00141143798828125,3.01361083984375E-4,0.003871917724609375
0,3,1,200,0.056396484375,0.123291015625,0.0513916015625,0.0802001953125,0.0516357421875,0.2607421875
1372936621480,2,0,360,0.0013027191162109375,0.0121612548828125,0.00450897216796875,0.003108978271484375,0.00461578369140625,0.0213623046875
0,0,0,0,0.00262451171875,0.00566864013671875,8.88824462890625E-4,0.003376007080078125,0.001064300537109375,0.0087738037109375
2128679041784,0,0,0,0.00262451171875,0.00566864013671875,0.002155303955078125,0.00711822509765625,0.00220489501953125,0.015472412109375
1607667258834,3,0,200,0.003856658935546875,0.0081024169921875,0.001953125,3.7860870361328125E-4,0.001964569091796875,0.0050048828125
2103536869290,1,0,103,7.8582763671875E-4,0.003082275390625,0.003662109375,0.001483917236328125,0.0039825439453125,0.018463134765625
1905908136694,3,1,200,0.009765625,0.06591796875,0.0016994476318359375,0.026397705078125,0.001705169677734375,0.04913330078125
743725227743,2,0,0,2.231597900390625E-4,0.002597808837890625,1.52587890625E-4,0.0017452239990234375,1.8310546875E-4,0.00485992431640625
2563666090122,2,0,360,0.0013027191162109375,0.0142974853515625,7.295608520507812E-4,1.6307830810546875E-4,7.305145263671875E-4,8.459091186523438E-4
0,1,0,200,1.6498565673828125E-4,0,1.1730194091796875E-4,8.58306884765625E-5,1.201629638671875E-4,7.419586181640625E-4
285345713087,2,0,0,2.2792816162109375E-4,0.00260162353515625,1.52587890625E-4,0.0017452239990234375,1.8310546875E-4,0.00485992431640625
1226050840706,2,0,360,0.0013027191162109375,0.01947021484375,0.018096923828125,0.009979248046875,0.021148681640625,0.054931640625
2016711434933,2,0,0,2.155303955078125E-4,0.002109527587890625,8.58306884765625E-6,0,8.58306884765625E-6,0
640024353252,0,0,0,0.00182342529296875,0.0081024169921875,7.4005126953125E-4,3.1185150146484375E-4,8.96453857421875E-4,7.8582763671875E-4
0,3,0,103,0.0011463165283203125,0.002025604248046875,8.821487426757812E-4,7.05718994140625E-5,8.85009765625E-4,4.4536590576171875E-4
1132351046340,0,0,116,0.0016193389892578125,0.003696441650390625,0.0011539459228515625,0.00433349609375,0.001361846923828125,0.00759124755859375
2508635259048,2,1,101,0.02679443359375,0.009246826171875,0.00720977783203125,0.0135345458984375,0.0105438232421875,0.0423583984375
2441872503492,2,0,360,0.0013027191162109375,0.012939453125,0.0126495361328125,0.0122528076171875,0.012786865234375,0.06201171875
1132132074993,2,0,360,0.0013027191162109375,0.018402099609375,0.0079498291015625,0.0596923828125,0.0082855224609375,0.0673828125
1737424816793,0,0,103,0.00234222412109375,0.026336669921875,6.589889526367188E-4,1.4495849609375E-4,6.59942626953125E-4,4.3392181396484375E-4
1517868756551,1,0,117,0.001750946044921875,0.0081024169921875,0.0011539459228515625,0.0122222900390625,0.0015106201171875,0.0296630859375
1454307137413,1,0,200,0.00650787353515625,0.00113677978515625,9.5367431640625E-7,0,9.5367431640625E-7,0
605869536255,2,0,360,0.0013027191162109375,0.0146636962890625,0.00476837158203125,0.0135955810546875,0.006622314453125,0.04425048828125
2672186830066,0,1,116,0.03326416015625,0.019439697265625,0.00728607177734375,0.0196533203125,0.00774383544921875,0.0755615234375
1680124972023,1,0,200,0.0094757080078125,5.283355712890625E-4,0.0087127685546875,1.56402587890625E-4,0.0087127685546875,8.792877197265625E-4
195684128814,2,0,103,0.0041656494140625,0.048583984375,0.002788543701171875,0.024200439453125,0.00284576416015625,0.06005859375
1064317864151,2,0,0,2.1648406982421875E-4,0.002597808837890625,1.52587890625E-4,0.0017452239990234375,1.8310546875E-4,0.00485992431640625
0,3,0,200,0.0106201171875,0.09716796875,0.00452423095703125,0.019622802734375,0.004608154296875,0.027191162109375
1085503077210,2,0,360,0.0013027191162109375,0.017425537109375,0,0,0,0
0,3,1,200,0.056396484375,0.123291015625,0.0513916015625,0.0802001953125,0.0516357421875,0.2607421875
1030245061591,3,1,25,8.401870727539062E-4,0.00116729736328125,4.940032958984375E-4,3.24249267578125E-4,5.407333374023438E-4,0.00353240966796875
1121621081559,1,0,117,0.0015621185302734375,0.00566864013671875,0.001583099365234375,0.00693511962890625,0.001667022705078125,0.014678955078125
727315423151,1,1,103,0.01409912109375,0.016815185546875,0.003170013427734375,0.0136871337890625,0.003177642822265625,0.026947021484375
420923755118,0,0,103,2.7942657470703125E-4,0.0012149810791015625,2.593994140625E-4,1.7833709716796875E-4,2.6702880859375E-4,5.207061767578125E-4
4465381677,1,0,103,0.1041259765625,0.024566650390625,0.129638671875,0.00543975830078125,0.129638671875,0.05572509765625
1997619962293,0,0,0,0.003612518310546875,0.0081024169921875,6.771087646484375E-4,2.002716064453125E-4,6.7901611328125E-4,8.182525634765625E-4
2449887055243,2,0,103,0.0076141357421875,0.01214599609375,9.5367431640625E-7,0,9.5367431640625E-7,0
325223032420,2,0,0,2.2792816162109375E-4,0.00260162353515625,1.52587890625E-4,0.0017452239990234375,1.8310546875E-4,0.00485992431640625
1159215537165,0,0,103,0.0012569427490234375,0.00484466552734375,8.335113525390625E-4,0.0040283203125,8.592605590820312E-4,0.0095672607421875
1457786932365,0,0,105,0.00368499755859375,0.00662994384765625,0.0015354156494140625,2.0599365234375E-4,0.001605987548828125,0.001384735107421875
714468360799,0,0,107,0.003253936767578125,5.283355712890625E-4,0.001399993896484375,1.7547607421875E-4,0.001399993896484375,2.6798248291015625E-4
1802106827796,2,0,0,2.002716064453125E-4,0.0011272430419921875,9.250640869140625E-5,2.2029876708984375E-4,1.02996826171875E-4,6.465911865234375E-4
0,0,0,103,0.0017528533935546875,0.0097198486328125,4.711151123046875E-4,1.239776611328125E-4,4.7206878662109375E-4,5.53131103515625E-4
2417140217336,2,0,360,0.0013027191162109375,0.0223388671875,0.016387939453125,0.0340576171875,0.0194091796875,0.1416015625
1818610546760,3,1,200,0.009765625,0.1318359375,0.0015354156494140625,0.024139404296875,0.0015411376953125,0.0546875
1458266392557,0,0,105,0.00368499755859375,0.00662994384765625,0.0015354156494140625,2.0599365234375E-4,0.001605987548828125,0.001384735107421875
1881173189265,0,0,0,0.00262451171875,0.00566864013671875,1.010894775390625E-4,0,1.010894775390625E-4,0
1954180776675,0,0,103,0.020843505859375,0.09716796875,0.0108184814453125,0.014678955078125,0.011383056640625,0.0848388671875
1970281609999,0,0,0,0.003612518310546875,0.0081024169921875,6.771087646484375E-4,2.002716064453125E-4,6.7901611328125E-4,8.182525634765625E-4
1379988965742,2,0,360,0.0013027191162109375,0.022308349609375,0.017425537109375,0.029632568359375,0.0233154296875,0.137451171875
1077673054660,2,0,200,3.833770751953125E-4,0.0017604827880859375,2.6988983154296875E-4,6.971359252929688E-4,2.8228759765625E-4,0.001926422119140625
990553791235,2,0,360,0.0013027191162109375,0.0149383544921875,0,1.9073486328125E-6,0,2.86102294921875E-6
2635996904987,2,0,360,0.0013027191162109375,0.0075836181640625,0.005096435546875,0.00595855712890625,0.0102996826171875,0.05584716796875
1970694697030,0,0,0,0.003612518310546875,0.0081024169921875,6.771087646484375E-4,2.002716064453125E-4,6.7901611328125E-4,8.182525634765625E-4
1245358967712,0,0,0,0.00182342529296875,0.0081024169921875,1.7642974853515625E-4,3.2901763916015625E-4,3.833770751953125E-4,9.126663208007812E-4
132692112204,2,0,360,0.0013027191162109375,0.00678253173828125,0.005096435546875,0.004058837890625,0.0100250244140625,0.026947021484375
723622816016,1,0,103,0.0104217529296875,0.04119873046875,6.580352783203125E-5,0.001049041748046875,6.961822509765625E-5,0.013275146484375
1740138047907,0,0,103,0.002178192138671875,0.009368896484375,5.168914794921875E-4,0.00470733642578125,7.51495361328125E-4,0.010589599609375
31521932431,2,0,360,0.0013027191162109375,0.00310516357421875,0.00662994384765625,0.011505126953125,0.0099639892578125,0.04901123046875
1689788172287,2,0,0,2.3937225341796875E-4,0.002094268798828125,1.3065338134765625E-4,3.0994415283203125E-4,1.373291015625E-4,0.00144195556640625
11596625211,2,0,360,0.0013027191162109375,0.00392913818359375,0.00487518310546875,0.00530242919921875,0.009979248046875,0.039306640625
1664840095854,1,0,105,0.011016845703125,4.405975341796875E-4,8.96453857421875E-4,2.1839141845703125E-4,8.993148803710938E-4,7.944107055664062E-4
973343728062,0,0,0,0.00182342529296875,0.0081024169921875,0.001636505126953125,0.0102996826171875,0.00164031982421875,0.024566650390625
314291467163,2,0,0,2.2411346435546875E-4,0.00252532958984375,1.6498565673828125E-4,4.2724609375E-4,2.0503997802734375E-4,0.0015964508056640625
1456985073488,0,0,105,0.00368499755859375,0.00662994384765625,0.0015354156494140625,2.0599365234375E-4,0.001605987548828125,0.001384735107421875
28549398415,3,1,200,0.078125,0.17431640625,0.0738525390625,0.097900390625,0.0750732421875,0.30615234375
0,3,1,200,0.020111083984375,0.0616455078125,0.015777587890625,0.02239990234375,0.01580810546875,0.0640869140625
155349644137,2,0,117,0.00148773193359375,0.01202392578125,7.801055908203125E-4,0.005401611328125,9.069442749023438E-4,0.00823974609375
1494956031917,2,0,103,3.2520294189453125E-4,0.00223541259765625,3.032684326171875E-4,0.002002716064453125,3.108978271484375E-4,0.00372314453125
2095663193672,1,0,200,0.00262451171875,0.00566864013671875,0.0017719268798828125,0.0080108642578125,0.001873016357421875,0.0179443359375
645145034038,1,0,103,0.00484466552734375,0.00933837890625,0.001834869384765625,0.003681182861328125,0.00293731689453125,0.022674560546875
155837392672,2,0,103,2.8133392333984375E-4,0.00205230712890625,2.288818359375E-4,0.00153350830078125,2.422332763671875E-4,0.004608154296875
0,3,0,200,0.00650787353515625,0.01214599609375,0.03436279296875,0.05999755859375,0.034423828125,0.15185546875
1390181393659,2,0,360,0.0013027191162109375,0.0114593505859375,0.0126495361328125,0.0122528076171875,0.012786865234375,0.06201171875
1752100439211,0,0,0,0.00390625,0.0141754150390625,0.00232696533203125,0.020294189453125,0.002330780029296875,0.0313720703125
663555978531,2,0,0,2.0885467529296875E-4,0.002376556396484375,1.25885009765625E-4,4.4345855712890625E-4,1.4591217041015625E-4,0.002155303955078125
0,1,0,200,0.0073699951171875,0.00748443603515625,0.00421905517578125,0.0079345703125,0.00424957275390625,0.017120361328125
1026429718428,0,0,103,0.001903533935546875,0.008636474609375,0.001537322998046875,0.00606536865234375,0.0015621185302734375,0.018310546875
979234262421,1,0,117,0.0014705657958984375,0.0081024169921875,9.918212890625E-5,0,9.918212890625E-5,0
851287313680,0,0,0,0.002475738525390625,0.0081024169921875,0.0018100738525390625,0.00525665283203125,0.002475738525390625,0.0088653564453125
1061007413402,2,0,360,0.0013027191162109375,0.022216796875,8.039474487304688E-4,5.235671997070312E-4,9.002685546875E-4,0.002582550048828125
2035059326998,2,0,360,0.0013027191162109375,0.012603759765625,0.0126495361328125,0.0122528076171875,0.012786865234375,0.06201171875
106408917864,0,1,116,0.003383636474609375,0.01629638671875,0.0026702880859375,5.18798828125E-4,0.0026702880859375,0.0023345947265625
671851351369,1,1,101,0.003368377685546875,0.0316162109375,0.002593994140625,0.029388427734375,,
350282615378,2,0,0,2.2792816162109375E-4,0.00260162353515625,1.52587890625E-4,0.0017452239990234375,1.8310546875E-4,0.00485992431640625
2426771284292,2,0,103,0.00678253173828125,0.01214599609375,9.5367431640625E-7,0,9.5367431640625E-7,0
2596563019705,2,0,360,0.0013027191162109375,0.015777587890625,0.009002685546875,0.01513671875,0.019744873046875,0.047119140625
2225088886483,1,0,103,0.001239776611328125,9.6893310546875E-4,3.0612945556640625E-4,7.915496826171875E-5,3.0612945556640625E-4,3.1566619873046875E-4
2491085498433,3,1,200,0.009765625,0.06591796875,0.0017452239990234375,0.01641845703125,0.0017452239990234375,0.03289794921875
84104535275,1,0,103,0.00521087646484375,0.0066070556640625,0.00109100341796875,8.907318115234375E-4,0.00110626220703125,0.00299072265625
2001717237731,0,1,116,0.025665283203125,0.01873779296875,0.002777099609375,0.0143280029296875,0.00278472900390625,0.066162109375
716089018710,1,0,103,0.0012798309326171875,7.925033569335938E-4,8.382797241210938E-4,3.3855438232421875E-4,8.43048095703125E-4,7.9345703125E-4
654711577479,1,0,103,0.1041259765625,0.028778076171875,0.129638671875,0.00543975830078125,0.129638671875,0.05572509765625
456365586556,0,1,116,0.00362396240234375,0.01629638671875,0.002521514892578125,0.0203857421875,0.002529144287109375,0.04345703125
2123714510229,0,0,0,0.003582000732421875,0.0081024169921875,0.001079559326171875,0.00678253173828125,0.001705169677734375,0.04559326171875
819699924449,1,0,105,0.003093719482421875,0.00440216064453125,0.0013217926025390625,1.983642578125E-4,0.00136566162109375,0.0012836456298828125
1450364645605,1,0,200,0.00521087646484375,0.013214111328125,0.003032684326171875,0.0040130615234375,0.00347137451171875,0.0250244140625
2611878455150,0,0,0,0.002605438232421875,0.016204833984375,0.00170135498046875,0.0089111328125,0.0022430419921875,0.0379638671875
960101428102,1,0,117,0.0014705657958984375,0.0081024169921875,0.001125335693359375,3.4236907958984375E-4,0.0011882781982421875,0.0040130615234375
1454585844435,0,0,105,0.00368499755859375,0.00662994384765625,0.0015354156494140625,2.0599365234375E-4,0.001605987548828125,0.001384735107421875
1977266509989,2,0,360,0.0013027191162109375,0.021575927734375,0.0082550048828125,0.014739990234375,0.0153350830078125,0.0479736328125
531127155503,3,1,200,0.0130615234375,0.003238677978515625,0.0018558502197265625,2.288818359375E-4,0.001857757568359375,0.0015163421630859375
1283426838991,2,0,360,0.0013027191162109375,0.02288818359375,0.01922607421875,0.031982421875,0.0206298828125,0.0692138671875
2267385318811,0,0,105,0.00650787353515625,0.0065155029296875,0.0013866424560546875,7.982254028320312E-4,0.002597808837890625,0.0011882781982421875
1081827696846,2,0,103,0.0046539306640625,0.009490966796875,7.43865966796875E-5,0,7.62939453125E-5,0.0010013580322265625
133158721749,0,1,116,0.00501251220703125,0.01629638671875,0.0026702880859375,5.18798828125E-4,0.0026702880859375,0.0023345947265625
970535427343,0,0,107,0.00171661376953125,0.003520965576171875,0.0014934539794921875,1.8310546875E-4,0.001575469970703125,6.37054443359375E-4
284491506187,2,0,360,0.0013027191162109375,0.009490966796875,0.00528717041015625,6.113052368164062E-4,0.0052947998046875,0.001392364501953125
1780076912315,2,0,0,2.0885467529296875E-4,0.002246856689453125,8.58306884765625E-6,0,8.58306884765625E-6,0
440708754433,1,0,117,0.00133514404296875,0.0081024169921875,0.0015010833740234375,0.01531982421875,0.0018024444580078125,0.04833984375
2007176727634,2,0,0,2.2602081298828125E-4,0.002468109130859375,1.52587890625E-4,0.0017452239990234375,1.8310546875E-4,0.00485992431640625
1117025316877,2,0,360,0.0013027191162109375,0.020172119140625,0.02197265625,0.031036376953125,0.024078369140625,0.12744140625
0,3,0,200,0.003017425537109375,0.02642822265625,0.017791748046875,0.001392364501953125,0.017791748046875,0.0103302001953125
1363934391822,2,0,360,0.0013027191162109375,0.013824462890625,5.292892456054688E-4,0.00130462646484375,7.36236572265625E-4,0.0083160400390625
185063904695,2,0,360,0.0013027191162109375,0.011474609375,0.0069580078125,0.0091094970703125,0.0104522705078125,0.070068359375
1082877938025,2,0,103,0.0046539306640625,0.009490966796875,7.43865966796875E-5,0,7.62939453125E-5,0.0010013580322265625
0,2,0,103,0.002445220947265625,8.096694946289062E-4,0.00774383544921875,0.0027618408203125,0.008087158203125,0.0118560791015625
1661526524615,1,0,105,0.011016845703125,4.405975341796875E-4,8.96453857421875E-4,2.1839141845703125E-4,8.993148803710938E-4,7.944107055664062E-4
0,3,1,200,0.020111083984375,0.0616455078125,0.002651214599609375,0.00550079345703125,0.00269317626953125,0.021820068359375
90592041950,0,0,0,0.0022125244140625,0.0097198486328125,0.0018901824951171875,0.011749267578125,0.001941680908203125,0.023834228515625
1423436208491,2,0,360,0.0013027191162109375,0.0139312744140625,0.006134033203125,0.0110015869140625,0.0084228515625,0.05194091796875
2109433336080,1,0,117,0.0015621185302734375,0.00566864013671875,0.001850128173828125,0.010467529296875,0.00215911865234375,0.03558349609375
0,1,0,200,0.003253936767578125,0.0081024169921875,0.0016002655029296875,0.0014629364013671875,0.0018520355224609375,0.03094482421875
2034917747842,0,0,0,0.00262451171875,0.00566864013671875,0.002155303955078125,0.00711822509765625,0.00220489501953125,0.015472412109375
406321908338,1,0,117,0.00133514404296875,0.0081024169921875,0.0015010833740234375,0.01531982421875,0.0018024444580078125,0.04833984375
220985637660,0,0,103,0.00667572021484375,0.03326416015625,0.00357818603515625,0.04876708984375,0.003688812255859375,0.05963134765625
966913094404,2,0,360,0.0013027191162109375,0.0111541748046875,0.00528717041015625,6.113052368164062E-4,0.0052947998046875,0.001392364501953125
708627545882,2,0,360,0.0013027191162109375,0.0111541748046875,0.00528717041015625,6.113052368164062E-4,0.0052947998046875,0.001392364501953125
2208550352900,0,0,0,0.00390625,0.0141754150390625,0.001514434814453125,0.0159912109375,0.001789093017578125,0.04400634765625
0,2,0,200,0.002849578857421875,0.02008056640625,0.00238800048828125,0.0174560546875,0.0023956298828125,0.04229736328125
1075410007351,0,0,107,0.0016155242919921875,0.00395965576171875,0.001636505126953125,0.00687408447265625,0.0016460418701171875,0.0114593505859375
2298519146416,2,1,101,0.0118255615234375,0.021331787109375,0.008941650390625,0.02386474609375,0.009735107421875,0.0404052734375
1227560753282,1,0,200,0.00650787353515625,0.00113677978515625,9.5367431640625E-7,0,9.5367431640625E-7,0
1726022218884,1,0,103,0.0196533203125,0.00449371337890625,9.250640869140625E-5,1.3065338134765625E-4,9.250640869140625E-5,4.0435791015625E-4
2371120820645,1,0,103,0.1041259765625,0.030364990234375,0.129638671875,0.00543975830078125,0.129638671875,0.05572509765625
695674841522,0,0,0,0.0017528533935546875,0.0097198486328125,8.258819580078125E-4,0.003692626953125,0.0011844635009765625,0.028778076171875
33470476384,2,0,0,2.13623046875E-4,0.0012416839599609375,9.250640869140625E-5,2.2029876708984375E-4,1.02996826171875E-4,6.465911865234375E-4
0,3,0,103,9.975433349609375E-4,8.802413940429688E-4,6.723403930664062E-4,7.915496826171875E-5,6.742477416992188E-4,5.235671997070312E-4
0,1,0,117,0.001384735107421875,0.002025604248046875,0.0010089874267578125,0.011505126953125,0.001148223876953125,0.0263671875
885988644651,3,0,0,2.5463104248046875E-4,0.04052734375,1.6498565673828125E-4,0.0135650634765625,1.7547607421875E-4,0.0149383544921875
1064115047672,0,0,107,0.00165557861328125,0.002552032470703125,0.001468658447265625,0.00435638427734375,0.001468658447265625,0.004669189453125
931530991141,1,0,200,0.00650787353515625,0.00113677978515625,9.5367431640625E-7,0,9.5367431640625E-7,0
879688416172,2,0,360,0.0013027191162109375,0.011077880859375,9.5367431640625E-7,0,9.5367431640625E-7,0
51959646054,0,1,116,0.003383636474609375,0.01629638671875,0.0026702880859375,5.18798828125E-4,0.0026702880859375,0.0023345947265625
1754542328253,1,0,117,0.0015621185302734375,0.00566864013671875,0.0014057159423828125,0.008331298828125,0.0015621185302734375,0.04150390625
1970599812136,0,0,0,0.003612518310546875,0.0081024169921875,6.771087646484375E-4,2.002716064453125E-4,6.7901611328125E-4,8.182525634765625E-4
1101627289852,0,0,0,0.00182342529296875,0.0081024169921875,1.7642974853515625E-4,3.2901763916015625E-4,3.833770751953125E-4,9.126663208007812E-4
1457048857038,0,0,105,0.00368499755859375,0.00662994384765625,0.0015354156494140625,2.0599365234375E-4,0.001605987548828125,0.001384735107421875
0,2,0,200,3.3664703369140625E-4,0.0014972686767578125,2.6988983154296875E-4,6.971359252929688E-4,2.8228759765625E-4,0.001926422119140625
1026428586389,0,0,103,0.001903533935546875,0.008636474609375,0.001537322998046875,0.00606536865234375,0.0015621185302734375,0.018310546875
381476155826,2,0,360,0.0013027191162109375,0.0140380859375,0.0076751708984375,0.0233154296875,0.0087738037109375,0.080810546875
1131622193308,2,0,360,0.0013027191162109375,0.0137939453125,9.5367431640625E-7,8.392333984375E-5,9.5367431640625E-7,1.964569091796875E-4
1591240415106,2,0,107,0.01080322265625,0.00958251953125,0.00848388671875,2.307891845703125E-4,0.00848388671875,9.822845458984375E-4
1184312504690,2,0,0,2.002716064453125E-4,0.001399993896484375,9.250640869140625E-5,2.2029876708984375E-4,1.02996826171875E-4,6.465911865234375E-4
1463711603783,0,0,103,0.0028533935546875,0.0104827880859375,0.002513885498046875,0.00595855712890625,0.00254058837890625,0.020233154296875
2472501833892,0,0,0,0.00262451171875,0.00566864013671875,3.39508056640625E-4,4.00543212890625E-4,7.74383544921875E-4,0.0012378692626953125
1457034751644,0,0,105,0.00368499755859375,0.00662994384765625,0.0015354156494140625,2.0599365234375E-4,0.001605987548828125,0.001384735107421875
2001717241476,0,1,116,0.025665283203125,0.01873779296875,0.002777099609375,0.0143280029296875,0.00278472900390625,0.066162109375
0,2,0,103,0.004180908203125,0.0142669677734375,1.4972686767578125E-4,5.5694580078125E-4,1.56402587890625E-4,0.001983642578125
22377219692,2,0,360,0.0013027191162109375,0.0050048828125,2.4127960205078125E-4,2.3555755615234375E-4,8.077621459960938E-4,0.00365447998046875
1712181828992,2,0,0,2.0885467529296875E-4,0.002246856689453125,8.58306884765625E-6,0,8.58306884765625E-6,0
1091343935202,2,0,360,0.0013027191162109375,0.020172119140625,0.008880615234375,0.01959228515625,0.010040283203125,0.0521240234375
0,3,1,200,0.0047149658203125,0.0081024169921875,0.003696441650390625,0.0016613006591796875,0.003696441650390625,0.0040283203125
154864369657,0,0,0,0.0010166168212890625,0.002025604248046875,6.551742553710938E-4,0.0015430450439453125,6.771087646484375E-4,0.003772735595703125
357481024711,2,0,0,2.2792816162109375E-4,0.00260162353515625,1.52587890625E-4,0.0017452239990234375,1.8310546875E-4,0.00485992431640625
2630137249295,2,0,25,2.8133392333984375E-4,0.001567840576171875,2.63214111328125E-4,5.130767822265625E-4,2.7942657470703125E-4,0.008331298828125
1457097378051,0,0,105,0.0041961669921875,0.00662994384765625,0.0015354156494140625,2.0599365234375E-4,0.001605987548828125,0.001384735107421875
140282484914,0,0,103,0.006439208984375,0.03460693359375,7.05718994140625E-5,0,7.343292236328125E-5,0
1327529310442,2,0,360,0.0013027191162109375,0.020172119140625,0.008880615234375,0.01959228515625,0.010040283203125,0.0521240234375
356063420637,3,1,25,3.2520294189453125E-4,2.2029876708984375E-4,1.354217529296875E-4,5.054473876953125E-5,1.3828277587890625E-4,4.3201446533203125E-4
23839107324,2,0,360,0.0013027191162109375,0.003139495849609375,0.005096435546875,0.004058837890625,0.0100250244140625,0.026947021484375
315013251338,2,0,360,0.0013027191162109375,0.0135040283203125,0.00247955322265625,6.542205810546875E-4,0.0030517578125,0.0081634521484375
874352778062,1,0,200,0.00650787353515625,0.00113677978515625,9.5367431640625E-7,0,9.5367431640625E-7,0
1059844840899,1,0,105,6.513595581054688E-4,0.0081024169921875,1.33514404296875E-5,0,1.33514404296875E-5,0
0,1,0,117,0.0091094970703125,0.016204833984375,1.6689300537109375E-4,1.8978118896484375E-4,1.678466796875E-4,4.730224609375E-4
1648174816289,0,0,103,0.002941131591796875,0.00598907470703125,0.002063751220703125,0.0039215087890625,0.0021209716796875,0.01348876953125
442865178993,2,0,200,0.010894775390625,0.00688934326171875,0.0097198486328125,0.0085601806640625,0.009857177734375,0.01953125
935203615721,2,0,0,2.384185791015625E-4,0.00202178955078125,1.049041748046875E-5,1.8405914306640625E-4,1.1444091796875E-5,7.343292236328125E-4
1247947907223,2,0,205,3.1757354736328125E-4,0.00823974609375,2.0694732666015625E-4,4.2057037353515625E-4,2.0885467529296875E-4,0.0012149810791015625
1073733586559,2,1,360,0.0390625,0.0823974609375,0.027008056640625,0.074462890625,0.02728271484375,0.1640625
1066331285384,2,0,360,0.0013027191162109375,0.020294189453125,5.91278076171875E-4,1.087188720703125E-4,5.922317504882812E-4,2.17437744140625E-4
1972971833337,0,0,0,0.003612518310546875,0.0081024169921875,6.961822509765625E-4,1.5163421630859375E-4,6.98089599609375E-4,9.65118408203125E-4
2058718025235,0,0,107,0.001956939697265625,0.003696441650390625,6.14166259765625E-4,0,6.14166259765625E-4,0
1303252773372,1,0,118,0.005859375,0.0088043212890625,0.0049896240234375,0.01092529296875,0.00641632080078125,0.03363037109375
502160095146,1,1,103,0.0731201171875,0.0179443359375,0.00335693359375,0.00490570068359375,0.00337982177734375,0.03106689453125
1362883332069,2,0,360,0.0013027191162109375,0.0137939453125,9.5367431640625E-7,0,9.5367431640625E-7,0
185642340739,2,0,360,0.0013027191162109375,0.01593017578125,0.0076751708984375,0.0233154296875,0.0087738037109375,0.080810546875
1454634061025,0,0,105,0.00368499755859375,0.00662994384765625,0.0015354156494140625,2.0599365234375E-4,0.001605987548828125,0.001384735107421875
761191116744,1,0,105,0.006622314453125,0.00484466552734375,0.0035858154296875,2.7370452880859375E-4,0.003589630126953125,0.0065460205078125
1477751014212,1,0,200,0.00262451171875,0.00566864013671875,0.0011310577392578125,0.00539398193359375,0.0014019012451171875,0.023712158203125
1463732117826,0,0,103,0.0028533935546875,0.0104827880859375,0.002513885498046875,0.00595855712890625,0.00254058837890625,0.020233154296875
2451176341641,0,0,103,0.00388336181640625,0.048583984375,0.002475738525390625,0.00732421875,0.0025177001953125,0.026458740234375
1216467498029,0,1,116,0.003192901611328125,0.01629638671875,0.00287628173828125,0.0105133056640625,0.0028839111328125,0.0445556640625
0,2,0,205,3.1757354736328125E-4,0.00823974609375,2.2983551025390625E-4,1.8215179443359375E-4,2.3555755615234375E-4,0.002010345458984375
42726659641,2,0,360,0.0013027191162109375,0.017669677734375,9.5367431640625E-7,0.0012340545654296875,9.5367431640625E-7,0.003704071044921875
2432376817026,2,0,103,0.0076141357421875,0.01214599609375,9.5367431640625E-7,0,9.5367431640625E-7,0
1333443790120,0,0,0,0.002605438232421875,0.016204833984375,0.0021514892578125,0.02593994140625,0.002605438232421875,0.088134765625
2374467021308,3,1,200,0.0134124755859375,0.072998046875,0.031036376953125,0.02056884765625,,
0,3,0,200,0.0013027191162109375,0.007659912109375,0.003170013427734375,0.00482940673828125,0.003173828125,0.020355224609375
0,2,0,200,0.01055908203125,0.016204833984375,0.003147125244140625,0.00554656982421875,0.00399017333984375,0.021331787109375
723622816016,1,0,103,0.0104217529296875,0.04119873046875,6.580352783203125E-5,0.001049041748046875,6.961822509765625E-5,0.013275146484375
1463720603368,0,0,103,0.0028533935546875,0.0104827880859375,0.002513885498046875,0.00595855712890625,0.00254058837890625,0.020233154296875
1969003744042,0,0,0,0.003612518310546875,0.0081024169921875,6.771087646484375E-4,2.002716064453125E-4,6.7901611328125E-4,8.182525634765625E-4
1454707861068,0,0,105,0.00368499755859375,0.00662994384765625,0.0015354156494140625,2.0599365234375E-4,0.001605987548828125,0.001384735107421875
1079549371026,2,0,103,2.1266937255859375E-4,0.002658843994140625,1.52587890625E-4,3.414154052734375E-4,1.6498565673828125E-4,9.632110595703125E-4
191760332400,0,1,116,0.00373077392578125,0.01629638671875,0.0026702880859375,5.18798828125E-4,0.0026702880859375,0.0023345947265625
1325238159778,2,0,200,0.00351715087890625,0.0079193115234375,0.003200531005859375,0.001873016357421875,0.0032196044921875,0.017425537109375
984211008942,0,0,0,0.00262451171875,0.00566864013671875,0,0,0,0
610694451796,2,0,360,0.0013027191162109375,0.01470947265625,0.0076751708984375,0.0233154296875,0.0087738037109375,0.080810546875
723382299297,2,0,0,3.719329833984375E-4,0.00337982177734375,1.964569091796875E-4,0.0012760162353515625,2.2602081298828125E-4,0.002613067626953125
0,3,1,200,0.02996826171875,0.08984375,0.077392578125,0.05517578125,,
1417180933659,1,0,103,0.00521087646484375,0.0066070556640625,0.00109100341796875,8.907318115234375E-4,0.00110626220703125,0.00299072265625
1590948000026,2,0,107,0.01080322265625,0.00958251953125,0.00848388671875,2.307891845703125E-4,0.00848388671875,9.822845458984375E-4
2505445022130,2,1,101,0.01116943359375,0.0117645263671875,0.0074310302734375,0.012451171875,0.01043701171875,0.09619140625
2003563321790,0,0,0,0.003612518310546875,0.0081024169921875,6.771087646484375E-4,2.002716064453125E-4,6.7901611328125E-4,8.182525634765625E-4
1300427721849,0,0,0,0.00182342529296875,0.0081024169921875,0.0010528564453125,0.0048828125,0.00147247314453125,0.025299072265625
1864888580503,1,0,103,0.1041259765625,0.02764892578125,0.129638671875,0.00543975830078125,0.129638671875,0.05572509765625
656536517835,3,1,200,5.674362182617188E-4,2.2411346435546875E-4,5.102157592773438E-4,9.059906005859375E-5,5.121231079101562E-4,7.677078247070312E-4
1008871825310,2,0,360,0.0013027191162109375,0.0111541748046875,0.00528717041015625,6.113052368164062E-4,0.0052947998046875,0.001392364501953125
1129349429611,1,0,103,0.0016765594482421875,0.001056671142578125,8.43048095703125E-4,3.0517578125E-4,8.459091186523438E-4,0.002544403076171875
1396371101845,2,0,360,0.0013027191162109375,0.0137939453125,3.452301025390625E-4,0.00493621826171875,5.617141723632812E-4,0.0082855224609375
425461736321,1,0,103,0.0201416015625,0.003082275390625,0.00698089599609375,0.00603485107421875,0.006988525390625,0.015045166015625
2418985219902,2,0,103,0.0039215087890625,0.0084228515625,9.5367431640625E-7,0,9.5367431640625E-7,0
1958992885528,2,0,200,0.00390625,0.00405120849609375,9.088516235351562E-4,6.866455078125E-5,9.11712646484375E-4,5.359649658203125E-4
847200463708,2,0,360,0.0013027191162109375,0.011077880859375,9.5367431640625E-7,0,9.5367431640625E-7,0
1888121453906,1,0,200,0.00650787353515625,0.00113677978515625,9.5367431640625E-7,0,9.5367431640625E-7,0
105113921090,2,0,360,0.0013027191162109375,0.010894775390625,0.0069580078125,0.0091094970703125,0.0104522705078125,0.070068359375
1092391686607,2,0,360,0.0013027191162109375,0.02001953125,0.00569915771484375,0.017669677734375,0.007965087890625,0.0672607421875
1050542679128,2,0,360,0.0013027191162109375,0.0111236572265625,0.010101318359375,0.00609588623046875,0.010162353515625,0.009796142578125
723622816016,1,0,103,0.0104217529296875,0.04119873046875,6.580352783203125E-5,0.001049041748046875,6.961822509765625E-5,0.013275146484375
2244544965733,3,1,200,0.002857208251953125,0.016204833984375,0.001239776611328125,1.9168853759765625E-4,0.001270294189453125,0.0109100341796875
1379645293112,1,0,200,0.00521087646484375,0.013214111328125,1.9073486328125E-6,0,1.9073486328125E-6,0
551991761066,2,0,360,0.0013027191162109375,0.0146636962890625,3.1757354736328125E-4,0.0018672943115234375,5.359649658203125E-4,0.00717926025390625
1013466531748,0,0,103,0.020538330078125,0.01910400390625,0.01104736328125,0.002532958984375,0.0111846923828125,0.0634765625
755000194587,3,1,200,0.078125,0.17431640625,0.0738525390625,0.097900390625,0.0750732421875,0.30615234375
1990639133155,0,0,0,0.003612518310546875,0.0081024169921875,6.961822509765625E-4,1.5163421630859375E-4,6.98089599609375E-4,9.65118408203125E-4
0,2,0,200,0.0416259765625,0.0704345703125,0.03466796875,0.04541015625,0.03521728515625,0.07861328125
1494156934203,0,0,105,0.00650787353515625,0.003696441650390625,0.0017414093017578125,0.01068115234375,0.002307891845703125,0.01983642578125
721869559867,0,0,0,0.00262451171875,0.00566864013671875,3.8623809814453125E-4,3.7860870361328125E-4,9.374618530273438E-4,0.001178741455078125
0,3,1,200,0.0390625,0.0743408203125,0.0516357421875,0.086181640625,0.05194091796875,0.174560546875
479425545756,0,0,0,0.00403594970703125,0.0081024169921875,5.53131103515625E-5,0.0019321441650390625,1.3065338134765625E-4,0.0030517578125
756006146633,0,1,200,0.003509521484375,0.00704193115234375,0.0012149810791015625,0.00229644775390625,0.001247406005859375,0.03887939453125
1630076157770,1,0,103,0.0078125,0.048583984375,1.621246337890625E-4,1.468658447265625E-4,1.621246337890625E-4,2.117156982421875E-4
0,1,0,200,0.0073699951171875,0.00748443603515625,0.00421905517578125,0.0079345703125,0.00424957275390625,0.017120361328125
0,1,0,200,0.0051422119140625,0.0118865966796875,6.589889526367188E-4,2.3174285888671875E-4,6.7138671875E-4,0.00710296630859375
539167354041,1,0,200,0.00650787353515625,0.00113677978515625,9.5367431640625E-7,0,9.5367431640625E-7,0
1813876851391,1,0,103,0.00521087646484375,0.0066070556640625,0.00109100341796875,8.907318115234375E-4,0.00110626220703125,0.00299072265625
1452621072214,2,0,360,0.0013027191162109375,0.0121612548828125,0.00450897216796875,0.003108978271484375,0.00461578369140625,0.0213623046875
520066087920,2,0,360,0.0013027191162109375,0.014373779296875,0.019287109375,0.0322265625,0.020599365234375,0.1099853515625
2431879775039,0,0,0,0.00262451171875,0.00566864013671875,7.123947143554688E-4,3.3664703369140625E-4,7.429122924804688E-4,0.0053253173828125
1490940615244,0,0,0,0.00390625,0.0141754150390625,8.687973022460938E-4,5.521774291992188E-4,9.393692016601562E-4,0.0074310302734375
570061726792,1,0,103,0.0104217529296875,0.0081024169921875,0.00138092041015625,0.0066680908203125,0.002437591552734375,0.03936767578125
2523530581903,1,0,200,0.00650787353515625,0.00113677978515625,6.999969482421875E-4,0.0019683837890625,7.59124755859375E-4,0.00555419921875
1397581787176,1,0,103,0.002960205078125,0.00678253173828125,0.0022430419921875,0.0015869140625,0.0022735595703125,0.012420654296875
2032818888564,0,0,0,0.003612518310546875,0.0081024169921875,6.771087646484375E-4,2.002716064453125E-4,6.7901611328125E-4,8.182525634765625E-4
2390802743158,3,0,200,0,0,0.009796142578125,8.869171142578125E-5,0.0098114013671875,4.8160552978515625E-4
2354733832738,0,0,118,0.00650787353515625,0.01214599609375,0.003009796142578125,0.0079803466796875,0.003795623779296875,0.02508544921875
2485872587370,2,0,103,0.016937255859375,0.05987548828125,0.00601959228515625,0.01092529296875,0.00603485107421875,0.0421142578125
523378481726,2,0,360,0.0013027191162109375,0.0111236572265625,0.010101318359375,0.00609588623046875,0.010162353515625,0.009796142578125
1929212403781,1,0,103,0.0675048828125,0.0054931640625,1.33514404296875E-5,0,1.430511474609375E-5,0
1380601407431,2,0,360,0.0013027191162109375,0.020172119140625,0.0186767578125,0.0338134765625,0.019287109375,0.1065673828125
442838933912,2,0,0,2.231597900390625E-4,0.002597808837890625,1.52587890625E-4,0.0017452239990234375,1.8310546875E-4,0.00485992431640625
2220650480236,0,0,0,0.00262451171875,0.00566864013671875,0.002155303955078125,0.00711822509765625,0.00220489501953125,0.015472412109375
576966693830,2,0,360,0.0013027191162109375,0.020751953125,0.012481689453125,0.0218505859375,0.02093505859375,0.0848388671875
2579293688959,1,0,103,0.00521087646484375,0.0066070556640625,0.0016651153564453125,8.563995361328125E-4,0.0017490386962890625,0.008331298828125
2012388048110,0,0,0,0.002605438232421875,0.016204833984375,8.7738037109375E-5,0,8.7738037109375E-5,0
995943641827,2,0,360,0.0013027191162109375,0.015289306640625,0.00724029541015625,0.0129241943359375,0.00933837890625,0.0706787109375
1597746282831,0,0,0,0.00262451171875,0.00566864013671875,1.010894775390625E-4,0,1.010894775390625E-4,0
2481324347297,1,0,0,0.0066986083984375,0.022552490234375,1.983642578125E-4,1.583099365234375E-4,2.0122528076171875E-4,9.632110595703125E-4
405828626768,2,0,0,2.4127960205078125E-4,0.00252532958984375,7.62939453125E-5,2.70843505859375E-4,7.62939453125E-5,4.1484832763671875E-4
782908044256,0,0,0,0.00262451171875,0.00566864013671875,0,0,0,0
1782047088487,2,0,215,0.003253936767578125,0.011688232421875,9.72747802734375E-5,0.011016845703125,1.0585784912109375E-4,0.115478515625
2169063887145,0,0,0,0.00262451171875,0.00566864013671875,0.0012302398681640625,0.0052032470703125,0.001415252685546875,0.017486572265625
319943172480,1,0,103,0.00521087646484375,0.0066070556640625,0.00109100341796875,8.907318115234375E-4,0.00110626220703125,0.00299072265625
0,3,0,200,0.015716552734375,0.08984375,0.003265380859375,0.0308837890625,0.0034637451171875,0.095947265625
237679972768,1,0,117,0.0015621185302734375,0.00566864013671875,7.152557373046875E-4,0.0010700225830078125,0.001049041748046875,0.009368896484375
129430308308,1,0,103,0.0137786865234375,0.038330078125,0.006622314453125,0.012054443359375,0.006622314453125,0.04473876953125
2281390279540,0,0,0,0.003582000732421875,0.0081024169921875,0.001079559326171875,0.00678253173828125,0.001705169677734375,0.04559326171875
16734228096,2,0,360,0.0013027191162109375,0.00643157958984375,0.019287109375,0.018096923828125,0.02044677734375,0.03570556640625
2244544967948,3,1,200,0.002857208251953125,0.016204833984375,0.001239776611328125,1.9168853759765625E-4,0.001270294189453125,0.0109100341796875
0,3,0,200,0.005126953125,0.0043182373046875,0.0126953125,0.0465087890625,0.0127410888671875,0.19189453125
1456993039476,0,0,105,0.0041961669921875,0.00662994384765625,0.0015354156494140625,2.0599365234375E-4,0.001605987548828125,0.001384735107421875
0,0,0,0,0.0012989044189453125,0.004669189453125,0.0010833740234375,4.520416259765625E-4,0.001171112060546875,0.003604888916015625
1996687720845,0,0,0,0.003612518310546875,0.0081024169921875,0.00336456298828125,0.0133514404296875,0.003612518310546875,0.0714111328125
613059826696,0,1,200,0.002857208251953125,0.0079193115234375,0.0010356903076171875,0.0059661865234375,0.0010509490966796875,0.019134521484375
166484669044,3,0,200,0.0177001953125,0.0498046875,0.00598907470703125,0.071044921875,0.00698089599609375,0.166259765625
701220507218,2,1,101,0.01116943359375,0.011566162109375,0.0074310302734375,0.012451171875,0.01043701171875,0.09619140625
0,3,0,200,0.00457000732421875,0.029052734375,0.0041046142578125,7.97271728515625E-4,0.0041046142578125,0.00286102294921875
723622816016,1,0,103,0.0104217529296875,0.04119873046875,6.580352783203125E-5,0.001049041748046875,6.961822509765625E-5,0.013275146484375
1437512643889,1,0,103,0.023284912109375,0.029937744140625,0.01824951171875,0.029754638671875,0.018798828125,0.0655517578125
2625270314251,2,0,103,0.00501251220703125,0.0092926025390625,0.002964019775390625,0.0084991455078125,0.0032806396484375,0.02130126953125
2435203728340,2,0,103,0.0076141357421875,0.01214599609375,9.5367431640625E-7,0,9.5367431640625E-7,0
2473163710435,1,0,105,0.187744140625,0.00994873046875,5.731582641601562E-4,1.2493133544921875E-4,5.731582641601562E-4,2.7179718017578125E-4
723622816016,1,0,103,0.0104217529296875,0.04119873046875,6.580352783203125E-5,0.001049041748046875,6.961822509765625E-5,0.013275146484375
1590921991550,2,0,0,2.002716064453125E-4,0.0011272430419921875,9.250640869140625E-5,2.2029876708984375E-4,1.02996826171875E-4,6.465911865234375E-4
1075411415045,0,0,107,0.0124664306640625,0.00395965576171875,0.001636505126953125,0.00687408447265625,0.0016460418701171875,0.0114593505859375
2420092012753,0,0,103,0.0148773193359375,0.02130126953125,6.9427490234375E-4,0.0044708251953125,0.003147125244140625,0.1142578125
0,2,0,200,3.3664703369140625E-4,0.0014972686767578125,2.6988983154296875E-4,6.971359252929688E-4,2.8228759765625E-4,0.001926422119140625
19987047764,2,0,360,0.0013027191162109375,0.01544189453125,0,0,0,0
220632716183,0,0,103,0.004119873046875,0.03326416015625,0.00357818603515625,0.04876708984375,0.003688812255859375,0.05963134765625
2046297322375,1,0,103,0.1041259765625,0.030364990234375,0.129638671875,0.00543975830078125,0.129638671875,0.05572509765625
1982252427753,0,0,0,0.003612518310546875,0.0081024169921875,6.961822509765625E-4,1.5163421630859375E-4,6.98089599609375E-4,9.65118408203125E-4
0,3,0,200,0.00650787353515625,0.03961181640625,0.0018596649169921875,0.02349853515625,0.0018863677978515625,0.028961181640625
1380869128792,1,0,200,0.00521087646484375,0.013214111328125,0.003032684326171875,0.0040130615234375,0.00347137451171875,0.0250244140625
1080979268108,1,0,103,0.1041259765625,0.03466796875,0.129638671875,0.00543975830078125,0.129638671875,0.05572509765625
2297057743696,0,1,116,0.0088653564453125,0.01629638671875,0.002498626708984375,6.90460205078125E-4,0.0025177001953125,0.0095672607421875
0,1,0,200,0.002445220947265625,8.096694946289062E-4,1.71661376953125E-4,1.3828277587890625E-4,1.735687255859375E-4,0.0011730194091796875
0,3,0,200,9.975433349609375E-4,8.802413940429688E-4,0.0041656494140625,0.0012836456298828125,0.00417327880859375,0.0040283203125
2253093945698,0,0,0,0.00262451171875,0.00566864013671875,0.0012302398681640625,0.0052032470703125,0.001415252685546875,0.017486572265625
0,3,1,200,0.056396484375,0.123291015625,0.0513916015625,0.0802001953125,0.0516357421875,0.2607421875
0,0,0,0,0.00390625,0.0141754150390625,9.355545043945312E-4,0.0114288330078125,0.00121307373046875,0.04437255859375
0,1,0,105,0.00244903564453125,0.002025604248046875,0.00423431396484375,0.002040863037109375,0.00572967529296875,0.06036376953125
406124614327,2,0,360,0.0013027191162109375,0.010040283203125,0,0,0,0
0,3,0,200,0.0011119842529296875,7.047653198242188E-4,3.337860107421875E-4,8.296966552734375E-5,3.35693359375E-4,5.350112915039062E-4
231159783427,0,0,103,0.00667572021484375,0.03326416015625,0.00357818603515625,0.04876708984375,0.003688812255859375,0.05963134765625
1888615975191,1,0,107,0.0120849609375,0.02984619140625,0.0071563720703125,0.03125,0.00730133056640625,0.084228515625
0,3,0,200,0.0718994140625,0.0043182373046875,5.712509155273438E-4,8.697509765625E-4,5.741119384765625E-4,0.002197265625
1494712149109,3,0,200,0.00591278076171875,0.0120697021484375,6.380081176757812E-4,2.3555755615234375E-4,6.44683837890625E-4,0.0012569427490234375
0,2,0,200,2.93731689453125E-4,0.0017604827880859375,1.8310546875E-4,4.69207763671875E-4,1.9073486328125E-4,0.002197265625
2453729260585,1,0,103,0.003284454345703125,0.00440216064453125,0.002834320068359375,0.00696563720703125,0.002857208251953125,0.02618408203125
1745303186169,0,0,103,0.00247955322265625,0.009368896484375,5.168914794921875E-4,0.00470733642578125,7.51495361328125E-4,0.010589599609375
889320739796,1,0,200,0.00650787353515625,0.00113677978515625,9.5367431640625E-7,0,9.5367431640625E-7,0
139526283953,0,0,0,0.00390625,0.0141754150390625,0.001190185546875,4.062652587890625E-4,0.0011997222900390625,0.001674652099609375
0,1,0,200,0.0011425018310546875,0.002201080322265625,1.277923583984375E-4,8.0108642578125E-5,1.316070556640625E-4,2.8133392333984375E-4
1583350786831,2,0,0,2.0885467529296875E-4,0.002239227294921875,8.58306884765625E-6,0,8.58306884765625E-6,0
2521387193654,0,0,105,0.003742218017578125,0.0095672607421875,0.002593994140625,0.00605010986328125,0.002685546875,0.0108795166015625
989902567394,2,0,360,0.0013027191162109375,0.0184326171875,5.388259887695312E-4,0.0011920928955078125,6.246566772460938E-4,0.0103912353515625
2439568905245,0,0,0,0.00262451171875,0.00566864013671875,0.001102447509765625,0.005615234375,0.0014438629150390625,0.015777587890625
0,3,0,103,0.0058441162109375,0.01947021484375,6.723403930664062E-4,7.915496826171875E-5,6.742477416992188E-4,5.235671997070312E-4
2605359059761,1,0,103,0.00521087646484375,0.0066070556640625,0.001220703125,5.14984130859375E-4,0.0012226104736328125,0.00316619873046875
195684244472,2,0,103,0.0041656494140625,0.048583984375,0.002788543701171875,0.024200439453125,0.00284576416015625,0.06005859375
2513524420456,2,0,360,0.0013027191162109375,0.00710296630859375,0.010101318359375,0.00609588623046875,0.010162353515625,0.009796142578125
723622816016,1,0,103,0.0104217529296875,0.04119873046875,6.580352783203125E-5,0.001049041748046875,6.961822509765625E-5,0.013275146484375
727779314645,1,0,200,0.00262451171875,0.00566864013671875,6.52313232421875E-4,3.185272216796875E-4,6.723403930664062E-4,0.00592803955078125
1075415475262,0,0,107,0.0016155242919921875,0.00395965576171875,0.001636505126953125,0.00687408447265625,0.0016460418701171875,0.0114593505859375
88103159005,2,0,360,0.0013027191162109375,0.013397216796875,0.009552001953125,0.0151824951171875,0.0099639892578125,0.0477294921875
584616134491,3,1,25,4.253387451171875E-4,0.00116729736328125,4.940032958984375E-4,3.24249267578125E-4,5.407333374023438E-4,0.00353240966796875
590116925714,2,0,360,0.0013027191162109375,0.0109710693359375,0.00571441650390625,0.007720947265625,0.00638580322265625,0.011444091796875
1398418223999,2,0,360,0.0013027191162109375,0.0111541748046875,0.00528717041015625,6.113052368164062E-4,0.0052947998046875,0.001392364501953125
713699044644,2,0,200,0.00390625,0.00405120849609375,0.00164794921875,0.001491546630859375,0.00262451171875,0.01092529296875
1058510367522,2,0,360,0.0013027191162109375,0.020050048828125,5.388259887695312E-4,0.0011920928955078125,6.246566772460938E-4,0.0103912353515625
2591499990992,1,0,118,0.005859375,0.0088043212890625,0.00493621826171875,0.014892578125,0.0058746337890625,0.0823974609375
2442726905630,2,0,0,2.9277801513671875E-4,0.0027923583984375,7.62939453125E-5,2.70843505859375E-4,7.62939453125E-5,4.1484832763671875E-4
241936356114,1,0,105,0.154052734375,0.011932373046875,1.9073486328125E-5,3.814697265625E-6,2.09808349609375E-5,0.001972198486328125
740772438186,0,0,103,0.022552490234375,0.01373291015625,0.0110626220703125,0.00970458984375,0.01129150390625,0.06085205078125
0,3,0,200,0.02020263671875,0.1214599609375,0.018157958984375,0.05987548828125,0.0181884765625,0.216552734375
723622816016,1,0,103,0.0104217529296875,0.04119873046875,6.580352783203125E-5,0.001049041748046875,6.961822509765625E-5,0.013275146484375
1784809123804,2,0,360,0.0013027191162109375,0.0109710693359375,0.00467681884765625,0.0011806488037109375,0.00556182861328125,0.00848388671875
2553113326773,0,0,0,0.00262451171875,0.00566864013671875,0.001102447509765625,0.005615234375,0.0014438629150390625,0.015777587890625
2379336839932,1,0,103,0.004364013671875,0.0081939697265625,0.0041351318359375,0.007568359375,0.00464630126953125,0.01934814453125
142140611972,2,0,200,3.3664703369140625E-4,0.0014972686767578125,2.6988983154296875E-4,0.0010433197021484375,2.8133392333984375E-4,0.0019435882568359375
1647291366488,2,0,200,0.010894775390625,0.00688934326171875,0.0097198486328125,0.0085601806640625,0.009857177734375,0.01953125
713647003693,2,0,200,0.00390625,0.00405120849609375,0.00164794921875,0.001491546630859375,0.00262451171875,0.01092529296875
1737727061327,2,0,360,0.0013027191162109375,0.0111541748046875,0.00528717041015625,6.113052368164062E-4,0.0052947998046875,0.001392364501953125
499856718388,1,0,200,0.00687408447265625,0.0128631591796875,0.00457000732421875,0.022979736328125,0.0053558349609375,0.1845703125
0,1,0,200,9.584426879882812E-4,0.00440216064453125,5.512237548828125E-4,1.4781951904296875E-4,5.521774291992188E-4,5.207061767578125E-4
1126670160669,2,0,0,2.1648406982421875E-4,0.002597808837890625,1.52587890625E-4,0.0017452239990234375,1.8310546875E-4,0.00485992431640625
295627205526,1,0,200,0.0130157470703125,0,9.5367431640625E-7,0,9.5367431640625E-7,0
1657540676435,3,1,200,0.0011463165283203125,0.022003173828125,4.3201446533203125E-4,9.355545043945312E-4,4.3392181396484375E-4,0.00688934326171875
150629103591,0,0,103,0.00547027587890625,0.0455322265625,0.00244140625,0.04656982421875,0.002696990966796875,0.08203125
1398557867772,0,0,103,0.0031280517578125,0.0041351318359375,1.9073486328125E-6,0,1.9073486328125E-6,0
2454906091089,0,0,0,0.00262451171875,0.00566864013671875,3.39508056640625E-4,4.00543212890625E-4,7.74383544921875E-4,0.0012378692626953125
1099694451516,2,0,0,1.9741058349609375E-4,0.0011138916015625,9.250640869140625E-5,2.2029876708984375E-4,1.02996826171875E-4,6.465911865234375E-4
1775777466843,2,0,0,2.002716064453125E-4,0.0011272430419921875,9.250640869140625E-5,2.2029876708984375E-4,1.02996826171875E-4,6.465911865234375E-4
1669126905526,0,0,0,0.00262451171875,0.00566864013671875,0.0015277862548828125,0.0080413818359375,0.00160980224609375,0.033447265625
0,2,0,200,0.0086669921875,0.01715087890625,0.0257568359375,0.021881103515625,0.025909423828125,0.0643310546875
0,3,0,450,0.0123748779296875,0.008453369140625,4.482269287109375E-4,0.001537322998046875,4.6443939208984375E-4,0.0055389404296875
779469849295,2,0,360,0.0013027191162109375,0.0111236572265625,0.010101318359375,0.00609588623046875,0.010162353515625,0.009796142578125
1506610004632,0,0,103,0.001270294189453125,0.0018482208251953125,9.822845458984375E-4,0.00109100341796875,9.8419189453125E-4,0.00438690185546875
0,1,0,117,0.00652313232421875,0.02069091796875,1.6689300537109375E-4,1.8978118896484375E-4,1.678466796875E-4,4.730224609375E-4
1716206805251,1,1,101,0.003368377685546875,0.0316162109375,0.002208709716796875,0.025604248046875,,
885987531866,3,0,0,2.5463104248046875E-4,0.04052734375,1.6498565673828125E-4,0.0135650634765625,1.7547607421875E-4,0.0149383544921875
396879053357,1,0,103,0.004364013671875,0.00211334228515625,0.00225830078125,6.67572021484375E-4,0.002300262451171875,0.0067901611328125
94168361998,1,0,200,0.00262451171875,0.00566864013671875,0.0014495849609375,0.0086822509765625,0.0015716552734375,0.019805908203125
1970627280047,0,0,0,0.003612518310546875,0.0081024169921875,6.771087646484375E-4,2.002716064453125E-4,6.7901611328125E-4,8.182525634765625E-4
1781870780291,3,1,200,0.076171875,0.080810546875,0.0631103515625,0.05755615234375,0.0631103515625,0.0684814453125
13220413974,2,0,360,0.0013027191162109375,0.0155181884765625,5.292892456054688E-4,0.00130462646484375,7.36236572265625E-4,0.0083160400390625
625699611196,2,0,0,3.5572052001953125E-4,0.002246856689453125,1.964569091796875E-4,0.0012760162353515625,2.2602081298828125E-4,0.002613067626953125
930083600271,0,0,0,0.00262451171875,0.00566864013671875,0,0,0,0
1252913338464,0,0,0,0.00182342529296875,0.0081024169921875,1.7642974853515625E-4,3.2901763916015625E-4,3.833770751953125E-4,9.126663208007812E-4
0,3,0,200,0.0718994140625,0.0043182373046875,5.397796630859375E-4,9.469985961914062E-4,5.464553833007812E-4,0.003551483154296875
2354708181587,0,0,118,0.00650787353515625,0.01214599609375,0.003009796142578125,0.0079803466796875,0.003795623779296875,0.02508544921875
1686119739303,2,1,360,0.0390625,0.104736328125,0.0230712890625,0.085205078125,0.02325439453125,0.27197265625
714642561797,0,0,107,0.003253936767578125,5.283355712890625E-4,0.001399993896484375,1.7547607421875E-4,0.001399993896484375,2.6798248291015625E-4
72617496871,2,0,360,0.0013027191162109375,0.00518035888671875,2.4127960205078125E-4,2.3555755615234375E-4,8.077621459960938E-4,0.00365447998046875
2108700674355,1,0,105,0.00572967529296875,0.004669189453125,0.003887176513671875,3.681182861328125E-4,0.0040740966796875,0.0058441162109375
579277728925,1,0,200,0.006622314453125,0.017608642578125,0.00275421142578125,0.012115478515625,0.002765655517578125,0.0272216796875
112424637866,2,0,0,2.13623046875E-4,0.0012416839599609375,9.250640869140625E-5,2.2029876708984375E-4,1.02996826171875E-4,6.465911865234375E-4
1339849582884,2,0,0,2.7179718017578125E-4,0.002178192138671875,7.62939453125E-5,2.70843505859375E-4,7.62939453125E-5,4.1484832763671875E-4
2058716505269,0,0,107,0.001956939697265625,0.003696441650390625,6.14166259765625E-4,0,6.14166259765625E-4,0
1446496870230,2,0,360,0.0013027191162109375,0.019744873046875,0.003871917724609375,0.009063720703125,0.00746917724609375,0.05413818359375
170072378751,1,0,200,0.00394439697265625,0.017608642578125,0.002292633056640625,0.00606536865234375,0.00229644775390625,0.03045654296875
0,2,0,360,0.002178192138671875,0.002025604248046875,0.01873779296875,0.069580078125,0.01898193359375,0.154296875
1132813791759,3,0,200,0.0123748779296875,0.00405120849609375,5.14984130859375E-5,0,5.14984130859375E-5,0
2496008884426,1,0,103,0.00521087646484375,0.0066070556640625,0.00109100341796875,8.907318115234375E-4,0.00110626220703125,0.00299072265625
1746930640498,1,0,200,0.00262451171875,0.00566864013671875,0.0011310577392578125,0.00539398193359375,0.0014019012451171875,0.023712158203125
2626286425236,3,0,200,0.0123748779296875,0.00405120849609375,5.14984130859375E-5,0,5.14984130859375E-5,0
392192939285,2,0,360,0.0013027191162109375,0.0152435302734375,0,0,0,0
2144201602684,1,0,200,0.00650787353515625,0.00113677978515625,9.5367431640625E-7,0,9.5367431640625E-7,0
2449134928544,1,0,103,6.361007690429688E-4,0.002025604248046875,0.002834320068359375,0.00696563720703125,0.002857208251953125,0.02618408203125
1676335347063,1,0,200,0.0094757080078125,4.405975341796875E-4,0.0087127685546875,1.56402587890625E-4,0.0087127685546875,8.792877197265625E-4
837992655667,1,0,200,0.00262451171875,0.00566864013671875,0.001354217529296875,0.00516510009765625,0.001506805419921875,0.022125244140625
727252198411,2,0,103,2.6988983154296875E-4,0.003108978271484375,1.52587890625E-4,3.414154052734375E-4,1.6498565673828125E-4,9.632110595703125E-4
1905908137164,3,1,200,0.009765625,0.06591796875,0.0016994476318359375,0.026397705078125,0.001705169677734375,0.04913330078125
1378938220605,2,0,360,0.0013027191162109375,0.0111541748046875,0.00528717041015625,6.113052368164062E-4,0.0052947998046875,0.001392364501953125
1994079872495,1,0,117,0.0014705657958984375,0.0081024169921875,7.20977783203125E-4,3.01361083984375E-4,7.219314575195312E-4,0.0012416839599609375
1537652457634,1,0,103,0.00650787353515625,0.02886962890625,0.0050811767578125,0.01806640625,0.00678253173828125,0.110107421875
1823852061715,1,0,103,0.00521087646484375,0.0066070556640625,0.00109100341796875,8.907318115234375E-4,0.00110626220703125,0.00299072265625
83108967280,0,0,103,0.00634765625,0.04852294921875,0.00310516357421875,0.036865234375,0.00359344482421875,0.0838623046875
1411701243120,1,0,117,0.0014705657958984375,0.0081024169921875,8.7738037109375E-5,1.8215179443359375E-4,8.7738037109375E-5,3.643035888671875E-4
205051162387,1,0,103,0.00521087646484375,0.0066070556640625,0.00115966796875,4.00543212890625E-4,0.0011615753173828125,0.001201629638671875
1934098338786,2,0,0,1.850128173828125E-4,0.002674102783203125,8.58306884765625E-6,0,8.58306884765625E-6,0
1175400670133,0,0,107,0.00171661376953125,0.003520965576171875,5.979537963867188E-4,1.983642578125E-4,5.979537963867188E-4,3.96728515625E-4
35787564064,2,0,360,0.0013027191162109375,0.00250244140625,0.006500244140625,0.0063629150390625,0.0095977783203125,0.029083251953125
888995036066,0,0,0,0.00262451171875,0.00566864013671875,0,0,0,0
0,3,0,200,0.028656005859375,0.03240966796875,0.001178741455078125,3.814697265625E-4,0.0011806488037109375,9.8419189453125E-4
0,1,0,105,0.00650787353515625,0.0089874267578125,0.003826141357421875,2.9754638671875E-4,0.00386810302734375,0.00617218017578125
0,3,0,103,0.003612518310546875,0.0081024169921875,6.122589111328125E-4,6.771087646484375E-5,6.132125854492188E-4,3.833770751953125E-4
2377488675065,1,0,117,0.0014705657958984375,0.0081024169921875,0.0010509490966796875,0.008575439453125,0.00147247314453125,0.02685546875
514355939175,2,0,0,1.94549560546875E-4,0.0012416839599609375,9.250640869140625E-5,2.2029876708984375E-4,1.02996826171875E-4,6.465911865234375E-4
1972997184458,0,0,0,0.003612518310546875,0.0081024169921875,6.771087646484375E-4,2.002716064453125E-4,6.7901611328125E-4,8.182525634765625E-4
1570945862382,3,0,200,0.003856658935546875,0.0081024169921875,0.001953125,3.7860870361328125E-4,0.001964569091796875,0.0050048828125
1665189214415,1,0,105,0.011016845703125,4.405975341796875E-4,8.96453857421875E-4,2.1839141845703125E-4,8.993148803710938E-4,7.944107055664062E-4
2482171792448,1,0,107,0.005706787109375,0.036865234375,0.0023040771484375,0.030975341796875,0.002964019775390625,0.0889892578125
2339026475534,2,1,101,0.01116943359375,0.0117645263671875,0.0074310302734375,0.012451171875,0.01043701171875,0.09619140625
147859240538,0,0,103,0.0066986083984375,0.017608642578125,0.0010776519775390625,9.5367431640625E-5,0.00128936767578125,0.0013256072998046875
2675271630832,2,0,103,0.0086669921875,0.0926513671875,0.006011962890625,0.0631103515625,0.0060272216796875,0.133544921875
2508635259048,2,1,101,0.01116943359375,0.009246826171875,0.00720977783203125,0.0135345458984375,0.0105438232421875,0.0423583984375
448314929029,0,0,0,0.00262451171875,0.00566864013671875,7.62939453125E-4,5.321502685546875E-4,7.638931274414062E-4,0.001468658447265625
345187184650,2,0,360,0.0013027191162109375,0.0139312744140625,0.00247955322265625,6.542205810546875E-4,0.0030517578125,0.0081634521484375
1347638904356,2,0,103,0.014007568359375,0.01214599609375,0.006103515625,0.00125885009765625,0.0061798095703125,0.0662841796875
1665818818209,1,0,105,0.011016845703125,4.405975341796875E-4,8.96453857421875E-4,2.1839141845703125E-4,8.993148803710938E-4,7.944107055664062E-4
0,3,0,200,0.0010528564453125,7.047653198242188E-4,0.0118408203125,0.001224517822265625,0.0118408203125,0.0030364990234375
1863500097776,2,0,360,0.0013027191162109375,0.010467529296875,9.5367431640625E-7,0,9.5367431640625E-7,0
1647718486949,1,0,200,0.00521087646484375,0.013214111328125,0.003032684326171875,0.0040130615234375,0.00347137451171875,0.0250244140625
1428794889161,1,1,101,0.003368377685546875,0.0316162109375,0.002346038818359375,0.03350830078125,,
1349274435348,2,0,360,0.0013027191162109375,0.0111541748046875,0.006500244140625,0.0063629150390625,0.0095977783203125,0.029083251953125
179499336925,0,0,103,0.005126953125,0.00475311279296875,0.002529144287109375,9.565353393554688E-4,0.002593994140625,0.008941650390625
754447151469,0,1,200,0.002857208251953125,0.0079193115234375,0.0010356903076171875,0.0059661865234375,0.0010509490966796875,0.019134521484375
1456875838255,0,0,105,0.00368499755859375,0.00662994384765625,0.0015354156494140625,2.0599365234375E-4,0.001605987548828125,0.001384735107421875
1993947345992,1,0,200,0.00650787353515625,0.00113677978515625,9.5367431640625E-7,0,9.5367431640625E-7,0
1654800388179,1,0,105,0.001155853271484375,5.283355712890625E-4,6.227493286132812E-4,2.2411346435546875E-4,6.380081176757812E-4,9.860992431640625E-4
1728256031286,0,0,103,0.00254058837890625,0.009368896484375,3.8814544677734375E-4,7.562637329101562E-4,4.3964385986328125E-4,0.0012340545654296875
1996789473240,0,0,0,0.003612518310546875,0.0081024169921875,6.456375122070312E-4,2.2029876708984375E-4,6.847381591796875E-4,0.0051116943359375
1631105609162,1,0,200,0.00521087646484375,0.013214111328125,1.9073486328125E-6,0,1.9073486328125E-6,0
2607431251004,1,0,103,0.00521087646484375,0.0066070556640625,0.00109100341796875,8.907318115234375E-4,0.00110626220703125,0.00299072265625
1094898173037,2,0,360,0.0013027191162109375,0.01214599609375,0.0135955810546875,0.004974365234375,0.0142669677734375,0.05206298828125
1398999653502,1,0,117,0.00182342529296875,0.0097808837890625,0.001964569091796875,0.00830078125,0.001964569091796875,0.02789306640625
886942960548,0,0,115,0.002208709716796875,0.0016193389892578125,8.802413940429688E-4,0,8.802413940429688E-4,0
0,3,1,200,0.00872802734375,0,0.00312042236328125,0.0055389404296875,0.0031280517578125,0.0203857421875
587492208132,2,0,360,0.0013027191162109375,0.01483154296875,1.1444091796875E-5,3.337860107421875E-5,7.43865966796875E-5,2.899169921875E-4
1475044641609,2,1,101,0.01116943359375,0.011566162109375,0.00720977783203125,0.0135345458984375,0.0105438232421875,0.0423583984375
2002316028555,1,0,200,0.00262451171875,0.00566864013671875,0.0017719268798828125,0.0080108642578125,0.001873016357421875,0.0179443359375
1089839360163,3,0,200,0.003856658935546875,0.0081024169921875,0.001953125,3.7860870361328125E-4,0.001964569091796875,0.0050048828125
2597027750298,2,0,200,3.0612945556640625E-4,0.00211334228515625,1.3446807861328125E-4,1.9359588623046875E-4,1.41143798828125E-4,0.0010509490966796875
959145396090,1,0,103,0.00521087646484375,0.0066070556640625,0.0018596649169921875,0.0023651123046875,0.001888275146484375,0.0079803466796875
612660392999,2,0,360,0.0013027191162109375,0.01470947265625,9.5367431640625E-7,0,1.9073486328125E-6,0
0,1,0,119,0.0068359375,0.0014972686767578125,0.00659942626953125,0.00492095947265625,0.00757598876953125,0.0213623046875
2433392726388,2,0,103,0.0076141357421875,0.01214599609375,9.5367431640625E-7,0,9.5367431640625E-7,0
0,3,0,200,0.0155181884765625,0.0102081298828125,0.03436279296875,0.05999755859375,0.034423828125,0.15185546875
46185930429,2,0,103,0.00725555419921875,0.007293701171875,0.005401611328125,0.00494384765625,0.00540924072265625,0.015838623046875
740736434055,0,0,103,0.022552490234375,0.01373291015625,0.0110626220703125,0.00970458984375,0.01129150390625,0.06085205078125
1869545913382,2,0,0,2.002716064453125E-4,0.0011272430419921875,9.250640869140625E-5,2.2029876708984375E-4,1.02996826171875E-4,6.465911865234375E-4
124954664274,1,0,103,0.00521087646484375,0.0066070556640625,0.00115966796875,4.00543212890625E-4,0.0011615753173828125,0.001201629638671875
54238446749,2,0,360,0.0013027191162109375,0.009033203125,0.014862060546875,0.013763427734375,0.01495361328125,0.05731201171875
723622816016,1,0,103,0.0104217529296875,0.04119873046875,6.580352783203125E-5,0.001049041748046875,6.961822509765625E-5,0.013275146484375
0,1,0,200,0.0181884765625,0.015228271484375,9.546279907226562E-4,3.8051605224609375E-4,9.708404541015625E-4,0.00254058837890625
86259746860,2,0,360,0.0013027191162109375,0.0134124755859375,9.5367431640625E-7,6.389617919921875E-5,9.5367431640625E-7,2.574920654296875E-4
1725498696687,0,0,103,0.002552032470703125,0.009368896484375,9.5367431640625E-7,0,9.5367431640625E-7,0
2456407799247,2,0,360,0.0013027191162109375,0.01922607421875,9.5367431640625E-7,0,9.5367431640625E-7,0
2029381753071,2,0,0,2.155303955078125E-4,0.002109527587890625,8.58306884765625E-6,0,8.58306884765625E-6,0
2196418068624,2,0,103,0.0087738037109375,0.0242919921875,7.686614990234375E-4,1.8215179443359375E-4,0.00102996826171875,3.77655029296875E-4
196265630988,3,0,200,0.003856658935546875,0.0081024169921875,0.001953125,3.7860870361328125E-4,0.001964569091796875,0.0050048828125
108566422269,2,0,0,2.2792816162109375E-4,0.002513885498046875,1.52587890625E-4,0.0017452239990234375,1.8310546875E-4,0.00485992431640625
723622816016,1,0,103,0.0104217529296875,0.04119873046875,6.580352783203125E-5,0.001049041748046875,6.961822509765625E-5,0.013275146484375
1979455978496,2,0,360,0.0013027191162109375,0.0216064453125,0.0150909423828125,0.04730224609375,0.0174560546875,0.14697265625
2094320358298,1,0,103,0.003387451171875,0.002025604248046875,1.9073486328125E-6,0,1.9073486328125E-6,0
0,1,0,117,0.0017986297607421875,0.0015850067138671875,9.1552734375E-5,1.0967254638671875E-4,9.1552734375E-5,4.3773651123046875E-4
1550379883882,0,0,0,0.00262451171875,0.00566864013671875,9.441375732421875E-5,0,9.441375732421875E-5,0
702731005459,2,0,200,3.833770751953125E-4,0.0018482208251953125,2.6988983154296875E-4,6.971359252929688E-4,2.8228759765625E-4,0.001926422119140625
1350409363099,2,0,360,0.0013027191162109375,0.022308349609375,0.00615692138671875,0.0091552734375,0.018829345703125,0.0689697265625
0,2,1,105,0.07421875,0.0841064453125,0.04644775390625,0.073486328125,0.05133056640625,0.3447265625
810562743129,3,0,200,0.0015468597412109375,0.0012149810791015625,7.658004760742188E-4,2.6416778564453125E-4,7.696151733398438E-4,7.085800170898438E-4
1244109783369,0,0,0,0.003612518310546875,0.0081024169921875,6.875991821289062E-4,1.1730194091796875E-4,6.885528564453125E-4,6.198883056640625E-4
273006327876,2,0,360,0.0013027191162109375,0.0135040283203125,0.00247955322265625,6.542205810546875E-4,0.0030517578125,0.0081634521484375
368818511121,2,0,360,0.0013027191162109375,0.0139312744140625,9.5367431640625E-7,0,9.5367431640625E-7,0
219025416808,2,0,360,0.0013027191162109375,0.021728515625,0.01922607421875,0.031982421875,0.0206298828125,0.0692138671875
1905908137134,3,1,200,0.009765625,0.06591796875,0.0016994476318359375,0.026397705078125,0.001705169677734375,0.04913330078125
451663253818,2,0,360,0.0013027191162109375,0.014251708984375,0.0076751708984375,0.0233154296875,0.0087738037109375,0.080810546875
998528119495,2,0,360,0.0013027191162109375,0.0151824951171875,1.9073486328125E-6,0,2.86102294921875E-6,0
723622816016,1,0,103,0.0104217529296875,0.04119873046875,6.580352783203125E-5,0.001049041748046875,6.961822509765625E-5,0.013275146484375
0,3,0,199,0.04339599609375,0,0.04071044921875,0.036376953125,0.04083251953125,0.0909423828125
1993175175157,0,0,0,0.003612518310546875,0.0081024169921875,6.771087646484375E-4,2.002716064453125E-4,6.7901611328125E-4,8.182525634765625E-4
2452234174605,0,0,0,0.00262451171875,0.00566864013671875,0.001102447509765625,0.005615234375,0.0014438629150390625,0.015777587890625
857771865168,1,0,103,0.00144195556640625,0.0081024169921875,6.055831909179688E-4,2.2220611572265625E-4,6.074905395507812E-4,0.00244903564453125
0,1,0,200,0.0073699951171875,0.00748443603515625,0.00231170654296875,0.001804351806640625,0.00246429443359375,0.00519561767578125
1909032205188,0,0,103,0.02069091796875,0.01947021484375,0.0110321044921875,0.01544189453125,0.0111541748046875,0.0694580078125
1940750912033,1,0,200,0.003612518310546875,0.0081024169921875,0.0013427734375,0.0139312744140625,0.0013446807861328125,0.03302001953125
0,1,0,117,0.00182342529296875,0.0091552734375,0.0011157989501953125,0.006500244140625,0.0011501312255859375,0.021209716796875
0,2,0,119,0.0440673828125,0.0123291015625,0.04278564453125,0.0015201568603515625,0.04351806640625,0.0080718994140625
440360189153,3,0,200,0.00457000732421875,0.029052734375,0.0040130615234375,9.145736694335938E-4,0.0040130615234375,0.002452850341796875
1256432289875,2,0,360,0.0013027191162109375,0.019622802734375,0.017425537109375,0.029632568359375,0.0233154296875,0.137451171875
80555109330,2,0,360,0.0013027191162109375,0.01544189453125,0,0,0,0
1727081500136,1,0,103,0.010345458984375,0.0049285888671875,1.9168853759765625E-4,0.0010089874267578125,4.0531158447265625E-4,0.0041046142578125
0,3,0,200,0.0416259765625,0.105712890625,0.03411865234375,0.0557861328125,0.034423828125,0.1026611328125
241936356114,1,0,105,0.154052734375,0.011932373046875,1.9073486328125E-5,3.814697265625E-6,2.09808349609375E-5,0.001972198486328125
1686433685143,1,0,200,0.0094757080078125,5.283355712890625E-4,0.0087127685546875,1.56402587890625E-4,0.0087127685546875,8.792877197265625E-4
1435247170619,2,0,205,3.1757354736328125E-4,0.00823974609375,2.2125244140625E-4,3.4236907958984375E-4,2.2411346435546875E-4,0.00360870361328125
856640561166,0,0,0,0.00262451171875,0.00566864013671875,0,0,0,0
1458646101389,0,0,105,0.00368499755859375,0.00662994384765625,0.0015354156494140625,2.0599365234375E-4,0.001605987548828125,0.001384735107421875
617074283561,2,0,0,2.231597900390625E-4,0.002597808837890625,1.52587890625E-4,0.0017452239990234375,1.8310546875E-4,0.00485992431640625
254860801284,2,0,360,0.0013027191162109375,0.021728515625,0.01922607421875,0.031982421875,0.0206298828125,0.0692138671875
344913117782,2,0,360,0.0013027191162109375,0.0139312744140625,9.5367431640625E-7,9.5367431640625E-7,9.5367431640625E-7,2.86102294921875E-6
251708038420,1,0,200,0.00650787353515625,0.00113677978515625,9.5367431640625E-7,0,9.5367431640625E-7,0
1074141322952,2,0,360,0.0013027191162109375,0.020172119140625,0.008880615234375,0.01959228515625,0.010040283203125,0.0521240234375
2015256308951,0,0,0,0.003612518310546875,0.0081024169921875,6.771087646484375E-4,2.002716064453125E-4,6.7901611328125E-4,8.182525634765625E-4
119644230997,0,0,25,2.78472900390625E-4,2.6416778564453125E-4,1.9168853759765625E-4,1.697540283203125E-4,1.9359588623046875E-4,0.0010738372802734375
1815038349472,2,0,0,2.0694732666015625E-4,0.0027313232421875,8.58306884765625E-6,0,8.58306884765625E-6,0
1437235195682,1,0,103,0.023284912109375,0.029937744140625,0.01824951171875,0.029754638671875,0.018798828125,0.0655517578125
851573926576,0,0,0,7.62939453125E-4,8.096694946289062E-4,4.7779083251953125E-4,5.273818969726562E-4,4.8732757568359375E-4,0.0012359619140625
225114774451,2,0,360,0.0013027191162109375,0.013397216796875,9.5367431640625E-7,8.106231689453125E-5,9.5367431640625E-7,3.08990478515625E-4
2041262802887,2,0,0,2.2602081298828125E-4,0.002468109130859375,1.52587890625E-4,0.0017452239990234375,1.8310546875E-4,0.00485992431640625
775115839609,2,0,360,0.0013027191162109375,0.01239013671875,0.00724029541015625,0.0129241943359375,0.00933837890625,0.0706787109375
1242555721517,2,0,360,0.0013027191162109375,0.0111541748046875,0.00528717041015625,6.113052368164062E-4,0.0052947998046875,0.001392364501953125
0,0,0,0,0.003612518310546875,0.0081024169921875,6.799697875976562E-4,1.6498565673828125E-4,6.809234619140625E-4,6.961822509765625E-4
353902559559,2,0,360,0.0013027191162109375,0.0155029296875,0.00724029541015625,0.0129241943359375,0.00933837890625,0.0706787109375
1534184717929,1,0,200,0.00521087646484375,0.013214111328125,0.003032684326171875,0.0040130615234375,0.00347137451171875,0.0250244140625
2503719310978,2,0,360,0.0013027191162109375,0.0116424560546875,9.5367431640625E-7,6.008148193359375E-5,9.5367431640625E-7,1.8024444580078125E-4
2675567683446,0,0,0,0.00262451171875,0.00566864013671875,9.34600830078125E-5,1.6021728515625E-4,9.34600830078125E-5,4.8065185546875E-4
2354731052534,0,0,118,0.00650787353515625,0.01214599609375,0.003009796142578125,0.0079803466796875,0.003795623779296875,0.02508544921875
2644553082536,0,0,0,0.00262451171875,0.00566864013671875,9.34600830078125E-5,1.6021728515625E-4,9.34600830078125E-5,4.8065185546875E-4
0,2,0,200,0.0416259765625,0.03521728515625,0.02899169921875,0.00762939453125,0.03143310546875,0.021148681640625
331719367722,1,0,103,0.03948974609375,0.009246826171875,7.085800170898438E-4,0.003582000732421875,8.497238159179688E-4,0.0082244873046875
1265834240095,1,0,103,0.00521087646484375,0.0066070556640625,0.0018596649169921875,0.0023651123046875,0.001888275146484375,0.0079803466796875
585949298045,0,0,105,0.00650787353515625,0.00634002685546875,1.1730194091796875E-4,1.068115234375E-4,1.1920928955078125E-4,4.558563232421875E-4
0,3,0,200,0.0091094970703125,0.016204833984375,0.050048828125,0.04132080078125,0.05023193359375,0.107177734375
100306170951,2,0,360,0.0013027191162109375,0.0052947998046875,5.846023559570312E-4,0.0010356903076171875,7.963180541992188E-4,0.00276947021484375
245380290690,0,0,0,0.002605438232421875,0.016204833984375,7.457733154296875E-4,3.1566619873046875E-4,7.467269897460938E-4,7.13348388671875E-4
198423573818,1,0,103,0.00521087646484375,0.0066070556640625,0.0016651153564453125,8.563995361328125E-4,0.0017490386962890625,0.008331298828125
1612482659094,0,0,103,0.019561767578125,0.016632080078125,0.0106201171875,0.0140533447265625,0.0107421875,0.1103515625
0,2,0,360,0.00482177734375,0.00624847412109375,0.01873779296875,0.069580078125,0.01898193359375,0.154296875
0,3,0,103,0.003253936767578125,0.0016193389892578125,6.084442138671875E-4,7.62939453125E-5,6.084442138671875E-4,5.779266357421875E-4
2475535654260,2,0,103,0.028411865234375,0.046142578125,0.0146636962890625,0.0089111328125,0.01470947265625,0.044921875
1533314396029,1,0,103,0.04022216796875,0.0110015869140625,0.001064300537109375,4.2724609375E-4,0.0010833740234375,0.002368927001953125
1907900670832,0,0,105,0.003772735595703125,0.0087127685546875,0.0017032623291015625,6.647109985351562E-4,0.00257110595703125,0.008941650390625
1630024471983,1,0,103,0.0078125,0.048583984375,1.621246337890625E-4,1.468658447265625E-4,1.621246337890625E-4,2.117156982421875E-4
71528888468,0,0,0,0.00390625,0.0141754150390625,0.001190185546875,4.062652587890625E-4,0.0011997222900390625,0.001674652099609375
2455870431495,0,0,0,0.0022125244140625,0.0097198486328125,0.0012531280517578125,0.0064849853515625,0.001567840576171875,0.025726318359375
1749584672730,0,0,0,0.0078125,0.0081024169921875,0.0012416839599609375,0.017730712890625,0.001323699951171875,0.03515625
0,2,0,215,0.001953125,0.003696441650390625,1.1539459228515625E-4,0.024658203125,1.3446807861328125E-4,0.072509765625
1968785502134,0,0,0,0.003612518310546875,0.0081024169921875,6.961822509765625E-4,1.5163421630859375E-4,6.98089599609375E-4,9.65118408203125E-4
2560579975217,0,0,0,0.00262451171875,0.00566864013671875,0.0012302398681640625,0.0064239501953125,0.00141143798828125,0.0147705078125
2095269023942,3,0,200,0.003368377685546875,0.0081024169921875,0.0012226104736328125,0.001857757568359375,0.001224517822265625,0.00568389892578125
1116099677528,2,0,360,0.0013027191162109375,0.02191162109375,0.020233154296875,0.0364990234375,0.02099609375,0.10693359375
1040927870232,2,0,360,0.0013027191162109375,0.0223388671875,0.00982666015625,0.02227783203125,0.013671875,0.0699462890625
2364532283053,0,0,103,0.0018482208251953125,0.005462646484375,2.384185791015625E-5,1.5735626220703125E-4,2.47955322265625E-5,6.29425048828125E-4
2032170860378,0,0,0,0.00262451171875,0.00566864013671875,0.002155303955078125,0.00711822509765625,0.00220489501953125,0.015472412109375
151026122587,0,0,0,0.00390625,0.0141754150390625,0.001190185546875,4.062652587890625E-4,0.0011997222900390625,0.001674652099609375
2104614079929,1,0,103,0.1041259765625,0.030364990234375,0.129638671875,0.00543975830078125,0.129638671875,0.05572509765625
909013787304,1,0,103,0.1041259765625,0.03466796875,0.129638671875,0.00543975830078125,0.129638671875,0.05572509765625
0,1,0,200,0.0146026611328125,0.016204833984375,0.0041656494140625,0.01202392578125,0.004180908203125,0.02984619140625
0,1,0,200,0.00553131103515625,0.00748443603515625,0.003116607666015625,0.0033416748046875,0.00312042236328125,0.009063720703125
0,0,0,0,0.003612518310546875,0.0081024169921875,6.799697875976562E-4,1.6498565673828125E-4,6.809234619140625E-4,6.961822509765625E-4
880570487241,2,0,360,0.0013027191162109375,0.0111541748046875,0.00528717041015625,6.113052368164062E-4,0.0052947998046875,0.001392364501953125
2547075763196,0,0,0,0.00262451171875,0.00566864013671875,8.678436279296875E-5,4.9591064453125E-5,8.7738037109375E-5,3.566741943359375E-4
291790723702,0,0,103,0.00443267822265625,0.0810546875,6.971359252929688E-4,0,6.971359252929688E-4,0
1394304305746,2,0,360,0.0013027191162109375,0.0114593505859375,0.0126495361328125,0.0122528076171875,0.012786865234375,0.06201171875
2331242614653,0,0,105,0.00179290771484375,0.0016193389892578125,7.600784301757812E-4,5.91278076171875E-5,7.600784301757812E-4,1.621246337890625E-4
0,3,1,200,0.070068359375,0.017852783203125,0.0104522705078125,0.0150299072265625,0.01092529296875,0.03729248046875
723622816016,1,0,103,0.0104217529296875,0.04119873046875,6.580352783203125E-5,0.001049041748046875,6.961822509765625E-5,0.013275146484375
1026437579416,0,0,103,0.00191497802734375,0.008636474609375,0.001537322998046875,0.00606536865234375,0.0015621185302734375,0.018310546875
1707345650279,0,0,103,0.002620697021484375,0.009368896484375,7.123947143554688E-4,9.72747802734375E-5,7.171630859375E-4,3.509521484375E-4
1994212000347,2,0,200,0.0015621185302734375,0.00647735595703125,0.001129150390625,8.9263916015625E-4,0.0011444091796875,0.0035552978515625
0,1,0,200,0.0056304931640625,0.04632568359375,1.5926361083984375E-4,1.1157989501953125E-4,1.6307830810546875E-4,0.0011730194091796875
1645245342684,0,0,103,0.021728515625,0.0164794921875,0.001953125,0.02655029296875,0.0019683837890625,0.05621337890625
290747678030,1,0,103,0.00521087646484375,0.0066070556640625,0.001220703125,5.14984130859375E-4,0.0012226104736328125,0.00316619873046875
2212208754761,0,0,103,0.00676727294921875,0.09716796875,0.004119873046875,0.0121917724609375,0.004241943359375,0.026611328125
1910318606216,2,0,0,1.9550323486328125E-4,0.0012149810791015625,9.250640869140625E-5,2.2029876708984375E-4,1.02996826171875E-4,6.465911865234375E-4
1407489333166,2,0,25,3.4332275390625E-4,0.002521514892578125,2.8324127197265625E-4,0.00141143798828125,3.01361083984375E-4,0.003871917724609375
166264991371,2,0,360,0.0013027191162109375,0.01434326171875,9.5367431640625E-7,0,9.5367431640625E-7,0
1901997315689,0,0,0,0.003582000732421875,0.0081024169921875,0.001079559326171875,0.00678253173828125,0.001705169677734375,0.04559326171875
0,3,0,200,0.001750946044921875,0.0081024169921875,0.028564453125,0.0028533935546875,0.028594970703125,0.0064239501953125
1689791643640,2,0,0,2.0599365234375E-4,0.002094268798828125,1.3065338134765625E-4,3.0994415283203125E-4,1.373291015625E-4,0.00144195556640625
1051616392,2,0,0,2.2411346435546875E-4,0.001941680908203125,7.62939453125E-6,0,7.62939453125E-6,0
72626429018,3,0,0,2.5463104248046875E-4,0.04052734375,1.6498565673828125E-4,0.0119781494140625,1.8215179443359375E-4,0.014434814453125
0,1,0,200,9.42230224609375E-4,0.002552032470703125,1.5735626220703125E-4,1.4495849609375E-4,1.6117095947265625E-4,5.292892456054688E-4
1480675984469,2,0,0,2.0885467529296875E-4,0.002239227294921875,8.58306884765625E-6,0,8.58306884765625E-6,0
2481613432689,2,0,103,0.016937255859375,0.05987548828125,0.00601959228515625,0.01092529296875,0.00603485107421875,0.0421142578125
0,2,0,103,3.7384033203125E-4,0.0015239715576171875,2.765655517578125E-4,7.9345703125E-4,3.1566619873046875E-4,0.00371551513671875
1568901675902,3,0,200,0.003879547119140625,0.013214111328125,0.00127410888671875,3.833770751953125E-4,0.00127410888671875,7.2479248046875E-4
1415823740958,2,0,360,0.0013027191162109375,0.01947021484375,0.00711822509765625,0.0109405517578125,0.00726318359375,0.03143310546875
723622816016,1,0,103,0.0104217529296875,0.04119873046875,6.580352783203125E-5,0.001049041748046875,6.961822509765625E-5,0.013275146484375
1941406336267,1,0,200,0.00650787353515625,0.00113677978515625,6.999969482421875E-4,0.0019683837890625,7.59124755859375E-4,0.00555419921875
1454587410925,0,0,105,0.00368499755859375,0.00662994384765625,0.0015354156494140625,2.0599365234375E-4,0.001605987548828125,0.001384735107421875
1657022003946,1,0,105,0.011016845703125,4.405975341796875E-4,8.96453857421875E-4,2.1839141845703125E-4,8.993148803710938E-4,7.944107055664062E-4
1657549250299,3,1,200,0.0134124755859375,0.072998046875,0.031158447265625,0.032470703125,,
160895810168,2,0,0,2.2792816162109375E-4,0.00260162353515625,1.52587890625E-4,0.0017452239990234375,1.8310546875E-4,0.00485992431640625
395703148781,2,0,0,2.32696533203125E-4,0.002101898193359375,7.62939453125E-6,0,7.62939453125E-6,0
475296861471,0,1,116,0.00362396240234375,0.01629638671875,0.002521514892578125,0.0203857421875,0.002529144287109375,0.04345703125
1526019232875,1,0,200,0.00650787353515625,0.00113677978515625,9.5367431640625E-7,0,9.5367431640625E-7,0
1734957219366,1,0,200,0.00650787353515625,0.00113677978515625,6.999969482421875E-4,0.0019683837890625,7.59124755859375E-4,0.00555419921875
1437175326863,1,0,200,0.00521087646484375,0.013214111328125,0.003032684326171875,0.0040130615234375,0.00347137451171875,0.0250244140625
575932371351,0,1,200,0.002857208251953125,0.0079193115234375,0.0010356903076171875,0.0059661865234375,0.0010509490966796875,0.019134521484375
678813320219,1,0,105,0.003017425537109375,6.160736083984375E-4,0.001209259033203125,3.6144256591796875E-4,0.0012187957763671875,0.00521087646484375
600459086850,3,1,200,5.674362182617188E-4,2.2029876708984375E-4,5.102157592773438E-4,9.059906005859375E-5,5.121231079101562E-4,7.677078247070312E-4
1123091279099,2,0,360,0.0013027191162109375,0.020172119140625,0.0186767578125,0.0338134765625,0.019287109375,0.1065673828125
2049717912149,1,0,103,0.0045318603515625,0.00678253173828125,0.002391815185546875,4.57763671875E-4,0.002391815185546875,0.008392333984375
2516610647132,1,0,200,0.00650787353515625,0.00113677978515625,9.5367431640625E-7,0,9.5367431640625E-7,0
2212206243598,0,0,103,0.00676727294921875,0.09716796875,0.004119873046875,0.0121917724609375,0.004241943359375,0.026611328125
474583029087,1,0,200,0.00650787353515625,0.00113677978515625,9.5367431640625E-7,0,9.5367431640625E-7,0
445775376776,2,0,360,0.0013027191162109375,0.0146026611328125,1.1444091796875E-5,3.337860107421875E-5,7.43865966796875E-5,2.899169921875E-4
1378536605896,2,0,360,0.0013027191162109375,0.016021728515625,0.0085906982421875,0.016143798828125,0.0100555419921875,0.083984375
1769044957646,1,0,118,0.005859375,0.0088043212890625,9.5367431640625E-7,0,9.5367431640625E-7,0
2179441145204,2,0,360,0.0013027191162109375,0.015960693359375,0.0126495361328125,0.0122528076171875,0.012786865234375,0.06201171875
2198049057010,0,0,103,0.04559326171875,0.04095458984375,0.0111846923828125,0.03985595703125,0.011260986328125,0.1474609375
1337335070629,0,0,0,0.002605438232421875,0.016204833984375,0.0021514892578125,0.02593994140625,0.002605438232421875,0.088134765625
1134708176146,2,0,360,0.0013027191162109375,0.0118255615234375,0.009002685546875,0.00600433349609375,0.00958251953125,0.0362548828125
166766822144,2,0,360,0.0013027191162109375,0.00775146484375,0.003147125244140625,0.002140045166015625,0.008331298828125,0.064453125
2472707124602,1,0,103,0.00455474853515625,0.008453369140625,0.002834320068359375,0.00696563720703125,0.002857208251953125,0.02618408203125
2473163710435,1,0,105,0.187744140625,0.00994873046875,5.731582641601562E-4,1.2493133544921875E-4,5.731582641601562E-4,2.7179718017578125E-4
363987946092,2,0,360,0.0013027191162109375,0.0139312744140625,0.0097503662109375,0.0045013427734375,0.0098114013671875,0.030670166015625
1368099767965,2,0,360,0.0013027191162109375,0.0111541748046875,0.00528717041015625,6.113052368164062E-4,0.0052947998046875,0.001392364501953125
778907409864,0,0,0,0.00262451171875,0.00566864013671875,0,0,0,0
1526146025143,2,0,107,0.01080322265625,0.00958251953125,0.00848388671875,2.307891845703125E-4,0.00848388671875,9.822845458984375E-4
1286490465748,3,0,200,0.003856658935546875,0.0081024169921875,0.001953125,3.7860870361328125E-4,0.001964569091796875,0.0050048828125
1085526043240,2,0,360,0.0013027191162109375,0.020172119140625,0.008880615234375,0.01959228515625,0.010040283203125,0.0521240234375
1454576380848,0,0,105,0.00368499755859375,0.00662994384765625,0.0015354156494140625,2.0599365234375E-4,0.001605987548828125,0.001384735107421875
0,3,0,200,0.017059326171875,0.031982421875,0.0032196044921875,3.31878662109375E-4,0.003223419189453125,0.0010128021240234375
0,1,0,103,0.00521087646484375,0.0066070556640625,0.0018596649169921875,0.0023651123046875,0.001888275146484375,0.0079803466796875
723622816016,1,0,103,0.0104217529296875,0.04119873046875,6.580352783203125E-5,0.001049041748046875,6.961822509765625E-5,0.013275146484375
2598510858394,0,0,0,0.00262451171875,0.00566864013671875,3.39508056640625E-4,4.00543212890625E-4,7.74383544921875E-4,0.0012378692626953125
233706921862,2,0,360,0.0013027191162109375,0.01751708984375,0.00670623779296875,0.02008056640625,0.008026123046875,0.061279296875
439189478833,2,0,360,0.0013027191162109375,0.010345458984375,0.010101318359375,0.00609588623046875,0.010162353515625,0.009796142578125
362231244731,1,0,103,0.00521087646484375,0.0066070556640625,0.00109100341796875,8.907318115234375E-4,0.00110626220703125,0.00299072265625
545068739289,2,0,0,2.231597900390625E-4,0.002597808837890625,1.52587890625E-4,0.0017452239990234375,1.8310546875E-4,0.00485992431640625
83425460842,0,0,103,0.0066986083984375,0.017608642578125,0.0010776519775390625,9.5367431640625E-5,0.00128936767578125,0.0013256072998046875
0,1,0,117,0.001987457275390625,0.0230712890625,1.6689300537109375E-4,1.8978118896484375E-4,1.678466796875E-4,4.730224609375E-4
2674120699289,3,0,200,0.003856658935546875,0.0081024169921875,0.001953125,3.7860870361328125E-4,0.001964569091796875,0.0050048828125
67979645149,2,0,0,2.2792816162109375E-4,0.002513885498046875,1.52587890625E-4,0.0017452239990234375,1.8310546875E-4,0.00485992431640625
182369502799,2,0,360,0.0013027191162109375,0.007965087890625,0.006500244140625,0.0063629150390625,0.0095977783203125,0.029083251953125
2309634814061,1,0,118,0.005859375,0.0088043212890625,0.00493621826171875,0.014892578125,0.0058746337890625,0.0823974609375
2606897077502,0,0,103,0.016632080078125,0.12548828125,0.00757598876953125,0.0462646484375,0.00768280029296875,0.0994873046875
215320960999,1,0,200,0.00650787353515625,0.00113677978515625,6.999969482421875E-4,0.0019683837890625,7.59124755859375E-4,0.00555419921875
472151847154,1,1,103,0.04022216796875,0.01629638671875,0.00335693359375,0.00490570068359375,0.00337982177734375,0.03106689453125
1781870780011,3,1,200,0.076171875,0.080810546875,0.0631103515625,0.05755615234375,0.0631103515625,0.0684814453125
1208287711596,1,0,200,0.00650787353515625,0.00113677978515625,9.5367431640625E-7,0,9.5367431640625E-7,0
2441182563008,2,0,103,0.0076141357421875,0.01214599609375,9.5367431640625E-7,0,9.5367431640625E-7,0
433328707794,2,0,360,0.0013027191162109375,0.01019287109375,0.00528717041015625,6.113052368164062E-4,0.0052947998046875,0.001392364501953125
711791106278,2,0,103,0.0097503662109375,2.2029876708984375E-4,0.008697509765625,8.296966552734375E-5,0.008697509765625,3.337860107421875E-4
2359987126250,2,0,0,2.3651123046875E-4,0.002552032470703125,1.52587890625E-4,0.0017452239990234375,1.8310546875E-4,0.00485992431640625
110117872457,0,0,103,0.0066986083984375,0.017608642578125,0.0010776519775390625,9.5367431640625E-5,0.00128936767578125,0.0013256072998046875
1579461827738,1,0,200,0.00521087646484375,0.013214111328125,0.003032684326171875,0.0040130615234375,0.00347137451171875,0.0250244140625
216275364954,2,0,360,0.0013027191162109375,0.011474609375,0.00560760498046875,0.011260986328125,0.009307861328125,0.05352783203125
541088142515,1,0,117,0.003612518310546875,0.0081024169921875,0.00311279296875,0.0102691650390625,0.003383636474609375,0.0494384765625
841596786078,0,0,200,8.554458618164062E-4,0.0014972686767578125,0.0013027191162109375,1.7452239990234375E-4,0.00130462646484375,7.162094116210938E-4
1164196035862,1,0,103,0.00521087646484375,0.0066070556640625,0.0016651153564453125,8.563995361328125E-4,0.0017490386962890625,0.008331298828125
756996928251,0,0,103,0.002979278564453125,0.00440216064453125,6.189346313476562E-4,1.41143798828125E-4,6.208419799804688E-4,6.189346313476562E-4
2354733300813,0,0,118,0.00650787353515625,0.01214599609375,0.003009796142578125,0.0079803466796875,0.003795623779296875,0.02508544921875
785225361183,2,0,360,0.0013027191162109375,0.016326904296875,0.0155792236328125,8.182525634765625E-4,0.015594482421875,0.001739501953125
235959234090,0,0,103,0.0083465576171875,0.0014095306396484375,0.0030517578125,7.152557373046875E-4,0.003063201904296875,0.0107574462890625
166067782631,2,0,360,0.0013027191162109375,0.00775146484375,0.00467681884765625,0.0011806488037109375,0.00556182861328125,0.00848388671875
714797645791,0,0,107,0.003253936767578125,5.283355712890625E-4,0.001399993896484375,1.7547607421875E-4,0.001399993896484375,2.6798248291015625E-4
1651444694161,2,0,0,2.0885467529296875E-4,0.0023193359375,8.58306884765625E-6,0,8.58306884765625E-6,0
423402559726,0,1,200,0.003509521484375,0.00704193115234375,0.0012149810791015625,0.00229644775390625,0.001247406005859375,0.03887939453125
341742778363,2,0,0,2.13623046875E-4,0.0012416839599609375,9.250640869140625E-5,2.2029876708984375E-4,1.02996826171875E-4,6.465911865234375E-4
236434857824,0,0,103,0.00661468505859375,0.00246429443359375,0.003936767578125,7.51495361328125E-4,0.0067138671875,0.0338134765625
678672129485,1,0,105,0.003017425537109375,6.160736083984375E-4,0.001209259033203125,3.6144256591796875E-4,0.0012187957763671875,0.00521087646484375
0,1,0,200,0.00609588623046875,0.04351806640625,0.0011539459228515625,0.0012454986572265625,0.00115966796875,0.0030364990234375
767928059378,0,0,103,0.002979278564453125,0.00440216064453125,6.189346313476562E-4,1.41143798828125E-4,6.208419799804688E-4,6.189346313476562E-4
1456978512174,0,0,105,0.00368499755859375,0.00662994384765625,0.0015354156494140625,2.0599365234375E-4,0.001605987548828125,0.001384735107421875
1539242269145,0,0,103,0.0059661865234375,0.05694580078125,0.0022125244140625,0.015716552734375,0.00457763671875,0.128173828125
1868809503960,3,0,200,0.010162353515625,0.1146240234375,0.0064697265625,0.0220947265625,0.006500244140625,0.147705078125
913373892155,0,0,0,0.00262451171875,0.00566864013671875,0,0,0,0
0,3,1,200,0.012115478515625,0.0880126953125,0.00312042236328125,0.0055389404296875,0.0031280517578125,0.0203857421875
637796810362,3,0,200,0.0015468597412109375,0.0012149810791015625,7.658004760742188E-4,2.6416778564453125E-4,7.696151733398438E-4,7.085800170898438E-4
442010284265,0,1,116,0.00362396240234375,0.01629638671875,0.002521514892578125,0.0203857421875,0.002529144287109375,0.04345703125
0,3,0,200,0.01165771484375,0.016998291015625,0.0078277587890625,0.025421142578125,0.008544921875,0.0826416015625
0,3,0,200,0.0416259765625,0.105712890625,0.03411865234375,0.0557861328125,0.034423828125,0.1026611328125
836173903415,2,0,0,1.9550323486328125E-4,0.0010128021240234375,9.250640869140625E-5,2.2029876708984375E-4,1.02996826171875E-4,6.465911865234375E-4
0,0,0,105,0.0106658935546875,0.00440216064453125,0.0090484619140625,1.3446807861328125E-4,0.0090484619140625,5.702972412109375E-4
2438481433081,2,0,103,0.0076141357421875,0.01214599609375,9.5367431640625E-7,0,9.5367431640625E-7,0
1905926868718,3,1,200,0.1019287109375,0.263671875,0.04718017578125,0.026763916015625,0.04718017578125,0.0499267578125
887026274099,0,0,115,0.002208709716796875,0.003345489501953125,8.802413940429688E-4,0,8.802413940429688E-4,0
1457027243874,0,0,105,0.00368499755859375,0.00662994384765625,0.0015354156494140625,2.0599365234375E-4,0.001605987548828125,0.001384735107421875
1839478621480,1,0,103,0.00439453125,0.0284423828125,0.0015716552734375,0.016265869140625,0.0015811920166015625,0.04156494140625
2021564576981,0,0,0,0.003612518310546875,0.0081024169921875,6.771087646484375E-4,2.002716064453125E-4,6.7901611328125E-4,8.182525634765625E-4
1506327976205,0,0,103,0.0012454986572265625,0.0018482208251953125,9.822845458984375E-4,0.00109100341796875,9.8419189453125E-4,0.00438690185546875
1361520101799,0,0,103,0.00514984130859375,0.04437255859375,0.0026702880859375,0.05609130859375,0.003551483154296875,0.084228515625
520867151182,3,1,200,5.674362182617188E-4,2.2029876708984375E-4,5.102157592773438E-4,9.059906005859375E-5,5.121231079101562E-4,7.677078247070312E-4
376204586465,0,0,0,0.002605438232421875,0.016204833984375,6.67572021484375E-4,1.3446807861328125E-4,6.67572021484375E-4,1.850128173828125E-4
746509291941,3,0,200,0.003856658935546875,0.0081024169921875,0.001953125,3.7860870361328125E-4,0.001964569091796875,0.0050048828125
1439669983216,1,0,103,0.00521087646484375,0.0066070556640625,0.00115966796875,4.00543212890625E-4,0.0011615753173828125,0.001201629638671875
1344662035149,1,0,200,0.00521087646484375,0.013214111328125,0.003032684326171875,0.0040130615234375,0.00347137451171875,0.0250244140625
2354709241394,0,0,118,0.00650787353515625,0.01214599609375,0.003009796142578125,0.0079803466796875,0.003795623779296875,0.02508544921875
1895771926044,0,0,103,0.0066375732421875,0.003787994384765625,0.002658843994140625,0.003292083740234375,0.004180908203125,0.024505615234375
0,3,0,200,2.5463104248046875E-4,0.04052734375,0.0126953125,0.0465087890625,0.0127410888671875,0.19189453125
1172664431174,2,0,360,0.0013027191162109375,0.0111541748046875,0.00528717041015625,6.113052368164062E-4,0.0052947998046875,0.001392364501953125
1103258471328,0,0,0,0.00262451171875,0.00566864013671875,0,0,0,0
1992462461568,0,0,0,0.003612518310546875,0.0081024169921875,6.771087646484375E-4,2.002716064453125E-4,6.7901611328125E-4,8.182525634765625E-4
1150007188702,2,0,25,3.4332275390625E-4,0.002521514892578125,2.8324127197265625E-4,0.00141143798828125,3.01361083984375E-4,0.003871917724609375
0,2,0,200,3.3664703369140625E-4,0.0014972686767578125,2.803802490234375E-4,9.517669677734375E-4,2.9850006103515625E-4,0.003566741943359375
2314966788635,1,0,103,0.0019683837890625,0.0110015869140625,1.9073486328125E-6,0,1.9073486328125E-6,0
1111650168608,2,0,360,0.0013027191162109375,0.0122222900390625,0.00724029541015625,0.0129241943359375,0.00933837890625,0.0706787109375
1659995015889,1,0,200,0.0094757080078125,4.405975341796875E-4,0.0087127685546875,1.56402587890625E-4,0.0087127685546875,8.792877197265625E-4
1553280385082,2,0,0,2.1266937255859375E-4,0.002391815185546875,1.52587890625E-4,0.0017452239990234375,1.8310546875E-4,0.00485992431640625
1043745481621,2,0,360,0.0013027191162109375,0.020050048828125,5.388259887695312E-4,0.0011920928955078125,6.246566772460938E-4,0.0103912353515625
2613557351939,1,0,200,0.00650787353515625,0.00113677978515625,9.5367431640625E-7,0,9.5367431640625E-7,0
0,3,1,200,,,0.00312042236328125,0.0055389404296875,0.0031280517578125,0.0203857421875
1699948400235,1,0,200,0.00521087646484375,0.013214111328125,0.003032684326171875,0.0040130615234375,0.00347137451171875,0.0250244140625
723622816016,1,0,103,0.0104217529296875,0.04119873046875,6.580352783203125E-5,0.001049041748046875,6.961822509765625E-5,0.013275146484375
1064141415213,0,0,107,0.00165557861328125,0.002552032470703125,0.001468658447265625,0.00435638427734375,0.001468658447265625,0.004669189453125
1645877403468,1,0,200,0.001953125,0.010528564453125,0.0011310577392578125,0.005584716796875,0.001491546630859375,0.021148681640625
966727335896,1,0,103,0.00521087646484375,0.0066070556640625,0.00109100341796875,8.907318115234375E-4,0.00110626220703125,0.00299072265625
296066697739,1,0,105,0.016693115234375,0.0089874267578125,0.00567626953125,0.0088348388671875,0.00567626953125,0.020294189453125
16495753702,2,0,0,2.1266937255859375E-4,0.0025177001953125,1.52587890625E-4,8.12530517578125E-4,1.79290771484375E-4,0.0048828125
1041219769780,2,0,360,0.0013027191162109375,0.020050048828125,5.388259887695312E-4,0.0011920928955078125,6.246566772460938E-4,0.0103912353515625
0,1,0,117,0.0015621185302734375,0.00566864013671875,0.001316070556640625,0.0042572021484375,0.0016536712646484375,0.012481689453125
0,0,0,103,0.01446533203125,0.025634765625,0.0016002655029296875,1.1348724365234375E-4,0.0016021728515625,4.100799560546875E-4
810143477447,0,0,0,0.00262451171875,0.00566864013671875,0,0,0,0
1651641565956,2,0,360,0.0013027191162109375,0.01788330078125,0.00638580322265625,0.016082763671875,0.017059326171875,0.091552734375
1972155219376,0,0,0,0.003612518310546875,0.0081024169921875,6.961822509765625E-4,1.5163421630859375E-4,6.98089599609375E-4,9.65118408203125E-4
1405180175819,3,1,200,0.0095367431640625,0.04974365234375,0.0072784423828125,0.031158447265625,,
436099939466,2,0,0,1.9168853759765625E-4,0.002597808837890625,1.52587890625E-4,0.0017452239990234375,1.8310546875E-4,0.00485992431640625
2059241875630,2,0,360,0.0013027191162109375,0.008758544921875,0.00467681884765625,0.0011806488037109375,0.00556182861328125,0.00848388671875
1825603575599,1,0,103,0.00521087646484375,0.0066070556640625,0.00109100341796875,8.907318115234375E-4,0.00110626220703125,0.00299072265625
0,3,0,200,0.01251220703125,0.024139404296875,0.03436279296875,0.05999755859375,0.034423828125,0.15185546875
0,2,0,103,0.0014133453369140625,0.022003173828125,7.581710815429688E-4,0.0064697265625,7.82012939453125E-4,0.027984619140625
1731335135448,0,0,103,0.0051727294921875,0.029144287109375,6.589889526367188E-4,1.4495849609375E-4,6.59942626953125E-4,4.3392181396484375E-4
2583025310293,0,0,0,0.00262451171875,0.00566864013671875,3.39508056640625E-4,4.00543212890625E-4,7.74383544921875E-4,0.0012378692626953125
1348742904548,2,0,360,0.0013027191162109375,0.0110321044921875,0.005096435546875,0.004058837890625,0.0100250244140625,0.026947021484375
2585646090644,0,0,103,0.02166748046875,0.0149688720703125,0.001979827880859375,0.0137481689453125,0.001987457275390625,0.04168701171875
1429759148766,1,0,117,0.0015621185302734375,0.00566864013671875,0.002147674560546875,0.0084991455078125,0.002391815185546875,0.02984619140625
2486778758829,1,0,200,0.00650787353515625,0.00113677978515625,6.999969482421875E-4,0.0019683837890625,7.59124755859375E-4,0.00555419921875
0,3,0,200,0.002193450927734375,7.047653198242188E-4,0.07568359375,0.0709228515625,0.07568359375,0.1552734375
0,2,0,103,0.0013904571533203125,0.002025604248046875,0.00774383544921875,0.0027618408203125,0.008087158203125,0.0118560791015625
1429440728163,2,0,205,3.1757354736328125E-4,0.0089263916015625,2.3651123046875E-4,2.5463104248046875E-4,2.651214599609375E-4,0.006378173828125
1750221912076,3,0,200,0.0018463134765625,0,0.001010894775390625,0.00295257568359375,0.0010356903076171875,0.009765625
0,3,0,199,0.04339599609375,0,0.0404052734375,0.0325927734375,0.04095458984375,0.15185546875
1687872588969,1,0,200,0.0094757080078125,5.283355712890625E-4,0.0087127685546875,1.56402587890625E-4,0.0087127685546875,8.792877197265625E-4
1099304142108,3,0,200,0.0123748779296875,0.00405120849609375,5.14984130859375E-5,0,5.14984130859375E-5,0
119872013285,2,0,0,2.13623046875E-4,0.0012416839599609375,9.250640869140625E-5,2.2029876708984375E-4,1.02996826171875E-4,6.465911865234375E-4
1183805105569,2,0,360,0.0013027191162109375,0.020263671875,0.014862060546875,0.013763427734375,0.01495361328125,0.05731201171875
655951053827,1,0,103,0.1041259765625,0.028778076171875,0.129638671875,0.00543975830078125,0.129638671875,0.05572509765625
761788786378,2,0,360,0.0013027191162109375,0.01312255859375,0,0,0,0
210607057775,3,1,200,0.1019287109375,0.263671875,0.04718017578125,0.026763916015625,0.04718017578125,0.0499267578125
1456656012672,0,0,105,0.0041961669921875,0.00662994384765625,0.0015354156494140625,2.0599365234375E-4,0.001605987548828125,0.001384735107421875
1993557868257,0,0,0,0.003612518310546875,0.0081024169921875,6.771087646484375E-4,2.002716064453125E-4,6.7901611328125E-4,8.182525634765625E-4
1476026083345,1,0,200,0.00521087646484375,0.013214111328125,0.003032684326171875,0.0040130615234375,0.00347137451171875,0.0250244140625
1454265989570,2,0,360,0.0013027191162109375,0.0111541748046875,0.00528717041015625,6.113052368164062E-4,0.0052947998046875,0.001392364501953125
2473163710435,1,0,105,0.187744140625,0.00994873046875,5.731582641601562E-4,1.2493133544921875E-4,5.731582641601562E-4,2.7179718017578125E-4
1409992535119,2,0,360,0.0013027191162109375,0.0137939453125,9.5367431640625E-7,8.392333984375E-5,9.5367431640625E-7,1.964569091796875E-4
2364534631739,0,0,103,0.0018482208251953125,0.005462646484375,2.384185791015625E-5,1.5735626220703125E-4,2.47955322265625E-5,6.29425048828125E-4
0,3,1,200,0.020721435546875,0.122802734375,0.0198974609375,0.00283050537109375,,
0,3,0,200,0.0148468017578125,0.1146240234375,0.009521484375,0.010772705078125,0.009552001953125,0.0546875
755422958361,3,1,200,0.078125,0.17431640625,0.0738525390625,0.097900390625,0.0750732421875,0.30615234375
222507464332,2,0,360,0.0013027191162109375,0.0087738037109375,9.5367431640625E-7,0,9.5367431640625E-7,0
1973070505177,0,0,0,0.003612518310546875,0.0081024169921875,6.961822509765625E-4,1.5163421630859375E-4,6.98089599609375E-4,9.65118408203125E-4
1997061440347,0,0,0,0.003612518310546875,0.0081024169921875,6.961822509765625E-4,1.5163421630859375E-4,6.98089599609375E-4,9.65118408203125E-4
2407823771285,1,0,103,0.023773193359375,0.00325775146484375,5.044937133789062E-4,1.6689300537109375E-4,5.064010620117188E-4,0.0010128021240234375
1610934178282,2,0,0,2.0885467529296875E-4,0.0023193359375,8.58306884765625E-6,0,8.58306884765625E-6,0
1081548059958,2,0,103,0.0046539306640625,0.009490966796875,7.43865966796875E-5,0,7.62939453125E-5,0.0010013580322265625
1680953212986,2,0,360,0.0013027191162109375,0.0111541748046875,0.00528717041015625,6.113052368164062E-4,0.0052947998046875,0.001392364501953125
1506477482924,0,0,103,0.0012454986572265625,0.002025604248046875,9.822845458984375E-4,0.00109100341796875,9.8419189453125E-4,0.00438690185546875
885986585608,3,0,0,2.5463104248046875E-4,0.04052734375,1.6498565673828125E-4,0.0135650634765625,1.7547607421875E-4,0.0149383544921875
311714292041,0,0,0,0.00262451171875,0.00566864013671875,7.62939453125E-4,5.321502685546875E-4,7.638931274414062E-4,0.001468658447265625
2369336210022,3,0,200,0.0015468597412109375,0.0012149810791015625,7.658004760742188E-4,2.6416778564453125E-4,7.696151733398438E-4,7.085800170898438E-4
2339026475534,2,1,101,0.01312255859375,0.0117645263671875,0.0074310302734375,0.012451171875,0.01043701171875,0.09619140625
267523675179,2,0,0,2.13623046875E-4,0.0012416839599609375,9.250640869140625E-5,2.2029876708984375E-4,1.02996826171875E-4,6.465911865234375E-4
1996271400039,0,0,0,0.003612518310546875,0.0081024169921875,6.771087646484375E-4,2.002716064453125E-4,6.7901611328125E-4,8.182525634765625E-4
83497353480,2,0,360,0.0013027191162109375,0.010711669921875,0.00560760498046875,0.011260986328125,0.009307861328125,0.05352783203125
1998704624310,0,0,0,0.003612518310546875,0.0081024169921875,6.961822509765625E-4,1.5163421630859375E-4,6.98089599609375E-4,9.65118408203125E-4
0,3,1,200,,,0.0014858245849609375,9.546279907226562E-4,,
1330937506074,2,0,103,0.012542724609375,0.01214599609375,0.006103515625,0.00125885009765625,0.0061798095703125,0.0662841796875
1540299595850,1,0,200,0.00650787353515625,0.00113677978515625,9.5367431640625E-7,0,9.5367431640625E-7,0
282255452072,2,0,360,0.0013027191162109375,0.012939453125,3.452301025390625E-4,0.00493621826171875,5.617141723632812E-4,0.0082855224609375
814983315603,0,0,200,0.0011005401611328125,0.003231048583984375,0.00444793701171875,1.52587890625E-4,0.00444793701171875,6.170272827148438E-4
2354067633419,2,0,0,2.3651123046875E-4,0.002552032470703125,1.52587890625E-4,0.0017452239990234375,1.8310546875E-4,0.00485992431640625
2579370282037,1,0,103,0.00521087646484375,0.0066070556640625,0.0016651153564453125,8.563995361328125E-4,0.0017490386962890625,0.008331298828125
0,0,0,0,0.00262451171875,0.00566864013671875,8.88824462890625E-4,0.003376007080078125,0.001064300537109375,0.0087738037109375
0,3,1,200,0.014434814453125,0.020660400390625,0.00592041015625,0.00466156005859375,0.0059356689453125,0.01190185546875
1909887020074,2,0,0,2.727508544921875E-4,0.00244903564453125,7.62939453125E-5,2.70843505859375E-4,7.62939453125E-5,4.1484832763671875E-4
1448494909473,2,0,360,0.0013027191162109375,0.0114593505859375,0.0126495361328125,0.0122528076171875,0.012786865234375,0.06201171875
827136854220,0,0,0,0.00182342529296875,0.0081024169921875,7.4005126953125E-4,3.1185150146484375E-4,8.96453857421875E-4,7.8582763671875E-4
2661425029296,2,0,360,0.0013027191162109375,0.008331298828125,9.5367431640625E-7,6.389617919921875E-5,9.5367431640625E-7,2.5653839111328125E-4
242107790479,2,0,360,0.0013027191162109375,0.0092926025390625,9.5367431640625E-7,0,9.5367431640625E-7,0
0,3,0,200,0.002521514892578125,7.925033569335938E-4,0.00394439697265625,0.00921630859375,0.00395965576171875,0.043701171875
1562273677674,0,0,0,0.002605438232421875,0.016204833984375,0.0016765594482421875,0.022369384765625,0.0022125244140625,0.05389404296875
46752963268,2,0,0,2.86102294921875E-4,0.00252532958984375,7.62939453125E-5,2.70843505859375E-4,7.62939453125E-5,4.1484832763671875E-4
2500035629691,0,0,0,0.00262451171875,0.00566864013671875,3.39508056640625E-4,4.00543212890625E-4,7.74383544921875E-4,0.0012378692626953125
2448258573326,2,0,103,0.0076141357421875,0.01214599609375,9.5367431640625E-7,0,9.5367431640625E-7,0
1672866669034,1,0,200,0.0094757080078125,4.405975341796875E-4,0.0087127685546875,1.56402587890625E-4,0.0087127685546875,8.792877197265625E-4
0,2,0,200,3.6525726318359375E-4,0.00131988525390625,2.689361572265625E-4,5.064010620117188E-4,3.032684326171875E-4,0.00244140625
1002035253973,2,0,360,0.0013027191162109375,0.017791748046875,0.002201080322265625,7.085800170898438E-4,0.004364013671875,0.0089111328125
2001076913828,0,0,0,0.003612518310546875,0.0081024169921875,0.0017337799072265625,0.0081787109375,0.002086639404296875,0.0153045654296875
995207818179,0,0,0,0.00262451171875,0.00566864013671875,0,0,0,0
